artifact_class,avg_decision_time_ms,candidate_count,candidate_coverage_metric_source,candidate_coverage_validation,candidate_filter,candidate_scope,checkpoint,checkpoint_fingerprint,command,config_fingerprint,contract_id,cost_model,data_quality_profile_fingerprint,data_quality_profile_id,data_quality_report_fingerprint,decision_count,decision_holdout_fingerprint,decision_time_seconds,dirty_demotion_nvm_write,dram_capacity,dram_initial_state,evidence_tier,experiment_contract,first_touch_accounting,git_commit,hit_rate,hit_rate_percent,hits,initial_residency,migrations,misses,model_seed,nvm_capacity_pages,nvm_reads,nvm_writes,policy,rank_guard,rank_score_penalty,replay_seed,run_profile,run_status,schema_version,selector_fingerprint,selector_params,shared_artifact_source,source_manifest_fingerprint,split_fingerprints,stage5_variant,test_trace_fingerprint,test_used_for_selection,total_accesses,trace_page_backing,trace_path,variant_id,variant_manifest_path,weighted_access_cost,workload,workload_id
official,3.071115397061094,8,valid_trace,"{""EndToEndRecall@K"": 1.0, ""NRegret"": 0.0, ""PoolRecall@B"": 1.0, ""SelectorRecall@K"": 1.0, ""TieCoverage@K"": 0.5000100166276016}","{""avg_selector_time_ms"": 0.12179431983280876, ""decision_count"": 2344, ""max_B_t"": 16, ""max_K_t"": 8, ""mean_B_t"": 16.0, ""mean_K_t"": 8.0, ""min_B_t"": 16, ""min_K_t"": 8, ""selector_time_seconds"": 0.28548588568810374}",capd_selector_B_to_K,/home/likc/Q-former-for-OS/outputs/checkpoints/finals_v3_official/stage5_sensitivity/sensitivity_B16/canneal/seed_3136859/qmap_best.pth,3c08b46a0d0962c58323ae4be5fe31fdb3f8dbc9eaebc77d6111cf36c90b67e0,qmap/qmap_eval.py --config /home/likc/Q-former-for-OS/dataset/jsonl/finals_v3_official/stage5_sensitivity/sensitivity_B16/canneal/resolved_config.json --selector_params /home/likc/Q-former-for-OS/dataset/jsonl/finals_v3_official/stage5_sensitivity/sensitivity_B16/canneal/selector_params.json --policy qmap --checkpoint /home/likc/Q-former-for-OS/outputs/checkpoints/finals_v3_official/stage5_sensitivity/sensitivity_B16/canneal/seed_3136859/qmap_best.pth --json_output /home/likc/Q-former-for-OS/outputs/results/finals_v3_official/stage5_sensitivity/raw/sensitivity_B16/canneal/seed_3136859.json,33717be7e27e092ada82958a45958ad61bc812a052bc5001fd040dbbe623301b,CAPD-MIC-1.0,"{""dram_read_cost"": 1.0, ""dram_write_cost"": 1.0, ""migration_cost"": 10.0, ""nvm_read_cost"": 2.0, ""nvm_write_cost"": 8.0}",fd9f3359900bdf868d9e985f967428aa6588c79b6d4944d08864b09cfbc51589,capd_finals_v3_official_data_v1,5986f7d63d4b81da33feb24a9c6a7d3db51c339d421e1322d4f80b7bc3249bdb,2344,,7.198694490711205,none,64,empty,single_seed_sensitivity,"{""B"": 16, ""D"": 64, ""H"": 10, ""Hc"": 256, ""K"": 8, ""L"": 256, ""Lres"": 256, ""approx_ndcg_alpha"": 10.0, ""artifact_class"": ""official"", ""contract_id"": ""CAPD-MIC-1.0"", ""dirty_demotion_nvm_write"": ""none"", ""dram_initial_state"": ""empty"", ""first_touch_accounting"": ""nvm_access"", ""initial_residency"": ""all_trace_pages_in_nvm"", ""lambda_w"": 4.0, ""lru_direction"": ""oldest_is_one"", ""nvm_capacity_pages"": null, ""page_oov"": ""unk"", ""page_state_dim"": 4, ""page_vocab_fit"": ""train_only"", ""pc_oov"": ""unk"", ""pc_vocab_fit"": ""train_only"", ""position_encoding"": ""sinusoidal"", ""run_profile"": ""official"", ""schema_version"": ""capd_finals_v3_0"", ""selector_recall_tie"": ""any_hit"", ""shared_page_embedding"": true, ""stage5_variant_family"": ""sensitivity"", ""stage5_variant_id"": ""sensitivity_B16"", ""tail_policy"": ""drop_incomplete_window"", ""trace_page_backing"": ""all_trace_pages"", ""training_scope"": ""per_workload"", ""validation_guard_accesses"": 256, ""validation_holdout_fraction"": 0.2, ""validation_strategy"": ""independent_valid_trace""}",nvm_access,2bd07f29a639d54db5180b57651842ce95dd3014,0.98796,98.79599999999999,197592,all_trace_pages_in_nvm,2344,2408,3136859,,2392,16,qmap,0,0.0,0,official,COMPLETED,capd_finals_v3_0,d5a5f3e0151f973e17a1ba5a6ea12d1e1790451e39d1d1cc4f709254c4656cb9,/home/likc/Q-former-for-OS/dataset/jsonl/finals_v3_official/stage5_sensitivity/sensitivity_B16/canneal/selector_params.json,,33ee5f0f77966a23dfad7b07a1b50779a849fe27ed2da0a0d13b1a3adbb74686,"{""test"": ""3a5ecb35b4aec98a8fb470483ce0427d4da21ede1e3af387d9b7d61bccf6138e"", ""train"": ""4a98f01a328d2d86b680fde62818163ceb2403392f59676210ea22989c3b773f"", ""valid"": ""2805d4cf2a4d5d2051a0db3baf6ded3abf7d720f82eae3071f0746f4fcaee142""}","{""family"": ""sensitivity"", ""only_difference"": ""only B changes from 64 to 16"", ""retrain_required"": true, ""source_stage"": ""stage5"", ""test_used_for_selection"": false, ""variant_id"": ""sensitivity_B16""}",3a5ecb35b4aec98a8fb470483ce0427d4da21ede1e3af387d9b7d61bccf6138e,False,200000,all_trace_pages,dataset/processed/finals_v3_official/canneal/test.csv,sensitivity_B16,outputs/results/finals_v3_official/stage5_sensitivity/raw/sensitivity_B16/canneal/seed_3136859.json.variant_manifest.json,225944.0,canneal,canneal
official,3.280974190242661,8,valid_trace,"{""EndToEndRecall@K"": 1.0, ""NRegret"": 0.0, ""PoolRecall@B"": 1.0, ""SelectorRecall@K"": 1.0, ""TieCoverage@K"": 0.5017862142553936}","{""avg_selector_time_ms"": 0.12568495158559345, ""decision_count"": 2778, ""max_B_t"": 16, ""max_K_t"": 8, ""mean_B_t"": 16.0, ""mean_K_t"": 8.0, ""min_B_t"": 16, ""min_K_t"": 8, ""selector_time_seconds"": 0.3491527955047786}",capd_selector_B_to_K,/home/likc/Q-former-for-OS/outputs/checkpoints/finals_v3_official/stage5_sensitivity/sensitivity_B16/streamcluster_pressure/seed_3136859/qmap_best.pth,5ff8d11489dee8bc6d218b36be2d3a9efaf31b05a7d33f4d27595da80c24a726,qmap/qmap_eval.py --config /home/likc/Q-former-for-OS/dataset/jsonl/finals_v3_official/stage5_sensitivity/sensitivity_B16/streamcluster_pressure/resolved_config.json --selector_params /home/likc/Q-former-for-OS/dataset/jsonl/finals_v3_official/stage5_sensitivity/sensitivity_B16/streamcluster_pressure/selector_params.json --policy qmap --checkpoint /home/likc/Q-former-for-OS/outputs/checkpoints/finals_v3_official/stage5_sensitivity/sensitivity_B16/streamcluster_pressure/seed_3136859/qmap_best.pth --json_output /home/likc/Q-former-for-OS/outputs/results/finals_v3_official/stage5_sensitivity/raw/sensitivity_B16/streamcluster_pressure/seed_3136859.json,cc1f6b3dd2385fd8cf61f090984d887bb96bb9ba14f21c250455c131fb3be2a7,CAPD-MIC-1.0,"{""dram_read_cost"": 1.0, ""dram_write_cost"": 1.0, ""migration_cost"": 10.0, ""nvm_read_cost"": 2.0, ""nvm_write_cost"": 8.0}",fd9f3359900bdf868d9e985f967428aa6588c79b6d4944d08864b09cfbc51589,capd_finals_v3_official_data_v1,2b31c00b19945884a09cc6fc8f3d451aad73f0d03b98a350ef540960609ea2c4,2778,,9.114546300494112,none,64,empty,single_seed_sensitivity,"{""B"": 16, ""D"": 64, ""H"": 10, ""Hc"": 256, ""K"": 8, ""L"": 256, ""Lres"": 256, ""approx_ndcg_alpha"": 10.0, ""artifact_class"": ""official"", ""contract_id"": ""CAPD-MIC-1.0"", ""dirty_demotion_nvm_write"": ""none"", ""dram_initial_state"": ""empty"", ""first_touch_accounting"": ""nvm_access"", ""initial_residency"": ""all_trace_pages_in_nvm"", ""lambda_w"": 4.0, ""lru_direction"": ""oldest_is_one"", ""nvm_capacity_pages"": null, ""page_oov"": ""unk"", ""page_state_dim"": 4, ""page_vocab_fit"": ""train_only"", ""pc_oov"": ""unk"", ""pc_vocab_fit"": ""train_only"", ""position_encoding"": ""sinusoidal"", ""run_profile"": ""official"", ""schema_version"": ""capd_finals_v3_0"", ""selector_recall_tie"": ""any_hit"", ""shared_page_embedding"": true, ""stage5_variant_family"": ""sensitivity"", ""stage5_variant_id"": ""sensitivity_B16"", ""tail_policy"": ""drop_incomplete_window"", ""trace_page_backing"": ""all_trace_pages"", ""training_scope"": ""per_workload"", ""validation_guard_accesses"": 256, ""validation_holdout_fraction"": 0.2, ""validation_strategy"": ""independent_valid_trace""}",nvm_access,2bd07f29a639d54db5180b57651842ce95dd3014,0.98579,98.57900000000001,197158,all_trace_pages_in_nvm,2778,2842,3136859,,2841,1,qmap,0,0.0,0,official,COMPLETED,capd_finals_v3_0,a2db99d726e6ce120a3989b993409aa5427ba664430ba0a108bd4f0821e7222e,/home/likc/Q-former-for-OS/dataset/jsonl/finals_v3_official/stage5_sensitivity/sensitivity_B16/streamcluster_pressure/selector_params.json,,d12c5e2507c333421709ab37c1d555e50426674e3853c88759c2d44237c70235,"{""test"": ""7620aef325310ef88b78b935ed6818bba5f6c0cfdadf624f1f9aad9570ac62d7"", ""train"": ""a04bbff36eccb0091d933efd69a390c150114d67bc6644f3dbdf0991897f252d"", ""valid"": ""e7d875df6e1247bd71320d4b9e1c3e2a3e029a33dce94ad109d8289342951774""}","{""family"": ""sensitivity"", ""only_difference"": ""only B changes from 64 to 16"", ""retrain_required"": true, ""source_stage"": ""stage5"", ""test_used_for_selection"": false, ""variant_id"": ""sensitivity_B16""}",7620aef325310ef88b78b935ed6818bba5f6c0cfdadf624f1f9aad9570ac62d7,False,200000,all_trace_pages,dataset/processed/finals_v3_official/streamcluster_pressure/test.csv,sensitivity_B16,outputs/results/finals_v3_official/stage5_sensitivity/raw/sensitivity_B16/streamcluster_pressure/seed_3136859.json.variant_manifest.json,230628.0,streamcluster_pressure,streamcluster_pressure
official,3.1083954800744347,8,valid_trace,"{""EndToEndRecall@K"": 1.0, ""NRegret"": 0.0, ""PoolRecall@B"": 1.0, ""SelectorRecall@K"": 1.0, ""TieCoverage@K"": 0.4999748806832454}","{""avg_selector_time_ms"": 0.11945151017203401, ""decision_count"": 3255, ""max_B_t"": 16, ""max_K_t"": 8, ""mean_B_t"": 16.0, ""mean_K_t"": 8.0, ""min_B_t"": 16, ""min_K_t"": 8, ""selector_time_seconds"": 0.3888146656099707}",capd_selector_B_to_K,/home/likc/Q-former-for-OS/outputs/checkpoints/finals_v3_official/stage5_sensitivity/sensitivity_B16/dedup_pressure/seed_3136859/qmap_best.pth,d74bdf2c9f81514bb1e4d08734f687726112acd808f19a64857f55ec9dd8bfcc,qmap/qmap_eval.py --config /home/likc/Q-former-for-OS/dataset/jsonl/finals_v3_official/stage5_sensitivity/sensitivity_B16/dedup_pressure/resolved_config.json --selector_params /home/likc/Q-former-for-OS/dataset/jsonl/finals_v3_official/stage5_sensitivity/sensitivity_B16/dedup_pressure/selector_params.json --policy qmap --checkpoint /home/likc/Q-former-for-OS/outputs/checkpoints/finals_v3_official/stage5_sensitivity/sensitivity_B16/dedup_pressure/seed_3136859/qmap_best.pth --json_output /home/likc/Q-former-for-OS/outputs/results/finals_v3_official/stage5_sensitivity/raw/sensitivity_B16/dedup_pressure/seed_3136859.json,826a78a96be3d9e3743404836bc161bce6e39bc88f13bcd1c96fc5df45e4b0f7,CAPD-MIC-1.0,"{""dram_read_cost"": 1.0, ""dram_write_cost"": 1.0, ""migration_cost"": 10.0, ""nvm_read_cost"": 2.0, ""nvm_write_cost"": 8.0}",fd9f3359900bdf868d9e985f967428aa6588c79b6d4944d08864b09cfbc51589,capd_finals_v3_official_data_v1,d42012b4222091383fc3dfd7eb084dfe4c714512f067aaf7620d37dc844f4fa8,3255,,10.117827287642285,none,64,empty,single_seed_sensitivity,"{""B"": 16, ""D"": 64, ""H"": 10, ""Hc"": 256, ""K"": 8, ""L"": 256, ""Lres"": 256, ""approx_ndcg_alpha"": 10.0, ""artifact_class"": ""official"", ""contract_id"": ""CAPD-MIC-1.0"", ""dirty_demotion_nvm_write"": ""none"", ""dram_initial_state"": ""empty"", ""first_touch_accounting"": ""nvm_access"", ""initial_residency"": ""all_trace_pages_in_nvm"", ""lambda_w"": 4.0, ""lru_direction"": ""oldest_is_one"", ""nvm_capacity_pages"": null, ""page_oov"": ""unk"", ""page_state_dim"": 4, ""page_vocab_fit"": ""train_only"", ""pc_oov"": ""unk"", ""pc_vocab_fit"": ""train_only"", ""position_encoding"": ""sinusoidal"", ""run_profile"": ""official"", ""schema_version"": ""capd_finals_v3_0"", ""selector_recall_tie"": ""any_hit"", ""shared_page_embedding"": true, ""stage5_variant_family"": ""sensitivity"", ""stage5_variant_id"": ""sensitivity_B16"", ""tail_policy"": ""drop_incomplete_window"", ""trace_page_backing"": ""all_trace_pages"", ""training_scope"": ""per_workload"", ""validation_guard_accesses"": 256, ""validation_holdout_fraction"": 0.2, ""validation_strategy"": ""independent_valid_trace""}",nvm_access,2bd07f29a639d54db5180b57651842ce95dd3014,0.996681,99.66810000000001,996681,all_trace_pages_in_nvm,3255,3319,3136859,,1777,1542,qmap,0,0.0,0,official,COMPLETED,capd_finals_v3_0,fa965291374fac51ebe99339476d5c9e3f15b1f21cb9b345af5ef4b49c736f3c,/home/likc/Q-former-for-OS/dataset/jsonl/finals_v3_official/stage5_sensitivity/sensitivity_B16/dedup_pressure/selector_params.json,,1c04935e3188eed4d2e7d6217b2e156253448b2967c26905353476190dd8f439,"{""test"": ""02290e3d22516bffdf9025b740c4c955b1021f9255f2a3f795835296b3bd1b3e"", ""train"": ""1c505939b9041ae4c0d3a6cb8fed653a45a42aab74a7b74f7d73f3d333b9f716"", ""valid"": ""19ea50b168cd601e3bb52e24f07102402cc7315b7f30895ff4ee0da1c8a931c8""}","{""family"": ""sensitivity"", ""only_difference"": ""only B changes from 64 to 16"", ""retrain_required"": true, ""source_stage"": ""stage5"", ""test_used_for_selection"": false, ""variant_id"": ""sensitivity_B16""}",02290e3d22516bffdf9025b740c4c955b1021f9255f2a3f795835296b3bd1b3e,False,1000000,all_trace_pages,dataset/processed/finals_v3_official/dedup_pressure/test.csv,sensitivity_B16,outputs/results/finals_v3_official/stage5_sensitivity/raw/sensitivity_B16/dedup_pressure/seed_3136859.json.variant_manifest.json,1045121.0,dedup_pressure,dedup_pressure
official,3.199462406648237,8,valid_trace,"{""EndToEndRecall@K"": 1.0, ""NRegret"": 0.0, ""PoolRecall@B"": 1.0, ""SelectorRecall@K"": 1.0, ""TieCoverage@K"": 0.25651295279824243}","{""avg_selector_time_ms"": 0.2183099572243027, ""decision_count"": 2321, ""max_B_t"": 32, ""max_K_t"": 8, ""mean_B_t"": 32.0, ""mean_K_t"": 8.0, ""min_B_t"": 32, ""min_K_t"": 8, ""selector_time_seconds"": 0.5066974107176065}",capd_selector_B_to_K,/home/likc/Q-former-for-OS/outputs/checkpoints/finals_v3_official/stage5_sensitivity/sensitivity_B32/canneal/seed_3136859/qmap_best.pth,24778652ce71f3285d9de9d12b284c259bc4367ab37a9f9a59b8ea756c898ec1,qmap/qmap_eval.py --config /home/likc/Q-former-for-OS/dataset/jsonl/finals_v3_official/stage5_sensitivity/sensitivity_B32/canneal/resolved_config.json --selector_params /home/likc/Q-former-for-OS/dataset/jsonl/finals_v3_official/stage5_sensitivity/sensitivity_B32/canneal/selector_params.json --policy qmap --checkpoint /home/likc/Q-former-for-OS/outputs/checkpoints/finals_v3_official/stage5_sensitivity/sensitivity_B32/canneal/seed_3136859/qmap_best.pth --json_output /home/likc/Q-former-for-OS/outputs/results/finals_v3_official/stage5_sensitivity/raw/sensitivity_B32/canneal/seed_3136859.json,0ecab1a3e5d19c8b808dbee8c3fe0d6b92d892884d5ceda7594aeeaeb0768ce3,CAPD-MIC-1.0,"{""dram_read_cost"": 1.0, ""dram_write_cost"": 1.0, ""migration_cost"": 10.0, ""nvm_read_cost"": 2.0, ""nvm_write_cost"": 8.0}",fd9f3359900bdf868d9e985f967428aa6588c79b6d4944d08864b09cfbc51589,capd_finals_v3_official_data_v1,5986f7d63d4b81da33feb24a9c6a7d3db51c339d421e1322d4f80b7bc3249bdb,2321,,7.425952245830558,none,64,empty,single_seed_sensitivity,"{""B"": 32, ""D"": 64, ""H"": 10, ""Hc"": 256, ""K"": 8, ""L"": 256, ""Lres"": 256, ""approx_ndcg_alpha"": 10.0, ""artifact_class"": ""official"", ""contract_id"": ""CAPD-MIC-1.0"", ""dirty_demotion_nvm_write"": ""none"", ""dram_initial_state"": ""empty"", ""first_touch_accounting"": ""nvm_access"", ""initial_residency"": ""all_trace_pages_in_nvm"", ""lambda_w"": 4.0, ""lru_direction"": ""oldest_is_one"", ""nvm_capacity_pages"": null, ""page_oov"": ""unk"", ""page_state_dim"": 4, ""page_vocab_fit"": ""train_only"", ""pc_oov"": ""unk"", ""pc_vocab_fit"": ""train_only"", ""position_encoding"": ""sinusoidal"", ""run_profile"": ""official"", ""schema_version"": ""capd_finals_v3_0"", ""selector_recall_tie"": ""any_hit"", ""shared_page_embedding"": true, ""stage5_variant_family"": ""sensitivity"", ""stage5_variant_id"": ""sensitivity_B32"", ""tail_policy"": ""drop_incomplete_window"", ""trace_page_backing"": ""all_trace_pages"", ""training_scope"": ""per_workload"", ""validation_guard_accesses"": 256, ""validation_holdout_fraction"": 0.2, ""validation_strategy"": ""independent_valid_trace""}",nvm_access,2bd07f29a639d54db5180b57651842ce95dd3014,0.988075,98.8075,197615,all_trace_pages_in_nvm,2321,2385,3136859,,2369,16,qmap,0,0.0,0,official,COMPLETED,capd_finals_v3_0,9518e2649ff83e186d8e3efce4635d98001989c5620297e472cdb6cfd6ac687e,/home/likc/Q-former-for-OS/dataset/jsonl/finals_v3_official/stage5_sensitivity/sensitivity_B32/canneal/selector_params.json,,33ee5f0f77966a23dfad7b07a1b50779a849fe27ed2da0a0d13b1a3adbb74686,"{""test"": ""3a5ecb35b4aec98a8fb470483ce0427d4da21ede1e3af387d9b7d61bccf6138e"", ""train"": ""4a98f01a328d2d86b680fde62818163ceb2403392f59676210ea22989c3b773f"", ""valid"": ""2805d4cf2a4d5d2051a0db3baf6ded3abf7d720f82eae3071f0746f4fcaee142""}","{""family"": ""sensitivity"", ""only_difference"": ""only B changes from 64 to 32"", ""retrain_required"": true, ""source_stage"": ""stage5"", ""test_used_for_selection"": false, ""variant_id"": ""sensitivity_B32""}",3a5ecb35b4aec98a8fb470483ce0427d4da21ede1e3af387d9b7d61bccf6138e,False,200000,all_trace_pages,dataset/processed/finals_v3_official/canneal/test.csv,sensitivity_B32,outputs/results/finals_v3_official/stage5_sensitivity/raw/sensitivity_B32/canneal/seed_3136859.json.variant_manifest.json,225691.0,canneal,canneal
official,3.1615790797117898,8,valid_trace,"{""EndToEndRecall@K"": 1.0, ""NRegret"": 0.0, ""PoolRecall@B"": 1.0, ""SelectorRecall@K"": 1.0, ""TieCoverage@K"": 0.252160378581971}","{""avg_selector_time_ms"": 0.2177480382015399, ""decision_count"": 2778, ""max_B_t"": 32, ""max_K_t"": 8, ""mean_B_t"": 32.0, ""mean_K_t"": 8.0, ""min_B_t"": 32, ""min_K_t"": 8, ""selector_time_seconds"": 0.6049040501238778}",capd_selector_B_to_K,/home/likc/Q-former-for-OS/outputs/checkpoints/finals_v3_official/stage5_sensitivity/sensitivity_B32/streamcluster_pressure/seed_3136859/qmap_best.pth,28f492ddc9b7488a3f971f1914635be1bee23bcc5d4591d15184e3ee753d9e09,qmap/qmap_eval.py --config /home/likc/Q-former-for-OS/dataset/jsonl/finals_v3_official/stage5_sensitivity/sensitivity_B32/streamcluster_pressure/resolved_config.json --selector_params /home/likc/Q-former-for-OS/dataset/jsonl/finals_v3_official/stage5_sensitivity/sensitivity_B32/streamcluster_pressure/selector_params.json --policy qmap --checkpoint /home/likc/Q-former-for-OS/outputs/checkpoints/finals_v3_official/stage5_sensitivity/sensitivity_B32/streamcluster_pressure/seed_3136859/qmap_best.pth --json_output /home/likc/Q-former-for-OS/outputs/results/finals_v3_official/stage5_sensitivity/raw/sensitivity_B32/streamcluster_pressure/seed_3136859.json,9e706ff50bb927516596ab0ed2344768809a7a1a0eadc20a40746e05e3a60a3b,CAPD-MIC-1.0,"{""dram_read_cost"": 1.0, ""dram_write_cost"": 1.0, ""migration_cost"": 10.0, ""nvm_read_cost"": 2.0, ""nvm_write_cost"": 8.0}",fd9f3359900bdf868d9e985f967428aa6588c79b6d4944d08864b09cfbc51589,capd_finals_v3_official_data_v1,2b31c00b19945884a09cc6fc8f3d451aad73f0d03b98a350ef540960609ea2c4,2778,,8.782866683439352,none,64,empty,single_seed_sensitivity,"{""B"": 32, ""D"": 64, ""H"": 10, ""Hc"": 256, ""K"": 8, ""L"": 256, ""Lres"": 256, ""approx_ndcg_alpha"": 10.0, ""artifact_class"": ""official"", ""contract_id"": ""CAPD-MIC-1.0"", ""dirty_demotion_nvm_write"": ""none"", ""dram_initial_state"": ""empty"", ""first_touch_accounting"": ""nvm_access"", ""initial_residency"": ""all_trace_pages_in_nvm"", ""lambda_w"": 4.0, ""lru_direction"": ""oldest_is_one"", ""nvm_capacity_pages"": null, ""page_oov"": ""unk"", ""page_state_dim"": 4, ""page_vocab_fit"": ""train_only"", ""pc_oov"": ""unk"", ""pc_vocab_fit"": ""train_only"", ""position_encoding"": ""sinusoidal"", ""run_profile"": ""official"", ""schema_version"": ""capd_finals_v3_0"", ""selector_recall_tie"": ""any_hit"", ""shared_page_embedding"": true, ""stage5_variant_family"": ""sensitivity"", ""stage5_variant_id"": ""sensitivity_B32"", ""tail_policy"": ""drop_incomplete_window"", ""trace_page_backing"": ""all_trace_pages"", ""training_scope"": ""per_workload"", ""validation_guard_accesses"": 256, ""validation_holdout_fraction"": 0.2, ""validation_strategy"": ""independent_valid_trace""}",nvm_access,2bd07f29a639d54db5180b57651842ce95dd3014,0.98579,98.57900000000001,197158,all_trace_pages_in_nvm,2778,2842,3136859,,2841,1,qmap,0,0.0,0,official,COMPLETED,capd_finals_v3_0,7a26a07ad6f130d7b19b07b2dd2e49b3693b347ccf0d77fe0007514cadde589c,/home/likc/Q-former-for-OS/dataset/jsonl/finals_v3_official/stage5_sensitivity/sensitivity_B32/streamcluster_pressure/selector_params.json,,d12c5e2507c333421709ab37c1d555e50426674e3853c88759c2d44237c70235,"{""test"": ""7620aef325310ef88b78b935ed6818bba5f6c0cfdadf624f1f9aad9570ac62d7"", ""train"": ""a04bbff36eccb0091d933efd69a390c150114d67bc6644f3dbdf0991897f252d"", ""valid"": ""e7d875df6e1247bd71320d4b9e1c3e2a3e029a33dce94ad109d8289342951774""}","{""family"": ""sensitivity"", ""only_difference"": ""only B changes from 64 to 32"", ""retrain_required"": true, ""source_stage"": ""stage5"", ""test_used_for_selection"": false, ""variant_id"": ""sensitivity_B32""}",7620aef325310ef88b78b935ed6818bba5f6c0cfdadf624f1f9aad9570ac62d7,False,200000,all_trace_pages,dataset/processed/finals_v3_official/streamcluster_pressure/test.csv,sensitivity_B32,outputs/results/finals_v3_official/stage5_sensitivity/raw/sensitivity_B32/streamcluster_pressure/seed_3136859.json.variant_manifest.json,230628.0,streamcluster_pressure,streamcluster_pressure
official,3.138296092163409,8,valid_trace,"{""EndToEndRecall@K"": 1.0, ""NRegret"": 0.0, ""PoolRecall@B"": 1.0, ""SelectorRecall@K"": 1.0, ""TieCoverage@K"": 0.25010219178224236}","{""avg_selector_time_ms"": 0.2180748658003837, ""decision_count"": 3259, ""max_B_t"": 32, ""max_K_t"": 8, ""mean_B_t"": 32.0, ""mean_K_t"": 8.0, ""min_B_t"": 32, ""min_K_t"": 8, ""selector_time_seconds"": 0.7107059876434505}",capd_selector_B_to_K,/home/likc/Q-former-for-OS/outputs/checkpoints/finals_v3_official/stage5_sensitivity/sensitivity_B32/dedup_pressure/seed_3136859/qmap_best.pth,ddb9c1abf58a14d66c33a0a3929fab17e5388f66d6013dafb2d2b349a5e9797f,qmap/qmap_eval.py --config /home/likc/Q-former-for-OS/dataset/jsonl/finals_v3_official/stage5_sensitivity/sensitivity_B32/dedup_pressure/resolved_config.json --selector_params /home/likc/Q-former-for-OS/dataset/jsonl/finals_v3_official/stage5_sensitivity/sensitivity_B32/dedup_pressure/selector_params.json --policy qmap --checkpoint /home/likc/Q-former-for-OS/outputs/checkpoints/finals_v3_official/stage5_sensitivity/sensitivity_B32/dedup_pressure/seed_3136859/qmap_best.pth --json_output /home/likc/Q-former-for-OS/outputs/results/finals_v3_official/stage5_sensitivity/raw/sensitivity_B32/dedup_pressure/seed_3136859.json,99264edd431c3d96e7fe7c4ccd74f14894ddad1aadd530cdd7df3552c0ef3946,CAPD-MIC-1.0,"{""dram_read_cost"": 1.0, ""dram_write_cost"": 1.0, ""migration_cost"": 10.0, ""nvm_read_cost"": 2.0, ""nvm_write_cost"": 8.0}",fd9f3359900bdf868d9e985f967428aa6588c79b6d4944d08864b09cfbc51589,capd_finals_v3_official_data_v1,d42012b4222091383fc3dfd7eb084dfe4c714512f067aaf7620d37dc844f4fa8,3259,,10.22770696436055,none,64,empty,single_seed_sensitivity,"{""B"": 32, ""D"": 64, ""H"": 10, ""Hc"": 256, ""K"": 8, ""L"": 256, ""Lres"": 256, ""approx_ndcg_alpha"": 10.0, ""artifact_class"": ""official"", ""contract_id"": ""CAPD-MIC-1.0"", ""dirty_demotion_nvm_write"": ""none"", ""dram_initial_state"": ""empty"", ""first_touch_accounting"": ""nvm_access"", ""initial_residency"": ""all_trace_pages_in_nvm"", ""lambda_w"": 4.0, ""lru_direction"": ""oldest_is_one"", ""nvm_capacity_pages"": null, ""page_oov"": ""unk"", ""page_state_dim"": 4, ""page_vocab_fit"": ""train_only"", ""pc_oov"": ""unk"", ""pc_vocab_fit"": ""train_only"", ""position_encoding"": ""sinusoidal"", ""run_profile"": ""official"", ""schema_version"": ""capd_finals_v3_0"", ""selector_recall_tie"": ""any_hit"", ""shared_page_embedding"": true, ""stage5_variant_family"": ""sensitivity"", ""stage5_variant_id"": ""sensitivity_B32"", ""tail_policy"": ""drop_incomplete_window"", ""trace_page_backing"": ""all_trace_pages"", ""training_scope"": ""per_workload"", ""validation_guard_accesses"": 256, ""validation_holdout_fraction"": 0.2, ""validation_strategy"": ""independent_valid_trace""}",nvm_access,2bd07f29a639d54db5180b57651842ce95dd3014,0.996677,99.6677,996677,all_trace_pages_in_nvm,3259,3323,3136859,,1782,1541,qmap,0,0.0,0,official,COMPLETED,capd_finals_v3_0,bea0dda6f09a72d1e493f9287af602ac6e168cbdbd92093bcd000be30621849e,/home/likc/Q-former-for-OS/dataset/jsonl/finals_v3_official/stage5_sensitivity/sensitivity_B32/dedup_pressure/selector_params.json,,1c04935e3188eed4d2e7d6217b2e156253448b2967c26905353476190dd8f439,"{""test"": ""02290e3d22516bffdf9025b740c4c955b1021f9255f2a3f795835296b3bd1b3e"", ""train"": ""1c505939b9041ae4c0d3a6cb8fed653a45a42aab74a7b74f7d73f3d333b9f716"", ""valid"": ""19ea50b168cd601e3bb52e24f07102402cc7315b7f30895ff4ee0da1c8a931c8""}","{""family"": ""sensitivity"", ""only_difference"": ""only B changes from 64 to 32"", ""retrain_required"": true, ""source_stage"": ""stage5"", ""test_used_for_selection"": false, ""variant_id"": ""sensitivity_B32""}",02290e3d22516bffdf9025b740c4c955b1021f9255f2a3f795835296b3bd1b3e,False,1000000,all_trace_pages,dataset/processed/finals_v3_official/dedup_pressure/test.csv,sensitivity_B32,outputs/results/finals_v3_official/stage5_sensitivity/raw/sensitivity_B32/dedup_pressure/seed_3136859.json.variant_manifest.json,1045159.0,dedup_pressure,dedup_pressure
official,3.14562183981634,4,valid_trace,"{""EndToEndRecall@K"": 1.0, ""NRegret"": 0.0, ""PoolRecall@B"": 1.0, ""SelectorRecall@K"": 1.0, ""TieCoverage@K"": 0.08149395521493354}","{""avg_selector_time_ms"": 0.8671903344581529, ""decision_count"": 2486, ""max_B_t"": 64, ""max_K_t"": 4, ""mean_B_t"": 64.0, ""mean_K_t"": 4.0, ""min_B_t"": 64, ""min_K_t"": 4, ""selector_time_seconds"": 2.155835171462968}",capd_selector_B_to_K,/home/likc/Q-former-for-OS/outputs/checkpoints/finals_v3_official/stage5_sensitivity/sensitivity_K4/canneal/seed_3136859/qmap_best.pth,9a4b765e1fafa5778aec8b946674dbbc05ba5d6ae2747fe8a853f580a24d9de7,qmap/qmap_eval.py --config /home/likc/Q-former-for-OS/dataset/jsonl/finals_v3_official/stage5_sensitivity/sensitivity_K4/canneal/resolved_config.json --selector_params /home/likc/Q-former-for-OS/dataset/jsonl/finals_v3_official/stage5_sensitivity/sensitivity_K4/canneal/selector_params.json --policy qmap --checkpoint /home/likc/Q-former-for-OS/outputs/checkpoints/finals_v3_official/stage5_sensitivity/sensitivity_K4/canneal/seed_3136859/qmap_best.pth --json_output /home/likc/Q-former-for-OS/outputs/results/finals_v3_official/stage5_sensitivity/raw/sensitivity_K4/canneal/seed_3136859.json,99b88205ac8aa1415aa834b2e637ca95aaa417a63c65ff82078c028fe7ae89be,CAPD-MIC-1.0,"{""dram_read_cost"": 1.0, ""dram_write_cost"": 1.0, ""migration_cost"": 10.0, ""nvm_read_cost"": 2.0, ""nvm_write_cost"": 8.0}",fd9f3359900bdf868d9e985f967428aa6588c79b6d4944d08864b09cfbc51589,capd_finals_v3_official_data_v1,5986f7d63d4b81da33feb24a9c6a7d3db51c339d421e1322d4f80b7bc3249bdb,2486,,7.82001589378342,none,64,empty,single_seed_sensitivity,"{""B"": 64, ""D"": 64, ""H"": 10, ""Hc"": 256, ""K"": 4, ""L"": 256, ""Lres"": 256, ""approx_ndcg_alpha"": 10.0, ""artifact_class"": ""official"", ""contract_id"": ""CAPD-MIC-1.0"", ""dirty_demotion_nvm_write"": ""none"", ""dram_initial_state"": ""empty"", ""first_touch_accounting"": ""nvm_access"", ""initial_residency"": ""all_trace_pages_in_nvm"", ""lambda_w"": 4.0, ""lru_direction"": ""oldest_is_one"", ""nvm_capacity_pages"": null, ""page_oov"": ""unk"", ""page_state_dim"": 4, ""page_vocab_fit"": ""train_only"", ""pc_oov"": ""unk"", ""pc_vocab_fit"": ""train_only"", ""position_encoding"": ""sinusoidal"", ""run_profile"": ""official"", ""schema_version"": ""capd_finals_v3_0"", ""selector_recall_tie"": ""any_hit"", ""shared_page_embedding"": true, ""stage5_variant_family"": ""sensitivity"", ""stage5_variant_id"": ""sensitivity_K4"", ""tail_policy"": ""drop_incomplete_window"", ""trace_page_backing"": ""all_trace_pages"", ""training_scope"": ""per_workload"", ""validation_guard_accesses"": 256, ""validation_holdout_fraction"": 0.2, ""validation_strategy"": ""independent_valid_trace""}",nvm_access,2bd07f29a639d54db5180b57651842ce95dd3014,0.98725,98.725,197450,all_trace_pages_in_nvm,2486,2550,3136859,,2534,16,qmap,0,0.0,0,official,COMPLETED,capd_finals_v3_0,4ab628c42fee9fff73cfa24d30a3774457eef87d243f5cc80d93e7791f115bfe,/home/likc/Q-former-for-OS/dataset/jsonl/finals_v3_official/stage5_sensitivity/sensitivity_K4/canneal/selector_params.json,,33ee5f0f77966a23dfad7b07a1b50779a849fe27ed2da0a0d13b1a3adbb74686,"{""test"": ""3a5ecb35b4aec98a8fb470483ce0427d4da21ede1e3af387d9b7d61bccf6138e"", ""train"": ""4a98f01a328d2d86b680fde62818163ceb2403392f59676210ea22989c3b773f"", ""valid"": ""2805d4cf2a4d5d2051a0db3baf6ded3abf7d720f82eae3071f0746f4fcaee142""}","{""family"": ""sensitivity"", ""only_difference"": ""only K changes from 8 to 4"", ""retrain_required"": true, ""source_stage"": ""stage5"", ""test_used_for_selection"": false, ""variant_id"": ""sensitivity_K4""}",3a5ecb35b4aec98a8fb470483ce0427d4da21ede1e3af387d9b7d61bccf6138e,False,200000,all_trace_pages,dataset/processed/finals_v3_official/canneal/test.csv,sensitivity_K4,outputs/results/finals_v3_official/stage5_sensitivity/raw/sensitivity_K4/canneal/seed_3136859.json.variant_manifest.json,227506.0,canneal,canneal
official,3.2101611995693538,4,valid_trace,"{""EndToEndRecall@K"": 1.0, ""NRegret"": 0.0, ""PoolRecall@B"": 1.0, ""SelectorRecall@K"": 1.0, ""TieCoverage@K"": 0.06933361428524479}","{""avg_selector_time_ms"": 0.8910081770569998, ""decision_count"": 2779, ""max_B_t"": 64, ""max_K_t"": 4, ""mean_B_t"": 64.0, ""mean_K_t"": 4.0, ""min_B_t"": 64, ""min_K_t"": 4, ""selector_time_seconds"": 2.4761117240414023}",capd_selector_B_to_K,/home/likc/Q-former-for-OS/outputs/checkpoints/finals_v3_official/stage5_sensitivity/sensitivity_K4/streamcluster_pressure/seed_3136859/qmap_best.pth,0b992225bb4b19d6d66f604b94c91e008140b7ad56af9e8818c34d67e3255e89,qmap/qmap_eval.py --config /home/likc/Q-former-for-OS/dataset/jsonl/finals_v3_official/stage5_sensitivity/sensitivity_K4/streamcluster_pressure/resolved_config.json --selector_params /home/likc/Q-former-for-OS/dataset/jsonl/finals_v3_official/stage5_sensitivity/sensitivity_K4/streamcluster_pressure/selector_params.json --policy qmap --checkpoint /home/likc/Q-former-for-OS/outputs/checkpoints/finals_v3_official/stage5_sensitivity/sensitivity_K4/streamcluster_pressure/seed_3136859/qmap_best.pth --json_output /home/likc/Q-former-for-OS/outputs/results/finals_v3_official/stage5_sensitivity/raw/sensitivity_K4/streamcluster_pressure/seed_3136859.json,98032f7fc1f7e1f15d52e295d3d7ec3510bfe6326652d670930ace814fa7dcf1,CAPD-MIC-1.0,"{""dram_read_cost"": 1.0, ""dram_write_cost"": 1.0, ""migration_cost"": 10.0, ""nvm_read_cost"": 2.0, ""nvm_write_cost"": 8.0}",fd9f3359900bdf868d9e985f967428aa6588c79b6d4944d08864b09cfbc51589,capd_finals_v3_official_data_v1,2b31c00b19945884a09cc6fc8f3d451aad73f0d03b98a350ef540960609ea2c4,2779,,8.921037973603234,none,64,empty,single_seed_sensitivity,"{""B"": 64, ""D"": 64, ""H"": 10, ""Hc"": 256, ""K"": 4, ""L"": 256, ""Lres"": 256, ""approx_ndcg_alpha"": 10.0, ""artifact_class"": ""official"", ""contract_id"": ""CAPD-MIC-1.0"", ""dirty_demotion_nvm_write"": ""none"", ""dram_initial_state"": ""empty"", ""first_touch_accounting"": ""nvm_access"", ""initial_residency"": ""all_trace_pages_in_nvm"", ""lambda_w"": 4.0, ""lru_direction"": ""oldest_is_one"", ""nvm_capacity_pages"": null, ""page_oov"": ""unk"", ""page_state_dim"": 4, ""page_vocab_fit"": ""train_only"", ""pc_oov"": ""unk"", ""pc_vocab_fit"": ""train_only"", ""position_encoding"": ""sinusoidal"", ""run_profile"": ""official"", ""schema_version"": ""capd_finals_v3_0"", ""selector_recall_tie"": ""any_hit"", ""shared_page_embedding"": true, ""stage5_variant_family"": ""sensitivity"", ""stage5_variant_id"": ""sensitivity_K4"", ""tail_policy"": ""drop_incomplete_window"", ""trace_page_backing"": ""all_trace_pages"", ""training_scope"": ""per_workload"", ""validation_guard_accesses"": 256, ""validation_holdout_fraction"": 0.2, ""validation_strategy"": ""independent_valid_trace""}",nvm_access,2bd07f29a639d54db5180b57651842ce95dd3014,0.985785,98.5785,197157,all_trace_pages_in_nvm,2779,2843,3136859,,2842,1,qmap,0,0.0,0,official,COMPLETED,capd_finals_v3_0,205f25db24f04ab31d5bc8370e336fb3bacf6622ce8d5208e33f432855eeb666,/home/likc/Q-former-for-OS/dataset/jsonl/finals_v3_official/stage5_sensitivity/sensitivity_K4/streamcluster_pressure/selector_params.json,,d12c5e2507c333421709ab37c1d555e50426674e3853c88759c2d44237c70235,"{""test"": ""7620aef325310ef88b78b935ed6818bba5f6c0cfdadf624f1f9aad9570ac62d7"", ""train"": ""a04bbff36eccb0091d933efd69a390c150114d67bc6644f3dbdf0991897f252d"", ""valid"": ""e7d875df6e1247bd71320d4b9e1c3e2a3e029a33dce94ad109d8289342951774""}","{""family"": ""sensitivity"", ""only_difference"": ""only K changes from 8 to 4"", ""retrain_required"": true, ""source_stage"": ""stage5"", ""test_used_for_selection"": false, ""variant_id"": ""sensitivity_K4""}",7620aef325310ef88b78b935ed6818bba5f6c0cfdadf624f1f9aad9570ac62d7,False,200000,all_trace_pages,dataset/processed/finals_v3_official/streamcluster_pressure/test.csv,sensitivity_K4,outputs/results/finals_v3_official/stage5_sensitivity/raw/sensitivity_K4/streamcluster_pressure/seed_3136859.json.variant_manifest.json,230639.0,streamcluster_pressure,streamcluster_pressure
official,2.9784848907190815,4,valid_trace,"{""EndToEndRecall@K"": 1.0, ""NRegret"": 0.0, ""PoolRecall@B"": 1.0, ""SelectorRecall@K"": 1.0, ""TieCoverage@K"": 0.06781653411848294}","{""avg_selector_time_ms"": 0.7627585015297841, ""decision_count"": 3295, ""max_B_t"": 64, ""max_K_t"": 4, ""mean_B_t"": 64.0, ""mean_K_t"": 4.0, ""min_B_t"": 64, ""min_K_t"": 4, ""selector_time_seconds"": 2.5132892625406384}",capd_selector_B_to_K,/home/likc/Q-former-for-OS/outputs/checkpoints/finals_v3_official/stage5_sensitivity/sensitivity_K4/dedup_pressure/seed_3136859/qmap_best.pth,19f34fb4d5d2665f9cb51048900fd19521d946921137b7ab5054ad57a7fabf54,qmap/qmap_eval.py --config /home/likc/Q-former-for-OS/dataset/jsonl/finals_v3_official/stage5_sensitivity/sensitivity_K4/dedup_pressure/resolved_config.json --selector_params /home/likc/Q-former-for-OS/dataset/jsonl/finals_v3_official/stage5_sensitivity/sensitivity_K4/dedup_pressure/selector_params.json --policy qmap --checkpoint /home/likc/Q-former-for-OS/outputs/checkpoints/finals_v3_official/stage5_sensitivity/sensitivity_K4/dedup_pressure/seed_3136859/qmap_best.pth --json_output /home/likc/Q-former-for-OS/outputs/results/finals_v3_official/stage5_sensitivity/raw/sensitivity_K4/dedup_pressure/seed_3136859.json,d9ea8116585906d303f3b8d25e4441eea017c73830f243a9f29edcf7dcee06c1,CAPD-MIC-1.0,"{""dram_read_cost"": 1.0, ""dram_write_cost"": 1.0, ""migration_cost"": 10.0, ""nvm_read_cost"": 2.0, ""nvm_write_cost"": 8.0}",fd9f3359900bdf868d9e985f967428aa6588c79b6d4944d08864b09cfbc51589,capd_finals_v3_official_data_v1,d42012b4222091383fc3dfd7eb084dfe4c714512f067aaf7620d37dc844f4fa8,3295,,9.814107714919373,none,64,empty,single_seed_sensitivity,"{""B"": 64, ""D"": 64, ""H"": 10, ""Hc"": 256, ""K"": 4, ""L"": 256, ""Lres"": 256, ""approx_ndcg_alpha"": 10.0, ""artifact_class"": ""official"", ""contract_id"": ""CAPD-MIC-1.0"", ""dirty_demotion_nvm_write"": ""none"", ""dram_initial_state"": ""empty"", ""first_touch_accounting"": ""nvm_access"", ""initial_residency"": ""all_trace_pages_in_nvm"", ""lambda_w"": 4.0, ""lru_direction"": ""oldest_is_one"", ""nvm_capacity_pages"": null, ""page_oov"": ""unk"", ""page_state_dim"": 4, ""page_vocab_fit"": ""train_only"", ""pc_oov"": ""unk"", ""pc_vocab_fit"": ""train_only"", ""position_encoding"": ""sinusoidal"", ""run_profile"": ""official"", ""schema_version"": ""capd_finals_v3_0"", ""selector_recall_tie"": ""any_hit"", ""shared_page_embedding"": true, ""stage5_variant_family"": ""sensitivity"", ""stage5_variant_id"": ""sensitivity_K4"", ""tail_policy"": ""drop_incomplete_window"", ""trace_page_backing"": ""all_trace_pages"", ""training_scope"": ""per_workload"", ""validation_guard_accesses"": 256, ""validation_holdout_fraction"": 0.2, ""validation_strategy"": ""independent_valid_trace""}",nvm_access,2bd07f29a639d54db5180b57651842ce95dd3014,0.996641,99.6641,996641,all_trace_pages_in_nvm,3295,3359,3136859,,1818,1541,qmap,0,0.0,0,official,COMPLETED,capd_finals_v3_0,449ab24d9b50603380482aa81534b45e80c6da4138403a3db6dc8a73dedd0c82,/home/likc/Q-former-for-OS/dataset/jsonl/finals_v3_official/stage5_sensitivity/sensitivity_K4/dedup_pressure/selector_params.json,,1c04935e3188eed4d2e7d6217b2e156253448b2967c26905353476190dd8f439,"{""test"": ""02290e3d22516bffdf9025b740c4c955b1021f9255f2a3f795835296b3bd1b3e"", ""train"": ""1c505939b9041ae4c0d3a6cb8fed653a45a42aab74a7b74f7d73f3d333b9f716"", ""valid"": ""19ea50b168cd601e3bb52e24f07102402cc7315b7f30895ff4ee0da1c8a931c8""}","{""family"": ""sensitivity"", ""only_difference"": ""only K changes from 8 to 4"", ""retrain_required"": true, ""source_stage"": ""stage5"", ""test_used_for_selection"": false, ""variant_id"": ""sensitivity_K4""}",02290e3d22516bffdf9025b740c4c955b1021f9255f2a3f795835296b3bd1b3e,False,1000000,all_trace_pages,dataset/processed/finals_v3_official/dedup_pressure/test.csv,sensitivity_K4,outputs/results/finals_v3_official/stage5_sensitivity/raw/sensitivity_K4/dedup_pressure/seed_3136859.json.variant_manifest.json,1045555.0,dedup_pressure,dedup_pressure
official,3.3056860507885744,16,valid_trace,"{""EndToEndRecall@K"": 1.0, ""NRegret"": 0.0, ""PoolRecall@B"": 1.0, ""SelectorRecall@K"": 1.0, ""TieCoverage@K"": 0.3254833721371401}","{""avg_selector_time_ms"": 0.8521388753022405, ""decision_count"": 2236, ""max_B_t"": 64, ""max_K_t"": 16, ""mean_B_t"": 64.0, ""mean_K_t"": 16.0, ""min_B_t"": 64, ""min_K_t"": 16, ""selector_time_seconds"": 1.9053825251758099}",capd_selector_B_to_K,/home/likc/Q-former-for-OS/outputs/checkpoints/finals_v3_official/stage5_sensitivity/sensitivity_K16/canneal/seed_3136859/qmap_best.pth,c6bfeeaee082a599eee5b3d3893e85efc90f4e063c2796d047ca8de88098b263,qmap/qmap_eval.py --config /home/likc/Q-former-for-OS/dataset/jsonl/finals_v3_official/stage5_sensitivity/sensitivity_K16/canneal/resolved_config.json --selector_params /home/likc/Q-former-for-OS/dataset/jsonl/finals_v3_official/stage5_sensitivity/sensitivity_K16/canneal/selector_params.json --policy qmap --checkpoint /home/likc/Q-former-for-OS/outputs/checkpoints/finals_v3_official/stage5_sensitivity/sensitivity_K16/canneal/seed_3136859/qmap_best.pth --json_output /home/likc/Q-former-for-OS/outputs/results/finals_v3_official/stage5_sensitivity/raw/sensitivity_K16/canneal/seed_3136859.json,d5636c7e5b4127f7cd0112af0ee58991320b73158b059d687c99091f8d302a80,CAPD-MIC-1.0,"{""dram_read_cost"": 1.0, ""dram_write_cost"": 1.0, ""migration_cost"": 10.0, ""nvm_read_cost"": 2.0, ""nvm_write_cost"": 8.0}",fd9f3359900bdf868d9e985f967428aa6588c79b6d4944d08864b09cfbc51589,capd_finals_v3_official_data_v1,5986f7d63d4b81da33feb24a9c6a7d3db51c339d421e1322d4f80b7bc3249bdb,2236,,7.391514009563252,none,64,empty,single_seed_sensitivity,"{""B"": 64, ""D"": 64, ""H"": 10, ""Hc"": 256, ""K"": 16, ""L"": 256, ""Lres"": 256, ""approx_ndcg_alpha"": 10.0, ""artifact_class"": ""official"", ""contract_id"": ""CAPD-MIC-1.0"", ""dirty_demotion_nvm_write"": ""none"", ""dram_initial_state"": ""empty"", ""first_touch_accounting"": ""nvm_access"", ""initial_residency"": ""all_trace_pages_in_nvm"", ""lambda_w"": 4.0, ""lru_direction"": ""oldest_is_one"", ""nvm_capacity_pages"": null, ""page_oov"": ""unk"", ""page_state_dim"": 4, ""page_vocab_fit"": ""train_only"", ""pc_oov"": ""unk"", ""pc_vocab_fit"": ""train_only"", ""position_encoding"": ""sinusoidal"", ""run_profile"": ""official"", ""schema_version"": ""capd_finals_v3_0"", ""selector_recall_tie"": ""any_hit"", ""shared_page_embedding"": true, ""stage5_variant_family"": ""sensitivity"", ""stage5_variant_id"": ""sensitivity_K16"", ""tail_policy"": ""drop_incomplete_window"", ""trace_page_backing"": ""all_trace_pages"", ""training_scope"": ""per_workload"", ""validation_guard_accesses"": 256, ""validation_holdout_fraction"": 0.2, ""validation_strategy"": ""independent_valid_trace""}",nvm_access,2bd07f29a639d54db5180b57651842ce95dd3014,0.9885,98.85000000000001,197700,all_trace_pages_in_nvm,2236,2300,3136859,,2284,16,qmap,0,0.0,0,official,COMPLETED,capd_finals_v3_0,9668e0ce69ab269b194b750631f4b33b99fe4c4f18b92305dc7b0c47dd17d6f0,/home/likc/Q-former-for-OS/dataset/jsonl/finals_v3_official/stage5_sensitivity/sensitivity_K16/canneal/selector_params.json,,33ee5f0f77966a23dfad7b07a1b50779a849fe27ed2da0a0d13b1a3adbb74686,"{""test"": ""3a5ecb35b4aec98a8fb470483ce0427d4da21ede1e3af387d9b7d61bccf6138e"", ""train"": ""4a98f01a328d2d86b680fde62818163ceb2403392f59676210ea22989c3b773f"", ""valid"": ""2805d4cf2a4d5d2051a0db3baf6ded3abf7d720f82eae3071f0746f4fcaee142""}","{""family"": ""sensitivity"", ""only_difference"": ""only K changes from 8 to 16"", ""retrain_required"": true, ""source_stage"": ""stage5"", ""test_used_for_selection"": false, ""variant_id"": ""sensitivity_K16""}",3a5ecb35b4aec98a8fb470483ce0427d4da21ede1e3af387d9b7d61bccf6138e,False,200000,all_trace_pages,dataset/processed/finals_v3_official/canneal/test.csv,sensitivity_K16,outputs/results/finals_v3_official/stage5_sensitivity/raw/sensitivity_K16/canneal/seed_3136859.json.variant_manifest.json,224756.0,canneal,canneal
official,3.299639661276084,16,valid_trace,"{""EndToEndRecall@K"": 1.0, ""NRegret"": 0.0, ""PoolRecall@B"": 1.0, ""SelectorRecall@K"": 1.0, ""TieCoverage@K"": 0.2762923895080598}","{""avg_selector_time_ms"": 0.8676982002166523, ""decision_count"": 2778, ""max_B_t"": 64, ""max_K_t"": 16, ""mean_B_t"": 64.0, ""mean_K_t"": 16.0, ""min_B_t"": 64, ""min_K_t"": 16, ""selector_time_seconds"": 2.41046560020186}",capd_selector_B_to_K,/home/likc/Q-former-for-OS/outputs/checkpoints/finals_v3_official/stage5_sensitivity/sensitivity_K16/streamcluster_pressure/seed_3136859/qmap_best.pth,18605f09e445efd0bcc83dc9a35f3d7043123316061405b62d4d66c921ccb67f,qmap/qmap_eval.py --config /home/likc/Q-former-for-OS/dataset/jsonl/finals_v3_official/stage5_sensitivity/sensitivity_K16/streamcluster_pressure/resolved_config.json --selector_params /home/likc/Q-former-for-OS/dataset/jsonl/finals_v3_official/stage5_sensitivity/sensitivity_K16/streamcluster_pressure/selector_params.json --policy qmap --checkpoint /home/likc/Q-former-for-OS/outputs/checkpoints/finals_v3_official/stage5_sensitivity/sensitivity_K16/streamcluster_pressure/seed_3136859/qmap_best.pth --json_output /home/likc/Q-former-for-OS/outputs/results/finals_v3_official/stage5_sensitivity/raw/sensitivity_K16/streamcluster_pressure/seed_3136859.json,a74db2a5dd91e071d0cd1be3f187bfd94dcfed24bbeb83180129f0bff609d564,CAPD-MIC-1.0,"{""dram_read_cost"": 1.0, ""dram_write_cost"": 1.0, ""migration_cost"": 10.0, ""nvm_read_cost"": 2.0, ""nvm_write_cost"": 8.0}",fd9f3359900bdf868d9e985f967428aa6588c79b6d4944d08864b09cfbc51589,capd_finals_v3_official_data_v1,2b31c00b19945884a09cc6fc8f3d451aad73f0d03b98a350ef540960609ea2c4,2778,,9.166398979024962,none,64,empty,single_seed_sensitivity,"{""B"": 64, ""D"": 64, ""H"": 10, ""Hc"": 256, ""K"": 16, ""L"": 256, ""Lres"": 256, ""approx_ndcg_alpha"": 10.0, ""artifact_class"": ""official"", ""contract_id"": ""CAPD-MIC-1.0"", ""dirty_demotion_nvm_write"": ""none"", ""dram_initial_state"": ""empty"", ""first_touch_accounting"": ""nvm_access"", ""initial_residency"": ""all_trace_pages_in_nvm"", ""lambda_w"": 4.0, ""lru_direction"": ""oldest_is_one"", ""nvm_capacity_pages"": null, ""page_oov"": ""unk"", ""page_state_dim"": 4, ""page_vocab_fit"": ""train_only"", ""pc_oov"": ""unk"", ""pc_vocab_fit"": ""train_only"", ""position_encoding"": ""sinusoidal"", ""run_profile"": ""official"", ""schema_version"": ""capd_finals_v3_0"", ""selector_recall_tie"": ""any_hit"", ""shared_page_embedding"": true, ""stage5_variant_family"": ""sensitivity"", ""stage5_variant_id"": ""sensitivity_K16"", ""tail_policy"": ""drop_incomplete_window"", ""trace_page_backing"": ""all_trace_pages"", ""training_scope"": ""per_workload"", ""validation_guard_accesses"": 256, ""validation_holdout_fraction"": 0.2, ""validation_strategy"": ""independent_valid_trace""}",nvm_access,2bd07f29a639d54db5180b57651842ce95dd3014,0.98579,98.57900000000001,197158,all_trace_pages_in_nvm,2778,2842,3136859,,2841,1,qmap,0,0.0,0,official,COMPLETED,capd_finals_v3_0,6b47cdeb2cb6103cc6542104b9f64b2914af51bbc167470ae7a7a8ff10f7c0bb,/home/likc/Q-former-for-OS/dataset/jsonl/finals_v3_official/stage5_sensitivity/sensitivity_K16/streamcluster_pressure/selector_params.json,,d12c5e2507c333421709ab37c1d555e50426674e3853c88759c2d44237c70235,"{""test"": ""7620aef325310ef88b78b935ed6818bba5f6c0cfdadf624f1f9aad9570ac62d7"", ""train"": ""a04bbff36eccb0091d933efd69a390c150114d67bc6644f3dbdf0991897f252d"", ""valid"": ""e7d875df6e1247bd71320d4b9e1c3e2a3e029a33dce94ad109d8289342951774""}","{""family"": ""sensitivity"", ""only_difference"": ""only K changes from 8 to 16"", ""retrain_required"": true, ""source_stage"": ""stage5"", ""test_used_for_selection"": false, ""variant_id"": ""sensitivity_K16""}",7620aef325310ef88b78b935ed6818bba5f6c0cfdadf624f1f9aad9570ac62d7,False,200000,all_trace_pages,dataset/processed/finals_v3_official/streamcluster_pressure/test.csv,sensitivity_K16,outputs/results/finals_v3_official/stage5_sensitivity/raw/sensitivity_K16/streamcluster_pressure/seed_3136859.json.variant_manifest.json,230628.0,streamcluster_pressure,streamcluster_pressure
official,3.187352931441588,16,valid_trace,"{""EndToEndRecall@K"": 1.0, ""NRegret"": 0.0, ""PoolRecall@B"": 1.0, ""SelectorRecall@K"": 1.0, ""TieCoverage@K"": 0.2711285779361226}","{""avg_selector_time_ms"": 0.7755482900133746, ""decision_count"": 3256, ""max_B_t"": 64, ""max_K_t"": 16, ""mean_B_t"": 64.0, ""mean_K_t"": 16.0, ""min_B_t"": 64, ""min_K_t"": 16, ""selector_time_seconds"": 2.5251852322835475}",capd_selector_B_to_K,/home/likc/Q-former-for-OS/outputs/checkpoints/finals_v3_official/stage5_sensitivity/sensitivity_K16/dedup_pressure/seed_3136859/qmap_best.pth,e84c10ecbcabb675f15debcfca505114817b79c9d40408d2b75e8df704f6cae0,qmap/qmap_eval.py --config /home/likc/Q-former-for-OS/dataset/jsonl/finals_v3_official/stage5_sensitivity/sensitivity_K16/dedup_pressure/resolved_config.json --selector_params /home/likc/Q-former-for-OS/dataset/jsonl/finals_v3_official/stage5_sensitivity/sensitivity_K16/dedup_pressure/selector_params.json --policy qmap --checkpoint /home/likc/Q-former-for-OS/outputs/checkpoints/finals_v3_official/stage5_sensitivity/sensitivity_K16/dedup_pressure/seed_3136859/qmap_best.pth --json_output /home/likc/Q-former-for-OS/outputs/results/finals_v3_official/stage5_sensitivity/raw/sensitivity_K16/dedup_pressure/seed_3136859.json,5986a6be6bf067e6523632a8013680190f5274addbacdad5a94be132b7a4947f,CAPD-MIC-1.0,"{""dram_read_cost"": 1.0, ""dram_write_cost"": 1.0, ""migration_cost"": 10.0, ""nvm_read_cost"": 2.0, ""nvm_write_cost"": 8.0}",fd9f3359900bdf868d9e985f967428aa6588c79b6d4944d08864b09cfbc51589,capd_finals_v3_official_data_v1,d42012b4222091383fc3dfd7eb084dfe4c714512f067aaf7620d37dc844f4fa8,3256,,10.378021144773811,none,64,empty,single_seed_sensitivity,"{""B"": 64, ""D"": 64, ""H"": 10, ""Hc"": 256, ""K"": 16, ""L"": 256, ""Lres"": 256, ""approx_ndcg_alpha"": 10.0, ""artifact_class"": ""official"", ""contract_id"": ""CAPD-MIC-1.0"", ""dirty_demotion_nvm_write"": ""none"", ""dram_initial_state"": ""empty"", ""first_touch_accounting"": ""nvm_access"", ""initial_residency"": ""all_trace_pages_in_nvm"", ""lambda_w"": 4.0, ""lru_direction"": ""oldest_is_one"", ""nvm_capacity_pages"": null, ""page_oov"": ""unk"", ""page_state_dim"": 4, ""page_vocab_fit"": ""train_only"", ""pc_oov"": ""unk"", ""pc_vocab_fit"": ""train_only"", ""position_encoding"": ""sinusoidal"", ""run_profile"": ""official"", ""schema_version"": ""capd_finals_v3_0"", ""selector_recall_tie"": ""any_hit"", ""shared_page_embedding"": true, ""stage5_variant_family"": ""sensitivity"", ""stage5_variant_id"": ""sensitivity_K16"", ""tail_policy"": ""drop_incomplete_window"", ""trace_page_backing"": ""all_trace_pages"", ""training_scope"": ""per_workload"", ""validation_guard_accesses"": 256, ""validation_holdout_fraction"": 0.2, ""validation_strategy"": ""independent_valid_trace""}",nvm_access,2bd07f29a639d54db5180b57651842ce95dd3014,0.99668,99.668,996680,all_trace_pages_in_nvm,3256,3320,3136859,,1774,1546,qmap,0,0.0,0,official,COMPLETED,capd_finals_v3_0,e9d2aaad074bac242f790276a593ab7cf94a6c179e2bbe4a7340e1f49050c192,/home/likc/Q-former-for-OS/dataset/jsonl/finals_v3_official/stage5_sensitivity/sensitivity_K16/dedup_pressure/selector_params.json,,1c04935e3188eed4d2e7d6217b2e156253448b2967c26905353476190dd8f439,"{""test"": ""02290e3d22516bffdf9025b740c4c955b1021f9255f2a3f795835296b3bd1b3e"", ""train"": ""1c505939b9041ae4c0d3a6cb8fed653a45a42aab74a7b74f7d73f3d333b9f716"", ""valid"": ""19ea50b168cd601e3bb52e24f07102402cc7315b7f30895ff4ee0da1c8a931c8""}","{""family"": ""sensitivity"", ""only_difference"": ""only K changes from 8 to 16"", ""retrain_required"": true, ""source_stage"": ""stage5"", ""test_used_for_selection"": false, ""variant_id"": ""sensitivity_K16""}",02290e3d22516bffdf9025b740c4c955b1021f9255f2a3f795835296b3bd1b3e,False,1000000,all_trace_pages,dataset/processed/finals_v3_official/dedup_pressure/test.csv,sensitivity_K16,outputs/results/finals_v3_official/stage5_sensitivity/raw/sensitivity_K16/dedup_pressure/seed_3136859.json.variant_manifest.json,1045156.0,dedup_pressure,dedup_pressure
official,2.8833009048789475,8,valid_trace,"{""EndToEndRecall@K"": 1.0, ""NRegret"": 0.0, ""PoolRecall@B"": 1.0, ""SelectorRecall@K"": 1.0, ""TieCoverage@K"": 0.16296609613366286}","{""avg_selector_time_ms"": 0.7249924908024701, ""decision_count"": 2484, ""max_B_t"": 64, ""max_K_t"": 8, ""mean_B_t"": 64.0, ""mean_K_t"": 8.0, ""min_B_t"": 64, ""min_K_t"": 8, ""selector_time_seconds"": 1.8008813471533358}",capd_selector_B_to_K,/home/likc/Q-former-for-OS/outputs/checkpoints/finals_v3_official/stage5_sensitivity/sensitivity_H5/canneal/seed_3136859/qmap_best.pth,e473f0b72a029e575b39f3ca3841a3b1eae7686cbbabb765f23a742d07fb4230,qmap/qmap_eval.py --config /home/likc/Q-former-for-OS/dataset/jsonl/finals_v3_official/stage5_sensitivity/sensitivity_H5/canneal/resolved_config.json --selector_params /home/likc/Q-former-for-OS/dataset/jsonl/finals_v3_official/stage5_sensitivity/sensitivity_H5/canneal/selector_params.json --policy qmap --checkpoint /home/likc/Q-former-for-OS/outputs/checkpoints/finals_v3_official/stage5_sensitivity/sensitivity_H5/canneal/seed_3136859/qmap_best.pth --json_output /home/likc/Q-former-for-OS/outputs/results/finals_v3_official/stage5_sensitivity/raw/sensitivity_H5/canneal/seed_3136859.json,e2c92127ba1163a62724306df1f51234c642e20558483130f01ac2f1f3718f35,CAPD-MIC-1.0,"{""dram_read_cost"": 1.0, ""dram_write_cost"": 1.0, ""migration_cost"": 10.0, ""nvm_read_cost"": 2.0, ""nvm_write_cost"": 8.0}",fd9f3359900bdf868d9e985f967428aa6588c79b6d4944d08864b09cfbc51589,capd_finals_v3_official_data_v1,5986f7d63d4b81da33feb24a9c6a7d3db51c339d421e1322d4f80b7bc3249bdb,2484,,7.162119447719306,none,64,empty,single_seed_sensitivity,"{""B"": 64, ""D"": 64, ""H"": 5, ""Hc"": 256, ""K"": 8, ""L"": 256, ""Lres"": 256, ""approx_ndcg_alpha"": 10.0, ""artifact_class"": ""official"", ""contract_id"": ""CAPD-MIC-1.0"", ""dirty_demotion_nvm_write"": ""none"", ""dram_initial_state"": ""empty"", ""first_touch_accounting"": ""nvm_access"", ""initial_residency"": ""all_trace_pages_in_nvm"", ""lambda_w"": 4.0, ""lru_direction"": ""oldest_is_one"", ""nvm_capacity_pages"": null, ""page_oov"": ""unk"", ""page_state_dim"": 4, ""page_vocab_fit"": ""train_only"", ""pc_oov"": ""unk"", ""pc_vocab_fit"": ""train_only"", ""position_encoding"": ""sinusoidal"", ""run_profile"": ""official"", ""schema_version"": ""capd_finals_v3_0"", ""selector_recall_tie"": ""any_hit"", ""shared_page_embedding"": true, ""stage5_variant_family"": ""sensitivity"", ""stage5_variant_id"": ""sensitivity_H5"", ""tail_policy"": ""drop_incomplete_window"", ""trace_page_backing"": ""all_trace_pages"", ""training_scope"": ""per_workload"", ""validation_guard_accesses"": 256, ""validation_holdout_fraction"": 0.2, ""validation_strategy"": ""independent_valid_trace""}",nvm_access,2bd07f29a639d54db5180b57651842ce95dd3014,0.98726,98.726,197452,all_trace_pages_in_nvm,2484,2548,3136859,,2532,16,qmap,0,0.0,0,official,COMPLETED,capd_finals_v3_0,b8e7c01389ca54963058aa362361010115e9e27e6c11bb3fed32c543ef5c3dec,/home/likc/Q-former-for-OS/dataset/jsonl/finals_v3_official/stage5_sensitivity/sensitivity_H5/canneal/selector_params.json,,33ee5f0f77966a23dfad7b07a1b50779a849fe27ed2da0a0d13b1a3adbb74686,"{""test"": ""3a5ecb35b4aec98a8fb470483ce0427d4da21ede1e3af387d9b7d61bccf6138e"", ""train"": ""4a98f01a328d2d86b680fde62818163ceb2403392f59676210ea22989c3b773f"", ""valid"": ""2805d4cf2a4d5d2051a0db3baf6ded3abf7d720f82eae3071f0746f4fcaee142""}","{""family"": ""sensitivity"", ""only_difference"": ""only H changes from 10 to 5"", ""retrain_required"": true, ""source_stage"": ""stage5"", ""test_used_for_selection"": false, ""variant_id"": ""sensitivity_H5""}",3a5ecb35b4aec98a8fb470483ce0427d4da21ede1e3af387d9b7d61bccf6138e,False,200000,all_trace_pages,dataset/processed/finals_v3_official/canneal/test.csv,sensitivity_H5,outputs/results/finals_v3_official/stage5_sensitivity/raw/sensitivity_H5/canneal/seed_3136859.json.variant_manifest.json,227484.0,canneal,canneal
official,3.2185571861165245,8,valid_trace,"{""EndToEndRecall@K"": 1.0, ""NRegret"": 0.0, ""PoolRecall@B"": 1.0, ""SelectorRecall@K"": 1.0, ""TieCoverage@K"": 0.13847586671977324}","{""avg_selector_time_ms"": 0.8999635207486881, ""decision_count"": 2780, ""max_B_t"": 64, ""max_K_t"": 8, ""mean_B_t"": 64.0, ""mean_K_t"": 8.0, ""min_B_t"": 64, ""min_K_t"": 8, ""selector_time_seconds"": 2.501898587681353}",capd_selector_B_to_K,/home/likc/Q-former-for-OS/outputs/checkpoints/finals_v3_official/stage5_sensitivity/sensitivity_H5/streamcluster_pressure/seed_3136859/qmap_best.pth,b4906d313d4fe0bd0c2e43fc6aefd183d6e82becbb7cc83c7901506a8dd01229,qmap/qmap_eval.py --config /home/likc/Q-former-for-OS/dataset/jsonl/finals_v3_official/stage5_sensitivity/sensitivity_H5/streamcluster_pressure/resolved_config.json --selector_params /home/likc/Q-former-for-OS/dataset/jsonl/finals_v3_official/stage5_sensitivity/sensitivity_H5/streamcluster_pressure/selector_params.json --policy qmap --checkpoint /home/likc/Q-former-for-OS/outputs/checkpoints/finals_v3_official/stage5_sensitivity/sensitivity_H5/streamcluster_pressure/seed_3136859/qmap_best.pth --json_output /home/likc/Q-former-for-OS/outputs/results/finals_v3_official/stage5_sensitivity/raw/sensitivity_H5/streamcluster_pressure/seed_3136859.json,c1a240c8ec6297f6b753877f37065c66ccb94690a27c05d222426738354a6441,CAPD-MIC-1.0,"{""dram_read_cost"": 1.0, ""dram_write_cost"": 1.0, ""migration_cost"": 10.0, ""nvm_read_cost"": 2.0, ""nvm_write_cost"": 8.0}",fd9f3359900bdf868d9e985f967428aa6588c79b6d4944d08864b09cfbc51589,capd_finals_v3_official_data_v1,2b31c00b19945884a09cc6fc8f3d451aad73f0d03b98a350ef540960609ea2c4,2780,,8.947588977403939,none,64,empty,single_seed_sensitivity,"{""B"": 64, ""D"": 64, ""H"": 5, ""Hc"": 256, ""K"": 8, ""L"": 256, ""Lres"": 256, ""approx_ndcg_alpha"": 10.0, ""artifact_class"": ""official"", ""contract_id"": ""CAPD-MIC-1.0"", ""dirty_demotion_nvm_write"": ""none"", ""dram_initial_state"": ""empty"", ""first_touch_accounting"": ""nvm_access"", ""initial_residency"": ""all_trace_pages_in_nvm"", ""lambda_w"": 4.0, ""lru_direction"": ""oldest_is_one"", ""nvm_capacity_pages"": null, ""page_oov"": ""unk"", ""page_state_dim"": 4, ""page_vocab_fit"": ""train_only"", ""pc_oov"": ""unk"", ""pc_vocab_fit"": ""train_only"", ""position_encoding"": ""sinusoidal"", ""run_profile"": ""official"", ""schema_version"": ""capd_finals_v3_0"", ""selector_recall_tie"": ""any_hit"", ""shared_page_embedding"": true, ""stage5_variant_family"": ""sensitivity"", ""stage5_variant_id"": ""sensitivity_H5"", ""tail_policy"": ""drop_incomplete_window"", ""trace_page_backing"": ""all_trace_pages"", ""training_scope"": ""per_workload"", ""validation_guard_accesses"": 256, ""validation_holdout_fraction"": 0.2, ""validation_strategy"": ""independent_valid_trace""}",nvm_access,2bd07f29a639d54db5180b57651842ce95dd3014,0.98578,98.578,197156,all_trace_pages_in_nvm,2780,2844,3136859,,2843,1,qmap,0,0.0,0,official,COMPLETED,capd_finals_v3_0,40c200a0bc3dcc87531f084afe36aeee041f55a2d961e772dc00913e14d3ae47,/home/likc/Q-former-for-OS/dataset/jsonl/finals_v3_official/stage5_sensitivity/sensitivity_H5/streamcluster_pressure/selector_params.json,,d12c5e2507c333421709ab37c1d555e50426674e3853c88759c2d44237c70235,"{""test"": ""7620aef325310ef88b78b935ed6818bba5f6c0cfdadf624f1f9aad9570ac62d7"", ""train"": ""a04bbff36eccb0091d933efd69a390c150114d67bc6644f3dbdf0991897f252d"", ""valid"": ""e7d875df6e1247bd71320d4b9e1c3e2a3e029a33dce94ad109d8289342951774""}","{""family"": ""sensitivity"", ""only_difference"": ""only H changes from 10 to 5"", ""retrain_required"": true, ""source_stage"": ""stage5"", ""test_used_for_selection"": false, ""variant_id"": ""sensitivity_H5""}",7620aef325310ef88b78b935ed6818bba5f6c0cfdadf624f1f9aad9570ac62d7,False,200000,all_trace_pages,dataset/processed/finals_v3_official/streamcluster_pressure/test.csv,sensitivity_H5,outputs/results/finals_v3_official/stage5_sensitivity/raw/sensitivity_H5/streamcluster_pressure/seed_3136859.json.variant_manifest.json,230650.0,streamcluster_pressure,streamcluster_pressure
official,2.6807971732641662,8,valid_trace,"{""EndToEndRecall@K"": 1.0, ""NRegret"": 0.0, ""PoolRecall@B"": 1.0, ""SelectorRecall@K"": 1.0, ""TieCoverage@K"": 0.1356329204762791}","{""avg_selector_time_ms"": 0.6226391125754696, ""decision_count"": 3289, ""max_B_t"": 64, ""max_K_t"": 8, ""mean_B_t"": 64.0, ""mean_K_t"": 8.0, ""min_B_t"": 64, ""min_K_t"": 8, ""selector_time_seconds"": 2.0478600412607193}",capd_selector_B_to_K,/home/likc/Q-former-for-OS/outputs/checkpoints/finals_v3_official/stage5_sensitivity/sensitivity_H5/dedup_pressure/seed_3136859/qmap_best.pth,506cb9c50df6c6ce11aabd23cbb9dc3d44c35f97b3f1417bb10d56863e67956d,qmap/qmap_eval.py --config /home/likc/Q-former-for-OS/dataset/jsonl/finals_v3_official/stage5_sensitivity/sensitivity_H5/dedup_pressure/resolved_config.json --selector_params /home/likc/Q-former-for-OS/dataset/jsonl/finals_v3_official/stage5_sensitivity/sensitivity_H5/dedup_pressure/selector_params.json --policy qmap --checkpoint /home/likc/Q-former-for-OS/outputs/checkpoints/finals_v3_official/stage5_sensitivity/sensitivity_H5/dedup_pressure/seed_3136859/qmap_best.pth --json_output /home/likc/Q-former-for-OS/outputs/results/finals_v3_official/stage5_sensitivity/raw/sensitivity_H5/dedup_pressure/seed_3136859.json,39dec12ab8f3367ba8f552383b70681e3f506e24514db65c01bfc1f1f9eb1a88,CAPD-MIC-1.0,"{""dram_read_cost"": 1.0, ""dram_write_cost"": 1.0, ""migration_cost"": 10.0, ""nvm_read_cost"": 2.0, ""nvm_write_cost"": 8.0}",fd9f3359900bdf868d9e985f967428aa6588c79b6d4944d08864b09cfbc51589,capd_finals_v3_official_data_v1,d42012b4222091383fc3dfd7eb084dfe4c714512f067aaf7620d37dc844f4fa8,3289,,8.817141902865842,none,64,empty,single_seed_sensitivity,"{""B"": 64, ""D"": 64, ""H"": 5, ""Hc"": 256, ""K"": 8, ""L"": 256, ""Lres"": 256, ""approx_ndcg_alpha"": 10.0, ""artifact_class"": ""official"", ""contract_id"": ""CAPD-MIC-1.0"", ""dirty_demotion_nvm_write"": ""none"", ""dram_initial_state"": ""empty"", ""first_touch_accounting"": ""nvm_access"", ""initial_residency"": ""all_trace_pages_in_nvm"", ""lambda_w"": 4.0, ""lru_direction"": ""oldest_is_one"", ""nvm_capacity_pages"": null, ""page_oov"": ""unk"", ""page_state_dim"": 4, ""page_vocab_fit"": ""train_only"", ""pc_oov"": ""unk"", ""pc_vocab_fit"": ""train_only"", ""position_encoding"": ""sinusoidal"", ""run_profile"": ""official"", ""schema_version"": ""capd_finals_v3_0"", ""selector_recall_tie"": ""any_hit"", ""shared_page_embedding"": true, ""stage5_variant_family"": ""sensitivity"", ""stage5_variant_id"": ""sensitivity_H5"", ""tail_policy"": ""drop_incomplete_window"", ""trace_page_backing"": ""all_trace_pages"", ""training_scope"": ""per_workload"", ""validation_guard_accesses"": 256, ""validation_holdout_fraction"": 0.2, ""validation_strategy"": ""independent_valid_trace""}",nvm_access,2bd07f29a639d54db5180b57651842ce95dd3014,0.996647,99.6647,996647,all_trace_pages_in_nvm,3289,3353,3136859,,1812,1541,qmap,0,0.0,0,official,COMPLETED,capd_finals_v3_0,4e71d02e38e34627492b8a6edf57d9cde42dac8fb9b2ee4cbd8cbe37e27a3342,/home/likc/Q-former-for-OS/dataset/jsonl/finals_v3_official/stage5_sensitivity/sensitivity_H5/dedup_pressure/selector_params.json,,1c04935e3188eed4d2e7d6217b2e156253448b2967c26905353476190dd8f439,"{""test"": ""02290e3d22516bffdf9025b740c4c955b1021f9255f2a3f795835296b3bd1b3e"", ""train"": ""1c505939b9041ae4c0d3a6cb8fed653a45a42aab74a7b74f7d73f3d333b9f716"", ""valid"": ""19ea50b168cd601e3bb52e24f07102402cc7315b7f30895ff4ee0da1c8a931c8""}","{""family"": ""sensitivity"", ""only_difference"": ""only H changes from 10 to 5"", ""retrain_required"": true, ""source_stage"": ""stage5"", ""test_used_for_selection"": false, ""variant_id"": ""sensitivity_H5""}",02290e3d22516bffdf9025b740c4c955b1021f9255f2a3f795835296b3bd1b3e,False,1000000,all_trace_pages,dataset/processed/finals_v3_official/dedup_pressure/test.csv,sensitivity_H5,outputs/results/finals_v3_official/stage5_sensitivity/raw/sensitivity_H5/dedup_pressure/seed_3136859.json.variant_manifest.json,1045489.0,dedup_pressure,dedup_pressure
official,2.8958366847377097,8,valid_trace,"{""EndToEndRecall@K"": 1.0, ""NRegret"": 0.0, ""PoolRecall@B"": 1.0, ""SelectorRecall@K"": 1.0, ""TieCoverage@K"": 0.16296609613366286}","{""avg_selector_time_ms"": 0.6951822157235564, ""decision_count"": 2443, ""max_B_t"": 64, ""max_K_t"": 8, ""mean_B_t"": 64.0, ""mean_K_t"": 8.0, ""min_B_t"": 64, ""min_K_t"": 8, ""selector_time_seconds"": 1.6983301530126482}",capd_selector_B_to_K,/home/likc/Q-former-for-OS/outputs/checkpoints/finals_v3_official/stage5_sensitivity/sensitivity_H20/canneal/seed_3136859/qmap_best.pth,de353b0ff1d1c40d985fa1ccc2d799b954a3720caa192319df77c5dd01b6ac94,qmap/qmap_eval.py --config /home/likc/Q-former-for-OS/dataset/jsonl/finals_v3_official/stage5_sensitivity/sensitivity_H20/canneal/resolved_config.json --selector_params /home/likc/Q-former-for-OS/dataset/jsonl/finals_v3_official/stage5_sensitivity/sensitivity_H20/canneal/selector_params.json --policy qmap --checkpoint /home/likc/Q-former-for-OS/outputs/checkpoints/finals_v3_official/stage5_sensitivity/sensitivity_H20/canneal/seed_3136859/qmap_best.pth --json_output /home/likc/Q-former-for-OS/outputs/results/finals_v3_official/stage5_sensitivity/raw/sensitivity_H20/canneal/seed_3136859.json,d16a2750a1315264893441fb5e719c789e46e9adc74a248def4552e765206d7f,CAPD-MIC-1.0,"{""dram_read_cost"": 1.0, ""dram_write_cost"": 1.0, ""migration_cost"": 10.0, ""nvm_read_cost"": 2.0, ""nvm_write_cost"": 8.0}",fd9f3359900bdf868d9e985f967428aa6588c79b6d4944d08864b09cfbc51589,capd_finals_v3_official_data_v1,5986f7d63d4b81da33feb24a9c6a7d3db51c339d421e1322d4f80b7bc3249bdb,2443,,7.074529020814225,none,64,empty,single_seed_sensitivity,"{""B"": 64, ""D"": 64, ""H"": 20, ""Hc"": 256, ""K"": 8, ""L"": 256, ""Lres"": 256, ""approx_ndcg_alpha"": 10.0, ""artifact_class"": ""official"", ""contract_id"": ""CAPD-MIC-1.0"", ""dirty_demotion_nvm_write"": ""none"", ""dram_initial_state"": ""empty"", ""first_touch_accounting"": ""nvm_access"", ""initial_residency"": ""all_trace_pages_in_nvm"", ""lambda_w"": 4.0, ""lru_direction"": ""oldest_is_one"", ""nvm_capacity_pages"": null, ""page_oov"": ""unk"", ""page_state_dim"": 4, ""page_vocab_fit"": ""train_only"", ""pc_oov"": ""unk"", ""pc_vocab_fit"": ""train_only"", ""position_encoding"": ""sinusoidal"", ""run_profile"": ""official"", ""schema_version"": ""capd_finals_v3_0"", ""selector_recall_tie"": ""any_hit"", ""shared_page_embedding"": true, ""stage5_variant_family"": ""sensitivity"", ""stage5_variant_id"": ""sensitivity_H20"", ""tail_policy"": ""drop_incomplete_window"", ""trace_page_backing"": ""all_trace_pages"", ""training_scope"": ""per_workload"", ""validation_guard_accesses"": 256, ""validation_holdout_fraction"": 0.2, ""validation_strategy"": ""independent_valid_trace""}",nvm_access,2bd07f29a639d54db5180b57651842ce95dd3014,0.987465,98.7465,197493,all_trace_pages_in_nvm,2443,2507,3136859,,2491,16,qmap,0,0.0,0,official,COMPLETED,capd_finals_v3_0,9ccfa429e73eabd75763ed9b2aed89b304f0473c8737d01e9fdd04fff9578180,/home/likc/Q-former-for-OS/dataset/jsonl/finals_v3_official/stage5_sensitivity/sensitivity_H20/canneal/selector_params.json,,33ee5f0f77966a23dfad7b07a1b50779a849fe27ed2da0a0d13b1a3adbb74686,"{""test"": ""3a5ecb35b4aec98a8fb470483ce0427d4da21ede1e3af387d9b7d61bccf6138e"", ""train"": ""4a98f01a328d2d86b680fde62818163ceb2403392f59676210ea22989c3b773f"", ""valid"": ""2805d4cf2a4d5d2051a0db3baf6ded3abf7d720f82eae3071f0746f4fcaee142""}","{""family"": ""sensitivity"", ""only_difference"": ""only H changes from 10 to 20"", ""retrain_required"": true, ""source_stage"": ""stage5"", ""test_used_for_selection"": false, ""variant_id"": ""sensitivity_H20""}",3a5ecb35b4aec98a8fb470483ce0427d4da21ede1e3af387d9b7d61bccf6138e,False,200000,all_trace_pages,dataset/processed/finals_v3_official/canneal/test.csv,sensitivity_H20,outputs/results/finals_v3_official/stage5_sensitivity/raw/sensitivity_H20/canneal/seed_3136859.json.variant_manifest.json,227033.0,canneal,canneal
official,2.8882683775252933,8,valid_trace,"{""EndToEndRecall@K"": 1.0, ""NRegret"": 0.0, ""PoolRecall@B"": 1.0, ""SelectorRecall@K"": 1.0, ""TieCoverage@K"": 0.13847586671977324}","{""avg_selector_time_ms"": 0.651608853513084, ""decision_count"": 2778, ""max_B_t"": 64, ""max_K_t"": 8, ""mean_B_t"": 64.0, ""mean_K_t"": 8.0, ""min_B_t"": 64, ""min_K_t"": 8, ""selector_time_seconds"": 1.8101693950593472}",capd_selector_B_to_K,/home/likc/Q-former-for-OS/outputs/checkpoints/finals_v3_official/stage5_sensitivity/sensitivity_H20/streamcluster_pressure/seed_3136859/qmap_best.pth,fa744c4ad72780b9b74fb1425ee725e2d9f9ad4d4cbce506e0d28bf0c22d4567,qmap/qmap_eval.py --config /home/likc/Q-former-for-OS/dataset/jsonl/finals_v3_official/stage5_sensitivity/sensitivity_H20/streamcluster_pressure/resolved_config.json --selector_params /home/likc/Q-former-for-OS/dataset/jsonl/finals_v3_official/stage5_sensitivity/sensitivity_H20/streamcluster_pressure/selector_params.json --policy qmap --checkpoint /home/likc/Q-former-for-OS/outputs/checkpoints/finals_v3_official/stage5_sensitivity/sensitivity_H20/streamcluster_pressure/seed_3136859/qmap_best.pth --json_output /home/likc/Q-former-for-OS/outputs/results/finals_v3_official/stage5_sensitivity/raw/sensitivity_H20/streamcluster_pressure/seed_3136859.json,8604efdd0baf20a14da96b4cbf865e1a81f9e20f26a3b85534cbeea93a764300,CAPD-MIC-1.0,"{""dram_read_cost"": 1.0, ""dram_write_cost"": 1.0, ""migration_cost"": 10.0, ""nvm_read_cost"": 2.0, ""nvm_write_cost"": 8.0}",fd9f3359900bdf868d9e985f967428aa6588c79b6d4944d08864b09cfbc51589,capd_finals_v3_official_data_v1,2b31c00b19945884a09cc6fc8f3d451aad73f0d03b98a350ef540960609ea2c4,2778,,8.023609552765265,none,64,empty,single_seed_sensitivity,"{""B"": 64, ""D"": 64, ""H"": 20, ""Hc"": 256, ""K"": 8, ""L"": 256, ""Lres"": 256, ""approx_ndcg_alpha"": 10.0, ""artifact_class"": ""official"", ""contract_id"": ""CAPD-MIC-1.0"", ""dirty_demotion_nvm_write"": ""none"", ""dram_initial_state"": ""empty"", ""first_touch_accounting"": ""nvm_access"", ""initial_residency"": ""all_trace_pages_in_nvm"", ""lambda_w"": 4.0, ""lru_direction"": ""oldest_is_one"", ""nvm_capacity_pages"": null, ""page_oov"": ""unk"", ""page_state_dim"": 4, ""page_vocab_fit"": ""train_only"", ""pc_oov"": ""unk"", ""pc_vocab_fit"": ""train_only"", ""position_encoding"": ""sinusoidal"", ""run_profile"": ""official"", ""schema_version"": ""capd_finals_v3_0"", ""selector_recall_tie"": ""any_hit"", ""shared_page_embedding"": true, ""stage5_variant_family"": ""sensitivity"", ""stage5_variant_id"": ""sensitivity_H20"", ""tail_policy"": ""drop_incomplete_window"", ""trace_page_backing"": ""all_trace_pages"", ""training_scope"": ""per_workload"", ""validation_guard_accesses"": 256, ""validation_holdout_fraction"": 0.2, ""validation_strategy"": ""independent_valid_trace""}",nvm_access,2bd07f29a639d54db5180b57651842ce95dd3014,0.98579,98.57900000000001,197158,all_trace_pages_in_nvm,2778,2842,3136859,,2841,1,qmap,0,0.0,0,official,COMPLETED,capd_finals_v3_0,f961aa4205fc66a549df8aaaccd46fe04c3699b632a9ee0ee83c36e1f29a41cd,/home/likc/Q-former-for-OS/dataset/jsonl/finals_v3_official/stage5_sensitivity/sensitivity_H20/streamcluster_pressure/selector_params.json,,d12c5e2507c333421709ab37c1d555e50426674e3853c88759c2d44237c70235,"{""test"": ""7620aef325310ef88b78b935ed6818bba5f6c0cfdadf624f1f9aad9570ac62d7"", ""train"": ""a04bbff36eccb0091d933efd69a390c150114d67bc6644f3dbdf0991897f252d"", ""valid"": ""e7d875df6e1247bd71320d4b9e1c3e2a3e029a33dce94ad109d8289342951774""}","{""family"": ""sensitivity"", ""only_difference"": ""only H changes from 10 to 20"", ""retrain_required"": true, ""source_stage"": ""stage5"", ""test_used_for_selection"": false, ""variant_id"": ""sensitivity_H20""}",7620aef325310ef88b78b935ed6818bba5f6c0cfdadf624f1f9aad9570ac62d7,False,200000,all_trace_pages,dataset/processed/finals_v3_official/streamcluster_pressure/test.csv,sensitivity_H20,outputs/results/finals_v3_official/stage5_sensitivity/raw/sensitivity_H20/streamcluster_pressure/seed_3136859.json.variant_manifest.json,230628.0,streamcluster_pressure,streamcluster_pressure
official,2.9648660103276385,8,valid_trace,"{""EndToEndRecall@K"": 1.0, ""NRegret"": 0.0, ""PoolRecall@B"": 1.0, ""SelectorRecall@K"": 1.0, ""TieCoverage@K"": 0.1356329204762791}","{""avg_selector_time_ms"": 0.6887669369175231, ""decision_count"": 3299, ""max_B_t"": 64, ""max_K_t"": 8, ""mean_B_t"": 64.0, ""mean_K_t"": 8.0, ""min_B_t"": 64, ""min_K_t"": 8, ""selector_time_seconds"": 2.2722421248909086}",capd_selector_B_to_K,/home/likc/Q-former-for-OS/outputs/checkpoints/finals_v3_official/stage5_sensitivity/sensitivity_H20/dedup_pressure/seed_3136859/qmap_best.pth,f824362398542f5f451cdee3114bbf25136bb74fa737d02ae4da24f23d00a808,qmap/qmap_eval.py --config /home/likc/Q-former-for-OS/dataset/jsonl/finals_v3_official/stage5_sensitivity/sensitivity_H20/dedup_pressure/resolved_config.json --selector_params /home/likc/Q-former-for-OS/dataset/jsonl/finals_v3_official/stage5_sensitivity/sensitivity_H20/dedup_pressure/selector_params.json --policy qmap --checkpoint /home/likc/Q-former-for-OS/outputs/checkpoints/finals_v3_official/stage5_sensitivity/sensitivity_H20/dedup_pressure/seed_3136859/qmap_best.pth --json_output /home/likc/Q-former-for-OS/outputs/results/finals_v3_official/stage5_sensitivity/raw/sensitivity_H20/dedup_pressure/seed_3136859.json,b307d5fc52b9670e8b1a93a977ef04073b0d6f261298e47bc62a583bdcaf4e7d,CAPD-MIC-1.0,"{""dram_read_cost"": 1.0, ""dram_write_cost"": 1.0, ""migration_cost"": 10.0, ""nvm_read_cost"": 2.0, ""nvm_write_cost"": 8.0}",fd9f3359900bdf868d9e985f967428aa6588c79b6d4944d08864b09cfbc51589,capd_finals_v3_official_data_v1,d42012b4222091383fc3dfd7eb084dfe4c714512f067aaf7620d37dc844f4fa8,3299,,9.78109296807088,none,64,empty,single_seed_sensitivity,"{""B"": 64, ""D"": 64, ""H"": 20, ""Hc"": 256, ""K"": 8, ""L"": 256, ""Lres"": 256, ""approx_ndcg_alpha"": 10.0, ""artifact_class"": ""official"", ""contract_id"": ""CAPD-MIC-1.0"", ""dirty_demotion_nvm_write"": ""none"", ""dram_initial_state"": ""empty"", ""first_touch_accounting"": ""nvm_access"", ""initial_residency"": ""all_trace_pages_in_nvm"", ""lambda_w"": 4.0, ""lru_direction"": ""oldest_is_one"", ""nvm_capacity_pages"": null, ""page_oov"": ""unk"", ""page_state_dim"": 4, ""page_vocab_fit"": ""train_only"", ""pc_oov"": ""unk"", ""pc_vocab_fit"": ""train_only"", ""position_encoding"": ""sinusoidal"", ""run_profile"": ""official"", ""schema_version"": ""capd_finals_v3_0"", ""selector_recall_tie"": ""any_hit"", ""shared_page_embedding"": true, ""stage5_variant_family"": ""sensitivity"", ""stage5_variant_id"": ""sensitivity_H20"", ""tail_policy"": ""drop_incomplete_window"", ""trace_page_backing"": ""all_trace_pages"", ""training_scope"": ""per_workload"", ""validation_guard_accesses"": 256, ""validation_holdout_fraction"": 0.2, ""validation_strategy"": ""independent_valid_trace""}",nvm_access,2bd07f29a639d54db5180b57651842ce95dd3014,0.996637,99.6637,996637,all_trace_pages_in_nvm,3299,3363,3136859,,1821,1542,qmap,0,0.0,0,official,COMPLETED,capd_finals_v3_0,5788c36a2357f51cbacee21056480eeb74729d4676580fc697a1a4ac81311295,/home/likc/Q-former-for-OS/dataset/jsonl/finals_v3_official/stage5_sensitivity/sensitivity_H20/dedup_pressure/selector_params.json,,1c04935e3188eed4d2e7d6217b2e156253448b2967c26905353476190dd8f439,"{""test"": ""02290e3d22516bffdf9025b740c4c955b1021f9255f2a3f795835296b3bd1b3e"", ""train"": ""1c505939b9041ae4c0d3a6cb8fed653a45a42aab74a7b74f7d73f3d333b9f716"", ""valid"": ""19ea50b168cd601e3bb52e24f07102402cc7315b7f30895ff4ee0da1c8a931c8""}","{""family"": ""sensitivity"", ""only_difference"": ""only H changes from 10 to 20"", ""retrain_required"": true, ""source_stage"": ""stage5"", ""test_used_for_selection"": false, ""variant_id"": ""sensitivity_H20""}",02290e3d22516bffdf9025b740c4c955b1021f9255f2a3f795835296b3bd1b3e,False,1000000,all_trace_pages,dataset/processed/finals_v3_official/dedup_pressure/test.csv,sensitivity_H20,outputs/results/finals_v3_official/stage5_sensitivity/raw/sensitivity_H20/dedup_pressure/seed_3136859.json.variant_manifest.json,1045605.0,dedup_pressure,dedup_pressure
official,2.8110246010644393,8,valid_trace,"{""EndToEndRecall@K"": 1.0, ""NRegret"": 0.0, ""PoolRecall@B"": 1.0, ""SelectorRecall@K"": 1.0, ""TieCoverage@K"": 0.16296609613366286}","{""avg_selector_time_ms"": 0.6835491607304974, ""decision_count"": 2602, ""max_B_t"": 64, ""max_K_t"": 8, ""mean_B_t"": 64.0, ""mean_K_t"": 8.0, ""min_B_t"": 64, ""min_K_t"": 8, ""selector_time_seconds"": 1.7785949162207544}",capd_selector_B_to_K,/home/likc/Q-former-for-OS/outputs/checkpoints/finals_v3_official/stage5_sensitivity/sensitivity_Hc64/canneal/seed_3136859/qmap_best.pth,187cff9da46f1ba2b4b5324534a9cea2b0caf147a539b6c6167631e505cb09c2,qmap/qmap_eval.py --config /home/likc/Q-former-for-OS/dataset/jsonl/finals_v3_official/stage5_sensitivity/sensitivity_Hc64/canneal/resolved_config.json --selector_params /home/likc/Q-former-for-OS/dataset/jsonl/finals_v3_official/stage5_sensitivity/sensitivity_Hc64/canneal/selector_params.json --policy qmap --checkpoint /home/likc/Q-former-for-OS/outputs/checkpoints/finals_v3_official/stage5_sensitivity/sensitivity_Hc64/canneal/seed_3136859/qmap_best.pth --json_output /home/likc/Q-former-for-OS/outputs/results/finals_v3_official/stage5_sensitivity/raw/sensitivity_Hc64/canneal/seed_3136859.json,1503cc6ad004d6c59c831eeb098d4e9cf4d416ed7cdaf875fe7c9da475141055,CAPD-MIC-1.0,"{""dram_read_cost"": 1.0, ""dram_write_cost"": 1.0, ""migration_cost"": 10.0, ""nvm_read_cost"": 2.0, ""nvm_write_cost"": 8.0}",fd9f3359900bdf868d9e985f967428aa6588c79b6d4944d08864b09cfbc51589,capd_finals_v3_official_data_v1,5986f7d63d4b81da33feb24a9c6a7d3db51c339d421e1322d4f80b7bc3249bdb,2602,,7.314286011969671,none,64,empty,single_seed_sensitivity,"{""B"": 64, ""D"": 64, ""H"": 10, ""Hc"": 64, ""K"": 8, ""L"": 256, ""Lres"": 256, ""approx_ndcg_alpha"": 10.0, ""artifact_class"": ""official"", ""contract_id"": ""CAPD-MIC-1.0"", ""dirty_demotion_nvm_write"": ""none"", ""dram_initial_state"": ""empty"", ""first_touch_accounting"": ""nvm_access"", ""initial_residency"": ""all_trace_pages_in_nvm"", ""lambda_w"": 4.0, ""lru_direction"": ""oldest_is_one"", ""nvm_capacity_pages"": null, ""page_oov"": ""unk"", ""page_state_dim"": 4, ""page_vocab_fit"": ""train_only"", ""pc_oov"": ""unk"", ""pc_vocab_fit"": ""train_only"", ""position_encoding"": ""sinusoidal"", ""run_profile"": ""official"", ""schema_version"": ""capd_finals_v3_0"", ""selector_recall_tie"": ""any_hit"", ""shared_page_embedding"": true, ""stage5_variant_family"": ""sensitivity"", ""stage5_variant_id"": ""sensitivity_Hc64"", ""tail_policy"": ""drop_incomplete_window"", ""trace_page_backing"": ""all_trace_pages"", ""training_scope"": ""per_workload"", ""validation_guard_accesses"": 256, ""validation_holdout_fraction"": 0.2, ""validation_strategy"": ""independent_valid_trace""}",nvm_access,2bd07f29a639d54db5180b57651842ce95dd3014,0.98667,98.667,197334,all_trace_pages_in_nvm,2602,2666,3136859,,2650,16,qmap,0,0.0,0,official,COMPLETED,capd_finals_v3_0,cfd26d868c687de791955d5b1da19bacc14efb64c077306b48ce80589c94638c,/home/likc/Q-former-for-OS/dataset/jsonl/finals_v3_official/stage5_sensitivity/sensitivity_Hc64/canneal/selector_params.json,,33ee5f0f77966a23dfad7b07a1b50779a849fe27ed2da0a0d13b1a3adbb74686,"{""test"": ""3a5ecb35b4aec98a8fb470483ce0427d4da21ede1e3af387d9b7d61bccf6138e"", ""train"": ""4a98f01a328d2d86b680fde62818163ceb2403392f59676210ea22989c3b773f"", ""valid"": ""2805d4cf2a4d5d2051a0db3baf6ded3abf7d720f82eae3071f0746f4fcaee142""}","{""family"": ""sensitivity"", ""only_difference"": ""only Hc changes from 256 to 64"", ""retrain_required"": true, ""source_stage"": ""stage5"", ""test_used_for_selection"": false, ""variant_id"": ""sensitivity_Hc64""}",3a5ecb35b4aec98a8fb470483ce0427d4da21ede1e3af387d9b7d61bccf6138e,False,200000,all_trace_pages,dataset/processed/finals_v3_official/canneal/test.csv,sensitivity_Hc64,outputs/results/finals_v3_official/stage5_sensitivity/raw/sensitivity_Hc64/canneal/seed_3136859.json.variant_manifest.json,228782.0,canneal,canneal
official,2.6782246793823448,8,valid_trace,"{""EndToEndRecall@K"": 1.0, ""NRegret"": 0.0, ""PoolRecall@B"": 1.0, ""SelectorRecall@K"": 1.0, ""TieCoverage@K"": 0.13847586671977324}","{""avg_selector_time_ms"": 0.6073091305353826, ""decision_count"": 2778, ""max_B_t"": 64, ""max_K_t"": 8, ""mean_B_t"": 64.0, ""mean_K_t"": 8.0, ""min_B_t"": 64, ""min_K_t"": 8, ""selector_time_seconds"": 1.6871047646272928}",capd_selector_B_to_K,/home/likc/Q-former-for-OS/outputs/checkpoints/finals_v3_official/stage5_sensitivity/sensitivity_Hc64/streamcluster_pressure/seed_3136859/qmap_best.pth,4124ab76ff061ba49a0d177d0d9d7b3b290482db762f54fb4c0ec121d9e047ff,qmap/qmap_eval.py --config /home/likc/Q-former-for-OS/dataset/jsonl/finals_v3_official/stage5_sensitivity/sensitivity_Hc64/streamcluster_pressure/resolved_config.json --selector_params /home/likc/Q-former-for-OS/dataset/jsonl/finals_v3_official/stage5_sensitivity/sensitivity_Hc64/streamcluster_pressure/selector_params.json --policy qmap --checkpoint /home/likc/Q-former-for-OS/outputs/checkpoints/finals_v3_official/stage5_sensitivity/sensitivity_Hc64/streamcluster_pressure/seed_3136859/qmap_best.pth --json_output /home/likc/Q-former-for-OS/outputs/results/finals_v3_official/stage5_sensitivity/raw/sensitivity_Hc64/streamcluster_pressure/seed_3136859.json,59df889cbfb85b1bc44ab4de11c49eaf3ba7b016e07007b0a51ef4a959697ba4,CAPD-MIC-1.0,"{""dram_read_cost"": 1.0, ""dram_write_cost"": 1.0, ""migration_cost"": 10.0, ""nvm_read_cost"": 2.0, ""nvm_write_cost"": 8.0}",fd9f3359900bdf868d9e985f967428aa6588c79b6d4944d08864b09cfbc51589,capd_finals_v3_official_data_v1,2b31c00b19945884a09cc6fc8f3d451aad73f0d03b98a350ef540960609ea2c4,2778,,7.440108159324154,none,64,empty,single_seed_sensitivity,"{""B"": 64, ""D"": 64, ""H"": 10, ""Hc"": 64, ""K"": 8, ""L"": 256, ""Lres"": 256, ""approx_ndcg_alpha"": 10.0, ""artifact_class"": ""official"", ""contract_id"": ""CAPD-MIC-1.0"", ""dirty_demotion_nvm_write"": ""none"", ""dram_initial_state"": ""empty"", ""first_touch_accounting"": ""nvm_access"", ""initial_residency"": ""all_trace_pages_in_nvm"", ""lambda_w"": 4.0, ""lru_direction"": ""oldest_is_one"", ""nvm_capacity_pages"": null, ""page_oov"": ""unk"", ""page_state_dim"": 4, ""page_vocab_fit"": ""train_only"", ""pc_oov"": ""unk"", ""pc_vocab_fit"": ""train_only"", ""position_encoding"": ""sinusoidal"", ""run_profile"": ""official"", ""schema_version"": ""capd_finals_v3_0"", ""selector_recall_tie"": ""any_hit"", ""shared_page_embedding"": true, ""stage5_variant_family"": ""sensitivity"", ""stage5_variant_id"": ""sensitivity_Hc64"", ""tail_policy"": ""drop_incomplete_window"", ""trace_page_backing"": ""all_trace_pages"", ""training_scope"": ""per_workload"", ""validation_guard_accesses"": 256, ""validation_holdout_fraction"": 0.2, ""validation_strategy"": ""independent_valid_trace""}",nvm_access,2bd07f29a639d54db5180b57651842ce95dd3014,0.98579,98.57900000000001,197158,all_trace_pages_in_nvm,2778,2842,3136859,,2841,1,qmap,0,0.0,0,official,COMPLETED,capd_finals_v3_0,043af0f58d8ca98137e9ee0a5181c805e09ac1f520b1af9dcaaee4654b38e6b0,/home/likc/Q-former-for-OS/dataset/jsonl/finals_v3_official/stage5_sensitivity/sensitivity_Hc64/streamcluster_pressure/selector_params.json,,d12c5e2507c333421709ab37c1d555e50426674e3853c88759c2d44237c70235,"{""test"": ""7620aef325310ef88b78b935ed6818bba5f6c0cfdadf624f1f9aad9570ac62d7"", ""train"": ""a04bbff36eccb0091d933efd69a390c150114d67bc6644f3dbdf0991897f252d"", ""valid"": ""e7d875df6e1247bd71320d4b9e1c3e2a3e029a33dce94ad109d8289342951774""}","{""family"": ""sensitivity"", ""only_difference"": ""only Hc changes from 256 to 64"", ""retrain_required"": true, ""source_stage"": ""stage5"", ""test_used_for_selection"": false, ""variant_id"": ""sensitivity_Hc64""}",7620aef325310ef88b78b935ed6818bba5f6c0cfdadf624f1f9aad9570ac62d7,False,200000,all_trace_pages,dataset/processed/finals_v3_official/streamcluster_pressure/test.csv,sensitivity_Hc64,outputs/results/finals_v3_official/stage5_sensitivity/raw/sensitivity_Hc64/streamcluster_pressure/seed_3136859.json.variant_manifest.json,230628.0,streamcluster_pressure,streamcluster_pressure
official,2.4387944913635664,8,valid_trace,"{""EndToEndRecall@K"": 1.0, ""NRegret"": 0.0, ""PoolRecall@B"": 1.0, ""SelectorRecall@K"": 1.0, ""TieCoverage@K"": 0.1356329204762791}","{""avg_selector_time_ms"": 0.5077866808190347, ""decision_count"": 3302, ""max_B_t"": 64, ""max_K_t"": 8, ""mean_B_t"": 64.0, ""mean_K_t"": 8.0, ""min_B_t"": 64, ""min_K_t"": 8, ""selector_time_seconds"": 1.6767116200644523}",capd_selector_B_to_K,/home/likc/Q-former-for-OS/outputs/checkpoints/finals_v3_official/stage5_sensitivity/sensitivity_Hc64/dedup_pressure/seed_3136859/qmap_best.pth,ca4ae64c2c65fd811f3c62c2935f918b7f4ab69df04f782928b6774977bedf3a,qmap/qmap_eval.py --config /home/likc/Q-former-for-OS/dataset/jsonl/finals_v3_official/stage5_sensitivity/sensitivity_Hc64/dedup_pressure/resolved_config.json --selector_params /home/likc/Q-former-for-OS/dataset/jsonl/finals_v3_official/stage5_sensitivity/sensitivity_Hc64/dedup_pressure/selector_params.json --policy qmap --checkpoint /home/likc/Q-former-for-OS/outputs/checkpoints/finals_v3_official/stage5_sensitivity/sensitivity_Hc64/dedup_pressure/seed_3136859/qmap_best.pth --json_output /home/likc/Q-former-for-OS/outputs/results/finals_v3_official/stage5_sensitivity/raw/sensitivity_Hc64/dedup_pressure/seed_3136859.json,4104cd6460c58258dd43a90ea5e1f74bd14f17aff963d9a8da040b24b8b50ac2,CAPD-MIC-1.0,"{""dram_read_cost"": 1.0, ""dram_write_cost"": 1.0, ""migration_cost"": 10.0, ""nvm_read_cost"": 2.0, ""nvm_write_cost"": 8.0}",fd9f3359900bdf868d9e985f967428aa6588c79b6d4944d08864b09cfbc51589,capd_finals_v3_official_data_v1,d42012b4222091383fc3dfd7eb084dfe4c714512f067aaf7620d37dc844f4fa8,3302,,8.052899410482496,none,64,empty,single_seed_sensitivity,"{""B"": 64, ""D"": 64, ""H"": 10, ""Hc"": 64, ""K"": 8, ""L"": 256, ""Lres"": 256, ""approx_ndcg_alpha"": 10.0, ""artifact_class"": ""official"", ""contract_id"": ""CAPD-MIC-1.0"", ""dirty_demotion_nvm_write"": ""none"", ""dram_initial_state"": ""empty"", ""first_touch_accounting"": ""nvm_access"", ""initial_residency"": ""all_trace_pages_in_nvm"", ""lambda_w"": 4.0, ""lru_direction"": ""oldest_is_one"", ""nvm_capacity_pages"": null, ""page_oov"": ""unk"", ""page_state_dim"": 4, ""page_vocab_fit"": ""train_only"", ""pc_oov"": ""unk"", ""pc_vocab_fit"": ""train_only"", ""position_encoding"": ""sinusoidal"", ""run_profile"": ""official"", ""schema_version"": ""capd_finals_v3_0"", ""selector_recall_tie"": ""any_hit"", ""shared_page_embedding"": true, ""stage5_variant_family"": ""sensitivity"", ""stage5_variant_id"": ""sensitivity_Hc64"", ""tail_policy"": ""drop_incomplete_window"", ""trace_page_backing"": ""all_trace_pages"", ""training_scope"": ""per_workload"", ""validation_guard_accesses"": 256, ""validation_holdout_fraction"": 0.2, ""validation_strategy"": ""independent_valid_trace""}",nvm_access,2bd07f29a639d54db5180b57651842ce95dd3014,0.996634,99.6634,996634,all_trace_pages_in_nvm,3302,3366,3136859,,1825,1541,qmap,0,0.0,0,official,COMPLETED,capd_finals_v3_0,08349208396ee426ba7d7ca8d3b9f6161dd3da9f1696e82b06b8bcc9fbe8ce51,/home/likc/Q-former-for-OS/dataset/jsonl/finals_v3_official/stage5_sensitivity/sensitivity_Hc64/dedup_pressure/selector_params.json,,1c04935e3188eed4d2e7d6217b2e156253448b2967c26905353476190dd8f439,"{""test"": ""02290e3d22516bffdf9025b740c4c955b1021f9255f2a3f795835296b3bd1b3e"", ""train"": ""1c505939b9041ae4c0d3a6cb8fed653a45a42aab74a7b74f7d73f3d333b9f716"", ""valid"": ""19ea50b168cd601e3bb52e24f07102402cc7315b7f30895ff4ee0da1c8a931c8""}","{""family"": ""sensitivity"", ""only_difference"": ""only Hc changes from 256 to 64"", ""retrain_required"": true, ""source_stage"": ""stage5"", ""test_used_for_selection"": false, ""variant_id"": ""sensitivity_Hc64""}",02290e3d22516bffdf9025b740c4c955b1021f9255f2a3f795835296b3bd1b3e,False,1000000,all_trace_pages,dataset/processed/finals_v3_official/dedup_pressure/test.csv,sensitivity_Hc64,outputs/results/finals_v3_official/stage5_sensitivity/raw/sensitivity_Hc64/dedup_pressure/seed_3136859.json.variant_manifest.json,1045632.0,dedup_pressure,dedup_pressure
official,2.358394707349071,8,valid_trace,"{""EndToEndRecall@K"": 1.0, ""NRegret"": 0.0, ""PoolRecall@B"": 1.0, ""SelectorRecall@K"": 1.0, ""TieCoverage@K"": 0.16296609613366286}","{""avg_selector_time_ms"": 0.5192775573677382, ""decision_count"": 2602, ""max_B_t"": 64, ""max_K_t"": 8, ""mean_B_t"": 64.0, ""mean_K_t"": 8.0, ""min_B_t"": 64, ""min_K_t"": 8, ""selector_time_seconds"": 1.3511602042708546}",capd_selector_B_to_K,/home/likc/Q-former-for-OS/outputs/checkpoints/finals_v3_official/stage5_sensitivity/sensitivity_Hc128/canneal/seed_3136859/qmap_best.pth,944b65e62a5f29c48f8ce59ed930756102460d91f3fec3a70dc2ffee56ee40b9,qmap/qmap_eval.py --config /home/likc/Q-former-for-OS/dataset/jsonl/finals_v3_official/stage5_sensitivity/sensitivity_Hc128/canneal/resolved_config.json --selector_params /home/likc/Q-former-for-OS/dataset/jsonl/finals_v3_official/stage5_sensitivity/sensitivity_Hc128/canneal/selector_params.json --policy qmap --checkpoint /home/likc/Q-former-for-OS/outputs/checkpoints/finals_v3_official/stage5_sensitivity/sensitivity_Hc128/canneal/seed_3136859/qmap_best.pth --json_output /home/likc/Q-former-for-OS/outputs/results/finals_v3_official/stage5_sensitivity/raw/sensitivity_Hc128/canneal/seed_3136859.json,49b59aad2bc7a37fda0fb8b54625f580dcfea9d345d2ac8449ba455ba2ba2284,CAPD-MIC-1.0,"{""dram_read_cost"": 1.0, ""dram_write_cost"": 1.0, ""migration_cost"": 10.0, ""nvm_read_cost"": 2.0, ""nvm_write_cost"": 8.0}",fd9f3359900bdf868d9e985f967428aa6588c79b6d4944d08864b09cfbc51589,capd_finals_v3_official_data_v1,5986f7d63d4b81da33feb24a9c6a7d3db51c339d421e1322d4f80b7bc3249bdb,2602,,6.136543028522283,none,64,empty,single_seed_sensitivity,"{""B"": 64, ""D"": 64, ""H"": 10, ""Hc"": 128, ""K"": 8, ""L"": 256, ""Lres"": 256, ""approx_ndcg_alpha"": 10.0, ""artifact_class"": ""official"", ""contract_id"": ""CAPD-MIC-1.0"", ""dirty_demotion_nvm_write"": ""none"", ""dram_initial_state"": ""empty"", ""first_touch_accounting"": ""nvm_access"", ""initial_residency"": ""all_trace_pages_in_nvm"", ""lambda_w"": 4.0, ""lru_direction"": ""oldest_is_one"", ""nvm_capacity_pages"": null, ""page_oov"": ""unk"", ""page_state_dim"": 4, ""page_vocab_fit"": ""train_only"", ""pc_oov"": ""unk"", ""pc_vocab_fit"": ""train_only"", ""position_encoding"": ""sinusoidal"", ""run_profile"": ""official"", ""schema_version"": ""capd_finals_v3_0"", ""selector_recall_tie"": ""any_hit"", ""shared_page_embedding"": true, ""stage5_variant_family"": ""sensitivity"", ""stage5_variant_id"": ""sensitivity_Hc128"", ""tail_policy"": ""drop_incomplete_window"", ""trace_page_backing"": ""all_trace_pages"", ""training_scope"": ""per_workload"", ""validation_guard_accesses"": 256, ""validation_holdout_fraction"": 0.2, ""validation_strategy"": ""independent_valid_trace""}",nvm_access,2bd07f29a639d54db5180b57651842ce95dd3014,0.98667,98.667,197334,all_trace_pages_in_nvm,2602,2666,3136859,,2650,16,qmap,0,0.0,0,official,COMPLETED,capd_finals_v3_0,3e16b575a9e50473113eb48d21b3058e9ace25be8bddde1f340025c9c77ee8b9,/home/likc/Q-former-for-OS/dataset/jsonl/finals_v3_official/stage5_sensitivity/sensitivity_Hc128/canneal/selector_params.json,,33ee5f0f77966a23dfad7b07a1b50779a849fe27ed2da0a0d13b1a3adbb74686,"{""test"": ""3a5ecb35b4aec98a8fb470483ce0427d4da21ede1e3af387d9b7d61bccf6138e"", ""train"": ""4a98f01a328d2d86b680fde62818163ceb2403392f59676210ea22989c3b773f"", ""valid"": ""2805d4cf2a4d5d2051a0db3baf6ded3abf7d720f82eae3071f0746f4fcaee142""}","{""family"": ""sensitivity"", ""only_difference"": ""only Hc changes from 256 to 128"", ""retrain_required"": true, ""source_stage"": ""stage5"", ""test_used_for_selection"": false, ""variant_id"": ""sensitivity_Hc128""}",3a5ecb35b4aec98a8fb470483ce0427d4da21ede1e3af387d9b7d61bccf6138e,False,200000,all_trace_pages,dataset/processed/finals_v3_official/canneal/test.csv,sensitivity_Hc128,outputs/results/finals_v3_official/stage5_sensitivity/raw/sensitivity_Hc128/canneal/seed_3136859.json.variant_manifest.json,228782.0,canneal,canneal
official,2.293991213017381,8,valid_trace,"{""EndToEndRecall@K"": 1.0, ""NRegret"": 0.0, ""PoolRecall@B"": 1.0, ""SelectorRecall@K"": 1.0, ""TieCoverage@K"": 0.13847586671977324}","{""avg_selector_time_ms"": 0.5018218107658315, ""decision_count"": 2778, ""max_B_t"": 64, ""max_K_t"": 8, ""mean_B_t"": 64.0, ""mean_K_t"": 8.0, ""min_B_t"": 64, ""min_K_t"": 8, ""selector_time_seconds"": 1.39406099030748}",capd_selector_B_to_K,/home/likc/Q-former-for-OS/outputs/checkpoints/finals_v3_official/stage5_sensitivity/sensitivity_Hc128/streamcluster_pressure/seed_3136859/qmap_best.pth,2b0312301a0a053504ac40e9538bd405b3161733052d42f7f9637f2d57c81fc6,qmap/qmap_eval.py --config /home/likc/Q-former-for-OS/dataset/jsonl/finals_v3_official/stage5_sensitivity/sensitivity_Hc128/streamcluster_pressure/resolved_config.json --selector_params /home/likc/Q-former-for-OS/dataset/jsonl/finals_v3_official/stage5_sensitivity/sensitivity_Hc128/streamcluster_pressure/selector_params.json --policy qmap --checkpoint /home/likc/Q-former-for-OS/outputs/checkpoints/finals_v3_official/stage5_sensitivity/sensitivity_Hc128/streamcluster_pressure/seed_3136859/qmap_best.pth --json_output /home/likc/Q-former-for-OS/outputs/results/finals_v3_official/stage5_sensitivity/raw/sensitivity_Hc128/streamcluster_pressure/seed_3136859.json,4da2e9a3b0af897714c4f95326b4a19e6900a1920809599c1dc92b80fb745750,CAPD-MIC-1.0,"{""dram_read_cost"": 1.0, ""dram_write_cost"": 1.0, ""migration_cost"": 10.0, ""nvm_read_cost"": 2.0, ""nvm_write_cost"": 8.0}",fd9f3359900bdf868d9e985f967428aa6588c79b6d4944d08864b09cfbc51589,capd_finals_v3_official_data_v1,2b31c00b19945884a09cc6fc8f3d451aad73f0d03b98a350ef540960609ea2c4,2778,,6.372707589762285,none,64,empty,single_seed_sensitivity,"{""B"": 64, ""D"": 64, ""H"": 10, ""Hc"": 128, ""K"": 8, ""L"": 256, ""Lres"": 256, ""approx_ndcg_alpha"": 10.0, ""artifact_class"": ""official"", ""contract_id"": ""CAPD-MIC-1.0"", ""dirty_demotion_nvm_write"": ""none"", ""dram_initial_state"": ""empty"", ""first_touch_accounting"": ""nvm_access"", ""initial_residency"": ""all_trace_pages_in_nvm"", ""lambda_w"": 4.0, ""lru_direction"": ""oldest_is_one"", ""nvm_capacity_pages"": null, ""page_oov"": ""unk"", ""page_state_dim"": 4, ""page_vocab_fit"": ""train_only"", ""pc_oov"": ""unk"", ""pc_vocab_fit"": ""train_only"", ""position_encoding"": ""sinusoidal"", ""run_profile"": ""official"", ""schema_version"": ""capd_finals_v3_0"", ""selector_recall_tie"": ""any_hit"", ""shared_page_embedding"": true, ""stage5_variant_family"": ""sensitivity"", ""stage5_variant_id"": ""sensitivity_Hc128"", ""tail_policy"": ""drop_incomplete_window"", ""trace_page_backing"": ""all_trace_pages"", ""training_scope"": ""per_workload"", ""validation_guard_accesses"": 256, ""validation_holdout_fraction"": 0.2, ""validation_strategy"": ""independent_valid_trace""}",nvm_access,2bd07f29a639d54db5180b57651842ce95dd3014,0.98579,98.57900000000001,197158,all_trace_pages_in_nvm,2778,2842,3136859,,2841,1,qmap,0,0.0,0,official,COMPLETED,capd_finals_v3_0,58e375bf374a4bea79c521a968460f15aef94b7e57032485e90a4382afdd7e01,/home/likc/Q-former-for-OS/dataset/jsonl/finals_v3_official/stage5_sensitivity/sensitivity_Hc128/streamcluster_pressure/selector_params.json,,d12c5e2507c333421709ab37c1d555e50426674e3853c88759c2d44237c70235,"{""test"": ""7620aef325310ef88b78b935ed6818bba5f6c0cfdadf624f1f9aad9570ac62d7"", ""train"": ""a04bbff36eccb0091d933efd69a390c150114d67bc6644f3dbdf0991897f252d"", ""valid"": ""e7d875df6e1247bd71320d4b9e1c3e2a3e029a33dce94ad109d8289342951774""}","{""family"": ""sensitivity"", ""only_difference"": ""only Hc changes from 256 to 128"", ""retrain_required"": true, ""source_stage"": ""stage5"", ""test_used_for_selection"": false, ""variant_id"": ""sensitivity_Hc128""}",7620aef325310ef88b78b935ed6818bba5f6c0cfdadf624f1f9aad9570ac62d7,False,200000,all_trace_pages,dataset/processed/finals_v3_official/streamcluster_pressure/test.csv,sensitivity_Hc128,outputs/results/finals_v3_official/stage5_sensitivity/raw/sensitivity_Hc128/streamcluster_pressure/seed_3136859.json.variant_manifest.json,230628.0,streamcluster_pressure,streamcluster_pressure
official,3.2386991047549465,8,valid_trace,"{""EndToEndRecall@K"": 1.0, ""NRegret"": 0.0, ""PoolRecall@B"": 1.0, ""SelectorRecall@K"": 1.0, ""TieCoverage@K"": 0.1356329204762791}","{""avg_selector_time_ms"": 0.785934136688524, ""decision_count"": 3298, ""max_B_t"": 64, ""max_K_t"": 8, ""mean_B_t"": 64.0, ""mean_K_t"": 8.0, ""min_B_t"": 64, ""min_K_t"": 8, ""selector_time_seconds"": 2.592010782798752}",capd_selector_B_to_K,/home/likc/Q-former-for-OS/outputs/checkpoints/finals_v3_official/stage5_sensitivity/sensitivity_Hc128/dedup_pressure/seed_3136859/qmap_best.pth,85fb793b9910a8cef3efbb18afa0a1c96b517902e991c4283225107d449806c1,qmap/qmap_eval.py --config /home/likc/Q-former-for-OS/dataset/jsonl/finals_v3_official/stage5_sensitivity/sensitivity_Hc128/dedup_pressure/resolved_config.json --selector_params /home/likc/Q-former-for-OS/dataset/jsonl/finals_v3_official/stage5_sensitivity/sensitivity_Hc128/dedup_pressure/selector_params.json --policy qmap --checkpoint /home/likc/Q-former-for-OS/outputs/checkpoints/finals_v3_official/stage5_sensitivity/sensitivity_Hc128/dedup_pressure/seed_3136859/qmap_best.pth --json_output /home/likc/Q-former-for-OS/outputs/results/finals_v3_official/stage5_sensitivity/raw/sensitivity_Hc128/dedup_pressure/seed_3136859.json,ab7b3aee79537e9644e9d545dc5076c04d47d0558ad843882feee95e091f0063,CAPD-MIC-1.0,"{""dram_read_cost"": 1.0, ""dram_write_cost"": 1.0, ""migration_cost"": 10.0, ""nvm_read_cost"": 2.0, ""nvm_write_cost"": 8.0}",fd9f3359900bdf868d9e985f967428aa6588c79b6d4944d08864b09cfbc51589,capd_finals_v3_official_data_v1,d42012b4222091383fc3dfd7eb084dfe4c714512f067aaf7620d37dc844f4fa8,3298,,10.681229647481814,none,64,empty,single_seed_sensitivity,"{""B"": 64, ""D"": 64, ""H"": 10, ""Hc"": 128, ""K"": 8, ""L"": 256, ""Lres"": 256, ""approx_ndcg_alpha"": 10.0, ""artifact_class"": ""official"", ""contract_id"": ""CAPD-MIC-1.0"", ""dirty_demotion_nvm_write"": ""none"", ""dram_initial_state"": ""empty"", ""first_touch_accounting"": ""nvm_access"", ""initial_residency"": ""all_trace_pages_in_nvm"", ""lambda_w"": 4.0, ""lru_direction"": ""oldest_is_one"", ""nvm_capacity_pages"": null, ""page_oov"": ""unk"", ""page_state_dim"": 4, ""page_vocab_fit"": ""train_only"", ""pc_oov"": ""unk"", ""pc_vocab_fit"": ""train_only"", ""position_encoding"": ""sinusoidal"", ""run_profile"": ""official"", ""schema_version"": ""capd_finals_v3_0"", ""selector_recall_tie"": ""any_hit"", ""shared_page_embedding"": true, ""stage5_variant_family"": ""sensitivity"", ""stage5_variant_id"": ""sensitivity_Hc128"", ""tail_policy"": ""drop_incomplete_window"", ""trace_page_backing"": ""all_trace_pages"", ""training_scope"": ""per_workload"", ""validation_guard_accesses"": 256, ""validation_holdout_fraction"": 0.2, ""validation_strategy"": ""independent_valid_trace""}",nvm_access,2bd07f29a639d54db5180b57651842ce95dd3014,0.996638,99.66380000000001,996638,all_trace_pages_in_nvm,3298,3362,3136859,,1821,1541,qmap,0,0.0,0,official,COMPLETED,capd_finals_v3_0,a4d5ad61eb5ac3d8c4a5b1403e3db606376ad35d929dfe657c9f57eb67682464,/home/likc/Q-former-for-OS/dataset/jsonl/finals_v3_official/stage5_sensitivity/sensitivity_Hc128/dedup_pressure/selector_params.json,,1c04935e3188eed4d2e7d6217b2e156253448b2967c26905353476190dd8f439,"{""test"": ""02290e3d22516bffdf9025b740c4c955b1021f9255f2a3f795835296b3bd1b3e"", ""train"": ""1c505939b9041ae4c0d3a6cb8fed653a45a42aab74a7b74f7d73f3d333b9f716"", ""valid"": ""19ea50b168cd601e3bb52e24f07102402cc7315b7f30895ff4ee0da1c8a931c8""}","{""family"": ""sensitivity"", ""only_difference"": ""only Hc changes from 256 to 128"", ""retrain_required"": true, ""source_stage"": ""stage5"", ""test_used_for_selection"": false, ""variant_id"": ""sensitivity_Hc128""}",02290e3d22516bffdf9025b740c4c955b1021f9255f2a3f795835296b3bd1b3e,False,1000000,all_trace_pages,dataset/processed/finals_v3_official/dedup_pressure/test.csv,sensitivity_Hc128,outputs/results/finals_v3_official/stage5_sensitivity/raw/sensitivity_Hc128/dedup_pressure/seed_3136859.json.variant_manifest.json,1045588.0,dedup_pressure,dedup_pressure
official,3.332746248912125,8,valid_trace,"{""EndToEndRecall@K"": 1.0, ""NRegret"": 0.0, ""PoolRecall@B"": 1.0, ""SelectorRecall@K"": 1.0, ""TieCoverage@K"": 0.16296609613366286}","{""avg_selector_time_ms"": 0.8621402458108386, ""decision_count"": 2601, ""max_B_t"": 64, ""max_K_t"": 8, ""mean_B_t"": 64.0, ""mean_K_t"": 8.0, ""min_B_t"": 64, ""min_K_t"": 8, ""selector_time_seconds"": 2.242426779353991}",capd_selector_B_to_K,/home/likc/Q-former-for-OS/outputs/checkpoints/finals_v3_official/stage5_sensitivity/sensitivity_Hc512/canneal/seed_3136859/qmap_best.pth,ac2972f5da7e9fe11dc2694e877a63c60e24804942714576a716ee3103690e20,qmap/qmap_eval.py --config /home/likc/Q-former-for-OS/dataset/jsonl/finals_v3_official/stage5_sensitivity/sensitivity_Hc512/canneal/resolved_config.json --selector_params /home/likc/Q-former-for-OS/dataset/jsonl/finals_v3_official/stage5_sensitivity/sensitivity_Hc512/canneal/selector_params.json --policy qmap --checkpoint /home/likc/Q-former-for-OS/outputs/checkpoints/finals_v3_official/stage5_sensitivity/sensitivity_Hc512/canneal/seed_3136859/qmap_best.pth --json_output /home/likc/Q-former-for-OS/outputs/results/finals_v3_official/stage5_sensitivity/raw/sensitivity_Hc512/canneal/seed_3136859.json,63f1d3fd521c06f1fea3df36cf0d7a563cc7a03f01ab84f3cd7b9867bf5d9675,CAPD-MIC-1.0,"{""dram_read_cost"": 1.0, ""dram_write_cost"": 1.0, ""migration_cost"": 10.0, ""nvm_read_cost"": 2.0, ""nvm_write_cost"": 8.0}",fd9f3359900bdf868d9e985f967428aa6588c79b6d4944d08864b09cfbc51589,capd_finals_v3_official_data_v1,5986f7d63d4b81da33feb24a9c6a7d3db51c339d421e1322d4f80b7bc3249bdb,2601,,8.668472993420437,none,64,empty,single_seed_sensitivity,"{""B"": 64, ""D"": 64, ""H"": 10, ""Hc"": 512, ""K"": 8, ""L"": 256, ""Lres"": 256, ""approx_ndcg_alpha"": 10.0, ""artifact_class"": ""official"", ""contract_id"": ""CAPD-MIC-1.0"", ""dirty_demotion_nvm_write"": ""none"", ""dram_initial_state"": ""empty"", ""first_touch_accounting"": ""nvm_access"", ""initial_residency"": ""all_trace_pages_in_nvm"", ""lambda_w"": 4.0, ""lru_direction"": ""oldest_is_one"", ""nvm_capacity_pages"": null, ""page_oov"": ""unk"", ""page_state_dim"": 4, ""page_vocab_fit"": ""train_only"", ""pc_oov"": ""unk"", ""pc_vocab_fit"": ""train_only"", ""position_encoding"": ""sinusoidal"", ""run_profile"": ""official"", ""schema_version"": ""capd_finals_v3_0"", ""selector_recall_tie"": ""any_hit"", ""shared_page_embedding"": true, ""stage5_variant_family"": ""sensitivity"", ""stage5_variant_id"": ""sensitivity_Hc512"", ""tail_policy"": ""drop_incomplete_window"", ""trace_page_backing"": ""all_trace_pages"", ""training_scope"": ""per_workload"", ""validation_guard_accesses"": 256, ""validation_holdout_fraction"": 0.2, ""validation_strategy"": ""independent_valid_trace""}",nvm_access,2bd07f29a639d54db5180b57651842ce95dd3014,0.986675,98.66749999999999,197335,all_trace_pages_in_nvm,2601,2665,3136859,,2649,16,qmap,0,0.0,0,official,COMPLETED,capd_finals_v3_0,b8aafcca6764252a0a148b4529a41b7e710e279cb97538f9c899ea90b16fcc56,/home/likc/Q-former-for-OS/dataset/jsonl/finals_v3_official/stage5_sensitivity/sensitivity_Hc512/canneal/selector_params.json,,33ee5f0f77966a23dfad7b07a1b50779a849fe27ed2da0a0d13b1a3adbb74686,"{""test"": ""3a5ecb35b4aec98a8fb470483ce0427d4da21ede1e3af387d9b7d61bccf6138e"", ""train"": ""4a98f01a328d2d86b680fde62818163ceb2403392f59676210ea22989c3b773f"", ""valid"": ""2805d4cf2a4d5d2051a0db3baf6ded3abf7d720f82eae3071f0746f4fcaee142""}","{""family"": ""sensitivity"", ""only_difference"": ""only Hc changes from 256 to 512"", ""retrain_required"": true, ""source_stage"": ""stage5"", ""test_used_for_selection"": false, ""variant_id"": ""sensitivity_Hc512""}",3a5ecb35b4aec98a8fb470483ce0427d4da21ede1e3af387d9b7d61bccf6138e,False,200000,all_trace_pages,dataset/processed/finals_v3_official/canneal/test.csv,sensitivity_Hc512,outputs/results/finals_v3_official/stage5_sensitivity/raw/sensitivity_Hc512/canneal/seed_3136859.json.variant_manifest.json,228771.0,canneal,canneal
official,3.3972777083115164,8,valid_trace,"{""EndToEndRecall@K"": 1.0, ""NRegret"": 0.0, ""PoolRecall@B"": 1.0, ""SelectorRecall@K"": 1.0, ""TieCoverage@K"": 0.13847586671977324}","{""avg_selector_time_ms"": 0.8884091086952516, ""decision_count"": 2778, ""max_B_t"": 64, ""max_K_t"": 8, ""mean_B_t"": 64.0, ""mean_K_t"": 8.0, ""min_B_t"": 64, ""min_K_t"": 8, ""selector_time_seconds"": 2.468000503955409}",capd_selector_B_to_K,/home/likc/Q-former-for-OS/outputs/checkpoints/finals_v3_official/stage5_sensitivity/sensitivity_Hc512/streamcluster_pressure/seed_3136859/qmap_best.pth,e56cbc998fc0a8f15990b351439d8d1b9ed78b4c45b425d0c1ffdd691f8739f2,qmap/qmap_eval.py --config /home/likc/Q-former-for-OS/dataset/jsonl/finals_v3_official/stage5_sensitivity/sensitivity_Hc512/streamcluster_pressure/resolved_config.json --selector_params /home/likc/Q-former-for-OS/dataset/jsonl/finals_v3_official/stage5_sensitivity/sensitivity_Hc512/streamcluster_pressure/selector_params.json --policy qmap --checkpoint /home/likc/Q-former-for-OS/outputs/checkpoints/finals_v3_official/stage5_sensitivity/sensitivity_Hc512/streamcluster_pressure/seed_3136859/qmap_best.pth --json_output /home/likc/Q-former-for-OS/outputs/results/finals_v3_official/stage5_sensitivity/raw/sensitivity_Hc512/streamcluster_pressure/seed_3136859.json,356bcafc08aba8127976f4ac6a2566998b8aafe7f24a309efcaee599dd85ce71,CAPD-MIC-1.0,"{""dram_read_cost"": 1.0, ""dram_write_cost"": 1.0, ""migration_cost"": 10.0, ""nvm_read_cost"": 2.0, ""nvm_write_cost"": 8.0}",fd9f3359900bdf868d9e985f967428aa6588c79b6d4944d08864b09cfbc51589,capd_finals_v3_official_data_v1,2b31c00b19945884a09cc6fc8f3d451aad73f0d03b98a350ef540960609ea2c4,2778,,9.437637473689392,none,64,empty,single_seed_sensitivity,"{""B"": 64, ""D"": 64, ""H"": 10, ""Hc"": 512, ""K"": 8, ""L"": 256, ""Lres"": 256, ""approx_ndcg_alpha"": 10.0, ""artifact_class"": ""official"", ""contract_id"": ""CAPD-MIC-1.0"", ""dirty_demotion_nvm_write"": ""none"", ""dram_initial_state"": ""empty"", ""first_touch_accounting"": ""nvm_access"", ""initial_residency"": ""all_trace_pages_in_nvm"", ""lambda_w"": 4.0, ""lru_direction"": ""oldest_is_one"", ""nvm_capacity_pages"": null, ""page_oov"": ""unk"", ""page_state_dim"": 4, ""page_vocab_fit"": ""train_only"", ""pc_oov"": ""unk"", ""pc_vocab_fit"": ""train_only"", ""position_encoding"": ""sinusoidal"", ""run_profile"": ""official"", ""schema_version"": ""capd_finals_v3_0"", ""selector_recall_tie"": ""any_hit"", ""shared_page_embedding"": true, ""stage5_variant_family"": ""sensitivity"", ""stage5_variant_id"": ""sensitivity_Hc512"", ""tail_policy"": ""drop_incomplete_window"", ""trace_page_backing"": ""all_trace_pages"", ""training_scope"": ""per_workload"", ""validation_guard_accesses"": 256, ""validation_holdout_fraction"": 0.2, ""validation_strategy"": ""independent_valid_trace""}",nvm_access,2bd07f29a639d54db5180b57651842ce95dd3014,0.98579,98.57900000000001,197158,all_trace_pages_in_nvm,2778,2842,3136859,,2841,1,qmap,0,0.0,0,official,COMPLETED,capd_finals_v3_0,527e3c885b156185fd672462c08636152fcc36f2d6436e305c8e37a1578216dc,/home/likc/Q-former-for-OS/dataset/jsonl/finals_v3_official/stage5_sensitivity/sensitivity_Hc512/streamcluster_pressure/selector_params.json,,d12c5e2507c333421709ab37c1d555e50426674e3853c88759c2d44237c70235,"{""test"": ""7620aef325310ef88b78b935ed6818bba5f6c0cfdadf624f1f9aad9570ac62d7"", ""train"": ""a04bbff36eccb0091d933efd69a390c150114d67bc6644f3dbdf0991897f252d"", ""valid"": ""e7d875df6e1247bd71320d4b9e1c3e2a3e029a33dce94ad109d8289342951774""}","{""family"": ""sensitivity"", ""only_difference"": ""only Hc changes from 256 to 512"", ""retrain_required"": true, ""source_stage"": ""stage5"", ""test_used_for_selection"": false, ""variant_id"": ""sensitivity_Hc512""}",7620aef325310ef88b78b935ed6818bba5f6c0cfdadf624f1f9aad9570ac62d7,False,200000,all_trace_pages,dataset/processed/finals_v3_official/streamcluster_pressure/test.csv,sensitivity_Hc512,outputs/results/finals_v3_official/stage5_sensitivity/raw/sensitivity_Hc512/streamcluster_pressure/seed_3136859.json.variant_manifest.json,230628.0,streamcluster_pressure,streamcluster_pressure
official,3.3889028625319786,8,valid_trace,"{""EndToEndRecall@K"": 1.0, ""NRegret"": 0.0, ""PoolRecall@B"": 1.0, ""SelectorRecall@K"": 1.0, ""TieCoverage@K"": 0.1356329204762791}","{""avg_selector_time_ms"": 0.8120177106991708, ""decision_count"": 3296, ""max_B_t"": 64, ""max_K_t"": 8, ""mean_B_t"": 64.0, ""mean_K_t"": 8.0, ""min_B_t"": 64, ""min_K_t"": 8, ""selector_time_seconds"": 2.676410374464467}",capd_selector_B_to_K,/home/likc/Q-former-for-OS/outputs/checkpoints/finals_v3_official/stage5_sensitivity/sensitivity_Hc512/dedup_pressure/seed_3136859/qmap_best.pth,ac0bb855b73a05ed8cf8cc0616f095bbb12117f46fef35ea0be9f02fbd6df7a7,qmap/qmap_eval.py --config /home/likc/Q-former-for-OS/dataset/jsonl/finals_v3_official/stage5_sensitivity/sensitivity_Hc512/dedup_pressure/resolved_config.json --selector_params /home/likc/Q-former-for-OS/dataset/jsonl/finals_v3_official/stage5_sensitivity/sensitivity_Hc512/dedup_pressure/selector_params.json --policy qmap --checkpoint /home/likc/Q-former-for-OS/outputs/checkpoints/finals_v3_official/stage5_sensitivity/sensitivity_Hc512/dedup_pressure/seed_3136859/qmap_best.pth --json_output /home/likc/Q-former-for-OS/outputs/results/finals_v3_official/stage5_sensitivity/raw/sensitivity_Hc512/dedup_pressure/seed_3136859.json,0735f2749b2179ab9ecef696e40ec544bfc60a5b967e68e02185a8dafe731a97,CAPD-MIC-1.0,"{""dram_read_cost"": 1.0, ""dram_write_cost"": 1.0, ""migration_cost"": 10.0, ""nvm_read_cost"": 2.0, ""nvm_write_cost"": 8.0}",fd9f3359900bdf868d9e985f967428aa6588c79b6d4944d08864b09cfbc51589,capd_finals_v3_official_data_v1,d42012b4222091383fc3dfd7eb084dfe4c714512f067aaf7620d37dc844f4fa8,3296,,11.1698238349054,none,64,empty,single_seed_sensitivity,"{""B"": 64, ""D"": 64, ""H"": 10, ""Hc"": 512, ""K"": 8, ""L"": 256, ""Lres"": 256, ""approx_ndcg_alpha"": 10.0, ""artifact_class"": ""official"", ""contract_id"": ""CAPD-MIC-1.0"", ""dirty_demotion_nvm_write"": ""none"", ""dram_initial_state"": ""empty"", ""first_touch_accounting"": ""nvm_access"", ""initial_residency"": ""all_trace_pages_in_nvm"", ""lambda_w"": 4.0, ""lru_direction"": ""oldest_is_one"", ""nvm_capacity_pages"": null, ""page_oov"": ""unk"", ""page_state_dim"": 4, ""page_vocab_fit"": ""train_only"", ""pc_oov"": ""unk"", ""pc_vocab_fit"": ""train_only"", ""position_encoding"": ""sinusoidal"", ""run_profile"": ""official"", ""schema_version"": ""capd_finals_v3_0"", ""selector_recall_tie"": ""any_hit"", ""shared_page_embedding"": true, ""stage5_variant_family"": ""sensitivity"", ""stage5_variant_id"": ""sensitivity_Hc512"", ""tail_policy"": ""drop_incomplete_window"", ""trace_page_backing"": ""all_trace_pages"", ""training_scope"": ""per_workload"", ""validation_guard_accesses"": 256, ""validation_holdout_fraction"": 0.2, ""validation_strategy"": ""independent_valid_trace""}",nvm_access,2bd07f29a639d54db5180b57651842ce95dd3014,0.99664,99.664,996640,all_trace_pages_in_nvm,3296,3360,3136859,,1819,1541,qmap,0,0.0,0,official,COMPLETED,capd_finals_v3_0,bdb8118721f2f0c98e9d9f683ffbb12a1b10438dbfdb78f3876ac7d26507f7cd,/home/likc/Q-former-for-OS/dataset/jsonl/finals_v3_official/stage5_sensitivity/sensitivity_Hc512/dedup_pressure/selector_params.json,,1c04935e3188eed4d2e7d6217b2e156253448b2967c26905353476190dd8f439,"{""test"": ""02290e3d22516bffdf9025b740c4c955b1021f9255f2a3f795835296b3bd1b3e"", ""train"": ""1c505939b9041ae4c0d3a6cb8fed653a45a42aab74a7b74f7d73f3d333b9f716"", ""valid"": ""19ea50b168cd601e3bb52e24f07102402cc7315b7f30895ff4ee0da1c8a931c8""}","{""family"": ""sensitivity"", ""only_difference"": ""only Hc changes from 256 to 512"", ""retrain_required"": true, ""source_stage"": ""stage5"", ""test_used_for_selection"": false, ""variant_id"": ""sensitivity_Hc512""}",02290e3d22516bffdf9025b740c4c955b1021f9255f2a3f795835296b3bd1b3e,False,1000000,all_trace_pages,dataset/processed/finals_v3_official/dedup_pressure/test.csv,sensitivity_Hc512,outputs/results/finals_v3_official/stage5_sensitivity/raw/sensitivity_Hc512/dedup_pressure/seed_3136859.json.variant_manifest.json,1045566.0,dedup_pressure,dedup_pressure
official,3.38329250295299,8,valid_trace,"{""EndToEndRecall@K"": 1.0, ""NRegret"": 0.0, ""PoolRecall@B"": 1.0, ""SelectorRecall@K"": 1.0, ""TieCoverage@K"": 0.1338119034394741}","{""avg_selector_time_ms"": 0.8461141559584174, ""decision_count"": 2412, ""max_B_t"": 64, ""max_K_t"": 8, ""mean_B_t"": 64.0, ""mean_K_t"": 8.0, ""min_B_t"": 64, ""min_K_t"": 8, ""selector_time_seconds"": 2.040827344171703}",capd_selector_B_to_K,/home/likc/Q-former-for-OS/outputs/checkpoints/finals_v3_official/stage5_sensitivity/sensitivity_L64/canneal/seed_3136859/qmap_best.pth,339b629baa68ba72a7814931325ebda6001a4318e7839e381e0bb46c5ca003a9,qmap/qmap_eval.py --config /home/likc/Q-former-for-OS/dataset/jsonl/finals_v3_official/stage5_sensitivity/sensitivity_L64/canneal/resolved_config.json --selector_params /home/likc/Q-former-for-OS/dataset/jsonl/finals_v3_official/stage5_sensitivity/sensitivity_L64/canneal/selector_params.json --policy qmap --checkpoint /home/likc/Q-former-for-OS/outputs/checkpoints/finals_v3_official/stage5_sensitivity/sensitivity_L64/canneal/seed_3136859/qmap_best.pth --json_output /home/likc/Q-former-for-OS/outputs/results/finals_v3_official/stage5_sensitivity/raw/sensitivity_L64/canneal/seed_3136859.json,8aaace9af8c3c188e7af42c086a4f6c443f952eb0c5c7f56f0c4f3673c4d2156,CAPD-MIC-1.0,"{""dram_read_cost"": 1.0, ""dram_write_cost"": 1.0, ""migration_cost"": 10.0, ""nvm_read_cost"": 2.0, ""nvm_write_cost"": 8.0}",fd9f3359900bdf868d9e985f967428aa6588c79b6d4944d08864b09cfbc51589,capd_finals_v3_official_data_v1,5986f7d63d4b81da33feb24a9c6a7d3db51c339d421e1322d4f80b7bc3249bdb,2412,,8.160501517122611,none,64,empty,single_seed_sensitivity,"{""B"": 64, ""D"": 64, ""H"": 10, ""Hc"": 256, ""K"": 8, ""L"": 64, ""Lres"": 256, ""approx_ndcg_alpha"": 10.0, ""artifact_class"": ""official"", ""contract_id"": ""CAPD-MIC-1.0"", ""dirty_demotion_nvm_write"": ""none"", ""dram_initial_state"": ""empty"", ""first_touch_accounting"": ""nvm_access"", ""initial_residency"": ""all_trace_pages_in_nvm"", ""lambda_w"": 4.0, ""lru_direction"": ""oldest_is_one"", ""nvm_capacity_pages"": null, ""page_oov"": ""unk"", ""page_state_dim"": 4, ""page_vocab_fit"": ""train_only"", ""pc_oov"": ""unk"", ""pc_vocab_fit"": ""train_only"", ""position_encoding"": ""sinusoidal"", ""run_profile"": ""official"", ""schema_version"": ""capd_finals_v3_0"", ""selector_recall_tie"": ""any_hit"", ""shared_page_embedding"": true, ""stage5_variant_family"": ""sensitivity"", ""stage5_variant_id"": ""sensitivity_L64"", ""tail_policy"": ""drop_incomplete_window"", ""trace_page_backing"": ""all_trace_pages"", ""training_scope"": ""per_workload"", ""validation_guard_accesses"": 64, ""validation_holdout_fraction"": 0.2, ""validation_strategy"": ""independent_valid_trace""}",nvm_access,2bd07f29a639d54db5180b57651842ce95dd3014,0.98762,98.762,197524,all_trace_pages_in_nvm,2412,2476,3136859,,2460,16,qmap,0,0.0,0,official,COMPLETED,capd_finals_v3_0,220ce39caae5ec7fcdbaa6544f8834a63646a1708a5a002ba9253a82e14efabe,/home/likc/Q-former-for-OS/dataset/jsonl/finals_v3_official/stage5_sensitivity/sensitivity_L64/canneal/selector_params.json,,33ee5f0f77966a23dfad7b07a1b50779a849fe27ed2da0a0d13b1a3adbb74686,"{""test"": ""3a5ecb35b4aec98a8fb470483ce0427d4da21ede1e3af387d9b7d61bccf6138e"", ""train"": ""4a98f01a328d2d86b680fde62818163ceb2403392f59676210ea22989c3b773f"", ""valid"": ""2805d4cf2a4d5d2051a0db3baf6ded3abf7d720f82eae3071f0746f4fcaee142""}","{""family"": ""sensitivity"", ""only_difference"": ""only L changes from 256 to 64"", ""retrain_required"": true, ""source_stage"": ""stage5"", ""test_used_for_selection"": false, ""variant_id"": ""sensitivity_L64""}",3a5ecb35b4aec98a8fb470483ce0427d4da21ede1e3af387d9b7d61bccf6138e,False,200000,all_trace_pages,dataset/processed/finals_v3_official/canneal/test.csv,sensitivity_L64,outputs/results/finals_v3_official/stage5_sensitivity/raw/sensitivity_L64/canneal/seed_3136859.json.variant_manifest.json,226692.0,canneal,canneal
official,3.4868571651411138,8,valid_trace,"{""EndToEndRecall@K"": 1.0, ""NRegret"": 0.0, ""PoolRecall@B"": 1.0, ""SelectorRecall@K"": 1.0, ""TieCoverage@K"": 0.12978291071922582}","{""avg_selector_time_ms"": 0.9353176252289764, ""decision_count"": 2779, ""max_B_t"": 64, ""max_K_t"": 8, ""mean_B_t"": 64.0, ""mean_K_t"": 8.0, ""min_B_t"": 64, ""min_K_t"": 8, ""selector_time_seconds"": 2.5992476805113256}",capd_selector_B_to_K,/home/likc/Q-former-for-OS/outputs/checkpoints/finals_v3_official/stage5_sensitivity/sensitivity_L64/streamcluster_pressure/seed_3136859/qmap_best.pth,36a0232d692c9288c5f71d3955f94b349d415c7f5ee8efeb1b6e3d55c77d2cc6,qmap/qmap_eval.py --config /home/likc/Q-former-for-OS/dataset/jsonl/finals_v3_official/stage5_sensitivity/sensitivity_L64/streamcluster_pressure/resolved_config.json --selector_params /home/likc/Q-former-for-OS/dataset/jsonl/finals_v3_official/stage5_sensitivity/sensitivity_L64/streamcluster_pressure/selector_params.json --policy qmap --checkpoint /home/likc/Q-former-for-OS/outputs/checkpoints/finals_v3_official/stage5_sensitivity/sensitivity_L64/streamcluster_pressure/seed_3136859/qmap_best.pth --json_output /home/likc/Q-former-for-OS/outputs/results/finals_v3_official/stage5_sensitivity/raw/sensitivity_L64/streamcluster_pressure/seed_3136859.json,e074a005627be5896de706d114c037b97bb4be3a3b2626a935fdb4fbee131285,CAPD-MIC-1.0,"{""dram_read_cost"": 1.0, ""dram_write_cost"": 1.0, ""migration_cost"": 10.0, ""nvm_read_cost"": 2.0, ""nvm_write_cost"": 8.0}",fd9f3359900bdf868d9e985f967428aa6588c79b6d4944d08864b09cfbc51589,capd_finals_v3_official_data_v1,2b31c00b19945884a09cc6fc8f3d451aad73f0d03b98a350ef540960609ea2c4,2779,,9.689976061927155,none,64,empty,single_seed_sensitivity,"{""B"": 64, ""D"": 64, ""H"": 10, ""Hc"": 256, ""K"": 8, ""L"": 64, ""Lres"": 256, ""approx_ndcg_alpha"": 10.0, ""artifact_class"": ""official"", ""contract_id"": ""CAPD-MIC-1.0"", ""dirty_demotion_nvm_write"": ""none"", ""dram_initial_state"": ""empty"", ""first_touch_accounting"": ""nvm_access"", ""initial_residency"": ""all_trace_pages_in_nvm"", ""lambda_w"": 4.0, ""lru_direction"": ""oldest_is_one"", ""nvm_capacity_pages"": null, ""page_oov"": ""unk"", ""page_state_dim"": 4, ""page_vocab_fit"": ""train_only"", ""pc_oov"": ""unk"", ""pc_vocab_fit"": ""train_only"", ""position_encoding"": ""sinusoidal"", ""run_profile"": ""official"", ""schema_version"": ""capd_finals_v3_0"", ""selector_recall_tie"": ""any_hit"", ""shared_page_embedding"": true, ""stage5_variant_family"": ""sensitivity"", ""stage5_variant_id"": ""sensitivity_L64"", ""tail_policy"": ""drop_incomplete_window"", ""trace_page_backing"": ""all_trace_pages"", ""training_scope"": ""per_workload"", ""validation_guard_accesses"": 64, ""validation_holdout_fraction"": 0.2, ""validation_strategy"": ""independent_valid_trace""}",nvm_access,2bd07f29a639d54db5180b57651842ce95dd3014,0.985785,98.5785,197157,all_trace_pages_in_nvm,2779,2843,3136859,,2842,1,qmap,0,0.0,0,official,COMPLETED,capd_finals_v3_0,ba6eb4a615a6e1c0c2795e4f652ff59f4117dcd7b0f1a5067736dbc6fde82a9b,/home/likc/Q-former-for-OS/dataset/jsonl/finals_v3_official/stage5_sensitivity/sensitivity_L64/streamcluster_pressure/selector_params.json,,d12c5e2507c333421709ab37c1d555e50426674e3853c88759c2d44237c70235,"{""test"": ""7620aef325310ef88b78b935ed6818bba5f6c0cfdadf624f1f9aad9570ac62d7"", ""train"": ""a04bbff36eccb0091d933efd69a390c150114d67bc6644f3dbdf0991897f252d"", ""valid"": ""e7d875df6e1247bd71320d4b9e1c3e2a3e029a33dce94ad109d8289342951774""}","{""family"": ""sensitivity"", ""only_difference"": ""only L changes from 256 to 64"", ""retrain_required"": true, ""source_stage"": ""stage5"", ""test_used_for_selection"": false, ""variant_id"": ""sensitivity_L64""}",7620aef325310ef88b78b935ed6818bba5f6c0cfdadf624f1f9aad9570ac62d7,False,200000,all_trace_pages,dataset/processed/finals_v3_official/streamcluster_pressure/test.csv,sensitivity_L64,outputs/results/finals_v3_official/stage5_sensitivity/raw/sensitivity_L64/streamcluster_pressure/seed_3136859.json.variant_manifest.json,230639.0,streamcluster_pressure,streamcluster_pressure
official,3.3505238946640303,8,valid_trace,"{""EndToEndRecall@K"": 1.0, ""NRegret"": 0.0, ""PoolRecall@B"": 1.0, ""SelectorRecall@K"": 1.0, ""TieCoverage@K"": 0.13507482873931678}","{""avg_selector_time_ms"": 0.7252722982831628, ""decision_count"": 3295, ""max_B_t"": 64, ""max_K_t"": 8, ""mean_B_t"": 64.0, ""mean_K_t"": 8.0, ""min_B_t"": 64, ""min_K_t"": 8, ""selector_time_seconds"": 2.389772222843021}",capd_selector_B_to_K,/home/likc/Q-former-for-OS/outputs/checkpoints/finals_v3_official/stage5_sensitivity/sensitivity_L64/dedup_pressure/seed_3136859/qmap_best.pth,c73a92233ea5691ba254aaa38d6885aa65aa3420eb6276cf35166e3cc6e30cc8,qmap/qmap_eval.py --config /home/likc/Q-former-for-OS/dataset/jsonl/finals_v3_official/stage5_sensitivity/sensitivity_L64/dedup_pressure/resolved_config.json --selector_params /home/likc/Q-former-for-OS/dataset/jsonl/finals_v3_official/stage5_sensitivity/sensitivity_L64/dedup_pressure/selector_params.json --policy qmap --checkpoint /home/likc/Q-former-for-OS/outputs/checkpoints/finals_v3_official/stage5_sensitivity/sensitivity_L64/dedup_pressure/seed_3136859/qmap_best.pth --json_output /home/likc/Q-former-for-OS/outputs/results/finals_v3_official/stage5_sensitivity/raw/sensitivity_L64/dedup_pressure/seed_3136859.json,c55234ae5edadd82d0046224a010c9e74c0d1c7385236f4f2c861483602e0b1f,CAPD-MIC-1.0,"{""dram_read_cost"": 1.0, ""dram_write_cost"": 1.0, ""migration_cost"": 10.0, ""nvm_read_cost"": 2.0, ""nvm_write_cost"": 8.0}",fd9f3359900bdf868d9e985f967428aa6588c79b6d4944d08864b09cfbc51589,capd_finals_v3_official_data_v1,d42012b4222091383fc3dfd7eb084dfe4c714512f067aaf7620d37dc844f4fa8,3295,,11.03997623291798,none,64,empty,single_seed_sensitivity,"{""B"": 64, ""D"": 64, ""H"": 10, ""Hc"": 256, ""K"": 8, ""L"": 64, ""Lres"": 256, ""approx_ndcg_alpha"": 10.0, ""artifact_class"": ""official"", ""contract_id"": ""CAPD-MIC-1.0"", ""dirty_demotion_nvm_write"": ""none"", ""dram_initial_state"": ""empty"", ""first_touch_accounting"": ""nvm_access"", ""initial_residency"": ""all_trace_pages_in_nvm"", ""lambda_w"": 4.0, ""lru_direction"": ""oldest_is_one"", ""nvm_capacity_pages"": null, ""page_oov"": ""unk"", ""page_state_dim"": 4, ""page_vocab_fit"": ""train_only"", ""pc_oov"": ""unk"", ""pc_vocab_fit"": ""train_only"", ""position_encoding"": ""sinusoidal"", ""run_profile"": ""official"", ""schema_version"": ""capd_finals_v3_0"", ""selector_recall_tie"": ""any_hit"", ""shared_page_embedding"": true, ""stage5_variant_family"": ""sensitivity"", ""stage5_variant_id"": ""sensitivity_L64"", ""tail_policy"": ""drop_incomplete_window"", ""trace_page_backing"": ""all_trace_pages"", ""training_scope"": ""per_workload"", ""validation_guard_accesses"": 64, ""validation_holdout_fraction"": 0.2, ""validation_strategy"": ""independent_valid_trace""}",nvm_access,2bd07f29a639d54db5180b57651842ce95dd3014,0.996641,99.6641,996641,all_trace_pages_in_nvm,3295,3359,3136859,,1818,1541,qmap,0,0.0,0,official,COMPLETED,capd_finals_v3_0,0a41e3397cfb24c63b3bf3ea59431fd28a7d005baf4184f6fe5c50ba5099545e,/home/likc/Q-former-for-OS/dataset/jsonl/finals_v3_official/stage5_sensitivity/sensitivity_L64/dedup_pressure/selector_params.json,,1c04935e3188eed4d2e7d6217b2e156253448b2967c26905353476190dd8f439,"{""test"": ""02290e3d22516bffdf9025b740c4c955b1021f9255f2a3f795835296b3bd1b3e"", ""train"": ""1c505939b9041ae4c0d3a6cb8fed653a45a42aab74a7b74f7d73f3d333b9f716"", ""valid"": ""19ea50b168cd601e3bb52e24f07102402cc7315b7f30895ff4ee0da1c8a931c8""}","{""family"": ""sensitivity"", ""only_difference"": ""only L changes from 256 to 64"", ""retrain_required"": true, ""source_stage"": ""stage5"", ""test_used_for_selection"": false, ""variant_id"": ""sensitivity_L64""}",02290e3d22516bffdf9025b740c4c955b1021f9255f2a3f795835296b3bd1b3e,False,1000000,all_trace_pages,dataset/processed/finals_v3_official/dedup_pressure/test.csv,sensitivity_L64,outputs/results/finals_v3_official/stage5_sensitivity/raw/sensitivity_L64/dedup_pressure/seed_3136859.json.variant_manifest.json,1045555.0,dedup_pressure,dedup_pressure
official,3.238317088887848,8,valid_trace,"{""EndToEndRecall@K"": 1.0, ""NRegret"": 0.0, ""PoolRecall@B"": 1.0, ""SelectorRecall@K"": 1.0, ""TieCoverage@K"": 0.14368754708015247}","{""avg_selector_time_ms"": 0.8245326633073905, ""decision_count"": 2514, ""max_B_t"": 64, ""max_K_t"": 8, ""mean_B_t"": 64.0, ""mean_K_t"": 8.0, ""min_B_t"": 64, ""min_K_t"": 8, ""selector_time_seconds"": 2.0728751155547798}",capd_selector_B_to_K,/home/likc/Q-former-for-OS/outputs/checkpoints/finals_v3_official/stage5_sensitivity/sensitivity_L128/canneal/seed_3136859/qmap_best.pth,d2f8230298de8d3096d7b3a18abb993181d25982aaa63e42f257dd7ee09b5f25,qmap/qmap_eval.py --config /home/likc/Q-former-for-OS/dataset/jsonl/finals_v3_official/stage5_sensitivity/sensitivity_L128/canneal/resolved_config.json --selector_params /home/likc/Q-former-for-OS/dataset/jsonl/finals_v3_official/stage5_sensitivity/sensitivity_L128/canneal/selector_params.json --policy qmap --checkpoint /home/likc/Q-former-for-OS/outputs/checkpoints/finals_v3_official/stage5_sensitivity/sensitivity_L128/canneal/seed_3136859/qmap_best.pth --json_output /home/likc/Q-former-for-OS/outputs/results/finals_v3_official/stage5_sensitivity/raw/sensitivity_L128/canneal/seed_3136859.json,7d7d07f9b200b6509760afc30d2837563911e3d36f9a2804361a5382e0da6fc4,CAPD-MIC-1.0,"{""dram_read_cost"": 1.0, ""dram_write_cost"": 1.0, ""migration_cost"": 10.0, ""nvm_read_cost"": 2.0, ""nvm_write_cost"": 8.0}",fd9f3359900bdf868d9e985f967428aa6588c79b6d4944d08864b09cfbc51589,capd_finals_v3_official_data_v1,5986f7d63d4b81da33feb24a9c6a7d3db51c339d421e1322d4f80b7bc3249bdb,2514,,8.14112916146405,none,64,empty,single_seed_sensitivity,"{""B"": 64, ""D"": 64, ""H"": 10, ""Hc"": 256, ""K"": 8, ""L"": 128, ""Lres"": 256, ""approx_ndcg_alpha"": 10.0, ""artifact_class"": ""official"", ""contract_id"": ""CAPD-MIC-1.0"", ""dirty_demotion_nvm_write"": ""none"", ""dram_initial_state"": ""empty"", ""first_touch_accounting"": ""nvm_access"", ""initial_residency"": ""all_trace_pages_in_nvm"", ""lambda_w"": 4.0, ""lru_direction"": ""oldest_is_one"", ""nvm_capacity_pages"": null, ""page_oov"": ""unk"", ""page_state_dim"": 4, ""page_vocab_fit"": ""train_only"", ""pc_oov"": ""unk"", ""pc_vocab_fit"": ""train_only"", ""position_encoding"": ""sinusoidal"", ""run_profile"": ""official"", ""schema_version"": ""capd_finals_v3_0"", ""selector_recall_tie"": ""any_hit"", ""shared_page_embedding"": true, ""stage5_variant_family"": ""sensitivity"", ""stage5_variant_id"": ""sensitivity_L128"", ""tail_policy"": ""drop_incomplete_window"", ""trace_page_backing"": ""all_trace_pages"", ""training_scope"": ""per_workload"", ""validation_guard_accesses"": 128, ""validation_holdout_fraction"": 0.2, ""validation_strategy"": ""independent_valid_trace""}",nvm_access,2bd07f29a639d54db5180b57651842ce95dd3014,0.98711,98.711,197422,all_trace_pages_in_nvm,2514,2578,3136859,,2562,16,qmap,0,0.0,0,official,COMPLETED,capd_finals_v3_0,5067ee64e2a38f66f33e6d94121e8d66c5962058d3075e700a1fec11a8dee813,/home/likc/Q-former-for-OS/dataset/jsonl/finals_v3_official/stage5_sensitivity/sensitivity_L128/canneal/selector_params.json,,33ee5f0f77966a23dfad7b07a1b50779a849fe27ed2da0a0d13b1a3adbb74686,"{""test"": ""3a5ecb35b4aec98a8fb470483ce0427d4da21ede1e3af387d9b7d61bccf6138e"", ""train"": ""4a98f01a328d2d86b680fde62818163ceb2403392f59676210ea22989c3b773f"", ""valid"": ""2805d4cf2a4d5d2051a0db3baf6ded3abf7d720f82eae3071f0746f4fcaee142""}","{""family"": ""sensitivity"", ""only_difference"": ""only L changes from 256 to 128"", ""retrain_required"": true, ""source_stage"": ""stage5"", ""test_used_for_selection"": false, ""variant_id"": ""sensitivity_L128""}",3a5ecb35b4aec98a8fb470483ce0427d4da21ede1e3af387d9b7d61bccf6138e,False,200000,all_trace_pages,dataset/processed/finals_v3_official/canneal/test.csv,sensitivity_L128,outputs/results/finals_v3_official/stage5_sensitivity/raw/sensitivity_L128/canneal/seed_3136859.json.variant_manifest.json,227814.0,canneal,canneal
official,3.289104294322855,8,valid_trace,"{""EndToEndRecall@K"": 1.0, ""NRegret"": 0.0, ""PoolRecall@B"": 1.0, ""SelectorRecall@K"": 1.0, ""TieCoverage@K"": 0.13525035365222934}","{""avg_selector_time_ms"": 0.8112017053217662, ""decision_count"": 2778, ""max_B_t"": 64, ""max_K_t"": 8, ""mean_B_t"": 64.0, ""mean_K_t"": 8.0, ""min_B_t"": 64, ""min_K_t"": 8, ""selector_time_seconds"": 2.2535183373838663}",capd_selector_B_to_K,/home/likc/Q-former-for-OS/outputs/checkpoints/finals_v3_official/stage5_sensitivity/sensitivity_L128/streamcluster_pressure/seed_3136859/qmap_best.pth,4408ab862c9bcb6ccfbfb7af8c005915c79da62cee5e8f77b725be8889a9cd9e,qmap/qmap_eval.py --config /home/likc/Q-former-for-OS/dataset/jsonl/finals_v3_official/stage5_sensitivity/sensitivity_L128/streamcluster_pressure/resolved_config.json --selector_params /home/likc/Q-former-for-OS/dataset/jsonl/finals_v3_official/stage5_sensitivity/sensitivity_L128/streamcluster_pressure/selector_params.json --policy qmap --checkpoint /home/likc/Q-former-for-OS/outputs/checkpoints/finals_v3_official/stage5_sensitivity/sensitivity_L128/streamcluster_pressure/seed_3136859/qmap_best.pth --json_output /home/likc/Q-former-for-OS/outputs/results/finals_v3_official/stage5_sensitivity/raw/sensitivity_L128/streamcluster_pressure/seed_3136859.json,aaeaa9acb5f32b63655e398a926180d2dcfe1daf0bb00eec61e34d3ab063d014,CAPD-MIC-1.0,"{""dram_read_cost"": 1.0, ""dram_write_cost"": 1.0, ""migration_cost"": 10.0, ""nvm_read_cost"": 2.0, ""nvm_write_cost"": 8.0}",fd9f3359900bdf868d9e985f967428aa6588c79b6d4944d08864b09cfbc51589,capd_finals_v3_official_data_v1,2b31c00b19945884a09cc6fc8f3d451aad73f0d03b98a350ef540960609ea2c4,2778,,9.13713172962889,none,64,empty,single_seed_sensitivity,"{""B"": 64, ""D"": 64, ""H"": 10, ""Hc"": 256, ""K"": 8, ""L"": 128, ""Lres"": 256, ""approx_ndcg_alpha"": 10.0, ""artifact_class"": ""official"", ""contract_id"": ""CAPD-MIC-1.0"", ""dirty_demotion_nvm_write"": ""none"", ""dram_initial_state"": ""empty"", ""first_touch_accounting"": ""nvm_access"", ""initial_residency"": ""all_trace_pages_in_nvm"", ""lambda_w"": 4.0, ""lru_direction"": ""oldest_is_one"", ""nvm_capacity_pages"": null, ""page_oov"": ""unk"", ""page_state_dim"": 4, ""page_vocab_fit"": ""train_only"", ""pc_oov"": ""unk"", ""pc_vocab_fit"": ""train_only"", ""position_encoding"": ""sinusoidal"", ""run_profile"": ""official"", ""schema_version"": ""capd_finals_v3_0"", ""selector_recall_tie"": ""any_hit"", ""shared_page_embedding"": true, ""stage5_variant_family"": ""sensitivity"", ""stage5_variant_id"": ""sensitivity_L128"", ""tail_policy"": ""drop_incomplete_window"", ""trace_page_backing"": ""all_trace_pages"", ""training_scope"": ""per_workload"", ""validation_guard_accesses"": 128, ""validation_holdout_fraction"": 0.2, ""validation_strategy"": ""independent_valid_trace""}",nvm_access,2bd07f29a639d54db5180b57651842ce95dd3014,0.98579,98.57900000000001,197158,all_trace_pages_in_nvm,2778,2842,3136859,,2841,1,qmap,0,0.0,0,official,COMPLETED,capd_finals_v3_0,a9133abfc7549a46f27f8e46032425586bf236a1296cd0dc06afacaa48767524,/home/likc/Q-former-for-OS/dataset/jsonl/finals_v3_official/stage5_sensitivity/sensitivity_L128/streamcluster_pressure/selector_params.json,,d12c5e2507c333421709ab37c1d555e50426674e3853c88759c2d44237c70235,"{""test"": ""7620aef325310ef88b78b935ed6818bba5f6c0cfdadf624f1f9aad9570ac62d7"", ""train"": ""a04bbff36eccb0091d933efd69a390c150114d67bc6644f3dbdf0991897f252d"", ""valid"": ""e7d875df6e1247bd71320d4b9e1c3e2a3e029a33dce94ad109d8289342951774""}","{""family"": ""sensitivity"", ""only_difference"": ""only L changes from 256 to 128"", ""retrain_required"": true, ""source_stage"": ""stage5"", ""test_used_for_selection"": false, ""variant_id"": ""sensitivity_L128""}",7620aef325310ef88b78b935ed6818bba5f6c0cfdadf624f1f9aad9570ac62d7,False,200000,all_trace_pages,dataset/processed/finals_v3_official/streamcluster_pressure/test.csv,sensitivity_L128,outputs/results/finals_v3_official/stage5_sensitivity/raw/sensitivity_L128/streamcluster_pressure/seed_3136859.json.variant_manifest.json,230628.0,streamcluster_pressure,streamcluster_pressure
official,3.2509322471814923,8,valid_trace,"{""EndToEndRecall@K"": 1.0, ""NRegret"": 0.0, ""PoolRecall@B"": 1.0, ""SelectorRecall@K"": 1.0, ""TieCoverage@K"": 0.135461515566916}","{""avg_selector_time_ms"": 0.7574387403467899, ""decision_count"": 3295, ""max_B_t"": 64, ""max_K_t"": 8, ""mean_B_t"": 64.0, ""mean_K_t"": 8.0, ""min_B_t"": 64, ""min_K_t"": 8, ""selector_time_seconds"": 2.4957606494426727}",capd_selector_B_to_K,/home/likc/Q-former-for-OS/outputs/checkpoints/finals_v3_official/stage5_sensitivity/sensitivity_L128/dedup_pressure/seed_3136859/qmap_best.pth,e05a1305be7a8842e47d9837f54f113f7f86c87c06e4823bcace671a0be5cdeb,qmap/qmap_eval.py --config /home/likc/Q-former-for-OS/dataset/jsonl/finals_v3_official/stage5_sensitivity/sensitivity_L128/dedup_pressure/resolved_config.json --selector_params /home/likc/Q-former-for-OS/dataset/jsonl/finals_v3_official/stage5_sensitivity/sensitivity_L128/dedup_pressure/selector_params.json --policy qmap --checkpoint /home/likc/Q-former-for-OS/outputs/checkpoints/finals_v3_official/stage5_sensitivity/sensitivity_L128/dedup_pressure/seed_3136859/qmap_best.pth --json_output /home/likc/Q-former-for-OS/outputs/results/finals_v3_official/stage5_sensitivity/raw/sensitivity_L128/dedup_pressure/seed_3136859.json,6d1a04c935273de83426f2bd49a776244f75137d8e28e19c306f2b0b10ee9aab,CAPD-MIC-1.0,"{""dram_read_cost"": 1.0, ""dram_write_cost"": 1.0, ""migration_cost"": 10.0, ""nvm_read_cost"": 2.0, ""nvm_write_cost"": 8.0}",fd9f3359900bdf868d9e985f967428aa6588c79b6d4944d08864b09cfbc51589,capd_finals_v3_official_data_v1,d42012b4222091383fc3dfd7eb084dfe4c714512f067aaf7620d37dc844f4fa8,3295,,10.711821754463017,none,64,empty,single_seed_sensitivity,"{""B"": 64, ""D"": 64, ""H"": 10, ""Hc"": 256, ""K"": 8, ""L"": 128, ""Lres"": 256, ""approx_ndcg_alpha"": 10.0, ""artifact_class"": ""official"", ""contract_id"": ""CAPD-MIC-1.0"", ""dirty_demotion_nvm_write"": ""none"", ""dram_initial_state"": ""empty"", ""first_touch_accounting"": ""nvm_access"", ""initial_residency"": ""all_trace_pages_in_nvm"", ""lambda_w"": 4.0, ""lru_direction"": ""oldest_is_one"", ""nvm_capacity_pages"": null, ""page_oov"": ""unk"", ""page_state_dim"": 4, ""page_vocab_fit"": ""train_only"", ""pc_oov"": ""unk"", ""pc_vocab_fit"": ""train_only"", ""position_encoding"": ""sinusoidal"", ""run_profile"": ""official"", ""schema_version"": ""capd_finals_v3_0"", ""selector_recall_tie"": ""any_hit"", ""shared_page_embedding"": true, ""stage5_variant_family"": ""sensitivity"", ""stage5_variant_id"": ""sensitivity_L128"", ""tail_policy"": ""drop_incomplete_window"", ""trace_page_backing"": ""all_trace_pages"", ""training_scope"": ""per_workload"", ""validation_guard_accesses"": 128, ""validation_holdout_fraction"": 0.2, ""validation_strategy"": ""independent_valid_trace""}",nvm_access,2bd07f29a639d54db5180b57651842ce95dd3014,0.996641,99.6641,996641,all_trace_pages_in_nvm,3295,3359,3136859,,1818,1541,qmap,0,0.0,0,official,COMPLETED,capd_finals_v3_0,f6502a60eb43f97ba79670f7d58a16e83712cf59436709d44322e1bf6e61ebc1,/home/likc/Q-former-for-OS/dataset/jsonl/finals_v3_official/stage5_sensitivity/sensitivity_L128/dedup_pressure/selector_params.json,,1c04935e3188eed4d2e7d6217b2e156253448b2967c26905353476190dd8f439,"{""test"": ""02290e3d22516bffdf9025b740c4c955b1021f9255f2a3f795835296b3bd1b3e"", ""train"": ""1c505939b9041ae4c0d3a6cb8fed653a45a42aab74a7b74f7d73f3d333b9f716"", ""valid"": ""19ea50b168cd601e3bb52e24f07102402cc7315b7f30895ff4ee0da1c8a931c8""}","{""family"": ""sensitivity"", ""only_difference"": ""only L changes from 256 to 128"", ""retrain_required"": true, ""source_stage"": ""stage5"", ""test_used_for_selection"": false, ""variant_id"": ""sensitivity_L128""}",02290e3d22516bffdf9025b740c4c955b1021f9255f2a3f795835296b3bd1b3e,False,1000000,all_trace_pages,dataset/processed/finals_v3_official/dedup_pressure/test.csv,sensitivity_L128,outputs/results/finals_v3_official/stage5_sensitivity/raw/sensitivity_L128/dedup_pressure/seed_3136859.json.variant_manifest.json,1045555.0,dedup_pressure,dedup_pressure
official,3.5241460435373897,8,valid_trace,"{""EndToEndRecall@K"": 1.0, ""NRegret"": 0.0, ""PoolRecall@B"": 1.0, ""SelectorRecall@K"": 1.0, ""TieCoverage@K"": 0.19189467142121736}","{""avg_selector_time_ms"": 0.8939561342658926, ""decision_count"": 2409, ""max_B_t"": 64, ""max_K_t"": 8, ""mean_B_t"": 64.0, ""mean_K_t"": 8.0, ""min_B_t"": 64, ""min_K_t"": 8, ""selector_time_seconds"": 2.1535403274465352}",capd_selector_B_to_K,/home/likc/Q-former-for-OS/outputs/checkpoints/finals_v3_official/stage5_sensitivity/sensitivity_L512/canneal/seed_3136859/qmap_best.pth,b55423d25fc582957d135736954ee061630ad3970f6a3d59ac99543736b6bdec,qmap/qmap_eval.py --config /home/likc/Q-former-for-OS/dataset/jsonl/finals_v3_official/stage5_sensitivity/sensitivity_L512/canneal/resolved_config.json --selector_params /home/likc/Q-former-for-OS/dataset/jsonl/finals_v3_official/stage5_sensitivity/sensitivity_L512/canneal/selector_params.json --policy qmap --checkpoint /home/likc/Q-former-for-OS/outputs/checkpoints/finals_v3_official/stage5_sensitivity/sensitivity_L512/canneal/seed_3136859/qmap_best.pth --json_output /home/likc/Q-former-for-OS/outputs/results/finals_v3_official/stage5_sensitivity/raw/sensitivity_L512/canneal/seed_3136859.json,98fa76dc7b2dae84906e2645443069c7bf4a4a8f786b217477bfa173d229f1bb,CAPD-MIC-1.0,"{""dram_read_cost"": 1.0, ""dram_write_cost"": 1.0, ""migration_cost"": 10.0, ""nvm_read_cost"": 2.0, ""nvm_write_cost"": 8.0}",fd9f3359900bdf868d9e985f967428aa6588c79b6d4944d08864b09cfbc51589,capd_finals_v3_official_data_v1,5986f7d63d4b81da33feb24a9c6a7d3db51c339d421e1322d4f80b7bc3249bdb,2409,,8.489667818881571,none,64,empty,single_seed_sensitivity,"{""B"": 64, ""D"": 64, ""H"": 10, ""Hc"": 256, ""K"": 8, ""L"": 512, ""Lres"": 256, ""approx_ndcg_alpha"": 10.0, ""artifact_class"": ""official"", ""contract_id"": ""CAPD-MIC-1.0"", ""dirty_demotion_nvm_write"": ""none"", ""dram_initial_state"": ""empty"", ""first_touch_accounting"": ""nvm_access"", ""initial_residency"": ""all_trace_pages_in_nvm"", ""lambda_w"": 4.0, ""lru_direction"": ""oldest_is_one"", ""nvm_capacity_pages"": null, ""page_oov"": ""unk"", ""page_state_dim"": 4, ""page_vocab_fit"": ""train_only"", ""pc_oov"": ""unk"", ""pc_vocab_fit"": ""train_only"", ""position_encoding"": ""sinusoidal"", ""run_profile"": ""official"", ""schema_version"": ""capd_finals_v3_0"", ""selector_recall_tie"": ""any_hit"", ""shared_page_embedding"": true, ""stage5_variant_family"": ""sensitivity"", ""stage5_variant_id"": ""sensitivity_L512"", ""tail_policy"": ""drop_incomplete_window"", ""trace_page_backing"": ""all_trace_pages"", ""training_scope"": ""per_workload"", ""validation_guard_accesses"": 512, ""validation_holdout_fraction"": 0.2, ""validation_strategy"": ""independent_valid_trace""}",nvm_access,2bd07f29a639d54db5180b57651842ce95dd3014,0.987635,98.76350000000001,197527,all_trace_pages_in_nvm,2409,2473,3136859,,2457,16,qmap,0,0.0,0,official,COMPLETED,capd_finals_v3_0,5fb4632b07fdb04f2ac1387cb92484b59c1775711d0eaee2ae23337d9557c1fe,/home/likc/Q-former-for-OS/dataset/jsonl/finals_v3_official/stage5_sensitivity/sensitivity_L512/canneal/selector_params.json,,33ee5f0f77966a23dfad7b07a1b50779a849fe27ed2da0a0d13b1a3adbb74686,"{""test"": ""3a5ecb35b4aec98a8fb470483ce0427d4da21ede1e3af387d9b7d61bccf6138e"", ""train"": ""4a98f01a328d2d86b680fde62818163ceb2403392f59676210ea22989c3b773f"", ""valid"": ""2805d4cf2a4d5d2051a0db3baf6ded3abf7d720f82eae3071f0746f4fcaee142""}","{""family"": ""sensitivity"", ""only_difference"": ""only L changes from 256 to 512"", ""retrain_required"": true, ""source_stage"": ""stage5"", ""test_used_for_selection"": false, ""variant_id"": ""sensitivity_L512""}",3a5ecb35b4aec98a8fb470483ce0427d4da21ede1e3af387d9b7d61bccf6138e,False,200000,all_trace_pages,dataset/processed/finals_v3_official/canneal/test.csv,sensitivity_L512,outputs/results/finals_v3_official/stage5_sensitivity/raw/sensitivity_L512/canneal/seed_3136859.json.variant_manifest.json,226659.0,canneal,canneal
official,3.512048198307795,8,valid_trace,"{""EndToEndRecall@K"": 1.0, ""NRegret"": 0.0, ""PoolRecall@B"": 1.0, ""SelectorRecall@K"": 1.0, ""TieCoverage@K"": 0.14212570890540535}","{""avg_selector_time_ms"": 0.9251110063955628, ""decision_count"": 2778, ""max_B_t"": 64, ""max_K_t"": 8, ""mean_B_t"": 64.0, ""mean_K_t"": 8.0, ""min_B_t"": 64, ""min_K_t"": 8, ""selector_time_seconds"": 2.5699583757668734}",capd_selector_B_to_K,/home/likc/Q-former-for-OS/outputs/checkpoints/finals_v3_official/stage5_sensitivity/sensitivity_L512/streamcluster_pressure/seed_3136859/qmap_best.pth,98fd420f6196ae1455861cc38ac1eacf6223342da114379d0fdeb767d6086874,qmap/qmap_eval.py --config /home/likc/Q-former-for-OS/dataset/jsonl/finals_v3_official/stage5_sensitivity/sensitivity_L512/streamcluster_pressure/resolved_config.json --selector_params /home/likc/Q-former-for-OS/dataset/jsonl/finals_v3_official/stage5_sensitivity/sensitivity_L512/streamcluster_pressure/selector_params.json --policy qmap --checkpoint /home/likc/Q-former-for-OS/outputs/checkpoints/finals_v3_official/stage5_sensitivity/sensitivity_L512/streamcluster_pressure/seed_3136859/qmap_best.pth --json_output /home/likc/Q-former-for-OS/outputs/results/finals_v3_official/stage5_sensitivity/raw/sensitivity_L512/streamcluster_pressure/seed_3136859.json,69d7d13e9879bfbf348028557fdab249e9372418ae69ff1391df76e84f16f10d,CAPD-MIC-1.0,"{""dram_read_cost"": 1.0, ""dram_write_cost"": 1.0, ""migration_cost"": 10.0, ""nvm_read_cost"": 2.0, ""nvm_write_cost"": 8.0}",fd9f3359900bdf868d9e985f967428aa6588c79b6d4944d08864b09cfbc51589,capd_finals_v3_official_data_v1,2b31c00b19945884a09cc6fc8f3d451aad73f0d03b98a350ef540960609ea2c4,2778,,9.756469894899055,none,64,empty,single_seed_sensitivity,"{""B"": 64, ""D"": 64, ""H"": 10, ""Hc"": 256, ""K"": 8, ""L"": 512, ""Lres"": 256, ""approx_ndcg_alpha"": 10.0, ""artifact_class"": ""official"", ""contract_id"": ""CAPD-MIC-1.0"", ""dirty_demotion_nvm_write"": ""none"", ""dram_initial_state"": ""empty"", ""first_touch_accounting"": ""nvm_access"", ""initial_residency"": ""all_trace_pages_in_nvm"", ""lambda_w"": 4.0, ""lru_direction"": ""oldest_is_one"", ""nvm_capacity_pages"": null, ""page_oov"": ""unk"", ""page_state_dim"": 4, ""page_vocab_fit"": ""train_only"", ""pc_oov"": ""unk"", ""pc_vocab_fit"": ""train_only"", ""position_encoding"": ""sinusoidal"", ""run_profile"": ""official"", ""schema_version"": ""capd_finals_v3_0"", ""selector_recall_tie"": ""any_hit"", ""shared_page_embedding"": true, ""stage5_variant_family"": ""sensitivity"", ""stage5_variant_id"": ""sensitivity_L512"", ""tail_policy"": ""drop_incomplete_window"", ""trace_page_backing"": ""all_trace_pages"", ""training_scope"": ""per_workload"", ""validation_guard_accesses"": 512, ""validation_holdout_fraction"": 0.2, ""validation_strategy"": ""independent_valid_trace""}",nvm_access,2bd07f29a639d54db5180b57651842ce95dd3014,0.98579,98.57900000000001,197158,all_trace_pages_in_nvm,2778,2842,3136859,,2841,1,qmap,0,0.0,0,official,COMPLETED,capd_finals_v3_0,30395e2cb05e8417a4dece69ea0f65a5735223013b322565f1b1d9052cd6f133,/home/likc/Q-former-for-OS/dataset/jsonl/finals_v3_official/stage5_sensitivity/sensitivity_L512/streamcluster_pressure/selector_params.json,,d12c5e2507c333421709ab37c1d555e50426674e3853c88759c2d44237c70235,"{""test"": ""7620aef325310ef88b78b935ed6818bba5f6c0cfdadf624f1f9aad9570ac62d7"", ""train"": ""a04bbff36eccb0091d933efd69a390c150114d67bc6644f3dbdf0991897f252d"", ""valid"": ""e7d875df6e1247bd71320d4b9e1c3e2a3e029a33dce94ad109d8289342951774""}","{""family"": ""sensitivity"", ""only_difference"": ""only L changes from 256 to 512"", ""retrain_required"": true, ""source_stage"": ""stage5"", ""test_used_for_selection"": false, ""variant_id"": ""sensitivity_L512""}",7620aef325310ef88b78b935ed6818bba5f6c0cfdadf624f1f9aad9570ac62d7,False,200000,all_trace_pages,dataset/processed/finals_v3_official/streamcluster_pressure/test.csv,sensitivity_L512,outputs/results/finals_v3_official/stage5_sensitivity/raw/sensitivity_L512/streamcluster_pressure/seed_3136859.json.variant_manifest.json,230628.0,streamcluster_pressure,streamcluster_pressure
official,3.359439602328043,8,valid_trace,"{""EndToEndRecall@K"": 1.0, ""NRegret"": 0.0, ""PoolRecall@B"": 1.0, ""SelectorRecall@K"": 1.0, ""TieCoverage@K"": 0.1357980881876555}","{""avg_selector_time_ms"": 0.7891635366677333, ""decision_count"": 3295, ""max_B_t"": 64, ""max_K_t"": 8, ""mean_B_t"": 64.0, ""mean_K_t"": 8.0, ""min_B_t"": 64, ""min_K_t"": 8, ""selector_time_seconds"": 2.6002938533201814}",capd_selector_B_to_K,/home/likc/Q-former-for-OS/outputs/checkpoints/finals_v3_official/stage5_sensitivity/sensitivity_L512/dedup_pressure/seed_3136859/qmap_best.pth,0389f7299d0888c9ef3c4b58557facbf472b34a763697077c83b67724ca52df4,qmap/qmap_eval.py --config /home/likc/Q-former-for-OS/dataset/jsonl/finals_v3_official/stage5_sensitivity/sensitivity_L512/dedup_pressure/resolved_config.json --selector_params /home/likc/Q-former-for-OS/dataset/jsonl/finals_v3_official/stage5_sensitivity/sensitivity_L512/dedup_pressure/selector_params.json --policy qmap --checkpoint /home/likc/Q-former-for-OS/outputs/checkpoints/finals_v3_official/stage5_sensitivity/sensitivity_L512/dedup_pressure/seed_3136859/qmap_best.pth --json_output /home/likc/Q-former-for-OS/outputs/results/finals_v3_official/stage5_sensitivity/raw/sensitivity_L512/dedup_pressure/seed_3136859.json,99cb577a5bd6b99c42dba8574367593792d668cf04a18c52bd5ac62fdcdd3fdc,CAPD-MIC-1.0,"{""dram_read_cost"": 1.0, ""dram_write_cost"": 1.0, ""migration_cost"": 10.0, ""nvm_read_cost"": 2.0, ""nvm_write_cost"": 8.0}",fd9f3359900bdf868d9e985f967428aa6588c79b6d4944d08864b09cfbc51589,capd_finals_v3_official_data_v1,d42012b4222091383fc3dfd7eb084dfe4c714512f067aaf7620d37dc844f4fa8,3295,,11.069353489670902,none,64,empty,single_seed_sensitivity,"{""B"": 64, ""D"": 64, ""H"": 10, ""Hc"": 256, ""K"": 8, ""L"": 512, ""Lres"": 256, ""approx_ndcg_alpha"": 10.0, ""artifact_class"": ""official"", ""contract_id"": ""CAPD-MIC-1.0"", ""dirty_demotion_nvm_write"": ""none"", ""dram_initial_state"": ""empty"", ""first_touch_accounting"": ""nvm_access"", ""initial_residency"": ""all_trace_pages_in_nvm"", ""lambda_w"": 4.0, ""lru_direction"": ""oldest_is_one"", ""nvm_capacity_pages"": null, ""page_oov"": ""unk"", ""page_state_dim"": 4, ""page_vocab_fit"": ""train_only"", ""pc_oov"": ""unk"", ""pc_vocab_fit"": ""train_only"", ""position_encoding"": ""sinusoidal"", ""run_profile"": ""official"", ""schema_version"": ""capd_finals_v3_0"", ""selector_recall_tie"": ""any_hit"", ""shared_page_embedding"": true, ""stage5_variant_family"": ""sensitivity"", ""stage5_variant_id"": ""sensitivity_L512"", ""tail_policy"": ""drop_incomplete_window"", ""trace_page_backing"": ""all_trace_pages"", ""training_scope"": ""per_workload"", ""validation_guard_accesses"": 512, ""validation_holdout_fraction"": 0.2, ""validation_strategy"": ""independent_valid_trace""}",nvm_access,2bd07f29a639d54db5180b57651842ce95dd3014,0.996641,99.6641,996641,all_trace_pages_in_nvm,3295,3359,3136859,,1818,1541,qmap,0,0.0,0,official,COMPLETED,capd_finals_v3_0,bc42b26a77119b0f8755d8afd4e92e6efcd6e4cd98daae71eb70c07c2bcf1a30,/home/likc/Q-former-for-OS/dataset/jsonl/finals_v3_official/stage5_sensitivity/sensitivity_L512/dedup_pressure/selector_params.json,,1c04935e3188eed4d2e7d6217b2e156253448b2967c26905353476190dd8f439,"{""test"": ""02290e3d22516bffdf9025b740c4c955b1021f9255f2a3f795835296b3bd1b3e"", ""train"": ""1c505939b9041ae4c0d3a6cb8fed653a45a42aab74a7b74f7d73f3d333b9f716"", ""valid"": ""19ea50b168cd601e3bb52e24f07102402cc7315b7f30895ff4ee0da1c8a931c8""}","{""family"": ""sensitivity"", ""only_difference"": ""only L changes from 256 to 512"", ""retrain_required"": true, ""source_stage"": ""stage5"", ""test_used_for_selection"": false, ""variant_id"": ""sensitivity_L512""}",02290e3d22516bffdf9025b740c4c955b1021f9255f2a3f795835296b3bd1b3e,False,1000000,all_trace_pages,dataset/processed/finals_v3_official/dedup_pressure/test.csv,sensitivity_L512,outputs/results/finals_v3_official/stage5_sensitivity/raw/sensitivity_L512/dedup_pressure/seed_3136859.json.variant_manifest.json,1045555.0,dedup_pressure,dedup_pressure
official,3.079008427827311,8,valid_trace,"{""EndToEndRecall@K"": 1.0, ""NRegret"": 0.0, ""PoolRecall@B"": 1.0, ""SelectorRecall@K"": 1.0, ""TieCoverage@K"": 1.0}","{""avg_selector_time_ms"": 0.06675465440929797, ""decision_count"": 2459, ""max_B_t"": 8, ""max_K_t"": 8, ""mean_B_t"": 8.0, ""mean_K_t"": 8.0, ""min_B_t"": 8, ""min_K_t"": 8, ""selector_time_seconds"": 0.1641496951924637}",capd_selector_B_to_K,/home/likc/Q-former-for-OS/outputs/checkpoints/finals_v3_official/stage5_ablation/no_filter_B8_K8/canneal/seed_3136859/qmap_best.pth,d526b4c4a1b199f81562d174fd72c48a5a583d4cd98dbfdf5aa7878f36b712d8,qmap/qmap_eval.py --config /home/likc/Q-former-for-OS/dataset/jsonl/finals_v3_official/stage5_ablation/no_filter_B8_K8/canneal/resolved_config.json --selector_params /home/likc/Q-former-for-OS/dataset/jsonl/finals_v3_official/stage5_ablation/no_filter_B8_K8/canneal/selector_params.json --policy qmap --checkpoint /home/likc/Q-former-for-OS/outputs/checkpoints/finals_v3_official/stage5_ablation/no_filter_B8_K8/canneal/seed_3136859/qmap_best.pth --json_output /home/likc/Q-former-for-OS/outputs/results/finals_v3_official/stage5_ablation/raw/no_filter_B8_K8/canneal/seed_3136859.json,0f4bef810d18e2d79f9ed973a1a0bccfb7fb0ceecbf7d287a073182696e9633e,CAPD-MIC-1.0,"{""dram_read_cost"": 1.0, ""dram_write_cost"": 1.0, ""migration_cost"": 10.0, ""nvm_read_cost"": 2.0, ""nvm_write_cost"": 8.0}",fd9f3359900bdf868d9e985f967428aa6588c79b6d4944d08864b09cfbc51589,capd_finals_v3_official_data_v1,5986f7d63d4b81da33feb24a9c6a7d3db51c339d421e1322d4f80b7bc3249bdb,2459,,7.571281724027358,none,64,empty,single_seed_sensitivity,"{""B"": 8, ""D"": 64, ""H"": 10, ""Hc"": 256, ""K"": 8, ""L"": 256, ""Lres"": 256, ""approx_ndcg_alpha"": 10.0, ""artifact_class"": ""official"", ""contract_id"": ""CAPD-MIC-1.0"", ""dirty_demotion_nvm_write"": ""none"", ""dram_initial_state"": ""empty"", ""first_touch_accounting"": ""nvm_access"", ""initial_residency"": ""all_trace_pages_in_nvm"", ""lambda_w"": 4.0, ""lru_direction"": ""oldest_is_one"", ""nvm_capacity_pages"": null, ""page_oov"": ""unk"", ""page_state_dim"": 4, ""page_vocab_fit"": ""train_only"", ""pc_oov"": ""unk"", ""pc_vocab_fit"": ""train_only"", ""position_encoding"": ""sinusoidal"", ""run_profile"": ""official"", ""schema_version"": ""capd_finals_v3_0"", ""selector_recall_tie"": ""any_hit"", ""shared_page_embedding"": true, ""stage5_variant_family"": ""ablation"", ""stage5_variant_id"": ""no_filter_B8_K8"", ""tail_policy"": ""drop_incomplete_window"", ""trace_page_backing"": ""all_trace_pages"", ""training_scope"": ""per_workload"", ""validation_guard_accesses"": 256, ""validation_holdout_fraction"": 0.2, ""validation_strategy"": ""independent_valid_trace""}",nvm_access,2bd07f29a639d54db5180b57651842ce95dd3014,0.987385,98.7385,197477,all_trace_pages_in_nvm,2459,2523,3136859,,2507,16,qmap,0,0.0,0,official,COMPLETED,capd_finals_v3_0,db45c608e89a2b24b45f19fc2908036d86889b1151b41e9ea82d316db3790cf9,/home/likc/Q-former-for-OS/dataset/jsonl/finals_v3_official/stage5_ablation/no_filter_B8_K8/canneal/selector_params.json,no_filter_B8_K8,33ee5f0f77966a23dfad7b07a1b50779a849fe27ed2da0a0d13b1a3adbb74686,"{""test"": ""3a5ecb35b4aec98a8fb470483ce0427d4da21ede1e3af387d9b7d61bccf6138e"", ""train"": ""4a98f01a328d2d86b680fde62818163ceb2403392f59676210ea22989c3b773f"", ""valid"": ""2805d4cf2a4d5d2051a0db3baf6ded3abf7d720f82eae3071f0746f4fcaee142""}","{""family"": ""ablation"", ""only_difference"": ""B=K=8 and P_t=C_t; bypass B-to-K selection"", ""retrain_required"": true, ""shared_sensitivity_alias"": ""sensitivity_B8"", ""source_stage"": ""stage5"", ""test_used_for_selection"": false, ""variant_id"": ""no_filter_B8_K8""}",3a5ecb35b4aec98a8fb470483ce0427d4da21ede1e3af387d9b7d61bccf6138e,False,200000,all_trace_pages,dataset/processed/finals_v3_official/canneal/test.csv,sensitivity_B8,outputs/results/finals_v3_official/stage5_ablation/raw/no_filter_B8_K8/canneal/seed_3136859.json.variant_manifest.json,227209.0,canneal,canneal
official,3.19486441032202,8,valid_trace,"{""EndToEndRecall@K"": 1.0, ""NRegret"": 0.0, ""PoolRecall@B"": 1.0, ""SelectorRecall@K"": 1.0, ""TieCoverage@K"": 1.0}","{""avg_selector_time_ms"": 0.07140920634929271, ""decision_count"": 2778, ""max_B_t"": 8, ""max_K_t"": 8, ""mean_B_t"": 8.0, ""mean_K_t"": 8.0, ""min_B_t"": 8, ""min_K_t"": 8, ""selector_time_seconds"": 0.19837477523833513}",capd_selector_B_to_K,/home/likc/Q-former-for-OS/outputs/checkpoints/finals_v3_official/stage5_ablation/no_filter_B8_K8/streamcluster_pressure/seed_3136859/qmap_best.pth,e85b187ffd5395e2db6dee65898eef67404f132c538a48ea985e146140a25e25,qmap/qmap_eval.py --config /home/likc/Q-former-for-OS/dataset/jsonl/finals_v3_official/stage5_ablation/no_filter_B8_K8/streamcluster_pressure/resolved_config.json --selector_params /home/likc/Q-former-for-OS/dataset/jsonl/finals_v3_official/stage5_ablation/no_filter_B8_K8/streamcluster_pressure/selector_params.json --policy qmap --checkpoint /home/likc/Q-former-for-OS/outputs/checkpoints/finals_v3_official/stage5_ablation/no_filter_B8_K8/streamcluster_pressure/seed_3136859/qmap_best.pth --json_output /home/likc/Q-former-for-OS/outputs/results/finals_v3_official/stage5_ablation/raw/no_filter_B8_K8/streamcluster_pressure/seed_3136859.json,8656a8daa7d9334a99d475ac2cd6b816f2ff5a753e28b5f63ddc7935c292ac79,CAPD-MIC-1.0,"{""dram_read_cost"": 1.0, ""dram_write_cost"": 1.0, ""migration_cost"": 10.0, ""nvm_read_cost"": 2.0, ""nvm_write_cost"": 8.0}",fd9f3359900bdf868d9e985f967428aa6588c79b6d4944d08864b09cfbc51589,capd_finals_v3_official_data_v1,2b31c00b19945884a09cc6fc8f3d451aad73f0d03b98a350ef540960609ea2c4,2778,,8.875333331874572,none,64,empty,single_seed_sensitivity,"{""B"": 8, ""D"": 64, ""H"": 10, ""Hc"": 256, ""K"": 8, ""L"": 256, ""Lres"": 256, ""approx_ndcg_alpha"": 10.0, ""artifact_class"": ""official"", ""contract_id"": ""CAPD-MIC-1.0"", ""dirty_demotion_nvm_write"": ""none"", ""dram_initial_state"": ""empty"", ""first_touch_accounting"": ""nvm_access"", ""initial_residency"": ""all_trace_pages_in_nvm"", ""lambda_w"": 4.0, ""lru_direction"": ""oldest_is_one"", ""nvm_capacity_pages"": null, ""page_oov"": ""unk"", ""page_state_dim"": 4, ""page_vocab_fit"": ""train_only"", ""pc_oov"": ""unk"", ""pc_vocab_fit"": ""train_only"", ""position_encoding"": ""sinusoidal"", ""run_profile"": ""official"", ""schema_version"": ""capd_finals_v3_0"", ""selector_recall_tie"": ""any_hit"", ""shared_page_embedding"": true, ""stage5_variant_family"": ""ablation"", ""stage5_variant_id"": ""no_filter_B8_K8"", ""tail_policy"": ""drop_incomplete_window"", ""trace_page_backing"": ""all_trace_pages"", ""training_scope"": ""per_workload"", ""validation_guard_accesses"": 256, ""validation_holdout_fraction"": 0.2, ""validation_strategy"": ""independent_valid_trace""}",nvm_access,2bd07f29a639d54db5180b57651842ce95dd3014,0.98579,98.57900000000001,197158,all_trace_pages_in_nvm,2778,2842,3136859,,2841,1,qmap,0,0.0,0,official,COMPLETED,capd_finals_v3_0,0e09eb2f6604bd0c5d8c7693317ad63b69ae8160b40a23364291780dffe79fc6,/home/likc/Q-former-for-OS/dataset/jsonl/finals_v3_official/stage5_ablation/no_filter_B8_K8/streamcluster_pressure/selector_params.json,no_filter_B8_K8,d12c5e2507c333421709ab37c1d555e50426674e3853c88759c2d44237c70235,"{""test"": ""7620aef325310ef88b78b935ed6818bba5f6c0cfdadf624f1f9aad9570ac62d7"", ""train"": ""a04bbff36eccb0091d933efd69a390c150114d67bc6644f3dbdf0991897f252d"", ""valid"": ""e7d875df6e1247bd71320d4b9e1c3e2a3e029a33dce94ad109d8289342951774""}","{""family"": ""ablation"", ""only_difference"": ""B=K=8 and P_t=C_t; bypass B-to-K selection"", ""retrain_required"": true, ""shared_sensitivity_alias"": ""sensitivity_B8"", ""source_stage"": ""stage5"", ""test_used_for_selection"": false, ""variant_id"": ""no_filter_B8_K8""}",7620aef325310ef88b78b935ed6818bba5f6c0cfdadf624f1f9aad9570ac62d7,False,200000,all_trace_pages,dataset/processed/finals_v3_official/streamcluster_pressure/test.csv,sensitivity_B8,outputs/results/finals_v3_official/stage5_ablation/raw/no_filter_B8_K8/streamcluster_pressure/seed_3136859.json.variant_manifest.json,230628.0,streamcluster_pressure,streamcluster_pressure
official,2.869324292880323,8,valid_trace,"{""EndToEndRecall@K"": 1.0, ""NRegret"": 0.0, ""PoolRecall@B"": 1.0, ""SelectorRecall@K"": 1.0, ""TieCoverage@K"": 1.0}","{""avg_selector_time_ms"": 0.06531638745304325, ""decision_count"": 3256, ""max_B_t"": 8, ""max_K_t"": 8, ""mean_B_t"": 8.0, ""mean_K_t"": 8.0, ""min_B_t"": 8, ""min_K_t"": 8, ""selector_time_seconds"": 0.21267015754710883}",capd_selector_B_to_K,/home/likc/Q-former-for-OS/outputs/checkpoints/finals_v3_official/stage5_ablation/no_filter_B8_K8/dedup_pressure/seed_3136859/qmap_best.pth,1dc9a0262bf88f59efab195829b440df06aa463dbe9aab4e666140c7ee7ac2a8,qmap/qmap_eval.py --config /home/likc/Q-former-for-OS/dataset/jsonl/finals_v3_official/stage5_ablation/no_filter_B8_K8/dedup_pressure/resolved_config.json --selector_params /home/likc/Q-former-for-OS/dataset/jsonl/finals_v3_official/stage5_ablation/no_filter_B8_K8/dedup_pressure/selector_params.json --policy qmap --checkpoint /home/likc/Q-former-for-OS/outputs/checkpoints/finals_v3_official/stage5_ablation/no_filter_B8_K8/dedup_pressure/seed_3136859/qmap_best.pth --json_output /home/likc/Q-former-for-OS/outputs/results/finals_v3_official/stage5_ablation/raw/no_filter_B8_K8/dedup_pressure/seed_3136859.json,cbd6c5be5d2bb91cd27bfe42cc07a7f0ce6b98b3f8b13da7a53b2359ae816dff,CAPD-MIC-1.0,"{""dram_read_cost"": 1.0, ""dram_write_cost"": 1.0, ""migration_cost"": 10.0, ""nvm_read_cost"": 2.0, ""nvm_write_cost"": 8.0}",fd9f3359900bdf868d9e985f967428aa6588c79b6d4944d08864b09cfbc51589,capd_finals_v3_official_data_v1,d42012b4222091383fc3dfd7eb084dfe4c714512f067aaf7620d37dc844f4fa8,3256,,9.342519897618331,none,64,empty,single_seed_sensitivity,"{""B"": 8, ""D"": 64, ""H"": 10, ""Hc"": 256, ""K"": 8, ""L"": 256, ""Lres"": 256, ""approx_ndcg_alpha"": 10.0, ""artifact_class"": ""official"", ""contract_id"": ""CAPD-MIC-1.0"", ""dirty_demotion_nvm_write"": ""none"", ""dram_initial_state"": ""empty"", ""first_touch_accounting"": ""nvm_access"", ""initial_residency"": ""all_trace_pages_in_nvm"", ""lambda_w"": 4.0, ""lru_direction"": ""oldest_is_one"", ""nvm_capacity_pages"": null, ""page_oov"": ""unk"", ""page_state_dim"": 4, ""page_vocab_fit"": ""train_only"", ""pc_oov"": ""unk"", ""pc_vocab_fit"": ""train_only"", ""position_encoding"": ""sinusoidal"", ""run_profile"": ""official"", ""schema_version"": ""capd_finals_v3_0"", ""selector_recall_tie"": ""any_hit"", ""shared_page_embedding"": true, ""stage5_variant_family"": ""ablation"", ""stage5_variant_id"": ""no_filter_B8_K8"", ""tail_policy"": ""drop_incomplete_window"", ""trace_page_backing"": ""all_trace_pages"", ""training_scope"": ""per_workload"", ""validation_guard_accesses"": 256, ""validation_holdout_fraction"": 0.2, ""validation_strategy"": ""independent_valid_trace""}",nvm_access,2bd07f29a639d54db5180b57651842ce95dd3014,0.99668,99.668,996680,all_trace_pages_in_nvm,3256,3320,3136859,,1777,1543,qmap,0,0.0,0,official,COMPLETED,capd_finals_v3_0,c1b59679512f189791750e226f535a690aeebebb6c57f91e8773283b1512371a,/home/likc/Q-former-for-OS/dataset/jsonl/finals_v3_official/stage5_ablation/no_filter_B8_K8/dedup_pressure/selector_params.json,no_filter_B8_K8,1c04935e3188eed4d2e7d6217b2e156253448b2967c26905353476190dd8f439,"{""test"": ""02290e3d22516bffdf9025b740c4c955b1021f9255f2a3f795835296b3bd1b3e"", ""train"": ""1c505939b9041ae4c0d3a6cb8fed653a45a42aab74a7b74f7d73f3d333b9f716"", ""valid"": ""19ea50b168cd601e3bb52e24f07102402cc7315b7f30895ff4ee0da1c8a931c8""}","{""family"": ""ablation"", ""only_difference"": ""B=K=8 and P_t=C_t; bypass B-to-K selection"", ""retrain_required"": true, ""shared_sensitivity_alias"": ""sensitivity_B8"", ""source_stage"": ""stage5"", ""test_used_for_selection"": false, ""variant_id"": ""no_filter_B8_K8""}",02290e3d22516bffdf9025b740c4c955b1021f9255f2a3f795835296b3bd1b3e,False,1000000,all_trace_pages,dataset/processed/finals_v3_official/dedup_pressure/test.csv,sensitivity_B8,outputs/results/finals_v3_official/stage5_ablation/raw/no_filter_B8_K8/dedup_pressure/seed_3136859.json.variant_manifest.json,1045138.0,dedup_pressure,dedup_pressure
