result_schema,artifact_schema,contract_id,run_profile,artifact_class,stage_status,run_status,workload,B,K,kind,feature,metric_source,config_fingerprint,selector_fingerprint,validation_samples_fingerprint,code_commit,command,selection_rule,grid_size,fallback_uniform,total_complete_decision_points,effective_decision_points,resolved_config_path,resolved_config_sha256,selector_params_path,selector_params_sha256,selector_validation_samples_path,selector_validation_samples_sha256,generator_summary_path,generator_summary_sha256,Delta,A,W,C,R,delta_SelectorRecall@K,delta_EndToEndRecall@K,delta_TieCoverage@K,delta_NRegret
capd_finals_v3_stage3_selector_1,capd_finals_v3_0,CAPD-MIC-1.0,official,official,STAGE3_IMPLEMENTED_UNVERIFIED,PASSED,canneal,8,8,single_feature,Delta,valid_trace,a7f59a2fe544455c38880a17343a12a1bdc6a5488daed84a3051e6692e69cb0d,4766323dc03faed6b548fe57f89697464bc0151b217618f156758cfb1133a0f0,b76105a54928adc769bb405d10c0f10dc673f71fddbefae40a14a754b52c478e,0e51d8193fdf94342faca29e7ca1ed2ef89a6880,scripts/run_capd_stage3_selector.py --repo-root /home/likc/Q-former-for-OS --artifact-root dataset/jsonl/finals_v3_official --workloads canneal streamcluster_pressure dedup_pressure --pool-sizes 8 16 32 64 --output outputs/results/finals_v3_official/stage3_selector,"selector_recall_desc,nregret_asc,uniform_distance,lexicographic",0,False,2377,69,dataset/jsonl/finals_v3_official/canneal/B8/resolved_config.json,99ade761ba07bebba7d81e660b5ce9765f8519ec33a38904c28b54a8e00bd13b,dataset/jsonl/finals_v3_official/canneal/B8/selector_params.json,d2ebabba47a8ed17abeef45ddb610f8b69657ee9f228a0370106855b7b4b09d0,dataset/jsonl/finals_v3_official/canneal/B8/selector_validation_samples.jsonl,b76105a54928adc769bb405d10c0f10dc673f71fddbefae40a14a754b52c478e,dataset/jsonl/finals_v3_official/canneal/B8/generator_summary.json,6fa2fe6e0410f5cfc7b80b6438c8d37528b21ce1704b3ddb159bea146797ed17,1.0,0.0,0.0,0.0,0.0,0.0,0.0,0.0,0.0
capd_finals_v3_stage3_selector_1,capd_finals_v3_0,CAPD-MIC-1.0,official,official,STAGE3_IMPLEMENTED_UNVERIFIED,PASSED,canneal,8,8,single_feature,A,valid_trace,a7f59a2fe544455c38880a17343a12a1bdc6a5488daed84a3051e6692e69cb0d,4766323dc03faed6b548fe57f89697464bc0151b217618f156758cfb1133a0f0,b76105a54928adc769bb405d10c0f10dc673f71fddbefae40a14a754b52c478e,0e51d8193fdf94342faca29e7ca1ed2ef89a6880,scripts/run_capd_stage3_selector.py --repo-root /home/likc/Q-former-for-OS --artifact-root dataset/jsonl/finals_v3_official --workloads canneal streamcluster_pressure dedup_pressure --pool-sizes 8 16 32 64 --output outputs/results/finals_v3_official/stage3_selector,"selector_recall_desc,nregret_asc,uniform_distance,lexicographic",0,False,2377,69,dataset/jsonl/finals_v3_official/canneal/B8/resolved_config.json,99ade761ba07bebba7d81e660b5ce9765f8519ec33a38904c28b54a8e00bd13b,dataset/jsonl/finals_v3_official/canneal/B8/selector_params.json,d2ebabba47a8ed17abeef45ddb610f8b69657ee9f228a0370106855b7b4b09d0,dataset/jsonl/finals_v3_official/canneal/B8/selector_validation_samples.jsonl,b76105a54928adc769bb405d10c0f10dc673f71fddbefae40a14a754b52c478e,dataset/jsonl/finals_v3_official/canneal/B8/generator_summary.json,6fa2fe6e0410f5cfc7b80b6438c8d37528b21ce1704b3ddb159bea146797ed17,0.0,1.0,0.0,0.0,0.0,0.0,0.0,0.0,0.0
capd_finals_v3_stage3_selector_1,capd_finals_v3_0,CAPD-MIC-1.0,official,official,STAGE3_IMPLEMENTED_UNVERIFIED,PASSED,canneal,8,8,single_feature,W,valid_trace,a7f59a2fe544455c38880a17343a12a1bdc6a5488daed84a3051e6692e69cb0d,4766323dc03faed6b548fe57f89697464bc0151b217618f156758cfb1133a0f0,b76105a54928adc769bb405d10c0f10dc673f71fddbefae40a14a754b52c478e,0e51d8193fdf94342faca29e7ca1ed2ef89a6880,scripts/run_capd_stage3_selector.py --repo-root /home/likc/Q-former-for-OS --artifact-root dataset/jsonl/finals_v3_official --workloads canneal streamcluster_pressure dedup_pressure --pool-sizes 8 16 32 64 --output outputs/results/finals_v3_official/stage3_selector,"selector_recall_desc,nregret_asc,uniform_distance,lexicographic",0,False,2377,69,dataset/jsonl/finals_v3_official/canneal/B8/resolved_config.json,99ade761ba07bebba7d81e660b5ce9765f8519ec33a38904c28b54a8e00bd13b,dataset/jsonl/finals_v3_official/canneal/B8/selector_params.json,d2ebabba47a8ed17abeef45ddb610f8b69657ee9f228a0370106855b7b4b09d0,dataset/jsonl/finals_v3_official/canneal/B8/selector_validation_samples.jsonl,b76105a54928adc769bb405d10c0f10dc673f71fddbefae40a14a754b52c478e,dataset/jsonl/finals_v3_official/canneal/B8/generator_summary.json,6fa2fe6e0410f5cfc7b80b6438c8d37528b21ce1704b3ddb159bea146797ed17,0.0,0.0,1.0,0.0,0.0,0.0,0.0,0.0,0.0
capd_finals_v3_stage3_selector_1,capd_finals_v3_0,CAPD-MIC-1.0,official,official,STAGE3_IMPLEMENTED_UNVERIFIED,PASSED,canneal,8,8,single_feature,C,valid_trace,a7f59a2fe544455c38880a17343a12a1bdc6a5488daed84a3051e6692e69cb0d,4766323dc03faed6b548fe57f89697464bc0151b217618f156758cfb1133a0f0,b76105a54928adc769bb405d10c0f10dc673f71fddbefae40a14a754b52c478e,0e51d8193fdf94342faca29e7ca1ed2ef89a6880,scripts/run_capd_stage3_selector.py --repo-root /home/likc/Q-former-for-OS --artifact-root dataset/jsonl/finals_v3_official --workloads canneal streamcluster_pressure dedup_pressure --pool-sizes 8 16 32 64 --output outputs/results/finals_v3_official/stage3_selector,"selector_recall_desc,nregret_asc,uniform_distance,lexicographic",0,False,2377,69,dataset/jsonl/finals_v3_official/canneal/B8/resolved_config.json,99ade761ba07bebba7d81e660b5ce9765f8519ec33a38904c28b54a8e00bd13b,dataset/jsonl/finals_v3_official/canneal/B8/selector_params.json,d2ebabba47a8ed17abeef45ddb610f8b69657ee9f228a0370106855b7b4b09d0,dataset/jsonl/finals_v3_official/canneal/B8/selector_validation_samples.jsonl,b76105a54928adc769bb405d10c0f10dc673f71fddbefae40a14a754b52c478e,dataset/jsonl/finals_v3_official/canneal/B8/generator_summary.json,6fa2fe6e0410f5cfc7b80b6438c8d37528b21ce1704b3ddb159bea146797ed17,0.0,0.0,0.0,1.0,0.0,0.0,0.0,0.0,0.0
capd_finals_v3_stage3_selector_1,capd_finals_v3_0,CAPD-MIC-1.0,official,official,STAGE3_IMPLEMENTED_UNVERIFIED,PASSED,canneal,8,8,single_feature,R,valid_trace,a7f59a2fe544455c38880a17343a12a1bdc6a5488daed84a3051e6692e69cb0d,4766323dc03faed6b548fe57f89697464bc0151b217618f156758cfb1133a0f0,b76105a54928adc769bb405d10c0f10dc673f71fddbefae40a14a754b52c478e,0e51d8193fdf94342faca29e7ca1ed2ef89a6880,scripts/run_capd_stage3_selector.py --repo-root /home/likc/Q-former-for-OS --artifact-root dataset/jsonl/finals_v3_official --workloads canneal streamcluster_pressure dedup_pressure --pool-sizes 8 16 32 64 --output outputs/results/finals_v3_official/stage3_selector,"selector_recall_desc,nregret_asc,uniform_distance,lexicographic",0,False,2377,69,dataset/jsonl/finals_v3_official/canneal/B8/resolved_config.json,99ade761ba07bebba7d81e660b5ce9765f8519ec33a38904c28b54a8e00bd13b,dataset/jsonl/finals_v3_official/canneal/B8/selector_params.json,d2ebabba47a8ed17abeef45ddb610f8b69657ee9f228a0370106855b7b4b09d0,dataset/jsonl/finals_v3_official/canneal/B8/selector_validation_samples.jsonl,b76105a54928adc769bb405d10c0f10dc673f71fddbefae40a14a754b52c478e,dataset/jsonl/finals_v3_official/canneal/B8/generator_summary.json,6fa2fe6e0410f5cfc7b80b6438c8d37528b21ce1704b3ddb159bea146797ed17,0.0,0.0,0.0,0.0,1.0,0.0,0.0,0.0,0.0
capd_finals_v3_stage3_selector_1,capd_finals_v3_0,CAPD-MIC-1.0,official,official,STAGE3_IMPLEMENTED_UNVERIFIED,PASSED,canneal,8,8,leave_one_out,Delta,valid_trace,a7f59a2fe544455c38880a17343a12a1bdc6a5488daed84a3051e6692e69cb0d,4766323dc03faed6b548fe57f89697464bc0151b217618f156758cfb1133a0f0,b76105a54928adc769bb405d10c0f10dc673f71fddbefae40a14a754b52c478e,0e51d8193fdf94342faca29e7ca1ed2ef89a6880,scripts/run_capd_stage3_selector.py --repo-root /home/likc/Q-former-for-OS --artifact-root dataset/jsonl/finals_v3_official --workloads canneal streamcluster_pressure dedup_pressure --pool-sizes 8 16 32 64 --output outputs/results/finals_v3_official/stage3_selector,"selector_recall_desc,nregret_asc,uniform_distance,lexicographic",286,False,2377,69,dataset/jsonl/finals_v3_official/canneal/B8/resolved_config.json,99ade761ba07bebba7d81e660b5ce9765f8519ec33a38904c28b54a8e00bd13b,dataset/jsonl/finals_v3_official/canneal/B8/selector_params.json,d2ebabba47a8ed17abeef45ddb610f8b69657ee9f228a0370106855b7b4b09d0,dataset/jsonl/finals_v3_official/canneal/B8/selector_validation_samples.jsonl,b76105a54928adc769bb405d10c0f10dc673f71fddbefae40a14a754b52c478e,dataset/jsonl/finals_v3_official/canneal/B8/generator_summary.json,6fa2fe6e0410f5cfc7b80b6438c8d37528b21ce1704b3ddb159bea146797ed17,0.0,0.2,0.2,0.3,0.3,0.0,0.0,0.0,0.0
capd_finals_v3_stage3_selector_1,capd_finals_v3_0,CAPD-MIC-1.0,official,official,STAGE3_IMPLEMENTED_UNVERIFIED,PASSED,canneal,8,8,leave_one_out,A,valid_trace,a7f59a2fe544455c38880a17343a12a1bdc6a5488daed84a3051e6692e69cb0d,4766323dc03faed6b548fe57f89697464bc0151b217618f156758cfb1133a0f0,b76105a54928adc769bb405d10c0f10dc673f71fddbefae40a14a754b52c478e,0e51d8193fdf94342faca29e7ca1ed2ef89a6880,scripts/run_capd_stage3_selector.py --repo-root /home/likc/Q-former-for-OS --artifact-root dataset/jsonl/finals_v3_official --workloads canneal streamcluster_pressure dedup_pressure --pool-sizes 8 16 32 64 --output outputs/results/finals_v3_official/stage3_selector,"selector_recall_desc,nregret_asc,uniform_distance,lexicographic",286,False,2377,69,dataset/jsonl/finals_v3_official/canneal/B8/resolved_config.json,99ade761ba07bebba7d81e660b5ce9765f8519ec33a38904c28b54a8e00bd13b,dataset/jsonl/finals_v3_official/canneal/B8/selector_params.json,d2ebabba47a8ed17abeef45ddb610f8b69657ee9f228a0370106855b7b4b09d0,dataset/jsonl/finals_v3_official/canneal/B8/selector_validation_samples.jsonl,b76105a54928adc769bb405d10c0f10dc673f71fddbefae40a14a754b52c478e,dataset/jsonl/finals_v3_official/canneal/B8/generator_summary.json,6fa2fe6e0410f5cfc7b80b6438c8d37528b21ce1704b3ddb159bea146797ed17,0.2,0.0,0.2,0.3,0.3,0.0,0.0,0.0,0.0
capd_finals_v3_stage3_selector_1,capd_finals_v3_0,CAPD-MIC-1.0,official,official,STAGE3_IMPLEMENTED_UNVERIFIED,PASSED,canneal,8,8,leave_one_out,W,valid_trace,a7f59a2fe544455c38880a17343a12a1bdc6a5488daed84a3051e6692e69cb0d,4766323dc03faed6b548fe57f89697464bc0151b217618f156758cfb1133a0f0,b76105a54928adc769bb405d10c0f10dc673f71fddbefae40a14a754b52c478e,0e51d8193fdf94342faca29e7ca1ed2ef89a6880,scripts/run_capd_stage3_selector.py --repo-root /home/likc/Q-former-for-OS --artifact-root dataset/jsonl/finals_v3_official --workloads canneal streamcluster_pressure dedup_pressure --pool-sizes 8 16 32 64 --output outputs/results/finals_v3_official/stage3_selector,"selector_recall_desc,nregret_asc,uniform_distance,lexicographic",286,False,2377,69,dataset/jsonl/finals_v3_official/canneal/B8/resolved_config.json,99ade761ba07bebba7d81e660b5ce9765f8519ec33a38904c28b54a8e00bd13b,dataset/jsonl/finals_v3_official/canneal/B8/selector_params.json,d2ebabba47a8ed17abeef45ddb610f8b69657ee9f228a0370106855b7b4b09d0,dataset/jsonl/finals_v3_official/canneal/B8/selector_validation_samples.jsonl,b76105a54928adc769bb405d10c0f10dc673f71fddbefae40a14a754b52c478e,dataset/jsonl/finals_v3_official/canneal/B8/generator_summary.json,6fa2fe6e0410f5cfc7b80b6438c8d37528b21ce1704b3ddb159bea146797ed17,0.2,0.2,0.0,0.3,0.3,0.0,0.0,0.0,0.0
capd_finals_v3_stage3_selector_1,capd_finals_v3_0,CAPD-MIC-1.0,official,official,STAGE3_IMPLEMENTED_UNVERIFIED,PASSED,canneal,8,8,leave_one_out,C,valid_trace,a7f59a2fe544455c38880a17343a12a1bdc6a5488daed84a3051e6692e69cb0d,4766323dc03faed6b548fe57f89697464bc0151b217618f156758cfb1133a0f0,b76105a54928adc769bb405d10c0f10dc673f71fddbefae40a14a754b52c478e,0e51d8193fdf94342faca29e7ca1ed2ef89a6880,scripts/run_capd_stage3_selector.py --repo-root /home/likc/Q-former-for-OS --artifact-root dataset/jsonl/finals_v3_official --workloads canneal streamcluster_pressure dedup_pressure --pool-sizes 8 16 32 64 --output outputs/results/finals_v3_official/stage3_selector,"selector_recall_desc,nregret_asc,uniform_distance,lexicographic",286,False,2377,69,dataset/jsonl/finals_v3_official/canneal/B8/resolved_config.json,99ade761ba07bebba7d81e660b5ce9765f8519ec33a38904c28b54a8e00bd13b,dataset/jsonl/finals_v3_official/canneal/B8/selector_params.json,d2ebabba47a8ed17abeef45ddb610f8b69657ee9f228a0370106855b7b4b09d0,dataset/jsonl/finals_v3_official/canneal/B8/selector_validation_samples.jsonl,b76105a54928adc769bb405d10c0f10dc673f71fddbefae40a14a754b52c478e,dataset/jsonl/finals_v3_official/canneal/B8/generator_summary.json,6fa2fe6e0410f5cfc7b80b6438c8d37528b21ce1704b3ddb159bea146797ed17,0.2,0.2,0.3,0.0,0.3,0.0,0.0,0.0,0.0
capd_finals_v3_stage3_selector_1,capd_finals_v3_0,CAPD-MIC-1.0,official,official,STAGE3_IMPLEMENTED_UNVERIFIED,PASSED,canneal,8,8,leave_one_out,R,valid_trace,a7f59a2fe544455c38880a17343a12a1bdc6a5488daed84a3051e6692e69cb0d,4766323dc03faed6b548fe57f89697464bc0151b217618f156758cfb1133a0f0,b76105a54928adc769bb405d10c0f10dc673f71fddbefae40a14a754b52c478e,0e51d8193fdf94342faca29e7ca1ed2ef89a6880,scripts/run_capd_stage3_selector.py --repo-root /home/likc/Q-former-for-OS --artifact-root dataset/jsonl/finals_v3_official --workloads canneal streamcluster_pressure dedup_pressure --pool-sizes 8 16 32 64 --output outputs/results/finals_v3_official/stage3_selector,"selector_recall_desc,nregret_asc,uniform_distance,lexicographic",286,False,2377,69,dataset/jsonl/finals_v3_official/canneal/B8/resolved_config.json,99ade761ba07bebba7d81e660b5ce9765f8519ec33a38904c28b54a8e00bd13b,dataset/jsonl/finals_v3_official/canneal/B8/selector_params.json,d2ebabba47a8ed17abeef45ddb610f8b69657ee9f228a0370106855b7b4b09d0,dataset/jsonl/finals_v3_official/canneal/B8/selector_validation_samples.jsonl,b76105a54928adc769bb405d10c0f10dc673f71fddbefae40a14a754b52c478e,dataset/jsonl/finals_v3_official/canneal/B8/generator_summary.json,6fa2fe6e0410f5cfc7b80b6438c8d37528b21ce1704b3ddb159bea146797ed17,0.2,0.2,0.3,0.3,0.0,0.0,0.0,0.0,0.0
capd_finals_v3_stage3_selector_1,capd_finals_v3_0,CAPD-MIC-1.0,official,official,STAGE3_IMPLEMENTED_UNVERIFIED,PASSED,canneal,16,8,single_feature,Delta,valid_trace,c09904e6ec23727fb0610a2c113595c3fff7934bcc06f34f7cca5605521e2b1e,ab261cae040b4ae118199db091ad26e42cde7e547be5dd562cd690d3235808c4,f062b2d885f5d970cc20d9a1447f3de3889242ddab553cb4237d1cb215a17347,0e51d8193fdf94342faca29e7ca1ed2ef89a6880,scripts/run_capd_stage3_selector.py --repo-root /home/likc/Q-former-for-OS --artifact-root dataset/jsonl/finals_v3_official --workloads canneal streamcluster_pressure dedup_pressure --pool-sizes 8 16 32 64 --output outputs/results/finals_v3_official/stage3_selector,"selector_recall_desc,nregret_asc,uniform_distance,lexicographic",0,False,2377,164,dataset/jsonl/finals_v3_official/canneal/B16/resolved_config.json,3f7aca7af66dd69b006deabcb21ceaeb5f5775bab96f18d358fb266625e1dfb9,dataset/jsonl/finals_v3_official/canneal/B16/selector_params.json,a3d6331e3b3506cb8db608730dcfe19adaa5f311d3eee6a4c8cb59c52eda7b37,dataset/jsonl/finals_v3_official/canneal/B16/selector_validation_samples.jsonl,f062b2d885f5d970cc20d9a1447f3de3889242ddab553cb4237d1cb215a17347,dataset/jsonl/finals_v3_official/canneal/B16/generator_summary.json,86b0cdfb9d1d634326d29a02e82218348edc941bd06f42028b67253633957275,1.0,0.0,0.0,0.0,0.0,0.0,0.0,0.00048711630537479067,0.0
capd_finals_v3_stage3_selector_1,capd_finals_v3_0,CAPD-MIC-1.0,official,official,STAGE3_IMPLEMENTED_UNVERIFIED,PASSED,canneal,16,8,single_feature,A,valid_trace,c09904e6ec23727fb0610a2c113595c3fff7934bcc06f34f7cca5605521e2b1e,ab261cae040b4ae118199db091ad26e42cde7e547be5dd562cd690d3235808c4,f062b2d885f5d970cc20d9a1447f3de3889242ddab553cb4237d1cb215a17347,0e51d8193fdf94342faca29e7ca1ed2ef89a6880,scripts/run_capd_stage3_selector.py --repo-root /home/likc/Q-former-for-OS --artifact-root dataset/jsonl/finals_v3_official --workloads canneal streamcluster_pressure dedup_pressure --pool-sizes 8 16 32 64 --output outputs/results/finals_v3_official/stage3_selector,"selector_recall_desc,nregret_asc,uniform_distance,lexicographic",0,False,2377,164,dataset/jsonl/finals_v3_official/canneal/B16/resolved_config.json,3f7aca7af66dd69b006deabcb21ceaeb5f5775bab96f18d358fb266625e1dfb9,dataset/jsonl/finals_v3_official/canneal/B16/selector_params.json,a3d6331e3b3506cb8db608730dcfe19adaa5f311d3eee6a4c8cb59c52eda7b37,dataset/jsonl/finals_v3_official/canneal/B16/selector_validation_samples.jsonl,f062b2d885f5d970cc20d9a1447f3de3889242ddab553cb4237d1cb215a17347,dataset/jsonl/finals_v3_official/canneal/B16/generator_summary.json,86b0cdfb9d1d634326d29a02e82218348edc941bd06f42028b67253633957275,0.0,1.0,0.0,0.0,0.0,0.0,0.0,0.00048711630537479067,0.0
capd_finals_v3_stage3_selector_1,capd_finals_v3_0,CAPD-MIC-1.0,official,official,STAGE3_IMPLEMENTED_UNVERIFIED,PASSED,canneal,16,8,single_feature,W,valid_trace,c09904e6ec23727fb0610a2c113595c3fff7934bcc06f34f7cca5605521e2b1e,ab261cae040b4ae118199db091ad26e42cde7e547be5dd562cd690d3235808c4,f062b2d885f5d970cc20d9a1447f3de3889242ddab553cb4237d1cb215a17347,0e51d8193fdf94342faca29e7ca1ed2ef89a6880,scripts/run_capd_stage3_selector.py --repo-root /home/likc/Q-former-for-OS --artifact-root dataset/jsonl/finals_v3_official --workloads canneal streamcluster_pressure dedup_pressure --pool-sizes 8 16 32 64 --output outputs/results/finals_v3_official/stage3_selector,"selector_recall_desc,nregret_asc,uniform_distance,lexicographic",0,False,2377,164,dataset/jsonl/finals_v3_official/canneal/B16/resolved_config.json,3f7aca7af66dd69b006deabcb21ceaeb5f5775bab96f18d358fb266625e1dfb9,dataset/jsonl/finals_v3_official/canneal/B16/selector_params.json,a3d6331e3b3506cb8db608730dcfe19adaa5f311d3eee6a4c8cb59c52eda7b37,dataset/jsonl/finals_v3_official/canneal/B16/selector_validation_samples.jsonl,f062b2d885f5d970cc20d9a1447f3de3889242ddab553cb4237d1cb215a17347,dataset/jsonl/finals_v3_official/canneal/B16/generator_summary.json,86b0cdfb9d1d634326d29a02e82218348edc941bd06f42028b67253633957275,0.0,0.0,1.0,0.0,0.0,0.0,0.0,0.00048711630537479067,0.0
capd_finals_v3_stage3_selector_1,capd_finals_v3_0,CAPD-MIC-1.0,official,official,STAGE3_IMPLEMENTED_UNVERIFIED,PASSED,canneal,16,8,single_feature,C,valid_trace,c09904e6ec23727fb0610a2c113595c3fff7934bcc06f34f7cca5605521e2b1e,ab261cae040b4ae118199db091ad26e42cde7e547be5dd562cd690d3235808c4,f062b2d885f5d970cc20d9a1447f3de3889242ddab553cb4237d1cb215a17347,0e51d8193fdf94342faca29e7ca1ed2ef89a6880,scripts/run_capd_stage3_selector.py --repo-root /home/likc/Q-former-for-OS --artifact-root dataset/jsonl/finals_v3_official --workloads canneal streamcluster_pressure dedup_pressure --pool-sizes 8 16 32 64 --output outputs/results/finals_v3_official/stage3_selector,"selector_recall_desc,nregret_asc,uniform_distance,lexicographic",0,False,2377,164,dataset/jsonl/finals_v3_official/canneal/B16/resolved_config.json,3f7aca7af66dd69b006deabcb21ceaeb5f5775bab96f18d358fb266625e1dfb9,dataset/jsonl/finals_v3_official/canneal/B16/selector_params.json,a3d6331e3b3506cb8db608730dcfe19adaa5f311d3eee6a4c8cb59c52eda7b37,dataset/jsonl/finals_v3_official/canneal/B16/selector_validation_samples.jsonl,f062b2d885f5d970cc20d9a1447f3de3889242ddab553cb4237d1cb215a17347,dataset/jsonl/finals_v3_official/canneal/B16/generator_summary.json,86b0cdfb9d1d634326d29a02e82218348edc941bd06f42028b67253633957275,0.0,0.0,0.0,1.0,0.0,0.0,0.0,-8.614299737536024e-05,0.0
capd_finals_v3_stage3_selector_1,capd_finals_v3_0,CAPD-MIC-1.0,official,official,STAGE3_IMPLEMENTED_UNVERIFIED,PASSED,canneal,16,8,single_feature,R,valid_trace,c09904e6ec23727fb0610a2c113595c3fff7934bcc06f34f7cca5605521e2b1e,ab261cae040b4ae118199db091ad26e42cde7e547be5dd562cd690d3235808c4,f062b2d885f5d970cc20d9a1447f3de3889242ddab553cb4237d1cb215a17347,0e51d8193fdf94342faca29e7ca1ed2ef89a6880,scripts/run_capd_stage3_selector.py --repo-root /home/likc/Q-former-for-OS --artifact-root dataset/jsonl/finals_v3_official --workloads canneal streamcluster_pressure dedup_pressure --pool-sizes 8 16 32 64 --output outputs/results/finals_v3_official/stage3_selector,"selector_recall_desc,nregret_asc,uniform_distance,lexicographic",0,False,2377,164,dataset/jsonl/finals_v3_official/canneal/B16/resolved_config.json,3f7aca7af66dd69b006deabcb21ceaeb5f5775bab96f18d358fb266625e1dfb9,dataset/jsonl/finals_v3_official/canneal/B16/selector_params.json,a3d6331e3b3506cb8db608730dcfe19adaa5f311d3eee6a4c8cb59c52eda7b37,dataset/jsonl/finals_v3_official/canneal/B16/selector_validation_samples.jsonl,f062b2d885f5d970cc20d9a1447f3de3889242ddab553cb4237d1cb215a17347,dataset/jsonl/finals_v3_official/canneal/B16/generator_summary.json,86b0cdfb9d1d634326d29a02e82218348edc941bd06f42028b67253633957275,0.0,0.0,0.0,0.0,1.0,0.0,0.0,0.00048711630537479067,0.0
capd_finals_v3_stage3_selector_1,capd_finals_v3_0,CAPD-MIC-1.0,official,official,STAGE3_IMPLEMENTED_UNVERIFIED,PASSED,canneal,16,8,leave_one_out,Delta,valid_trace,c09904e6ec23727fb0610a2c113595c3fff7934bcc06f34f7cca5605521e2b1e,ab261cae040b4ae118199db091ad26e42cde7e547be5dd562cd690d3235808c4,f062b2d885f5d970cc20d9a1447f3de3889242ddab553cb4237d1cb215a17347,0e51d8193fdf94342faca29e7ca1ed2ef89a6880,scripts/run_capd_stage3_selector.py --repo-root /home/likc/Q-former-for-OS --artifact-root dataset/jsonl/finals_v3_official --workloads canneal streamcluster_pressure dedup_pressure --pool-sizes 8 16 32 64 --output outputs/results/finals_v3_official/stage3_selector,"selector_recall_desc,nregret_asc,uniform_distance,lexicographic",286,False,2377,164,dataset/jsonl/finals_v3_official/canneal/B16/resolved_config.json,3f7aca7af66dd69b006deabcb21ceaeb5f5775bab96f18d358fb266625e1dfb9,dataset/jsonl/finals_v3_official/canneal/B16/selector_params.json,a3d6331e3b3506cb8db608730dcfe19adaa5f311d3eee6a4c8cb59c52eda7b37,dataset/jsonl/finals_v3_official/canneal/B16/selector_validation_samples.jsonl,f062b2d885f5d970cc20d9a1447f3de3889242ddab553cb4237d1cb215a17347,dataset/jsonl/finals_v3_official/canneal/B16/generator_summary.json,86b0cdfb9d1d634326d29a02e82218348edc941bd06f42028b67253633957275,0.0,0.2,0.2,0.3,0.3,0.0,0.0,-5.809644009030501e-05,0.0
capd_finals_v3_stage3_selector_1,capd_finals_v3_0,CAPD-MIC-1.0,official,official,STAGE3_IMPLEMENTED_UNVERIFIED,PASSED,canneal,16,8,leave_one_out,A,valid_trace,c09904e6ec23727fb0610a2c113595c3fff7934bcc06f34f7cca5605521e2b1e,ab261cae040b4ae118199db091ad26e42cde7e547be5dd562cd690d3235808c4,f062b2d885f5d970cc20d9a1447f3de3889242ddab553cb4237d1cb215a17347,0e51d8193fdf94342faca29e7ca1ed2ef89a6880,scripts/run_capd_stage3_selector.py --repo-root /home/likc/Q-former-for-OS --artifact-root dataset/jsonl/finals_v3_official --workloads canneal streamcluster_pressure dedup_pressure --pool-sizes 8 16 32 64 --output outputs/results/finals_v3_official/stage3_selector,"selector_recall_desc,nregret_asc,uniform_distance,lexicographic",286,False,2377,164,dataset/jsonl/finals_v3_official/canneal/B16/resolved_config.json,3f7aca7af66dd69b006deabcb21ceaeb5f5775bab96f18d358fb266625e1dfb9,dataset/jsonl/finals_v3_official/canneal/B16/selector_params.json,a3d6331e3b3506cb8db608730dcfe19adaa5f311d3eee6a4c8cb59c52eda7b37,dataset/jsonl/finals_v3_official/canneal/B16/selector_validation_samples.jsonl,f062b2d885f5d970cc20d9a1447f3de3889242ddab553cb4237d1cb215a17347,dataset/jsonl/finals_v3_official/canneal/B16/generator_summary.json,86b0cdfb9d1d634326d29a02e82218348edc941bd06f42028b67253633957275,0.2,0.0,0.2,0.3,0.3,0.0,0.0,-3.0049882805194272e-05,0.0
capd_finals_v3_stage3_selector_1,capd_finals_v3_0,CAPD-MIC-1.0,official,official,STAGE3_IMPLEMENTED_UNVERIFIED,PASSED,canneal,16,8,leave_one_out,W,valid_trace,c09904e6ec23727fb0610a2c113595c3fff7934bcc06f34f7cca5605521e2b1e,ab261cae040b4ae118199db091ad26e42cde7e547be5dd562cd690d3235808c4,f062b2d885f5d970cc20d9a1447f3de3889242ddab553cb4237d1cb215a17347,0e51d8193fdf94342faca29e7ca1ed2ef89a6880,scripts/run_capd_stage3_selector.py --repo-root /home/likc/Q-former-for-OS --artifact-root dataset/jsonl/finals_v3_official --workloads canneal streamcluster_pressure dedup_pressure --pool-sizes 8 16 32 64 --output outputs/results/finals_v3_official/stage3_selector,"selector_recall_desc,nregret_asc,uniform_distance,lexicographic",286,False,2377,164,dataset/jsonl/finals_v3_official/canneal/B16/resolved_config.json,3f7aca7af66dd69b006deabcb21ceaeb5f5775bab96f18d358fb266625e1dfb9,dataset/jsonl/finals_v3_official/canneal/B16/selector_params.json,a3d6331e3b3506cb8db608730dcfe19adaa5f311d3eee6a4c8cb59c52eda7b37,dataset/jsonl/finals_v3_official/canneal/B16/selector_validation_samples.jsonl,f062b2d885f5d970cc20d9a1447f3de3889242ddab553cb4237d1cb215a17347,dataset/jsonl/finals_v3_official/canneal/B16/generator_summary.json,86b0cdfb9d1d634326d29a02e82218348edc941bd06f42028b67253633957275,0.2,0.2,0.0,0.3,0.3,0.0,0.0,-3.0049882805194272e-05,0.0
capd_finals_v3_stage3_selector_1,capd_finals_v3_0,CAPD-MIC-1.0,official,official,STAGE3_IMPLEMENTED_UNVERIFIED,PASSED,canneal,16,8,leave_one_out,C,valid_trace,c09904e6ec23727fb0610a2c113595c3fff7934bcc06f34f7cca5605521e2b1e,ab261cae040b4ae118199db091ad26e42cde7e547be5dd562cd690d3235808c4,f062b2d885f5d970cc20d9a1447f3de3889242ddab553cb4237d1cb215a17347,0e51d8193fdf94342faca29e7ca1ed2ef89a6880,scripts/run_capd_stage3_selector.py --repo-root /home/likc/Q-former-for-OS --artifact-root dataset/jsonl/finals_v3_official --workloads canneal streamcluster_pressure dedup_pressure --pool-sizes 8 16 32 64 --output outputs/results/finals_v3_official/stage3_selector,"selector_recall_desc,nregret_asc,uniform_distance,lexicographic",286,False,2377,164,dataset/jsonl/finals_v3_official/canneal/B16/resolved_config.json,3f7aca7af66dd69b006deabcb21ceaeb5f5775bab96f18d358fb266625e1dfb9,dataset/jsonl/finals_v3_official/canneal/B16/selector_params.json,a3d6331e3b3506cb8db608730dcfe19adaa5f311d3eee6a4c8cb59c52eda7b37,dataset/jsonl/finals_v3_official/canneal/B16/selector_validation_samples.jsonl,f062b2d885f5d970cc20d9a1447f3de3889242ddab553cb4237d1cb215a17347,dataset/jsonl/finals_v3_official/canneal/B16/generator_summary.json,86b0cdfb9d1d634326d29a02e82218348edc941bd06f42028b67253633957275,0.2,0.2,0.3,0.0,0.3,0.0,0.0,0.00048711630537479067,0.0
capd_finals_v3_stage3_selector_1,capd_finals_v3_0,CAPD-MIC-1.0,official,official,STAGE3_IMPLEMENTED_UNVERIFIED,PASSED,canneal,16,8,leave_one_out,R,valid_trace,c09904e6ec23727fb0610a2c113595c3fff7934bcc06f34f7cca5605521e2b1e,ab261cae040b4ae118199db091ad26e42cde7e547be5dd562cd690d3235808c4,f062b2d885f5d970cc20d9a1447f3de3889242ddab553cb4237d1cb215a17347,0e51d8193fdf94342faca29e7ca1ed2ef89a6880,scripts/run_capd_stage3_selector.py --repo-root /home/likc/Q-former-for-OS --artifact-root dataset/jsonl/finals_v3_official --workloads canneal streamcluster_pressure dedup_pressure --pool-sizes 8 16 32 64 --output outputs/results/finals_v3_official/stage3_selector,"selector_recall_desc,nregret_asc,uniform_distance,lexicographic",286,False,2377,164,dataset/jsonl/finals_v3_official/canneal/B16/resolved_config.json,3f7aca7af66dd69b006deabcb21ceaeb5f5775bab96f18d358fb266625e1dfb9,dataset/jsonl/finals_v3_official/canneal/B16/selector_params.json,a3d6331e3b3506cb8db608730dcfe19adaa5f311d3eee6a4c8cb59c52eda7b37,dataset/jsonl/finals_v3_official/canneal/B16/selector_validation_samples.jsonl,f062b2d885f5d970cc20d9a1447f3de3889242ddab553cb4237d1cb215a17347,dataset/jsonl/finals_v3_official/canneal/B16/generator_summary.json,86b0cdfb9d1d634326d29a02e82218348edc941bd06f42028b67253633957275,0.2,0.2,0.3,0.3,0.0,0.0,0.0,-8.614299737536024e-05,0.0
capd_finals_v3_stage3_selector_1,capd_finals_v3_0,CAPD-MIC-1.0,official,official,STAGE3_IMPLEMENTED_UNVERIFIED,PASSED,canneal,32,8,single_feature,Delta,valid_trace,5fcdb94f8acad8e6533fd851267a5804027cff923ce8b2940e5c9c9accfe3e75,9d15c3bc62ef0707105a783b71a1137c4e36eb32a3e2035feadd572cc0a31dfa,4cf3c751677dedd5227907e0fd56f59a62a27f695a8854aa5c0307ec5eef742b,0e51d8193fdf94342faca29e7ca1ed2ef89a6880,scripts/run_capd_stage3_selector.py --repo-root /home/likc/Q-former-for-OS --artifact-root dataset/jsonl/finals_v3_official --workloads canneal streamcluster_pressure dedup_pressure --pool-sizes 8 16 32 64 --output outputs/results/finals_v3_official/stage3_selector,"selector_recall_desc,nregret_asc,uniform_distance,lexicographic",0,False,2377,1159,dataset/jsonl/finals_v3_official/canneal/B32/resolved_config.json,e73fb17b80abd283d6acc96b2683a1cb54767df2591c90a3167632f2c80cd957,dataset/jsonl/finals_v3_official/canneal/B32/selector_params.json,ccfadd577d500e019005b77d820d2e176513f163502258ea22cdafec60d193cf,dataset/jsonl/finals_v3_official/canneal/B32/selector_validation_samples.jsonl,4cf3c751677dedd5227907e0fd56f59a62a27f695a8854aa5c0307ec5eef742b,dataset/jsonl/finals_v3_official/canneal/B32/generator_summary.json,d8d58f4ce00cfcf5031cf2d01e0ec5793a25321f66d09cc6fdcfbd64d2b57ade,1.0,0.0,0.0,0.0,0.0,0.0,0.0,0.0003680603684191319,0.0
capd_finals_v3_stage3_selector_1,capd_finals_v3_0,CAPD-MIC-1.0,official,official,STAGE3_IMPLEMENTED_UNVERIFIED,PASSED,canneal,32,8,single_feature,A,valid_trace,5fcdb94f8acad8e6533fd851267a5804027cff923ce8b2940e5c9c9accfe3e75,9d15c3bc62ef0707105a783b71a1137c4e36eb32a3e2035feadd572cc0a31dfa,4cf3c751677dedd5227907e0fd56f59a62a27f695a8854aa5c0307ec5eef742b,0e51d8193fdf94342faca29e7ca1ed2ef89a6880,scripts/run_capd_stage3_selector.py --repo-root /home/likc/Q-former-for-OS --artifact-root dataset/jsonl/finals_v3_official --workloads canneal streamcluster_pressure dedup_pressure --pool-sizes 8 16 32 64 --output outputs/results/finals_v3_official/stage3_selector,"selector_recall_desc,nregret_asc,uniform_distance,lexicographic",0,False,2377,1159,dataset/jsonl/finals_v3_official/canneal/B32/resolved_config.json,e73fb17b80abd283d6acc96b2683a1cb54767df2591c90a3167632f2c80cd957,dataset/jsonl/finals_v3_official/canneal/B32/selector_params.json,ccfadd577d500e019005b77d820d2e176513f163502258ea22cdafec60d193cf,dataset/jsonl/finals_v3_official/canneal/B32/selector_validation_samples.jsonl,4cf3c751677dedd5227907e0fd56f59a62a27f695a8854aa5c0307ec5eef742b,dataset/jsonl/finals_v3_official/canneal/B32/generator_summary.json,d8d58f4ce00cfcf5031cf2d01e0ec5793a25321f66d09cc6fdcfbd64d2b57ade,0.0,1.0,0.0,0.0,0.0,0.0,0.0,0.0003680603684191319,0.0
capd_finals_v3_stage3_selector_1,capd_finals_v3_0,CAPD-MIC-1.0,official,official,STAGE3_IMPLEMENTED_UNVERIFIED,PASSED,canneal,32,8,single_feature,W,valid_trace,5fcdb94f8acad8e6533fd851267a5804027cff923ce8b2940e5c9c9accfe3e75,9d15c3bc62ef0707105a783b71a1137c4e36eb32a3e2035feadd572cc0a31dfa,4cf3c751677dedd5227907e0fd56f59a62a27f695a8854aa5c0307ec5eef742b,0e51d8193fdf94342faca29e7ca1ed2ef89a6880,scripts/run_capd_stage3_selector.py --repo-root /home/likc/Q-former-for-OS --artifact-root dataset/jsonl/finals_v3_official --workloads canneal streamcluster_pressure dedup_pressure --pool-sizes 8 16 32 64 --output outputs/results/finals_v3_official/stage3_selector,"selector_recall_desc,nregret_asc,uniform_distance,lexicographic",0,False,2377,1159,dataset/jsonl/finals_v3_official/canneal/B32/resolved_config.json,e73fb17b80abd283d6acc96b2683a1cb54767df2591c90a3167632f2c80cd957,dataset/jsonl/finals_v3_official/canneal/B32/selector_params.json,ccfadd577d500e019005b77d820d2e176513f163502258ea22cdafec60d193cf,dataset/jsonl/finals_v3_official/canneal/B32/selector_validation_samples.jsonl,4cf3c751677dedd5227907e0fd56f59a62a27f695a8854aa5c0307ec5eef742b,dataset/jsonl/finals_v3_official/canneal/B32/generator_summary.json,d8d58f4ce00cfcf5031cf2d01e0ec5793a25321f66d09cc6fdcfbd64d2b57ade,0.0,0.0,1.0,0.0,0.0,0.0,0.0,0.0003680603684191319,0.0
capd_finals_v3_stage3_selector_1,capd_finals_v3_0,CAPD-MIC-1.0,official,official,STAGE3_IMPLEMENTED_UNVERIFIED,PASSED,canneal,32,8,single_feature,C,valid_trace,5fcdb94f8acad8e6533fd851267a5804027cff923ce8b2940e5c9c9accfe3e75,9d15c3bc62ef0707105a783b71a1137c4e36eb32a3e2035feadd572cc0a31dfa,4cf3c751677dedd5227907e0fd56f59a62a27f695a8854aa5c0307ec5eef742b,0e51d8193fdf94342faca29e7ca1ed2ef89a6880,scripts/run_capd_stage3_selector.py --repo-root /home/likc/Q-former-for-OS --artifact-root dataset/jsonl/finals_v3_official --workloads canneal streamcluster_pressure dedup_pressure --pool-sizes 8 16 32 64 --output outputs/results/finals_v3_official/stage3_selector,"selector_recall_desc,nregret_asc,uniform_distance,lexicographic",0,False,2377,1159,dataset/jsonl/finals_v3_official/canneal/B32/resolved_config.json,e73fb17b80abd283d6acc96b2683a1cb54767df2591c90a3167632f2c80cd957,dataset/jsonl/finals_v3_official/canneal/B32/selector_params.json,ccfadd577d500e019005b77d820d2e176513f163502258ea22cdafec60d193cf,dataset/jsonl/finals_v3_official/canneal/B32/selector_validation_samples.jsonl,4cf3c751677dedd5227907e0fd56f59a62a27f695a8854aa5c0307ec5eef742b,dataset/jsonl/finals_v3_official/canneal/B32/generator_summary.json,d8d58f4ce00cfcf5031cf2d01e0ec5793a25321f66d09cc6fdcfbd64d2b57ade,0.0,0.0,0.0,1.0,0.0,0.0,0.0,-2.804655728660954e-05,0.0
capd_finals_v3_stage3_selector_1,capd_finals_v3_0,CAPD-MIC-1.0,official,official,STAGE3_IMPLEMENTED_UNVERIFIED,PASSED,canneal,32,8,single_feature,R,valid_trace,5fcdb94f8acad8e6533fd851267a5804027cff923ce8b2940e5c9c9accfe3e75,9d15c3bc62ef0707105a783b71a1137c4e36eb32a3e2035feadd572cc0a31dfa,4cf3c751677dedd5227907e0fd56f59a62a27f695a8854aa5c0307ec5eef742b,0e51d8193fdf94342faca29e7ca1ed2ef89a6880,scripts/run_capd_stage3_selector.py --repo-root /home/likc/Q-former-for-OS --artifact-root dataset/jsonl/finals_v3_official --workloads canneal streamcluster_pressure dedup_pressure --pool-sizes 8 16 32 64 --output outputs/results/finals_v3_official/stage3_selector,"selector_recall_desc,nregret_asc,uniform_distance,lexicographic",0,False,2377,1159,dataset/jsonl/finals_v3_official/canneal/B32/resolved_config.json,e73fb17b80abd283d6acc96b2683a1cb54767df2591c90a3167632f2c80cd957,dataset/jsonl/finals_v3_official/canneal/B32/selector_params.json,ccfadd577d500e019005b77d820d2e176513f163502258ea22cdafec60d193cf,dataset/jsonl/finals_v3_official/canneal/B32/selector_validation_samples.jsonl,4cf3c751677dedd5227907e0fd56f59a62a27f695a8854aa5c0307ec5eef742b,dataset/jsonl/finals_v3_official/canneal/B32/generator_summary.json,d8d58f4ce00cfcf5031cf2d01e0ec5793a25321f66d09cc6fdcfbd64d2b57ade,0.0,0.0,0.0,0.0,1.0,0.0,0.0,0.0003680603684191319,0.0
capd_finals_v3_stage3_selector_1,capd_finals_v3_0,CAPD-MIC-1.0,official,official,STAGE3_IMPLEMENTED_UNVERIFIED,PASSED,canneal,32,8,leave_one_out,Delta,valid_trace,5fcdb94f8acad8e6533fd851267a5804027cff923ce8b2940e5c9c9accfe3e75,9d15c3bc62ef0707105a783b71a1137c4e36eb32a3e2035feadd572cc0a31dfa,4cf3c751677dedd5227907e0fd56f59a62a27f695a8854aa5c0307ec5eef742b,0e51d8193fdf94342faca29e7ca1ed2ef89a6880,scripts/run_capd_stage3_selector.py --repo-root /home/likc/Q-former-for-OS --artifact-root dataset/jsonl/finals_v3_official --workloads canneal streamcluster_pressure dedup_pressure --pool-sizes 8 16 32 64 --output outputs/results/finals_v3_official/stage3_selector,"selector_recall_desc,nregret_asc,uniform_distance,lexicographic",286,False,2377,1159,dataset/jsonl/finals_v3_official/canneal/B32/resolved_config.json,e73fb17b80abd283d6acc96b2683a1cb54767df2591c90a3167632f2c80cd957,dataset/jsonl/finals_v3_official/canneal/B32/selector_params.json,ccfadd577d500e019005b77d820d2e176513f163502258ea22cdafec60d193cf,dataset/jsonl/finals_v3_official/canneal/B32/selector_validation_samples.jsonl,4cf3c751677dedd5227907e0fd56f59a62a27f695a8854aa5c0307ec5eef742b,dataset/jsonl/finals_v3_official/canneal/B32/generator_summary.json,d8d58f4ce00cfcf5031cf2d01e0ec5793a25321f66d09cc6fdcfbd64d2b57ade,0.0,0.2,0.2,0.3,0.3,0.0,0.0,-2.804655728660954e-05,0.0
capd_finals_v3_stage3_selector_1,capd_finals_v3_0,CAPD-MIC-1.0,official,official,STAGE3_IMPLEMENTED_UNVERIFIED,PASSED,canneal,32,8,leave_one_out,A,valid_trace,5fcdb94f8acad8e6533fd851267a5804027cff923ce8b2940e5c9c9accfe3e75,9d15c3bc62ef0707105a783b71a1137c4e36eb32a3e2035feadd572cc0a31dfa,4cf3c751677dedd5227907e0fd56f59a62a27f695a8854aa5c0307ec5eef742b,0e51d8193fdf94342faca29e7ca1ed2ef89a6880,scripts/run_capd_stage3_selector.py --repo-root /home/likc/Q-former-for-OS --artifact-root dataset/jsonl/finals_v3_official --workloads canneal streamcluster_pressure dedup_pressure --pool-sizes 8 16 32 64 --output outputs/results/finals_v3_official/stage3_selector,"selector_recall_desc,nregret_asc,uniform_distance,lexicographic",286,False,2377,1159,dataset/jsonl/finals_v3_official/canneal/B32/resolved_config.json,e73fb17b80abd283d6acc96b2683a1cb54767df2591c90a3167632f2c80cd957,dataset/jsonl/finals_v3_official/canneal/B32/selector_params.json,ccfadd577d500e019005b77d820d2e176513f163502258ea22cdafec60d193cf,dataset/jsonl/finals_v3_official/canneal/B32/selector_validation_samples.jsonl,4cf3c751677dedd5227907e0fd56f59a62a27f695a8854aa5c0307ec5eef742b,dataset/jsonl/finals_v3_official/canneal/B32/generator_summary.json,d8d58f4ce00cfcf5031cf2d01e0ec5793a25321f66d09cc6fdcfbd64d2b57ade,0.2,0.0,0.2,0.3,0.3,0.0,0.0,-1.4988010832439613e-15,0.0
capd_finals_v3_stage3_selector_1,capd_finals_v3_0,CAPD-MIC-1.0,official,official,STAGE3_IMPLEMENTED_UNVERIFIED,PASSED,canneal,32,8,leave_one_out,W,valid_trace,5fcdb94f8acad8e6533fd851267a5804027cff923ce8b2940e5c9c9accfe3e75,9d15c3bc62ef0707105a783b71a1137c4e36eb32a3e2035feadd572cc0a31dfa,4cf3c751677dedd5227907e0fd56f59a62a27f695a8854aa5c0307ec5eef742b,0e51d8193fdf94342faca29e7ca1ed2ef89a6880,scripts/run_capd_stage3_selector.py --repo-root /home/likc/Q-former-for-OS --artifact-root dataset/jsonl/finals_v3_official --workloads canneal streamcluster_pressure dedup_pressure --pool-sizes 8 16 32 64 --output outputs/results/finals_v3_official/stage3_selector,"selector_recall_desc,nregret_asc,uniform_distance,lexicographic",286,False,2377,1159,dataset/jsonl/finals_v3_official/canneal/B32/resolved_config.json,e73fb17b80abd283d6acc96b2683a1cb54767df2591c90a3167632f2c80cd957,dataset/jsonl/finals_v3_official/canneal/B32/selector_params.json,ccfadd577d500e019005b77d820d2e176513f163502258ea22cdafec60d193cf,dataset/jsonl/finals_v3_official/canneal/B32/selector_validation_samples.jsonl,4cf3c751677dedd5227907e0fd56f59a62a27f695a8854aa5c0307ec5eef742b,dataset/jsonl/finals_v3_official/canneal/B32/generator_summary.json,d8d58f4ce00cfcf5031cf2d01e0ec5793a25321f66d09cc6fdcfbd64d2b57ade,0.2,0.2,0.0,0.3,0.3,0.0,0.0,-1.4988010832439613e-15,0.0
capd_finals_v3_stage3_selector_1,capd_finals_v3_0,CAPD-MIC-1.0,official,official,STAGE3_IMPLEMENTED_UNVERIFIED,PASSED,canneal,32,8,leave_one_out,C,valid_trace,5fcdb94f8acad8e6533fd851267a5804027cff923ce8b2940e5c9c9accfe3e75,9d15c3bc62ef0707105a783b71a1137c4e36eb32a3e2035feadd572cc0a31dfa,4cf3c751677dedd5227907e0fd56f59a62a27f695a8854aa5c0307ec5eef742b,0e51d8193fdf94342faca29e7ca1ed2ef89a6880,scripts/run_capd_stage3_selector.py --repo-root /home/likc/Q-former-for-OS --artifact-root dataset/jsonl/finals_v3_official --workloads canneal streamcluster_pressure dedup_pressure --pool-sizes 8 16 32 64 --output outputs/results/finals_v3_official/stage3_selector,"selector_recall_desc,nregret_asc,uniform_distance,lexicographic",286,False,2377,1159,dataset/jsonl/finals_v3_official/canneal/B32/resolved_config.json,e73fb17b80abd283d6acc96b2683a1cb54767df2591c90a3167632f2c80cd957,dataset/jsonl/finals_v3_official/canneal/B32/selector_params.json,ccfadd577d500e019005b77d820d2e176513f163502258ea22cdafec60d193cf,dataset/jsonl/finals_v3_official/canneal/B32/selector_validation_samples.jsonl,4cf3c751677dedd5227907e0fd56f59a62a27f695a8854aa5c0307ec5eef742b,dataset/jsonl/finals_v3_official/canneal/B32/generator_summary.json,d8d58f4ce00cfcf5031cf2d01e0ec5793a25321f66d09cc6fdcfbd64d2b57ade,0.2,0.2,0.3,0.0,0.3,0.0,0.0,0.0003680603684191319,0.0
capd_finals_v3_stage3_selector_1,capd_finals_v3_0,CAPD-MIC-1.0,official,official,STAGE3_IMPLEMENTED_UNVERIFIED,PASSED,canneal,32,8,leave_one_out,R,valid_trace,5fcdb94f8acad8e6533fd851267a5804027cff923ce8b2940e5c9c9accfe3e75,9d15c3bc62ef0707105a783b71a1137c4e36eb32a3e2035feadd572cc0a31dfa,4cf3c751677dedd5227907e0fd56f59a62a27f695a8854aa5c0307ec5eef742b,0e51d8193fdf94342faca29e7ca1ed2ef89a6880,scripts/run_capd_stage3_selector.py --repo-root /home/likc/Q-former-for-OS --artifact-root dataset/jsonl/finals_v3_official --workloads canneal streamcluster_pressure dedup_pressure --pool-sizes 8 16 32 64 --output outputs/results/finals_v3_official/stage3_selector,"selector_recall_desc,nregret_asc,uniform_distance,lexicographic",286,False,2377,1159,dataset/jsonl/finals_v3_official/canneal/B32/resolved_config.json,e73fb17b80abd283d6acc96b2683a1cb54767df2591c90a3167632f2c80cd957,dataset/jsonl/finals_v3_official/canneal/B32/selector_params.json,ccfadd577d500e019005b77d820d2e176513f163502258ea22cdafec60d193cf,dataset/jsonl/finals_v3_official/canneal/B32/selector_validation_samples.jsonl,4cf3c751677dedd5227907e0fd56f59a62a27f695a8854aa5c0307ec5eef742b,dataset/jsonl/finals_v3_official/canneal/B32/generator_summary.json,d8d58f4ce00cfcf5031cf2d01e0ec5793a25321f66d09cc6fdcfbd64d2b57ade,0.2,0.2,0.3,0.3,0.0,0.0,0.0,-2.804655728660954e-05,0.0
capd_finals_v3_stage3_selector_1,capd_finals_v3_0,CAPD-MIC-1.0,official,official,STAGE3_IMPLEMENTED_UNVERIFIED,PASSED,canneal,64,8,single_feature,Delta,valid_trace,fc42c1a0a7575301beb59e1bb9f65ece8034be5033b5733022c6547000b89322,48e4758012a2987ecf8a5dc7ea8c1b477eed1aed079f74f7205e7a576b430d97,2befbf0e6348d9efc47083b0292cf66a5d46bf35090340b6c81ca19d5392a956,0e51d8193fdf94342faca29e7ca1ed2ef89a6880,scripts/run_capd_stage3_selector.py --repo-root /home/likc/Q-former-for-OS --artifact-root dataset/jsonl/finals_v3_official --workloads canneal streamcluster_pressure dedup_pressure --pool-sizes 8 16 32 64 --output outputs/results/finals_v3_official/stage3_selector,"selector_recall_desc,nregret_asc,uniform_distance,lexicographic",0,False,2377,2377,dataset/jsonl/finals_v3_official/canneal/B64/resolved_config.json,a0c188ee7382724f112a1498976f80e84276312a2b692805c1056649a16c6aa8,dataset/jsonl/finals_v3_official/canneal/B64/selector_params.json,b205a3fca7f4265a1e4b6f978ecdc5322f431a3bf4ac01dc5d3664a6673b9b9f,dataset/jsonl/finals_v3_official/canneal/B64/selector_validation_samples.jsonl,2befbf0e6348d9efc47083b0292cf66a5d46bf35090340b6c81ca19d5392a956,dataset/jsonl/finals_v3_official/canneal/B64/generator_summary.json,1b18e12fcf8d742ccdfee918f92740e3861163f1d1e21e156ae2423bb219ca20,1.0,0.0,0.0,0.0,0.0,0.0,0.0,0.000214358457419489,0.0
capd_finals_v3_stage3_selector_1,capd_finals_v3_0,CAPD-MIC-1.0,official,official,STAGE3_IMPLEMENTED_UNVERIFIED,PASSED,canneal,64,8,single_feature,A,valid_trace,fc42c1a0a7575301beb59e1bb9f65ece8034be5033b5733022c6547000b89322,48e4758012a2987ecf8a5dc7ea8c1b477eed1aed079f74f7205e7a576b430d97,2befbf0e6348d9efc47083b0292cf66a5d46bf35090340b6c81ca19d5392a956,0e51d8193fdf94342faca29e7ca1ed2ef89a6880,scripts/run_capd_stage3_selector.py --repo-root /home/likc/Q-former-for-OS --artifact-root dataset/jsonl/finals_v3_official --workloads canneal streamcluster_pressure dedup_pressure --pool-sizes 8 16 32 64 --output outputs/results/finals_v3_official/stage3_selector,"selector_recall_desc,nregret_asc,uniform_distance,lexicographic",0,False,2377,2377,dataset/jsonl/finals_v3_official/canneal/B64/resolved_config.json,a0c188ee7382724f112a1498976f80e84276312a2b692805c1056649a16c6aa8,dataset/jsonl/finals_v3_official/canneal/B64/selector_params.json,b205a3fca7f4265a1e4b6f978ecdc5322f431a3bf4ac01dc5d3664a6673b9b9f,dataset/jsonl/finals_v3_official/canneal/B64/selector_validation_samples.jsonl,2befbf0e6348d9efc47083b0292cf66a5d46bf35090340b6c81ca19d5392a956,dataset/jsonl/finals_v3_official/canneal/B64/generator_summary.json,1b18e12fcf8d742ccdfee918f92740e3861163f1d1e21e156ae2423bb219ca20,0.0,1.0,0.0,0.0,0.0,0.0,0.0,0.000214358457419489,0.0
capd_finals_v3_stage3_selector_1,capd_finals_v3_0,CAPD-MIC-1.0,official,official,STAGE3_IMPLEMENTED_UNVERIFIED,PASSED,canneal,64,8,single_feature,W,valid_trace,fc42c1a0a7575301beb59e1bb9f65ece8034be5033b5733022c6547000b89322,48e4758012a2987ecf8a5dc7ea8c1b477eed1aed079f74f7205e7a576b430d97,2befbf0e6348d9efc47083b0292cf66a5d46bf35090340b6c81ca19d5392a956,0e51d8193fdf94342faca29e7ca1ed2ef89a6880,scripts/run_capd_stage3_selector.py --repo-root /home/likc/Q-former-for-OS --artifact-root dataset/jsonl/finals_v3_official --workloads canneal streamcluster_pressure dedup_pressure --pool-sizes 8 16 32 64 --output outputs/results/finals_v3_official/stage3_selector,"selector_recall_desc,nregret_asc,uniform_distance,lexicographic",0,False,2377,2377,dataset/jsonl/finals_v3_official/canneal/B64/resolved_config.json,a0c188ee7382724f112a1498976f80e84276312a2b692805c1056649a16c6aa8,dataset/jsonl/finals_v3_official/canneal/B64/selector_params.json,b205a3fca7f4265a1e4b6f978ecdc5322f431a3bf4ac01dc5d3664a6673b9b9f,dataset/jsonl/finals_v3_official/canneal/B64/selector_validation_samples.jsonl,2befbf0e6348d9efc47083b0292cf66a5d46bf35090340b6c81ca19d5392a956,dataset/jsonl/finals_v3_official/canneal/B64/generator_summary.json,1b18e12fcf8d742ccdfee918f92740e3861163f1d1e21e156ae2423bb219ca20,0.0,0.0,1.0,0.0,0.0,0.0,0.0,0.000214358457419489,0.0
capd_finals_v3_stage3_selector_1,capd_finals_v3_0,CAPD-MIC-1.0,official,official,STAGE3_IMPLEMENTED_UNVERIFIED,PASSED,canneal,64,8,single_feature,C,valid_trace,fc42c1a0a7575301beb59e1bb9f65ece8034be5033b5733022c6547000b89322,48e4758012a2987ecf8a5dc7ea8c1b477eed1aed079f74f7205e7a576b430d97,2befbf0e6348d9efc47083b0292cf66a5d46bf35090340b6c81ca19d5392a956,0e51d8193fdf94342faca29e7ca1ed2ef89a6880,scripts/run_capd_stage3_selector.py --repo-root /home/likc/Q-former-for-OS --artifact-root dataset/jsonl/finals_v3_official --workloads canneal streamcluster_pressure dedup_pressure --pool-sizes 8 16 32 64 --output outputs/results/finals_v3_official/stage3_selector,"selector_recall_desc,nregret_asc,uniform_distance,lexicographic",0,False,2377,2377,dataset/jsonl/finals_v3_official/canneal/B64/resolved_config.json,a0c188ee7382724f112a1498976f80e84276312a2b692805c1056649a16c6aa8,dataset/jsonl/finals_v3_official/canneal/B64/selector_params.json,b205a3fca7f4265a1e4b6f978ecdc5322f431a3bf4ac01dc5d3664a6673b9b9f,dataset/jsonl/finals_v3_official/canneal/B64/selector_validation_samples.jsonl,2befbf0e6348d9efc47083b0292cf66a5d46bf35090340b6c81ca19d5392a956,dataset/jsonl/finals_v3_official/canneal/B64/generator_summary.json,1b18e12fcf8d742ccdfee918f92740e3861163f1d1e21e156ae2423bb219ca20,0.0,0.0,0.0,1.0,0.0,0.0,0.0,-1.4634092956322675e-05,0.0
capd_finals_v3_stage3_selector_1,capd_finals_v3_0,CAPD-MIC-1.0,official,official,STAGE3_IMPLEMENTED_UNVERIFIED,PASSED,canneal,64,8,single_feature,R,valid_trace,fc42c1a0a7575301beb59e1bb9f65ece8034be5033b5733022c6547000b89322,48e4758012a2987ecf8a5dc7ea8c1b477eed1aed079f74f7205e7a576b430d97,2befbf0e6348d9efc47083b0292cf66a5d46bf35090340b6c81ca19d5392a956,0e51d8193fdf94342faca29e7ca1ed2ef89a6880,scripts/run_capd_stage3_selector.py --repo-root /home/likc/Q-former-for-OS --artifact-root dataset/jsonl/finals_v3_official --workloads canneal streamcluster_pressure dedup_pressure --pool-sizes 8 16 32 64 --output outputs/results/finals_v3_official/stage3_selector,"selector_recall_desc,nregret_asc,uniform_distance,lexicographic",0,False,2377,2377,dataset/jsonl/finals_v3_official/canneal/B64/resolved_config.json,a0c188ee7382724f112a1498976f80e84276312a2b692805c1056649a16c6aa8,dataset/jsonl/finals_v3_official/canneal/B64/selector_params.json,b205a3fca7f4265a1e4b6f978ecdc5322f431a3bf4ac01dc5d3664a6673b9b9f,dataset/jsonl/finals_v3_official/canneal/B64/selector_validation_samples.jsonl,2befbf0e6348d9efc47083b0292cf66a5d46bf35090340b6c81ca19d5392a956,dataset/jsonl/finals_v3_official/canneal/B64/generator_summary.json,1b18e12fcf8d742ccdfee918f92740e3861163f1d1e21e156ae2423bb219ca20,0.0,0.0,0.0,0.0,1.0,0.0,0.0,0.000214358457419489,0.0
capd_finals_v3_stage3_selector_1,capd_finals_v3_0,CAPD-MIC-1.0,official,official,STAGE3_IMPLEMENTED_UNVERIFIED,PASSED,canneal,64,8,leave_one_out,Delta,valid_trace,fc42c1a0a7575301beb59e1bb9f65ece8034be5033b5733022c6547000b89322,48e4758012a2987ecf8a5dc7ea8c1b477eed1aed079f74f7205e7a576b430d97,2befbf0e6348d9efc47083b0292cf66a5d46bf35090340b6c81ca19d5392a956,0e51d8193fdf94342faca29e7ca1ed2ef89a6880,scripts/run_capd_stage3_selector.py --repo-root /home/likc/Q-former-for-OS --artifact-root dataset/jsonl/finals_v3_official --workloads canneal streamcluster_pressure dedup_pressure --pool-sizes 8 16 32 64 --output outputs/results/finals_v3_official/stage3_selector,"selector_recall_desc,nregret_asc,uniform_distance,lexicographic",286,False,2377,2377,dataset/jsonl/finals_v3_official/canneal/B64/resolved_config.json,a0c188ee7382724f112a1498976f80e84276312a2b692805c1056649a16c6aa8,dataset/jsonl/finals_v3_official/canneal/B64/selector_params.json,b205a3fca7f4265a1e4b6f978ecdc5322f431a3bf4ac01dc5d3664a6673b9b9f,dataset/jsonl/finals_v3_official/canneal/B64/selector_validation_samples.jsonl,2befbf0e6348d9efc47083b0292cf66a5d46bf35090340b6c81ca19d5392a956,dataset/jsonl/finals_v3_official/canneal/B64/generator_summary.json,1b18e12fcf8d742ccdfee918f92740e3861163f1d1e21e156ae2423bb219ca20,0.0,0.2,0.2,0.3,0.3,0.0,0.0,-1.4634092956322675e-05,0.0
capd_finals_v3_stage3_selector_1,capd_finals_v3_0,CAPD-MIC-1.0,official,official,STAGE3_IMPLEMENTED_UNVERIFIED,PASSED,canneal,64,8,leave_one_out,A,valid_trace,fc42c1a0a7575301beb59e1bb9f65ece8034be5033b5733022c6547000b89322,48e4758012a2987ecf8a5dc7ea8c1b477eed1aed079f74f7205e7a576b430d97,2befbf0e6348d9efc47083b0292cf66a5d46bf35090340b6c81ca19d5392a956,0e51d8193fdf94342faca29e7ca1ed2ef89a6880,scripts/run_capd_stage3_selector.py --repo-root /home/likc/Q-former-for-OS --artifact-root dataset/jsonl/finals_v3_official --workloads canneal streamcluster_pressure dedup_pressure --pool-sizes 8 16 32 64 --output outputs/results/finals_v3_official/stage3_selector,"selector_recall_desc,nregret_asc,uniform_distance,lexicographic",286,False,2377,2377,dataset/jsonl/finals_v3_official/canneal/B64/resolved_config.json,a0c188ee7382724f112a1498976f80e84276312a2b692805c1056649a16c6aa8,dataset/jsonl/finals_v3_official/canneal/B64/selector_params.json,b205a3fca7f4265a1e4b6f978ecdc5322f431a3bf4ac01dc5d3664a6673b9b9f,dataset/jsonl/finals_v3_official/canneal/B64/selector_validation_samples.jsonl,2befbf0e6348d9efc47083b0292cf66a5d46bf35090340b6c81ca19d5392a956,dataset/jsonl/finals_v3_official/canneal/B64/generator_summary.json,1b18e12fcf8d742ccdfee918f92740e3861163f1d1e21e156ae2423bb219ca20,0.2,0.0,0.2,0.3,0.3,0.0,0.0,-1.4634092956322675e-05,0.0
capd_finals_v3_stage3_selector_1,capd_finals_v3_0,CAPD-MIC-1.0,official,official,STAGE3_IMPLEMENTED_UNVERIFIED,PASSED,canneal,64,8,leave_one_out,W,valid_trace,fc42c1a0a7575301beb59e1bb9f65ece8034be5033b5733022c6547000b89322,48e4758012a2987ecf8a5dc7ea8c1b477eed1aed079f74f7205e7a576b430d97,2befbf0e6348d9efc47083b0292cf66a5d46bf35090340b6c81ca19d5392a956,0e51d8193fdf94342faca29e7ca1ed2ef89a6880,scripts/run_capd_stage3_selector.py --repo-root /home/likc/Q-former-for-OS --artifact-root dataset/jsonl/finals_v3_official --workloads canneal streamcluster_pressure dedup_pressure --pool-sizes 8 16 32 64 --output outputs/results/finals_v3_official/stage3_selector,"selector_recall_desc,nregret_asc,uniform_distance,lexicographic",286,False,2377,2377,dataset/jsonl/finals_v3_official/canneal/B64/resolved_config.json,a0c188ee7382724f112a1498976f80e84276312a2b692805c1056649a16c6aa8,dataset/jsonl/finals_v3_official/canneal/B64/selector_params.json,b205a3fca7f4265a1e4b6f978ecdc5322f431a3bf4ac01dc5d3664a6673b9b9f,dataset/jsonl/finals_v3_official/canneal/B64/selector_validation_samples.jsonl,2befbf0e6348d9efc47083b0292cf66a5d46bf35090340b6c81ca19d5392a956,dataset/jsonl/finals_v3_official/canneal/B64/generator_summary.json,1b18e12fcf8d742ccdfee918f92740e3861163f1d1e21e156ae2423bb219ca20,0.2,0.2,0.0,0.3,0.3,0.0,0.0,-1.4634092956322675e-05,0.0
capd_finals_v3_stage3_selector_1,capd_finals_v3_0,CAPD-MIC-1.0,official,official,STAGE3_IMPLEMENTED_UNVERIFIED,PASSED,canneal,64,8,leave_one_out,C,valid_trace,fc42c1a0a7575301beb59e1bb9f65ece8034be5033b5733022c6547000b89322,48e4758012a2987ecf8a5dc7ea8c1b477eed1aed079f74f7205e7a576b430d97,2befbf0e6348d9efc47083b0292cf66a5d46bf35090340b6c81ca19d5392a956,0e51d8193fdf94342faca29e7ca1ed2ef89a6880,scripts/run_capd_stage3_selector.py --repo-root /home/likc/Q-former-for-OS --artifact-root dataset/jsonl/finals_v3_official --workloads canneal streamcluster_pressure dedup_pressure --pool-sizes 8 16 32 64 --output outputs/results/finals_v3_official/stage3_selector,"selector_recall_desc,nregret_asc,uniform_distance,lexicographic",286,False,2377,2377,dataset/jsonl/finals_v3_official/canneal/B64/resolved_config.json,a0c188ee7382724f112a1498976f80e84276312a2b692805c1056649a16c6aa8,dataset/jsonl/finals_v3_official/canneal/B64/selector_params.json,b205a3fca7f4265a1e4b6f978ecdc5322f431a3bf4ac01dc5d3664a6673b9b9f,dataset/jsonl/finals_v3_official/canneal/B64/selector_validation_samples.jsonl,2befbf0e6348d9efc47083b0292cf66a5d46bf35090340b6c81ca19d5392a956,dataset/jsonl/finals_v3_official/canneal/B64/generator_summary.json,1b18e12fcf8d742ccdfee918f92740e3861163f1d1e21e156ae2423bb219ca20,0.2,0.2,0.3,0.0,0.3,0.0,0.0,0.000214358457419489,0.0
capd_finals_v3_stage3_selector_1,capd_finals_v3_0,CAPD-MIC-1.0,official,official,STAGE3_IMPLEMENTED_UNVERIFIED,PASSED,canneal,64,8,leave_one_out,R,valid_trace,fc42c1a0a7575301beb59e1bb9f65ece8034be5033b5733022c6547000b89322,48e4758012a2987ecf8a5dc7ea8c1b477eed1aed079f74f7205e7a576b430d97,2befbf0e6348d9efc47083b0292cf66a5d46bf35090340b6c81ca19d5392a956,0e51d8193fdf94342faca29e7ca1ed2ef89a6880,scripts/run_capd_stage3_selector.py --repo-root /home/likc/Q-former-for-OS --artifact-root dataset/jsonl/finals_v3_official --workloads canneal streamcluster_pressure dedup_pressure --pool-sizes 8 16 32 64 --output outputs/results/finals_v3_official/stage3_selector,"selector_recall_desc,nregret_asc,uniform_distance,lexicographic",286,False,2377,2377,dataset/jsonl/finals_v3_official/canneal/B64/resolved_config.json,a0c188ee7382724f112a1498976f80e84276312a2b692805c1056649a16c6aa8,dataset/jsonl/finals_v3_official/canneal/B64/selector_params.json,b205a3fca7f4265a1e4b6f978ecdc5322f431a3bf4ac01dc5d3664a6673b9b9f,dataset/jsonl/finals_v3_official/canneal/B64/selector_validation_samples.jsonl,2befbf0e6348d9efc47083b0292cf66a5d46bf35090340b6c81ca19d5392a956,dataset/jsonl/finals_v3_official/canneal/B64/generator_summary.json,1b18e12fcf8d742ccdfee918f92740e3861163f1d1e21e156ae2423bb219ca20,0.2,0.2,0.3,0.3,0.0,0.0,0.0,-1.4634092956322675e-05,0.0
capd_finals_v3_stage3_selector_1,capd_finals_v3_0,CAPD-MIC-1.0,official,official,STAGE3_IMPLEMENTED_UNVERIFIED,PASSED,streamcluster_pressure,8,8,single_feature,Delta,valid_trace,d3242730e7eb3c0b6c459b45a3bcd5aa08a4a848bde9eeaca1fc396c29db2336,20f6904e49c8b209ff3653f7631e1710da402460ddc43dd9f2b5b898bb1c158f,f33c5560242cd77295273c9ac6aeadca62575cfd865a9870bf8c430548428a47,0e51d8193fdf94342faca29e7ca1ed2ef89a6880,scripts/run_capd_stage3_selector.py --repo-root /home/likc/Q-former-for-OS --artifact-root dataset/jsonl/finals_v3_official --workloads canneal streamcluster_pressure dedup_pressure --pool-sizes 8 16 32 64 --output outputs/results/finals_v3_official/stage3_selector,"selector_recall_desc,nregret_asc,uniform_distance,lexicographic",0,False,2839,156,dataset/jsonl/finals_v3_official/streamcluster_pressure/B8/resolved_config.json,ada77eabb0c38a6f965c648a742fd64a4343ba6bbfec277e4df98bbfd0f99897,dataset/jsonl/finals_v3_official/streamcluster_pressure/B8/selector_params.json,bc772cc9cfac564938c1429ffcdf1f4c27ca40214d66a4ee90b2c59a85512f22,dataset/jsonl/finals_v3_official/streamcluster_pressure/B8/selector_validation_samples.jsonl,f33c5560242cd77295273c9ac6aeadca62575cfd865a9870bf8c430548428a47,dataset/jsonl/finals_v3_official/streamcluster_pressure/B8/generator_summary.json,5a24af475d7aa0d59ea541fe1968e23f9a3aa1b043687b7a9ac6dd34111f8197,1.0,0.0,0.0,0.0,0.0,0.0,0.0,0.0,0.0
capd_finals_v3_stage3_selector_1,capd_finals_v3_0,CAPD-MIC-1.0,official,official,STAGE3_IMPLEMENTED_UNVERIFIED,PASSED,streamcluster_pressure,8,8,single_feature,A,valid_trace,d3242730e7eb3c0b6c459b45a3bcd5aa08a4a848bde9eeaca1fc396c29db2336,20f6904e49c8b209ff3653f7631e1710da402460ddc43dd9f2b5b898bb1c158f,f33c5560242cd77295273c9ac6aeadca62575cfd865a9870bf8c430548428a47,0e51d8193fdf94342faca29e7ca1ed2ef89a6880,scripts/run_capd_stage3_selector.py --repo-root /home/likc/Q-former-for-OS --artifact-root dataset/jsonl/finals_v3_official --workloads canneal streamcluster_pressure dedup_pressure --pool-sizes 8 16 32 64 --output outputs/results/finals_v3_official/stage3_selector,"selector_recall_desc,nregret_asc,uniform_distance,lexicographic",0,False,2839,156,dataset/jsonl/finals_v3_official/streamcluster_pressure/B8/resolved_config.json,ada77eabb0c38a6f965c648a742fd64a4343ba6bbfec277e4df98bbfd0f99897,dataset/jsonl/finals_v3_official/streamcluster_pressure/B8/selector_params.json,bc772cc9cfac564938c1429ffcdf1f4c27ca40214d66a4ee90b2c59a85512f22,dataset/jsonl/finals_v3_official/streamcluster_pressure/B8/selector_validation_samples.jsonl,f33c5560242cd77295273c9ac6aeadca62575cfd865a9870bf8c430548428a47,dataset/jsonl/finals_v3_official/streamcluster_pressure/B8/generator_summary.json,5a24af475d7aa0d59ea541fe1968e23f9a3aa1b043687b7a9ac6dd34111f8197,0.0,1.0,0.0,0.0,0.0,0.0,0.0,0.0,0.0
capd_finals_v3_stage3_selector_1,capd_finals_v3_0,CAPD-MIC-1.0,official,official,STAGE3_IMPLEMENTED_UNVERIFIED,PASSED,streamcluster_pressure,8,8,single_feature,W,valid_trace,d3242730e7eb3c0b6c459b45a3bcd5aa08a4a848bde9eeaca1fc396c29db2336,20f6904e49c8b209ff3653f7631e1710da402460ddc43dd9f2b5b898bb1c158f,f33c5560242cd77295273c9ac6aeadca62575cfd865a9870bf8c430548428a47,0e51d8193fdf94342faca29e7ca1ed2ef89a6880,scripts/run_capd_stage3_selector.py --repo-root /home/likc/Q-former-for-OS --artifact-root dataset/jsonl/finals_v3_official --workloads canneal streamcluster_pressure dedup_pressure --pool-sizes 8 16 32 64 --output outputs/results/finals_v3_official/stage3_selector,"selector_recall_desc,nregret_asc,uniform_distance,lexicographic",0,False,2839,156,dataset/jsonl/finals_v3_official/streamcluster_pressure/B8/resolved_config.json,ada77eabb0c38a6f965c648a742fd64a4343ba6bbfec277e4df98bbfd0f99897,dataset/jsonl/finals_v3_official/streamcluster_pressure/B8/selector_params.json,bc772cc9cfac564938c1429ffcdf1f4c27ca40214d66a4ee90b2c59a85512f22,dataset/jsonl/finals_v3_official/streamcluster_pressure/B8/selector_validation_samples.jsonl,f33c5560242cd77295273c9ac6aeadca62575cfd865a9870bf8c430548428a47,dataset/jsonl/finals_v3_official/streamcluster_pressure/B8/generator_summary.json,5a24af475d7aa0d59ea541fe1968e23f9a3aa1b043687b7a9ac6dd34111f8197,0.0,0.0,1.0,0.0,0.0,0.0,0.0,0.0,0.0
capd_finals_v3_stage3_selector_1,capd_finals_v3_0,CAPD-MIC-1.0,official,official,STAGE3_IMPLEMENTED_UNVERIFIED,PASSED,streamcluster_pressure,8,8,single_feature,C,valid_trace,d3242730e7eb3c0b6c459b45a3bcd5aa08a4a848bde9eeaca1fc396c29db2336,20f6904e49c8b209ff3653f7631e1710da402460ddc43dd9f2b5b898bb1c158f,f33c5560242cd77295273c9ac6aeadca62575cfd865a9870bf8c430548428a47,0e51d8193fdf94342faca29e7ca1ed2ef89a6880,scripts/run_capd_stage3_selector.py --repo-root /home/likc/Q-former-for-OS --artifact-root dataset/jsonl/finals_v3_official --workloads canneal streamcluster_pressure dedup_pressure --pool-sizes 8 16 32 64 --output outputs/results/finals_v3_official/stage3_selector,"selector_recall_desc,nregret_asc,uniform_distance,lexicographic",0,False,2839,156,dataset/jsonl/finals_v3_official/streamcluster_pressure/B8/resolved_config.json,ada77eabb0c38a6f965c648a742fd64a4343ba6bbfec277e4df98bbfd0f99897,dataset/jsonl/finals_v3_official/streamcluster_pressure/B8/selector_params.json,bc772cc9cfac564938c1429ffcdf1f4c27ca40214d66a4ee90b2c59a85512f22,dataset/jsonl/finals_v3_official/streamcluster_pressure/B8/selector_validation_samples.jsonl,f33c5560242cd77295273c9ac6aeadca62575cfd865a9870bf8c430548428a47,dataset/jsonl/finals_v3_official/streamcluster_pressure/B8/generator_summary.json,5a24af475d7aa0d59ea541fe1968e23f9a3aa1b043687b7a9ac6dd34111f8197,0.0,0.0,0.0,1.0,0.0,0.0,0.0,0.0,0.0
capd_finals_v3_stage3_selector_1,capd_finals_v3_0,CAPD-MIC-1.0,official,official,STAGE3_IMPLEMENTED_UNVERIFIED,PASSED,streamcluster_pressure,8,8,single_feature,R,valid_trace,d3242730e7eb3c0b6c459b45a3bcd5aa08a4a848bde9eeaca1fc396c29db2336,20f6904e49c8b209ff3653f7631e1710da402460ddc43dd9f2b5b898bb1c158f,f33c5560242cd77295273c9ac6aeadca62575cfd865a9870bf8c430548428a47,0e51d8193fdf94342faca29e7ca1ed2ef89a6880,scripts/run_capd_stage3_selector.py --repo-root /home/likc/Q-former-for-OS --artifact-root dataset/jsonl/finals_v3_official --workloads canneal streamcluster_pressure dedup_pressure --pool-sizes 8 16 32 64 --output outputs/results/finals_v3_official/stage3_selector,"selector_recall_desc,nregret_asc,uniform_distance,lexicographic",0,False,2839,156,dataset/jsonl/finals_v3_official/streamcluster_pressure/B8/resolved_config.json,ada77eabb0c38a6f965c648a742fd64a4343ba6bbfec277e4df98bbfd0f99897,dataset/jsonl/finals_v3_official/streamcluster_pressure/B8/selector_params.json,bc772cc9cfac564938c1429ffcdf1f4c27ca40214d66a4ee90b2c59a85512f22,dataset/jsonl/finals_v3_official/streamcluster_pressure/B8/selector_validation_samples.jsonl,f33c5560242cd77295273c9ac6aeadca62575cfd865a9870bf8c430548428a47,dataset/jsonl/finals_v3_official/streamcluster_pressure/B8/generator_summary.json,5a24af475d7aa0d59ea541fe1968e23f9a3aa1b043687b7a9ac6dd34111f8197,0.0,0.0,0.0,0.0,1.0,0.0,0.0,0.0,0.0
capd_finals_v3_stage3_selector_1,capd_finals_v3_0,CAPD-MIC-1.0,official,official,STAGE3_IMPLEMENTED_UNVERIFIED,PASSED,streamcluster_pressure,8,8,leave_one_out,Delta,valid_trace,d3242730e7eb3c0b6c459b45a3bcd5aa08a4a848bde9eeaca1fc396c29db2336,20f6904e49c8b209ff3653f7631e1710da402460ddc43dd9f2b5b898bb1c158f,f33c5560242cd77295273c9ac6aeadca62575cfd865a9870bf8c430548428a47,0e51d8193fdf94342faca29e7ca1ed2ef89a6880,scripts/run_capd_stage3_selector.py --repo-root /home/likc/Q-former-for-OS --artifact-root dataset/jsonl/finals_v3_official --workloads canneal streamcluster_pressure dedup_pressure --pool-sizes 8 16 32 64 --output outputs/results/finals_v3_official/stage3_selector,"selector_recall_desc,nregret_asc,uniform_distance,lexicographic",286,False,2839,156,dataset/jsonl/finals_v3_official/streamcluster_pressure/B8/resolved_config.json,ada77eabb0c38a6f965c648a742fd64a4343ba6bbfec277e4df98bbfd0f99897,dataset/jsonl/finals_v3_official/streamcluster_pressure/B8/selector_params.json,bc772cc9cfac564938c1429ffcdf1f4c27ca40214d66a4ee90b2c59a85512f22,dataset/jsonl/finals_v3_official/streamcluster_pressure/B8/selector_validation_samples.jsonl,f33c5560242cd77295273c9ac6aeadca62575cfd865a9870bf8c430548428a47,dataset/jsonl/finals_v3_official/streamcluster_pressure/B8/generator_summary.json,5a24af475d7aa0d59ea541fe1968e23f9a3aa1b043687b7a9ac6dd34111f8197,0.0,0.2,0.2,0.3,0.3,0.0,0.0,0.0,0.0
capd_finals_v3_stage3_selector_1,capd_finals_v3_0,CAPD-MIC-1.0,official,official,STAGE3_IMPLEMENTED_UNVERIFIED,PASSED,streamcluster_pressure,8,8,leave_one_out,A,valid_trace,d3242730e7eb3c0b6c459b45a3bcd5aa08a4a848bde9eeaca1fc396c29db2336,20f6904e49c8b209ff3653f7631e1710da402460ddc43dd9f2b5b898bb1c158f,f33c5560242cd77295273c9ac6aeadca62575cfd865a9870bf8c430548428a47,0e51d8193fdf94342faca29e7ca1ed2ef89a6880,scripts/run_capd_stage3_selector.py --repo-root /home/likc/Q-former-for-OS --artifact-root dataset/jsonl/finals_v3_official --workloads canneal streamcluster_pressure dedup_pressure --pool-sizes 8 16 32 64 --output outputs/results/finals_v3_official/stage3_selector,"selector_recall_desc,nregret_asc,uniform_distance,lexicographic",286,False,2839,156,dataset/jsonl/finals_v3_official/streamcluster_pressure/B8/resolved_config.json,ada77eabb0c38a6f965c648a742fd64a4343ba6bbfec277e4df98bbfd0f99897,dataset/jsonl/finals_v3_official/streamcluster_pressure/B8/selector_params.json,bc772cc9cfac564938c1429ffcdf1f4c27ca40214d66a4ee90b2c59a85512f22,dataset/jsonl/finals_v3_official/streamcluster_pressure/B8/selector_validation_samples.jsonl,f33c5560242cd77295273c9ac6aeadca62575cfd865a9870bf8c430548428a47,dataset/jsonl/finals_v3_official/streamcluster_pressure/B8/generator_summary.json,5a24af475d7aa0d59ea541fe1968e23f9a3aa1b043687b7a9ac6dd34111f8197,0.2,0.0,0.2,0.3,0.3,0.0,0.0,0.0,0.0
capd_finals_v3_stage3_selector_1,capd_finals_v3_0,CAPD-MIC-1.0,official,official,STAGE3_IMPLEMENTED_UNVERIFIED,PASSED,streamcluster_pressure,8,8,leave_one_out,W,valid_trace,d3242730e7eb3c0b6c459b45a3bcd5aa08a4a848bde9eeaca1fc396c29db2336,20f6904e49c8b209ff3653f7631e1710da402460ddc43dd9f2b5b898bb1c158f,f33c5560242cd77295273c9ac6aeadca62575cfd865a9870bf8c430548428a47,0e51d8193fdf94342faca29e7ca1ed2ef89a6880,scripts/run_capd_stage3_selector.py --repo-root /home/likc/Q-former-for-OS --artifact-root dataset/jsonl/finals_v3_official --workloads canneal streamcluster_pressure dedup_pressure --pool-sizes 8 16 32 64 --output outputs/results/finals_v3_official/stage3_selector,"selector_recall_desc,nregret_asc,uniform_distance,lexicographic",286,False,2839,156,dataset/jsonl/finals_v3_official/streamcluster_pressure/B8/resolved_config.json,ada77eabb0c38a6f965c648a742fd64a4343ba6bbfec277e4df98bbfd0f99897,dataset/jsonl/finals_v3_official/streamcluster_pressure/B8/selector_params.json,bc772cc9cfac564938c1429ffcdf1f4c27ca40214d66a4ee90b2c59a85512f22,dataset/jsonl/finals_v3_official/streamcluster_pressure/B8/selector_validation_samples.jsonl,f33c5560242cd77295273c9ac6aeadca62575cfd865a9870bf8c430548428a47,dataset/jsonl/finals_v3_official/streamcluster_pressure/B8/generator_summary.json,5a24af475d7aa0d59ea541fe1968e23f9a3aa1b043687b7a9ac6dd34111f8197,0.2,0.2,0.0,0.3,0.3,0.0,0.0,0.0,0.0
capd_finals_v3_stage3_selector_1,capd_finals_v3_0,CAPD-MIC-1.0,official,official,STAGE3_IMPLEMENTED_UNVERIFIED,PASSED,streamcluster_pressure,8,8,leave_one_out,C,valid_trace,d3242730e7eb3c0b6c459b45a3bcd5aa08a4a848bde9eeaca1fc396c29db2336,20f6904e49c8b209ff3653f7631e1710da402460ddc43dd9f2b5b898bb1c158f,f33c5560242cd77295273c9ac6aeadca62575cfd865a9870bf8c430548428a47,0e51d8193fdf94342faca29e7ca1ed2ef89a6880,scripts/run_capd_stage3_selector.py --repo-root /home/likc/Q-former-for-OS --artifact-root dataset/jsonl/finals_v3_official --workloads canneal streamcluster_pressure dedup_pressure --pool-sizes 8 16 32 64 --output outputs/results/finals_v3_official/stage3_selector,"selector_recall_desc,nregret_asc,uniform_distance,lexicographic",286,False,2839,156,dataset/jsonl/finals_v3_official/streamcluster_pressure/B8/resolved_config.json,ada77eabb0c38a6f965c648a742fd64a4343ba6bbfec277e4df98bbfd0f99897,dataset/jsonl/finals_v3_official/streamcluster_pressure/B8/selector_params.json,bc772cc9cfac564938c1429ffcdf1f4c27ca40214d66a4ee90b2c59a85512f22,dataset/jsonl/finals_v3_official/streamcluster_pressure/B8/selector_validation_samples.jsonl,f33c5560242cd77295273c9ac6aeadca62575cfd865a9870bf8c430548428a47,dataset/jsonl/finals_v3_official/streamcluster_pressure/B8/generator_summary.json,5a24af475d7aa0d59ea541fe1968e23f9a3aa1b043687b7a9ac6dd34111f8197,0.2,0.2,0.3,0.0,0.3,0.0,0.0,0.0,0.0
capd_finals_v3_stage3_selector_1,capd_finals_v3_0,CAPD-MIC-1.0,official,official,STAGE3_IMPLEMENTED_UNVERIFIED,PASSED,streamcluster_pressure,8,8,leave_one_out,R,valid_trace,d3242730e7eb3c0b6c459b45a3bcd5aa08a4a848bde9eeaca1fc396c29db2336,20f6904e49c8b209ff3653f7631e1710da402460ddc43dd9f2b5b898bb1c158f,f33c5560242cd77295273c9ac6aeadca62575cfd865a9870bf8c430548428a47,0e51d8193fdf94342faca29e7ca1ed2ef89a6880,scripts/run_capd_stage3_selector.py --repo-root /home/likc/Q-former-for-OS --artifact-root dataset/jsonl/finals_v3_official --workloads canneal streamcluster_pressure dedup_pressure --pool-sizes 8 16 32 64 --output outputs/results/finals_v3_official/stage3_selector,"selector_recall_desc,nregret_asc,uniform_distance,lexicographic",286,False,2839,156,dataset/jsonl/finals_v3_official/streamcluster_pressure/B8/resolved_config.json,ada77eabb0c38a6f965c648a742fd64a4343ba6bbfec277e4df98bbfd0f99897,dataset/jsonl/finals_v3_official/streamcluster_pressure/B8/selector_params.json,bc772cc9cfac564938c1429ffcdf1f4c27ca40214d66a4ee90b2c59a85512f22,dataset/jsonl/finals_v3_official/streamcluster_pressure/B8/selector_validation_samples.jsonl,f33c5560242cd77295273c9ac6aeadca62575cfd865a9870bf8c430548428a47,dataset/jsonl/finals_v3_official/streamcluster_pressure/B8/generator_summary.json,5a24af475d7aa0d59ea541fe1968e23f9a3aa1b043687b7a9ac6dd34111f8197,0.2,0.2,0.3,0.3,0.0,0.0,0.0,0.0,0.0
capd_finals_v3_stage3_selector_1,capd_finals_v3_0,CAPD-MIC-1.0,official,official,STAGE3_IMPLEMENTED_UNVERIFIED,PASSED,streamcluster_pressure,16,8,single_feature,Delta,valid_trace,ad19b4cfd75e770c64a18af8cc3471ecacafb71f0cf8303e135652db53b87165,05e941679a17e2bdc2d12a1db0da241939436d151d494da79bafb28544488a6d,fb0134bb2abea32ada4dd798cdc49b2e4d243e3a583116c19ffe82ca6cd29de9,0e51d8193fdf94342faca29e7ca1ed2ef89a6880,scripts/run_capd_stage3_selector.py --repo-root /home/likc/Q-former-for-OS --artifact-root dataset/jsonl/finals_v3_official --workloads canneal streamcluster_pressure dedup_pressure --pool-sizes 8 16 32 64 --output outputs/results/finals_v3_official/stage3_selector,"selector_recall_desc,nregret_asc,uniform_distance,lexicographic",0,False,2839,411,dataset/jsonl/finals_v3_official/streamcluster_pressure/B16/resolved_config.json,d9745af682bb2305ea4990784130edd7e87fa990f39e76f30ae444bd25fef704,dataset/jsonl/finals_v3_official/streamcluster_pressure/B16/selector_params.json,47da0438cc717e86b954e2f5cddb4e280f57b969f5b322795bf08e99044f933a,dataset/jsonl/finals_v3_official/streamcluster_pressure/B16/selector_validation_samples.jsonl,fb0134bb2abea32ada4dd798cdc49b2e4d243e3a583116c19ffe82ca6cd29de9,dataset/jsonl/finals_v3_official/streamcluster_pressure/B16/generator_summary.json,a955f886916c2b8d0021a959bca01df7f371a89b834155f5a4038190ef725c5d,1.0,0.0,0.0,0.0,0.0,0.0,0.0,-0.0004895187001571211,0.0
capd_finals_v3_stage3_selector_1,capd_finals_v3_0,CAPD-MIC-1.0,official,official,STAGE3_IMPLEMENTED_UNVERIFIED,PASSED,streamcluster_pressure,16,8,single_feature,A,valid_trace,ad19b4cfd75e770c64a18af8cc3471ecacafb71f0cf8303e135652db53b87165,05e941679a17e2bdc2d12a1db0da241939436d151d494da79bafb28544488a6d,fb0134bb2abea32ada4dd798cdc49b2e4d243e3a583116c19ffe82ca6cd29de9,0e51d8193fdf94342faca29e7ca1ed2ef89a6880,scripts/run_capd_stage3_selector.py --repo-root /home/likc/Q-former-for-OS --artifact-root dataset/jsonl/finals_v3_official --workloads canneal streamcluster_pressure dedup_pressure --pool-sizes 8 16 32 64 --output outputs/results/finals_v3_official/stage3_selector,"selector_recall_desc,nregret_asc,uniform_distance,lexicographic",0,False,2839,411,dataset/jsonl/finals_v3_official/streamcluster_pressure/B16/resolved_config.json,d9745af682bb2305ea4990784130edd7e87fa990f39e76f30ae444bd25fef704,dataset/jsonl/finals_v3_official/streamcluster_pressure/B16/selector_params.json,47da0438cc717e86b954e2f5cddb4e280f57b969f5b322795bf08e99044f933a,dataset/jsonl/finals_v3_official/streamcluster_pressure/B16/selector_validation_samples.jsonl,fb0134bb2abea32ada4dd798cdc49b2e4d243e3a583116c19ffe82ca6cd29de9,dataset/jsonl/finals_v3_official/streamcluster_pressure/B16/generator_summary.json,a955f886916c2b8d0021a959bca01df7f371a89b834155f5a4038190ef725c5d,0.0,1.0,0.0,0.0,0.0,0.0,0.0,-0.0004895187001571211,0.0
capd_finals_v3_stage3_selector_1,capd_finals_v3_0,CAPD-MIC-1.0,official,official,STAGE3_IMPLEMENTED_UNVERIFIED,PASSED,streamcluster_pressure,16,8,single_feature,W,valid_trace,ad19b4cfd75e770c64a18af8cc3471ecacafb71f0cf8303e135652db53b87165,05e941679a17e2bdc2d12a1db0da241939436d151d494da79bafb28544488a6d,fb0134bb2abea32ada4dd798cdc49b2e4d243e3a583116c19ffe82ca6cd29de9,0e51d8193fdf94342faca29e7ca1ed2ef89a6880,scripts/run_capd_stage3_selector.py --repo-root /home/likc/Q-former-for-OS --artifact-root dataset/jsonl/finals_v3_official --workloads canneal streamcluster_pressure dedup_pressure --pool-sizes 8 16 32 64 --output outputs/results/finals_v3_official/stage3_selector,"selector_recall_desc,nregret_asc,uniform_distance,lexicographic",0,False,2839,411,dataset/jsonl/finals_v3_official/streamcluster_pressure/B16/resolved_config.json,d9745af682bb2305ea4990784130edd7e87fa990f39e76f30ae444bd25fef704,dataset/jsonl/finals_v3_official/streamcluster_pressure/B16/selector_params.json,47da0438cc717e86b954e2f5cddb4e280f57b969f5b322795bf08e99044f933a,dataset/jsonl/finals_v3_official/streamcluster_pressure/B16/selector_validation_samples.jsonl,fb0134bb2abea32ada4dd798cdc49b2e4d243e3a583116c19ffe82ca6cd29de9,dataset/jsonl/finals_v3_official/streamcluster_pressure/B16/generator_summary.json,a955f886916c2b8d0021a959bca01df7f371a89b834155f5a4038190ef725c5d,0.0,0.0,1.0,0.0,0.0,0.0,0.0,-0.0004895187001571211,0.0
capd_finals_v3_stage3_selector_1,capd_finals_v3_0,CAPD-MIC-1.0,official,official,STAGE3_IMPLEMENTED_UNVERIFIED,PASSED,streamcluster_pressure,16,8,single_feature,C,valid_trace,ad19b4cfd75e770c64a18af8cc3471ecacafb71f0cf8303e135652db53b87165,05e941679a17e2bdc2d12a1db0da241939436d151d494da79bafb28544488a6d,fb0134bb2abea32ada4dd798cdc49b2e4d243e3a583116c19ffe82ca6cd29de9,0e51d8193fdf94342faca29e7ca1ed2ef89a6880,scripts/run_capd_stage3_selector.py --repo-root /home/likc/Q-former-for-OS --artifact-root dataset/jsonl/finals_v3_official --workloads canneal streamcluster_pressure dedup_pressure --pool-sizes 8 16 32 64 --output outputs/results/finals_v3_official/stage3_selector,"selector_recall_desc,nregret_asc,uniform_distance,lexicographic",0,False,2839,411,dataset/jsonl/finals_v3_official/streamcluster_pressure/B16/resolved_config.json,d9745af682bb2305ea4990784130edd7e87fa990f39e76f30ae444bd25fef704,dataset/jsonl/finals_v3_official/streamcluster_pressure/B16/selector_params.json,47da0438cc717e86b954e2f5cddb4e280f57b969f5b322795bf08e99044f933a,dataset/jsonl/finals_v3_official/streamcluster_pressure/B16/selector_validation_samples.jsonl,fb0134bb2abea32ada4dd798cdc49b2e4d243e3a583116c19ffe82ca6cd29de9,dataset/jsonl/finals_v3_official/streamcluster_pressure/B16/generator_summary.json,a955f886916c2b8d0021a959bca01df7f371a89b834155f5a4038190ef725c5d,0.0,0.0,0.0,1.0,0.0,0.0,0.0,-7.771561172376096e-16,0.0
capd_finals_v3_stage3_selector_1,capd_finals_v3_0,CAPD-MIC-1.0,official,official,STAGE3_IMPLEMENTED_UNVERIFIED,PASSED,streamcluster_pressure,16,8,single_feature,R,valid_trace,ad19b4cfd75e770c64a18af8cc3471ecacafb71f0cf8303e135652db53b87165,05e941679a17e2bdc2d12a1db0da241939436d151d494da79bafb28544488a6d,fb0134bb2abea32ada4dd798cdc49b2e4d243e3a583116c19ffe82ca6cd29de9,0e51d8193fdf94342faca29e7ca1ed2ef89a6880,scripts/run_capd_stage3_selector.py --repo-root /home/likc/Q-former-for-OS --artifact-root dataset/jsonl/finals_v3_official --workloads canneal streamcluster_pressure dedup_pressure --pool-sizes 8 16 32 64 --output outputs/results/finals_v3_official/stage3_selector,"selector_recall_desc,nregret_asc,uniform_distance,lexicographic",0,False,2839,411,dataset/jsonl/finals_v3_official/streamcluster_pressure/B16/resolved_config.json,d9745af682bb2305ea4990784130edd7e87fa990f39e76f30ae444bd25fef704,dataset/jsonl/finals_v3_official/streamcluster_pressure/B16/selector_params.json,47da0438cc717e86b954e2f5cddb4e280f57b969f5b322795bf08e99044f933a,dataset/jsonl/finals_v3_official/streamcluster_pressure/B16/selector_validation_samples.jsonl,fb0134bb2abea32ada4dd798cdc49b2e4d243e3a583116c19ffe82ca6cd29de9,dataset/jsonl/finals_v3_official/streamcluster_pressure/B16/generator_summary.json,a955f886916c2b8d0021a959bca01df7f371a89b834155f5a4038190ef725c5d,0.0,0.0,0.0,0.0,1.0,0.0,0.0,-0.0004895187001571211,0.0
capd_finals_v3_stage3_selector_1,capd_finals_v3_0,CAPD-MIC-1.0,official,official,STAGE3_IMPLEMENTED_UNVERIFIED,PASSED,streamcluster_pressure,16,8,leave_one_out,Delta,valid_trace,ad19b4cfd75e770c64a18af8cc3471ecacafb71f0cf8303e135652db53b87165,05e941679a17e2bdc2d12a1db0da241939436d151d494da79bafb28544488a6d,fb0134bb2abea32ada4dd798cdc49b2e4d243e3a583116c19ffe82ca6cd29de9,0e51d8193fdf94342faca29e7ca1ed2ef89a6880,scripts/run_capd_stage3_selector.py --repo-root /home/likc/Q-former-for-OS --artifact-root dataset/jsonl/finals_v3_official --workloads canneal streamcluster_pressure dedup_pressure --pool-sizes 8 16 32 64 --output outputs/results/finals_v3_official/stage3_selector,"selector_recall_desc,nregret_asc,uniform_distance,lexicographic",286,False,2839,411,dataset/jsonl/finals_v3_official/streamcluster_pressure/B16/resolved_config.json,d9745af682bb2305ea4990784130edd7e87fa990f39e76f30ae444bd25fef704,dataset/jsonl/finals_v3_official/streamcluster_pressure/B16/selector_params.json,47da0438cc717e86b954e2f5cddb4e280f57b969f5b322795bf08e99044f933a,dataset/jsonl/finals_v3_official/streamcluster_pressure/B16/selector_validation_samples.jsonl,fb0134bb2abea32ada4dd798cdc49b2e4d243e3a583116c19ffe82ca6cd29de9,dataset/jsonl/finals_v3_official/streamcluster_pressure/B16/generator_summary.json,a955f886916c2b8d0021a959bca01df7f371a89b834155f5a4038190ef725c5d,0.0,0.2,0.2,0.3,0.3,0.0,0.0,-7.771561172376096e-16,0.0
capd_finals_v3_stage3_selector_1,capd_finals_v3_0,CAPD-MIC-1.0,official,official,STAGE3_IMPLEMENTED_UNVERIFIED,PASSED,streamcluster_pressure,16,8,leave_one_out,A,valid_trace,ad19b4cfd75e770c64a18af8cc3471ecacafb71f0cf8303e135652db53b87165,05e941679a17e2bdc2d12a1db0da241939436d151d494da79bafb28544488a6d,fb0134bb2abea32ada4dd798cdc49b2e4d243e3a583116c19ffe82ca6cd29de9,0e51d8193fdf94342faca29e7ca1ed2ef89a6880,scripts/run_capd_stage3_selector.py --repo-root /home/likc/Q-former-for-OS --artifact-root dataset/jsonl/finals_v3_official --workloads canneal streamcluster_pressure dedup_pressure --pool-sizes 8 16 32 64 --output outputs/results/finals_v3_official/stage3_selector,"selector_recall_desc,nregret_asc,uniform_distance,lexicographic",286,False,2839,411,dataset/jsonl/finals_v3_official/streamcluster_pressure/B16/resolved_config.json,d9745af682bb2305ea4990784130edd7e87fa990f39e76f30ae444bd25fef704,dataset/jsonl/finals_v3_official/streamcluster_pressure/B16/selector_params.json,47da0438cc717e86b954e2f5cddb4e280f57b969f5b322795bf08e99044f933a,dataset/jsonl/finals_v3_official/streamcluster_pressure/B16/selector_validation_samples.jsonl,fb0134bb2abea32ada4dd798cdc49b2e4d243e3a583116c19ffe82ca6cd29de9,dataset/jsonl/finals_v3_official/streamcluster_pressure/B16/generator_summary.json,a955f886916c2b8d0021a959bca01df7f371a89b834155f5a4038190ef725c5d,0.2,0.0,0.2,0.3,0.3,0.0,0.0,-7.771561172376096e-16,0.0
capd_finals_v3_stage3_selector_1,capd_finals_v3_0,CAPD-MIC-1.0,official,official,STAGE3_IMPLEMENTED_UNVERIFIED,PASSED,streamcluster_pressure,16,8,leave_one_out,W,valid_trace,ad19b4cfd75e770c64a18af8cc3471ecacafb71f0cf8303e135652db53b87165,05e941679a17e2bdc2d12a1db0da241939436d151d494da79bafb28544488a6d,fb0134bb2abea32ada4dd798cdc49b2e4d243e3a583116c19ffe82ca6cd29de9,0e51d8193fdf94342faca29e7ca1ed2ef89a6880,scripts/run_capd_stage3_selector.py --repo-root /home/likc/Q-former-for-OS --artifact-root dataset/jsonl/finals_v3_official --workloads canneal streamcluster_pressure dedup_pressure --pool-sizes 8 16 32 64 --output outputs/results/finals_v3_official/stage3_selector,"selector_recall_desc,nregret_asc,uniform_distance,lexicographic",286,False,2839,411,dataset/jsonl/finals_v3_official/streamcluster_pressure/B16/resolved_config.json,d9745af682bb2305ea4990784130edd7e87fa990f39e76f30ae444bd25fef704,dataset/jsonl/finals_v3_official/streamcluster_pressure/B16/selector_params.json,47da0438cc717e86b954e2f5cddb4e280f57b969f5b322795bf08e99044f933a,dataset/jsonl/finals_v3_official/streamcluster_pressure/B16/selector_validation_samples.jsonl,fb0134bb2abea32ada4dd798cdc49b2e4d243e3a583116c19ffe82ca6cd29de9,dataset/jsonl/finals_v3_official/streamcluster_pressure/B16/generator_summary.json,a955f886916c2b8d0021a959bca01df7f371a89b834155f5a4038190ef725c5d,0.2,0.2,0.0,0.3,0.3,0.0,0.0,-7.771561172376096e-16,0.0
capd_finals_v3_stage3_selector_1,capd_finals_v3_0,CAPD-MIC-1.0,official,official,STAGE3_IMPLEMENTED_UNVERIFIED,PASSED,streamcluster_pressure,16,8,leave_one_out,C,valid_trace,ad19b4cfd75e770c64a18af8cc3471ecacafb71f0cf8303e135652db53b87165,05e941679a17e2bdc2d12a1db0da241939436d151d494da79bafb28544488a6d,fb0134bb2abea32ada4dd798cdc49b2e4d243e3a583116c19ffe82ca6cd29de9,0e51d8193fdf94342faca29e7ca1ed2ef89a6880,scripts/run_capd_stage3_selector.py --repo-root /home/likc/Q-former-for-OS --artifact-root dataset/jsonl/finals_v3_official --workloads canneal streamcluster_pressure dedup_pressure --pool-sizes 8 16 32 64 --output outputs/results/finals_v3_official/stage3_selector,"selector_recall_desc,nregret_asc,uniform_distance,lexicographic",286,False,2839,411,dataset/jsonl/finals_v3_official/streamcluster_pressure/B16/resolved_config.json,d9745af682bb2305ea4990784130edd7e87fa990f39e76f30ae444bd25fef704,dataset/jsonl/finals_v3_official/streamcluster_pressure/B16/selector_params.json,47da0438cc717e86b954e2f5cddb4e280f57b969f5b322795bf08e99044f933a,dataset/jsonl/finals_v3_official/streamcluster_pressure/B16/selector_validation_samples.jsonl,fb0134bb2abea32ada4dd798cdc49b2e4d243e3a583116c19ffe82ca6cd29de9,dataset/jsonl/finals_v3_official/streamcluster_pressure/B16/generator_summary.json,a955f886916c2b8d0021a959bca01df7f371a89b834155f5a4038190ef725c5d,0.2,0.2,0.3,0.0,0.3,0.0,0.0,-0.0004895187001571211,0.0
capd_finals_v3_stage3_selector_1,capd_finals_v3_0,CAPD-MIC-1.0,official,official,STAGE3_IMPLEMENTED_UNVERIFIED,PASSED,streamcluster_pressure,16,8,leave_one_out,R,valid_trace,ad19b4cfd75e770c64a18af8cc3471ecacafb71f0cf8303e135652db53b87165,05e941679a17e2bdc2d12a1db0da241939436d151d494da79bafb28544488a6d,fb0134bb2abea32ada4dd798cdc49b2e4d243e3a583116c19ffe82ca6cd29de9,0e51d8193fdf94342faca29e7ca1ed2ef89a6880,scripts/run_capd_stage3_selector.py --repo-root /home/likc/Q-former-for-OS --artifact-root dataset/jsonl/finals_v3_official --workloads canneal streamcluster_pressure dedup_pressure --pool-sizes 8 16 32 64 --output outputs/results/finals_v3_official/stage3_selector,"selector_recall_desc,nregret_asc,uniform_distance,lexicographic",286,False,2839,411,dataset/jsonl/finals_v3_official/streamcluster_pressure/B16/resolved_config.json,d9745af682bb2305ea4990784130edd7e87fa990f39e76f30ae444bd25fef704,dataset/jsonl/finals_v3_official/streamcluster_pressure/B16/selector_params.json,47da0438cc717e86b954e2f5cddb4e280f57b969f5b322795bf08e99044f933a,dataset/jsonl/finals_v3_official/streamcluster_pressure/B16/selector_validation_samples.jsonl,fb0134bb2abea32ada4dd798cdc49b2e4d243e3a583116c19ffe82ca6cd29de9,dataset/jsonl/finals_v3_official/streamcluster_pressure/B16/generator_summary.json,a955f886916c2b8d0021a959bca01df7f371a89b834155f5a4038190ef725c5d,0.2,0.2,0.3,0.3,0.0,0.0,0.0,-7.771561172376096e-16,0.0
capd_finals_v3_stage3_selector_1,capd_finals_v3_0,CAPD-MIC-1.0,official,official,STAGE3_IMPLEMENTED_UNVERIFIED,PASSED,streamcluster_pressure,32,8,single_feature,Delta,valid_trace,5dec0f996a1e95559108e3307253ffaa309985ca7a2f81fc2a3cc6941adfb7b2,ed0b116e46c72b845cc9a49f094e37e8bc6417117be5bd44195d3939b084071b,3c89fb6eaa5c7be56262175fd73d2e7a3f311de33e9496426d1612642c1829b2,0e51d8193fdf94342faca29e7ca1ed2ef89a6880,scripts/run_capd_stage3_selector.py --repo-root /home/likc/Q-former-for-OS --artifact-root dataset/jsonl/finals_v3_official --workloads canneal streamcluster_pressure dedup_pressure --pool-sizes 8 16 32 64 --output outputs/results/finals_v3_official/stage3_selector,"selector_recall_desc,nregret_asc,uniform_distance,lexicographic",0,False,2839,1141,dataset/jsonl/finals_v3_official/streamcluster_pressure/B32/resolved_config.json,97ba63237fcb470a047557d92630a090effa188660c98bdb406c01675751d4a3,dataset/jsonl/finals_v3_official/streamcluster_pressure/B32/selector_params.json,ba8f6ca350dfddf5bb11c7b0873de58c5266e61c7d8dcb7fac06e80ee9bc0bcc,dataset/jsonl/finals_v3_official/streamcluster_pressure/B32/selector_validation_samples.jsonl,3c89fb6eaa5c7be56262175fd73d2e7a3f311de33e9496426d1612642c1829b2,dataset/jsonl/finals_v3_official/streamcluster_pressure/B32/generator_summary.json,add94139d6caa92be4dc5e80a44a3248187da81634766b78b0d2eda70b4bde46,1.0,0.0,0.0,0.0,0.0,0.0,0.0,-0.00023896458865396708,0.0
capd_finals_v3_stage3_selector_1,capd_finals_v3_0,CAPD-MIC-1.0,official,official,STAGE3_IMPLEMENTED_UNVERIFIED,PASSED,streamcluster_pressure,32,8,single_feature,A,valid_trace,5dec0f996a1e95559108e3307253ffaa309985ca7a2f81fc2a3cc6941adfb7b2,ed0b116e46c72b845cc9a49f094e37e8bc6417117be5bd44195d3939b084071b,3c89fb6eaa5c7be56262175fd73d2e7a3f311de33e9496426d1612642c1829b2,0e51d8193fdf94342faca29e7ca1ed2ef89a6880,scripts/run_capd_stage3_selector.py --repo-root /home/likc/Q-former-for-OS --artifact-root dataset/jsonl/finals_v3_official --workloads canneal streamcluster_pressure dedup_pressure --pool-sizes 8 16 32 64 --output outputs/results/finals_v3_official/stage3_selector,"selector_recall_desc,nregret_asc,uniform_distance,lexicographic",0,False,2839,1141,dataset/jsonl/finals_v3_official/streamcluster_pressure/B32/resolved_config.json,97ba63237fcb470a047557d92630a090effa188660c98bdb406c01675751d4a3,dataset/jsonl/finals_v3_official/streamcluster_pressure/B32/selector_params.json,ba8f6ca350dfddf5bb11c7b0873de58c5266e61c7d8dcb7fac06e80ee9bc0bcc,dataset/jsonl/finals_v3_official/streamcluster_pressure/B32/selector_validation_samples.jsonl,3c89fb6eaa5c7be56262175fd73d2e7a3f311de33e9496426d1612642c1829b2,dataset/jsonl/finals_v3_official/streamcluster_pressure/B32/generator_summary.json,add94139d6caa92be4dc5e80a44a3248187da81634766b78b0d2eda70b4bde46,0.0,1.0,0.0,0.0,0.0,0.0,0.0,-0.00023896458865396708,0.0
capd_finals_v3_stage3_selector_1,capd_finals_v3_0,CAPD-MIC-1.0,official,official,STAGE3_IMPLEMENTED_UNVERIFIED,PASSED,streamcluster_pressure,32,8,single_feature,W,valid_trace,5dec0f996a1e95559108e3307253ffaa309985ca7a2f81fc2a3cc6941adfb7b2,ed0b116e46c72b845cc9a49f094e37e8bc6417117be5bd44195d3939b084071b,3c89fb6eaa5c7be56262175fd73d2e7a3f311de33e9496426d1612642c1829b2,0e51d8193fdf94342faca29e7ca1ed2ef89a6880,scripts/run_capd_stage3_selector.py --repo-root /home/likc/Q-former-for-OS --artifact-root dataset/jsonl/finals_v3_official --workloads canneal streamcluster_pressure dedup_pressure --pool-sizes 8 16 32 64 --output outputs/results/finals_v3_official/stage3_selector,"selector_recall_desc,nregret_asc,uniform_distance,lexicographic",0,False,2839,1141,dataset/jsonl/finals_v3_official/streamcluster_pressure/B32/resolved_config.json,97ba63237fcb470a047557d92630a090effa188660c98bdb406c01675751d4a3,dataset/jsonl/finals_v3_official/streamcluster_pressure/B32/selector_params.json,ba8f6ca350dfddf5bb11c7b0873de58c5266e61c7d8dcb7fac06e80ee9bc0bcc,dataset/jsonl/finals_v3_official/streamcluster_pressure/B32/selector_validation_samples.jsonl,3c89fb6eaa5c7be56262175fd73d2e7a3f311de33e9496426d1612642c1829b2,dataset/jsonl/finals_v3_official/streamcluster_pressure/B32/generator_summary.json,add94139d6caa92be4dc5e80a44a3248187da81634766b78b0d2eda70b4bde46,0.0,0.0,1.0,0.0,0.0,0.0,0.0,-0.00023896458865396708,0.0
capd_finals_v3_stage3_selector_1,capd_finals_v3_0,CAPD-MIC-1.0,official,official,STAGE3_IMPLEMENTED_UNVERIFIED,PASSED,streamcluster_pressure,32,8,single_feature,C,valid_trace,5dec0f996a1e95559108e3307253ffaa309985ca7a2f81fc2a3cc6941adfb7b2,ed0b116e46c72b845cc9a49f094e37e8bc6417117be5bd44195d3939b084071b,3c89fb6eaa5c7be56262175fd73d2e7a3f311de33e9496426d1612642c1829b2,0e51d8193fdf94342faca29e7ca1ed2ef89a6880,scripts/run_capd_stage3_selector.py --repo-root /home/likc/Q-former-for-OS --artifact-root dataset/jsonl/finals_v3_official --workloads canneal streamcluster_pressure dedup_pressure --pool-sizes 8 16 32 64 --output outputs/results/finals_v3_official/stage3_selector,"selector_recall_desc,nregret_asc,uniform_distance,lexicographic",0,False,2839,1141,dataset/jsonl/finals_v3_official/streamcluster_pressure/B32/resolved_config.json,97ba63237fcb470a047557d92630a090effa188660c98bdb406c01675751d4a3,dataset/jsonl/finals_v3_official/streamcluster_pressure/B32/selector_params.json,ba8f6ca350dfddf5bb11c7b0873de58c5266e61c7d8dcb7fac06e80ee9bc0bcc,dataset/jsonl/finals_v3_official/streamcluster_pressure/B32/selector_validation_samples.jsonl,3c89fb6eaa5c7be56262175fd73d2e7a3f311de33e9496426d1612642c1829b2,dataset/jsonl/finals_v3_official/streamcluster_pressure/B32/generator_summary.json,add94139d6caa92be4dc5e80a44a3248187da81634766b78b0d2eda70b4bde46,0.0,0.0,0.0,1.0,0.0,0.0,0.0,-1.1102230246251565e-15,0.0
capd_finals_v3_stage3_selector_1,capd_finals_v3_0,CAPD-MIC-1.0,official,official,STAGE3_IMPLEMENTED_UNVERIFIED,PASSED,streamcluster_pressure,32,8,single_feature,R,valid_trace,5dec0f996a1e95559108e3307253ffaa309985ca7a2f81fc2a3cc6941adfb7b2,ed0b116e46c72b845cc9a49f094e37e8bc6417117be5bd44195d3939b084071b,3c89fb6eaa5c7be56262175fd73d2e7a3f311de33e9496426d1612642c1829b2,0e51d8193fdf94342faca29e7ca1ed2ef89a6880,scripts/run_capd_stage3_selector.py --repo-root /home/likc/Q-former-for-OS --artifact-root dataset/jsonl/finals_v3_official --workloads canneal streamcluster_pressure dedup_pressure --pool-sizes 8 16 32 64 --output outputs/results/finals_v3_official/stage3_selector,"selector_recall_desc,nregret_asc,uniform_distance,lexicographic",0,False,2839,1141,dataset/jsonl/finals_v3_official/streamcluster_pressure/B32/resolved_config.json,97ba63237fcb470a047557d92630a090effa188660c98bdb406c01675751d4a3,dataset/jsonl/finals_v3_official/streamcluster_pressure/B32/selector_params.json,ba8f6ca350dfddf5bb11c7b0873de58c5266e61c7d8dcb7fac06e80ee9bc0bcc,dataset/jsonl/finals_v3_official/streamcluster_pressure/B32/selector_validation_samples.jsonl,3c89fb6eaa5c7be56262175fd73d2e7a3f311de33e9496426d1612642c1829b2,dataset/jsonl/finals_v3_official/streamcluster_pressure/B32/generator_summary.json,add94139d6caa92be4dc5e80a44a3248187da81634766b78b0d2eda70b4bde46,0.0,0.0,0.0,0.0,1.0,0.0,0.0,-0.00023896458865396708,0.0
capd_finals_v3_stage3_selector_1,capd_finals_v3_0,CAPD-MIC-1.0,official,official,STAGE3_IMPLEMENTED_UNVERIFIED,PASSED,streamcluster_pressure,32,8,leave_one_out,Delta,valid_trace,5dec0f996a1e95559108e3307253ffaa309985ca7a2f81fc2a3cc6941adfb7b2,ed0b116e46c72b845cc9a49f094e37e8bc6417117be5bd44195d3939b084071b,3c89fb6eaa5c7be56262175fd73d2e7a3f311de33e9496426d1612642c1829b2,0e51d8193fdf94342faca29e7ca1ed2ef89a6880,scripts/run_capd_stage3_selector.py --repo-root /home/likc/Q-former-for-OS --artifact-root dataset/jsonl/finals_v3_official --workloads canneal streamcluster_pressure dedup_pressure --pool-sizes 8 16 32 64 --output outputs/results/finals_v3_official/stage3_selector,"selector_recall_desc,nregret_asc,uniform_distance,lexicographic",286,False,2839,1141,dataset/jsonl/finals_v3_official/streamcluster_pressure/B32/resolved_config.json,97ba63237fcb470a047557d92630a090effa188660c98bdb406c01675751d4a3,dataset/jsonl/finals_v3_official/streamcluster_pressure/B32/selector_params.json,ba8f6ca350dfddf5bb11c7b0873de58c5266e61c7d8dcb7fac06e80ee9bc0bcc,dataset/jsonl/finals_v3_official/streamcluster_pressure/B32/selector_validation_samples.jsonl,3c89fb6eaa5c7be56262175fd73d2e7a3f311de33e9496426d1612642c1829b2,dataset/jsonl/finals_v3_official/streamcluster_pressure/B32/generator_summary.json,add94139d6caa92be4dc5e80a44a3248187da81634766b78b0d2eda70b4bde46,0.0,0.2,0.2,0.3,0.3,0.0,0.0,-1.1102230246251565e-15,0.0
capd_finals_v3_stage3_selector_1,capd_finals_v3_0,CAPD-MIC-1.0,official,official,STAGE3_IMPLEMENTED_UNVERIFIED,PASSED,streamcluster_pressure,32,8,leave_one_out,A,valid_trace,5dec0f996a1e95559108e3307253ffaa309985ca7a2f81fc2a3cc6941adfb7b2,ed0b116e46c72b845cc9a49f094e37e8bc6417117be5bd44195d3939b084071b,3c89fb6eaa5c7be56262175fd73d2e7a3f311de33e9496426d1612642c1829b2,0e51d8193fdf94342faca29e7ca1ed2ef89a6880,scripts/run_capd_stage3_selector.py --repo-root /home/likc/Q-former-for-OS --artifact-root dataset/jsonl/finals_v3_official --workloads canneal streamcluster_pressure dedup_pressure --pool-sizes 8 16 32 64 --output outputs/results/finals_v3_official/stage3_selector,"selector_recall_desc,nregret_asc,uniform_distance,lexicographic",286,False,2839,1141,dataset/jsonl/finals_v3_official/streamcluster_pressure/B32/resolved_config.json,97ba63237fcb470a047557d92630a090effa188660c98bdb406c01675751d4a3,dataset/jsonl/finals_v3_official/streamcluster_pressure/B32/selector_params.json,ba8f6ca350dfddf5bb11c7b0873de58c5266e61c7d8dcb7fac06e80ee9bc0bcc,dataset/jsonl/finals_v3_official/streamcluster_pressure/B32/selector_validation_samples.jsonl,3c89fb6eaa5c7be56262175fd73d2e7a3f311de33e9496426d1612642c1829b2,dataset/jsonl/finals_v3_official/streamcluster_pressure/B32/generator_summary.json,add94139d6caa92be4dc5e80a44a3248187da81634766b78b0d2eda70b4bde46,0.2,0.0,0.2,0.3,0.3,0.0,0.0,-1.1102230246251565e-15,0.0
capd_finals_v3_stage3_selector_1,capd_finals_v3_0,CAPD-MIC-1.0,official,official,STAGE3_IMPLEMENTED_UNVERIFIED,PASSED,streamcluster_pressure,32,8,leave_one_out,W,valid_trace,5dec0f996a1e95559108e3307253ffaa309985ca7a2f81fc2a3cc6941adfb7b2,ed0b116e46c72b845cc9a49f094e37e8bc6417117be5bd44195d3939b084071b,3c89fb6eaa5c7be56262175fd73d2e7a3f311de33e9496426d1612642c1829b2,0e51d8193fdf94342faca29e7ca1ed2ef89a6880,scripts/run_capd_stage3_selector.py --repo-root /home/likc/Q-former-for-OS --artifact-root dataset/jsonl/finals_v3_official --workloads canneal streamcluster_pressure dedup_pressure --pool-sizes 8 16 32 64 --output outputs/results/finals_v3_official/stage3_selector,"selector_recall_desc,nregret_asc,uniform_distance,lexicographic",286,False,2839,1141,dataset/jsonl/finals_v3_official/streamcluster_pressure/B32/resolved_config.json,97ba63237fcb470a047557d92630a090effa188660c98bdb406c01675751d4a3,dataset/jsonl/finals_v3_official/streamcluster_pressure/B32/selector_params.json,ba8f6ca350dfddf5bb11c7b0873de58c5266e61c7d8dcb7fac06e80ee9bc0bcc,dataset/jsonl/finals_v3_official/streamcluster_pressure/B32/selector_validation_samples.jsonl,3c89fb6eaa5c7be56262175fd73d2e7a3f311de33e9496426d1612642c1829b2,dataset/jsonl/finals_v3_official/streamcluster_pressure/B32/generator_summary.json,add94139d6caa92be4dc5e80a44a3248187da81634766b78b0d2eda70b4bde46,0.2,0.2,0.0,0.3,0.3,0.0,0.0,-1.1102230246251565e-15,0.0
capd_finals_v3_stage3_selector_1,capd_finals_v3_0,CAPD-MIC-1.0,official,official,STAGE3_IMPLEMENTED_UNVERIFIED,PASSED,streamcluster_pressure,32,8,leave_one_out,C,valid_trace,5dec0f996a1e95559108e3307253ffaa309985ca7a2f81fc2a3cc6941adfb7b2,ed0b116e46c72b845cc9a49f094e37e8bc6417117be5bd44195d3939b084071b,3c89fb6eaa5c7be56262175fd73d2e7a3f311de33e9496426d1612642c1829b2,0e51d8193fdf94342faca29e7ca1ed2ef89a6880,scripts/run_capd_stage3_selector.py --repo-root /home/likc/Q-former-for-OS --artifact-root dataset/jsonl/finals_v3_official --workloads canneal streamcluster_pressure dedup_pressure --pool-sizes 8 16 32 64 --output outputs/results/finals_v3_official/stage3_selector,"selector_recall_desc,nregret_asc,uniform_distance,lexicographic",286,False,2839,1141,dataset/jsonl/finals_v3_official/streamcluster_pressure/B32/resolved_config.json,97ba63237fcb470a047557d92630a090effa188660c98bdb406c01675751d4a3,dataset/jsonl/finals_v3_official/streamcluster_pressure/B32/selector_params.json,ba8f6ca350dfddf5bb11c7b0873de58c5266e61c7d8dcb7fac06e80ee9bc0bcc,dataset/jsonl/finals_v3_official/streamcluster_pressure/B32/selector_validation_samples.jsonl,3c89fb6eaa5c7be56262175fd73d2e7a3f311de33e9496426d1612642c1829b2,dataset/jsonl/finals_v3_official/streamcluster_pressure/B32/generator_summary.json,add94139d6caa92be4dc5e80a44a3248187da81634766b78b0d2eda70b4bde46,0.2,0.2,0.3,0.0,0.3,0.0,0.0,-0.00023896458865396708,0.0
capd_finals_v3_stage3_selector_1,capd_finals_v3_0,CAPD-MIC-1.0,official,official,STAGE3_IMPLEMENTED_UNVERIFIED,PASSED,streamcluster_pressure,32,8,leave_one_out,R,valid_trace,5dec0f996a1e95559108e3307253ffaa309985ca7a2f81fc2a3cc6941adfb7b2,ed0b116e46c72b845cc9a49f094e37e8bc6417117be5bd44195d3939b084071b,3c89fb6eaa5c7be56262175fd73d2e7a3f311de33e9496426d1612642c1829b2,0e51d8193fdf94342faca29e7ca1ed2ef89a6880,scripts/run_capd_stage3_selector.py --repo-root /home/likc/Q-former-for-OS --artifact-root dataset/jsonl/finals_v3_official --workloads canneal streamcluster_pressure dedup_pressure --pool-sizes 8 16 32 64 --output outputs/results/finals_v3_official/stage3_selector,"selector_recall_desc,nregret_asc,uniform_distance,lexicographic",286,False,2839,1141,dataset/jsonl/finals_v3_official/streamcluster_pressure/B32/resolved_config.json,97ba63237fcb470a047557d92630a090effa188660c98bdb406c01675751d4a3,dataset/jsonl/finals_v3_official/streamcluster_pressure/B32/selector_params.json,ba8f6ca350dfddf5bb11c7b0873de58c5266e61c7d8dcb7fac06e80ee9bc0bcc,dataset/jsonl/finals_v3_official/streamcluster_pressure/B32/selector_validation_samples.jsonl,3c89fb6eaa5c7be56262175fd73d2e7a3f311de33e9496426d1612642c1829b2,dataset/jsonl/finals_v3_official/streamcluster_pressure/B32/generator_summary.json,add94139d6caa92be4dc5e80a44a3248187da81634766b78b0d2eda70b4bde46,0.2,0.2,0.3,0.3,0.0,0.0,0.0,-1.1102230246251565e-15,0.0
capd_finals_v3_stage3_selector_1,capd_finals_v3_0,CAPD-MIC-1.0,official,official,STAGE3_IMPLEMENTED_UNVERIFIED,PASSED,streamcluster_pressure,64,8,single_feature,Delta,valid_trace,44a24bbe43a14f19162882f7251adae9ef4f4a920781bb1cad567814035f4b40,243d0494246e8a1dd9ef36cf5e1d290b2772c2ee0b919b20d7d86ea0d43925b8,404fb0e3cd325032b43e7bfbbad27e7a044af9b0e72103153de1d08229063219,0e51d8193fdf94342faca29e7ca1ed2ef89a6880,scripts/run_capd_stage3_selector.py --repo-root /home/likc/Q-former-for-OS --artifact-root dataset/jsonl/finals_v3_official --workloads canneal streamcluster_pressure dedup_pressure --pool-sizes 8 16 32 64 --output outputs/results/finals_v3_official/stage3_selector,"selector_recall_desc,nregret_asc,uniform_distance,lexicographic",0,False,2839,2839,dataset/jsonl/finals_v3_official/streamcluster_pressure/B64/resolved_config.json,a74324d1156492cd17d5be523518112b545642d7bcedcd78ad3f9d3f0e6efdae,dataset/jsonl/finals_v3_official/streamcluster_pressure/B64/selector_params.json,69e82f9d334684ce1b0c71fd7ea3d185a35c3b2fa247684390387b793b881145,dataset/jsonl/finals_v3_official/streamcluster_pressure/B64/selector_validation_samples.jsonl,404fb0e3cd325032b43e7bfbbad27e7a044af9b0e72103153de1d08229063219,dataset/jsonl/finals_v3_official/streamcluster_pressure/B64/generator_summary.json,b6c23d624e76cdc783ab0717b30b17c4c3dc5e630a8a5a7467406c1677da8f0b,1.0,0.0,0.0,0.0,0.0,0.0,0.0,-0.00012958136612123416,0.0
capd_finals_v3_stage3_selector_1,capd_finals_v3_0,CAPD-MIC-1.0,official,official,STAGE3_IMPLEMENTED_UNVERIFIED,PASSED,streamcluster_pressure,64,8,single_feature,A,valid_trace,44a24bbe43a14f19162882f7251adae9ef4f4a920781bb1cad567814035f4b40,243d0494246e8a1dd9ef36cf5e1d290b2772c2ee0b919b20d7d86ea0d43925b8,404fb0e3cd325032b43e7bfbbad27e7a044af9b0e72103153de1d08229063219,0e51d8193fdf94342faca29e7ca1ed2ef89a6880,scripts/run_capd_stage3_selector.py --repo-root /home/likc/Q-former-for-OS --artifact-root dataset/jsonl/finals_v3_official --workloads canneal streamcluster_pressure dedup_pressure --pool-sizes 8 16 32 64 --output outputs/results/finals_v3_official/stage3_selector,"selector_recall_desc,nregret_asc,uniform_distance,lexicographic",0,False,2839,2839,dataset/jsonl/finals_v3_official/streamcluster_pressure/B64/resolved_config.json,a74324d1156492cd17d5be523518112b545642d7bcedcd78ad3f9d3f0e6efdae,dataset/jsonl/finals_v3_official/streamcluster_pressure/B64/selector_params.json,69e82f9d334684ce1b0c71fd7ea3d185a35c3b2fa247684390387b793b881145,dataset/jsonl/finals_v3_official/streamcluster_pressure/B64/selector_validation_samples.jsonl,404fb0e3cd325032b43e7bfbbad27e7a044af9b0e72103153de1d08229063219,dataset/jsonl/finals_v3_official/streamcluster_pressure/B64/generator_summary.json,b6c23d624e76cdc783ab0717b30b17c4c3dc5e630a8a5a7467406c1677da8f0b,0.0,1.0,0.0,0.0,0.0,0.0,0.0,-0.00012958136612123416,0.0
capd_finals_v3_stage3_selector_1,capd_finals_v3_0,CAPD-MIC-1.0,official,official,STAGE3_IMPLEMENTED_UNVERIFIED,PASSED,streamcluster_pressure,64,8,single_feature,W,valid_trace,44a24bbe43a14f19162882f7251adae9ef4f4a920781bb1cad567814035f4b40,243d0494246e8a1dd9ef36cf5e1d290b2772c2ee0b919b20d7d86ea0d43925b8,404fb0e3cd325032b43e7bfbbad27e7a044af9b0e72103153de1d08229063219,0e51d8193fdf94342faca29e7ca1ed2ef89a6880,scripts/run_capd_stage3_selector.py --repo-root /home/likc/Q-former-for-OS --artifact-root dataset/jsonl/finals_v3_official --workloads canneal streamcluster_pressure dedup_pressure --pool-sizes 8 16 32 64 --output outputs/results/finals_v3_official/stage3_selector,"selector_recall_desc,nregret_asc,uniform_distance,lexicographic",0,False,2839,2839,dataset/jsonl/finals_v3_official/streamcluster_pressure/B64/resolved_config.json,a74324d1156492cd17d5be523518112b545642d7bcedcd78ad3f9d3f0e6efdae,dataset/jsonl/finals_v3_official/streamcluster_pressure/B64/selector_params.json,69e82f9d334684ce1b0c71fd7ea3d185a35c3b2fa247684390387b793b881145,dataset/jsonl/finals_v3_official/streamcluster_pressure/B64/selector_validation_samples.jsonl,404fb0e3cd325032b43e7bfbbad27e7a044af9b0e72103153de1d08229063219,dataset/jsonl/finals_v3_official/streamcluster_pressure/B64/generator_summary.json,b6c23d624e76cdc783ab0717b30b17c4c3dc5e630a8a5a7467406c1677da8f0b,0.0,0.0,1.0,0.0,0.0,0.0,0.0,-0.00012958136612123416,0.0
capd_finals_v3_stage3_selector_1,capd_finals_v3_0,CAPD-MIC-1.0,official,official,STAGE3_IMPLEMENTED_UNVERIFIED,PASSED,streamcluster_pressure,64,8,single_feature,C,valid_trace,44a24bbe43a14f19162882f7251adae9ef4f4a920781bb1cad567814035f4b40,243d0494246e8a1dd9ef36cf5e1d290b2772c2ee0b919b20d7d86ea0d43925b8,404fb0e3cd325032b43e7bfbbad27e7a044af9b0e72103153de1d08229063219,0e51d8193fdf94342faca29e7ca1ed2ef89a6880,scripts/run_capd_stage3_selector.py --repo-root /home/likc/Q-former-for-OS --artifact-root dataset/jsonl/finals_v3_official --workloads canneal streamcluster_pressure dedup_pressure --pool-sizes 8 16 32 64 --output outputs/results/finals_v3_official/stage3_selector,"selector_recall_desc,nregret_asc,uniform_distance,lexicographic",0,False,2839,2839,dataset/jsonl/finals_v3_official/streamcluster_pressure/B64/resolved_config.json,a74324d1156492cd17d5be523518112b545642d7bcedcd78ad3f9d3f0e6efdae,dataset/jsonl/finals_v3_official/streamcluster_pressure/B64/selector_params.json,69e82f9d334684ce1b0c71fd7ea3d185a35c3b2fa247684390387b793b881145,dataset/jsonl/finals_v3_official/streamcluster_pressure/B64/selector_validation_samples.jsonl,404fb0e3cd325032b43e7bfbbad27e7a044af9b0e72103153de1d08229063219,dataset/jsonl/finals_v3_official/streamcluster_pressure/B64/generator_summary.json,b6c23d624e76cdc783ab0717b30b17c4c3dc5e630a8a5a7467406c1677da8f0b,0.0,0.0,0.0,1.0,0.0,0.0,0.0,-4.718447854656915e-16,0.0
capd_finals_v3_stage3_selector_1,capd_finals_v3_0,CAPD-MIC-1.0,official,official,STAGE3_IMPLEMENTED_UNVERIFIED,PASSED,streamcluster_pressure,64,8,single_feature,R,valid_trace,44a24bbe43a14f19162882f7251adae9ef4f4a920781bb1cad567814035f4b40,243d0494246e8a1dd9ef36cf5e1d290b2772c2ee0b919b20d7d86ea0d43925b8,404fb0e3cd325032b43e7bfbbad27e7a044af9b0e72103153de1d08229063219,0e51d8193fdf94342faca29e7ca1ed2ef89a6880,scripts/run_capd_stage3_selector.py --repo-root /home/likc/Q-former-for-OS --artifact-root dataset/jsonl/finals_v3_official --workloads canneal streamcluster_pressure dedup_pressure --pool-sizes 8 16 32 64 --output outputs/results/finals_v3_official/stage3_selector,"selector_recall_desc,nregret_asc,uniform_distance,lexicographic",0,False,2839,2839,dataset/jsonl/finals_v3_official/streamcluster_pressure/B64/resolved_config.json,a74324d1156492cd17d5be523518112b545642d7bcedcd78ad3f9d3f0e6efdae,dataset/jsonl/finals_v3_official/streamcluster_pressure/B64/selector_params.json,69e82f9d334684ce1b0c71fd7ea3d185a35c3b2fa247684390387b793b881145,dataset/jsonl/finals_v3_official/streamcluster_pressure/B64/selector_validation_samples.jsonl,404fb0e3cd325032b43e7bfbbad27e7a044af9b0e72103153de1d08229063219,dataset/jsonl/finals_v3_official/streamcluster_pressure/B64/generator_summary.json,b6c23d624e76cdc783ab0717b30b17c4c3dc5e630a8a5a7467406c1677da8f0b,0.0,0.0,0.0,0.0,1.0,0.0,0.0,-0.00012958136612123416,0.0
capd_finals_v3_stage3_selector_1,capd_finals_v3_0,CAPD-MIC-1.0,official,official,STAGE3_IMPLEMENTED_UNVERIFIED,PASSED,streamcluster_pressure,64,8,leave_one_out,Delta,valid_trace,44a24bbe43a14f19162882f7251adae9ef4f4a920781bb1cad567814035f4b40,243d0494246e8a1dd9ef36cf5e1d290b2772c2ee0b919b20d7d86ea0d43925b8,404fb0e3cd325032b43e7bfbbad27e7a044af9b0e72103153de1d08229063219,0e51d8193fdf94342faca29e7ca1ed2ef89a6880,scripts/run_capd_stage3_selector.py --repo-root /home/likc/Q-former-for-OS --artifact-root dataset/jsonl/finals_v3_official --workloads canneal streamcluster_pressure dedup_pressure --pool-sizes 8 16 32 64 --output outputs/results/finals_v3_official/stage3_selector,"selector_recall_desc,nregret_asc,uniform_distance,lexicographic",286,False,2839,2839,dataset/jsonl/finals_v3_official/streamcluster_pressure/B64/resolved_config.json,a74324d1156492cd17d5be523518112b545642d7bcedcd78ad3f9d3f0e6efdae,dataset/jsonl/finals_v3_official/streamcluster_pressure/B64/selector_params.json,69e82f9d334684ce1b0c71fd7ea3d185a35c3b2fa247684390387b793b881145,dataset/jsonl/finals_v3_official/streamcluster_pressure/B64/selector_validation_samples.jsonl,404fb0e3cd325032b43e7bfbbad27e7a044af9b0e72103153de1d08229063219,dataset/jsonl/finals_v3_official/streamcluster_pressure/B64/generator_summary.json,b6c23d624e76cdc783ab0717b30b17c4c3dc5e630a8a5a7467406c1677da8f0b,0.0,0.2,0.2,0.3,0.3,0.0,0.0,-4.718447854656915e-16,0.0
capd_finals_v3_stage3_selector_1,capd_finals_v3_0,CAPD-MIC-1.0,official,official,STAGE3_IMPLEMENTED_UNVERIFIED,PASSED,streamcluster_pressure,64,8,leave_one_out,A,valid_trace,44a24bbe43a14f19162882f7251adae9ef4f4a920781bb1cad567814035f4b40,243d0494246e8a1dd9ef36cf5e1d290b2772c2ee0b919b20d7d86ea0d43925b8,404fb0e3cd325032b43e7bfbbad27e7a044af9b0e72103153de1d08229063219,0e51d8193fdf94342faca29e7ca1ed2ef89a6880,scripts/run_capd_stage3_selector.py --repo-root /home/likc/Q-former-for-OS --artifact-root dataset/jsonl/finals_v3_official --workloads canneal streamcluster_pressure dedup_pressure --pool-sizes 8 16 32 64 --output outputs/results/finals_v3_official/stage3_selector,"selector_recall_desc,nregret_asc,uniform_distance,lexicographic",286,False,2839,2839,dataset/jsonl/finals_v3_official/streamcluster_pressure/B64/resolved_config.json,a74324d1156492cd17d5be523518112b545642d7bcedcd78ad3f9d3f0e6efdae,dataset/jsonl/finals_v3_official/streamcluster_pressure/B64/selector_params.json,69e82f9d334684ce1b0c71fd7ea3d185a35c3b2fa247684390387b793b881145,dataset/jsonl/finals_v3_official/streamcluster_pressure/B64/selector_validation_samples.jsonl,404fb0e3cd325032b43e7bfbbad27e7a044af9b0e72103153de1d08229063219,dataset/jsonl/finals_v3_official/streamcluster_pressure/B64/generator_summary.json,b6c23d624e76cdc783ab0717b30b17c4c3dc5e630a8a5a7467406c1677da8f0b,0.2,0.0,0.2,0.3,0.3,0.0,0.0,-4.718447854656915e-16,0.0
capd_finals_v3_stage3_selector_1,capd_finals_v3_0,CAPD-MIC-1.0,official,official,STAGE3_IMPLEMENTED_UNVERIFIED,PASSED,streamcluster_pressure,64,8,leave_one_out,W,valid_trace,44a24bbe43a14f19162882f7251adae9ef4f4a920781bb1cad567814035f4b40,243d0494246e8a1dd9ef36cf5e1d290b2772c2ee0b919b20d7d86ea0d43925b8,404fb0e3cd325032b43e7bfbbad27e7a044af9b0e72103153de1d08229063219,0e51d8193fdf94342faca29e7ca1ed2ef89a6880,scripts/run_capd_stage3_selector.py --repo-root /home/likc/Q-former-for-OS --artifact-root dataset/jsonl/finals_v3_official --workloads canneal streamcluster_pressure dedup_pressure --pool-sizes 8 16 32 64 --output outputs/results/finals_v3_official/stage3_selector,"selector_recall_desc,nregret_asc,uniform_distance,lexicographic",286,False,2839,2839,dataset/jsonl/finals_v3_official/streamcluster_pressure/B64/resolved_config.json,a74324d1156492cd17d5be523518112b545642d7bcedcd78ad3f9d3f0e6efdae,dataset/jsonl/finals_v3_official/streamcluster_pressure/B64/selector_params.json,69e82f9d334684ce1b0c71fd7ea3d185a35c3b2fa247684390387b793b881145,dataset/jsonl/finals_v3_official/streamcluster_pressure/B64/selector_validation_samples.jsonl,404fb0e3cd325032b43e7bfbbad27e7a044af9b0e72103153de1d08229063219,dataset/jsonl/finals_v3_official/streamcluster_pressure/B64/generator_summary.json,b6c23d624e76cdc783ab0717b30b17c4c3dc5e630a8a5a7467406c1677da8f0b,0.2,0.2,0.0,0.3,0.3,0.0,0.0,-4.718447854656915e-16,0.0
capd_finals_v3_stage3_selector_1,capd_finals_v3_0,CAPD-MIC-1.0,official,official,STAGE3_IMPLEMENTED_UNVERIFIED,PASSED,streamcluster_pressure,64,8,leave_one_out,C,valid_trace,44a24bbe43a14f19162882f7251adae9ef4f4a920781bb1cad567814035f4b40,243d0494246e8a1dd9ef36cf5e1d290b2772c2ee0b919b20d7d86ea0d43925b8,404fb0e3cd325032b43e7bfbbad27e7a044af9b0e72103153de1d08229063219,0e51d8193fdf94342faca29e7ca1ed2ef89a6880,scripts/run_capd_stage3_selector.py --repo-root /home/likc/Q-former-for-OS --artifact-root dataset/jsonl/finals_v3_official --workloads canneal streamcluster_pressure dedup_pressure --pool-sizes 8 16 32 64 --output outputs/results/finals_v3_official/stage3_selector,"selector_recall_desc,nregret_asc,uniform_distance,lexicographic",286,False,2839,2839,dataset/jsonl/finals_v3_official/streamcluster_pressure/B64/resolved_config.json,a74324d1156492cd17d5be523518112b545642d7bcedcd78ad3f9d3f0e6efdae,dataset/jsonl/finals_v3_official/streamcluster_pressure/B64/selector_params.json,69e82f9d334684ce1b0c71fd7ea3d185a35c3b2fa247684390387b793b881145,dataset/jsonl/finals_v3_official/streamcluster_pressure/B64/selector_validation_samples.jsonl,404fb0e3cd325032b43e7bfbbad27e7a044af9b0e72103153de1d08229063219,dataset/jsonl/finals_v3_official/streamcluster_pressure/B64/generator_summary.json,b6c23d624e76cdc783ab0717b30b17c4c3dc5e630a8a5a7467406c1677da8f0b,0.2,0.2,0.3,0.0,0.3,0.0,0.0,-0.00012958136612123416,0.0
capd_finals_v3_stage3_selector_1,capd_finals_v3_0,CAPD-MIC-1.0,official,official,STAGE3_IMPLEMENTED_UNVERIFIED,PASSED,streamcluster_pressure,64,8,leave_one_out,R,valid_trace,44a24bbe43a14f19162882f7251adae9ef4f4a920781bb1cad567814035f4b40,243d0494246e8a1dd9ef36cf5e1d290b2772c2ee0b919b20d7d86ea0d43925b8,404fb0e3cd325032b43e7bfbbad27e7a044af9b0e72103153de1d08229063219,0e51d8193fdf94342faca29e7ca1ed2ef89a6880,scripts/run_capd_stage3_selector.py --repo-root /home/likc/Q-former-for-OS --artifact-root dataset/jsonl/finals_v3_official --workloads canneal streamcluster_pressure dedup_pressure --pool-sizes 8 16 32 64 --output outputs/results/finals_v3_official/stage3_selector,"selector_recall_desc,nregret_asc,uniform_distance,lexicographic",286,False,2839,2839,dataset/jsonl/finals_v3_official/streamcluster_pressure/B64/resolved_config.json,a74324d1156492cd17d5be523518112b545642d7bcedcd78ad3f9d3f0e6efdae,dataset/jsonl/finals_v3_official/streamcluster_pressure/B64/selector_params.json,69e82f9d334684ce1b0c71fd7ea3d185a35c3b2fa247684390387b793b881145,dataset/jsonl/finals_v3_official/streamcluster_pressure/B64/selector_validation_samples.jsonl,404fb0e3cd325032b43e7bfbbad27e7a044af9b0e72103153de1d08229063219,dataset/jsonl/finals_v3_official/streamcluster_pressure/B64/generator_summary.json,b6c23d624e76cdc783ab0717b30b17c4c3dc5e630a8a5a7467406c1677da8f0b,0.2,0.2,0.3,0.3,0.0,0.0,0.0,-4.718447854656915e-16,0.0
capd_finals_v3_stage3_selector_1,capd_finals_v3_0,CAPD-MIC-1.0,official,official,STAGE3_IMPLEMENTED_UNVERIFIED,PASSED,dedup_pressure,8,8,single_feature,Delta,valid_trace,c737825fae0a92f76bc6b9fc48d661e8d75b6bbc0e1c0c154def6f47a9f711f4,a75b809e3fd6eec9f8274b482ee57e3f2442fccb1cb2a72ef0e8e84f4357dd02,a34b9e87412b2cf72e2cf8b60b77c2a2e918679f2a9d0fb3d97333346a02af65,0e51d8193fdf94342faca29e7ca1ed2ef89a6880,scripts/run_capd_stage3_selector.py --repo-root /home/likc/Q-former-for-OS --artifact-root dataset/jsonl/finals_v3_official --workloads canneal streamcluster_pressure dedup_pressure --pool-sizes 8 16 32 64 --output outputs/results/finals_v3_official/stage3_selector,"selector_recall_desc,nregret_asc,uniform_distance,lexicographic",0,False,2654,2,dataset/jsonl/finals_v3_official/dedup_pressure/B8/resolved_config.json,5b1ee0395c7d9ed549fdfa193b44fc36984f86d40ebfc8a23c3ebd7829df99c8,dataset/jsonl/finals_v3_official/dedup_pressure/B8/selector_params.json,b4227503311a58df954d955324bf3d9a54a246ffff5897fa92f87381abea7b72,dataset/jsonl/finals_v3_official/dedup_pressure/B8/selector_validation_samples.jsonl,a34b9e87412b2cf72e2cf8b60b77c2a2e918679f2a9d0fb3d97333346a02af65,dataset/jsonl/finals_v3_official/dedup_pressure/B8/generator_summary.json,6a10380ce432cd0df8012c7a7f6015920bbd99b07b1d0cec32d95e29b1b4eac8,1.0,0.0,0.0,0.0,0.0,0.0,0.0,0.0,0.0
capd_finals_v3_stage3_selector_1,capd_finals_v3_0,CAPD-MIC-1.0,official,official,STAGE3_IMPLEMENTED_UNVERIFIED,PASSED,dedup_pressure,8,8,single_feature,A,valid_trace,c737825fae0a92f76bc6b9fc48d661e8d75b6bbc0e1c0c154def6f47a9f711f4,a75b809e3fd6eec9f8274b482ee57e3f2442fccb1cb2a72ef0e8e84f4357dd02,a34b9e87412b2cf72e2cf8b60b77c2a2e918679f2a9d0fb3d97333346a02af65,0e51d8193fdf94342faca29e7ca1ed2ef89a6880,scripts/run_capd_stage3_selector.py --repo-root /home/likc/Q-former-for-OS --artifact-root dataset/jsonl/finals_v3_official --workloads canneal streamcluster_pressure dedup_pressure --pool-sizes 8 16 32 64 --output outputs/results/finals_v3_official/stage3_selector,"selector_recall_desc,nregret_asc,uniform_distance,lexicographic",0,False,2654,2,dataset/jsonl/finals_v3_official/dedup_pressure/B8/resolved_config.json,5b1ee0395c7d9ed549fdfa193b44fc36984f86d40ebfc8a23c3ebd7829df99c8,dataset/jsonl/finals_v3_official/dedup_pressure/B8/selector_params.json,b4227503311a58df954d955324bf3d9a54a246ffff5897fa92f87381abea7b72,dataset/jsonl/finals_v3_official/dedup_pressure/B8/selector_validation_samples.jsonl,a34b9e87412b2cf72e2cf8b60b77c2a2e918679f2a9d0fb3d97333346a02af65,dataset/jsonl/finals_v3_official/dedup_pressure/B8/generator_summary.json,6a10380ce432cd0df8012c7a7f6015920bbd99b07b1d0cec32d95e29b1b4eac8,0.0,1.0,0.0,0.0,0.0,0.0,0.0,0.0,0.0
capd_finals_v3_stage3_selector_1,capd_finals_v3_0,CAPD-MIC-1.0,official,official,STAGE3_IMPLEMENTED_UNVERIFIED,PASSED,dedup_pressure,8,8,single_feature,W,valid_trace,c737825fae0a92f76bc6b9fc48d661e8d75b6bbc0e1c0c154def6f47a9f711f4,a75b809e3fd6eec9f8274b482ee57e3f2442fccb1cb2a72ef0e8e84f4357dd02,a34b9e87412b2cf72e2cf8b60b77c2a2e918679f2a9d0fb3d97333346a02af65,0e51d8193fdf94342faca29e7ca1ed2ef89a6880,scripts/run_capd_stage3_selector.py --repo-root /home/likc/Q-former-for-OS --artifact-root dataset/jsonl/finals_v3_official --workloads canneal streamcluster_pressure dedup_pressure --pool-sizes 8 16 32 64 --output outputs/results/finals_v3_official/stage3_selector,"selector_recall_desc,nregret_asc,uniform_distance,lexicographic",0,False,2654,2,dataset/jsonl/finals_v3_official/dedup_pressure/B8/resolved_config.json,5b1ee0395c7d9ed549fdfa193b44fc36984f86d40ebfc8a23c3ebd7829df99c8,dataset/jsonl/finals_v3_official/dedup_pressure/B8/selector_params.json,b4227503311a58df954d955324bf3d9a54a246ffff5897fa92f87381abea7b72,dataset/jsonl/finals_v3_official/dedup_pressure/B8/selector_validation_samples.jsonl,a34b9e87412b2cf72e2cf8b60b77c2a2e918679f2a9d0fb3d97333346a02af65,dataset/jsonl/finals_v3_official/dedup_pressure/B8/generator_summary.json,6a10380ce432cd0df8012c7a7f6015920bbd99b07b1d0cec32d95e29b1b4eac8,0.0,0.0,1.0,0.0,0.0,0.0,0.0,0.0,0.0
capd_finals_v3_stage3_selector_1,capd_finals_v3_0,CAPD-MIC-1.0,official,official,STAGE3_IMPLEMENTED_UNVERIFIED,PASSED,dedup_pressure,8,8,single_feature,C,valid_trace,c737825fae0a92f76bc6b9fc48d661e8d75b6bbc0e1c0c154def6f47a9f711f4,a75b809e3fd6eec9f8274b482ee57e3f2442fccb1cb2a72ef0e8e84f4357dd02,a34b9e87412b2cf72e2cf8b60b77c2a2e918679f2a9d0fb3d97333346a02af65,0e51d8193fdf94342faca29e7ca1ed2ef89a6880,scripts/run_capd_stage3_selector.py --repo-root /home/likc/Q-former-for-OS --artifact-root dataset/jsonl/finals_v3_official --workloads canneal streamcluster_pressure dedup_pressure --pool-sizes 8 16 32 64 --output outputs/results/finals_v3_official/stage3_selector,"selector_recall_desc,nregret_asc,uniform_distance,lexicographic",0,False,2654,2,dataset/jsonl/finals_v3_official/dedup_pressure/B8/resolved_config.json,5b1ee0395c7d9ed549fdfa193b44fc36984f86d40ebfc8a23c3ebd7829df99c8,dataset/jsonl/finals_v3_official/dedup_pressure/B8/selector_params.json,b4227503311a58df954d955324bf3d9a54a246ffff5897fa92f87381abea7b72,dataset/jsonl/finals_v3_official/dedup_pressure/B8/selector_validation_samples.jsonl,a34b9e87412b2cf72e2cf8b60b77c2a2e918679f2a9d0fb3d97333346a02af65,dataset/jsonl/finals_v3_official/dedup_pressure/B8/generator_summary.json,6a10380ce432cd0df8012c7a7f6015920bbd99b07b1d0cec32d95e29b1b4eac8,0.0,0.0,0.0,1.0,0.0,0.0,0.0,0.0,0.0
capd_finals_v3_stage3_selector_1,capd_finals_v3_0,CAPD-MIC-1.0,official,official,STAGE3_IMPLEMENTED_UNVERIFIED,PASSED,dedup_pressure,8,8,single_feature,R,valid_trace,c737825fae0a92f76bc6b9fc48d661e8d75b6bbc0e1c0c154def6f47a9f711f4,a75b809e3fd6eec9f8274b482ee57e3f2442fccb1cb2a72ef0e8e84f4357dd02,a34b9e87412b2cf72e2cf8b60b77c2a2e918679f2a9d0fb3d97333346a02af65,0e51d8193fdf94342faca29e7ca1ed2ef89a6880,scripts/run_capd_stage3_selector.py --repo-root /home/likc/Q-former-for-OS --artifact-root dataset/jsonl/finals_v3_official --workloads canneal streamcluster_pressure dedup_pressure --pool-sizes 8 16 32 64 --output outputs/results/finals_v3_official/stage3_selector,"selector_recall_desc,nregret_asc,uniform_distance,lexicographic",0,False,2654,2,dataset/jsonl/finals_v3_official/dedup_pressure/B8/resolved_config.json,5b1ee0395c7d9ed549fdfa193b44fc36984f86d40ebfc8a23c3ebd7829df99c8,dataset/jsonl/finals_v3_official/dedup_pressure/B8/selector_params.json,b4227503311a58df954d955324bf3d9a54a246ffff5897fa92f87381abea7b72,dataset/jsonl/finals_v3_official/dedup_pressure/B8/selector_validation_samples.jsonl,a34b9e87412b2cf72e2cf8b60b77c2a2e918679f2a9d0fb3d97333346a02af65,dataset/jsonl/finals_v3_official/dedup_pressure/B8/generator_summary.json,6a10380ce432cd0df8012c7a7f6015920bbd99b07b1d0cec32d95e29b1b4eac8,0.0,0.0,0.0,0.0,1.0,0.0,0.0,0.0,0.0
capd_finals_v3_stage3_selector_1,capd_finals_v3_0,CAPD-MIC-1.0,official,official,STAGE3_IMPLEMENTED_UNVERIFIED,PASSED,dedup_pressure,8,8,leave_one_out,Delta,valid_trace,c737825fae0a92f76bc6b9fc48d661e8d75b6bbc0e1c0c154def6f47a9f711f4,a75b809e3fd6eec9f8274b482ee57e3f2442fccb1cb2a72ef0e8e84f4357dd02,a34b9e87412b2cf72e2cf8b60b77c2a2e918679f2a9d0fb3d97333346a02af65,0e51d8193fdf94342faca29e7ca1ed2ef89a6880,scripts/run_capd_stage3_selector.py --repo-root /home/likc/Q-former-for-OS --artifact-root dataset/jsonl/finals_v3_official --workloads canneal streamcluster_pressure dedup_pressure --pool-sizes 8 16 32 64 --output outputs/results/finals_v3_official/stage3_selector,"selector_recall_desc,nregret_asc,uniform_distance,lexicographic",286,False,2654,2,dataset/jsonl/finals_v3_official/dedup_pressure/B8/resolved_config.json,5b1ee0395c7d9ed549fdfa193b44fc36984f86d40ebfc8a23c3ebd7829df99c8,dataset/jsonl/finals_v3_official/dedup_pressure/B8/selector_params.json,b4227503311a58df954d955324bf3d9a54a246ffff5897fa92f87381abea7b72,dataset/jsonl/finals_v3_official/dedup_pressure/B8/selector_validation_samples.jsonl,a34b9e87412b2cf72e2cf8b60b77c2a2e918679f2a9d0fb3d97333346a02af65,dataset/jsonl/finals_v3_official/dedup_pressure/B8/generator_summary.json,6a10380ce432cd0df8012c7a7f6015920bbd99b07b1d0cec32d95e29b1b4eac8,0.0,0.2,0.2,0.3,0.3,0.0,0.0,0.0,0.0
capd_finals_v3_stage3_selector_1,capd_finals_v3_0,CAPD-MIC-1.0,official,official,STAGE3_IMPLEMENTED_UNVERIFIED,PASSED,dedup_pressure,8,8,leave_one_out,A,valid_trace,c737825fae0a92f76bc6b9fc48d661e8d75b6bbc0e1c0c154def6f47a9f711f4,a75b809e3fd6eec9f8274b482ee57e3f2442fccb1cb2a72ef0e8e84f4357dd02,a34b9e87412b2cf72e2cf8b60b77c2a2e918679f2a9d0fb3d97333346a02af65,0e51d8193fdf94342faca29e7ca1ed2ef89a6880,scripts/run_capd_stage3_selector.py --repo-root /home/likc/Q-former-for-OS --artifact-root dataset/jsonl/finals_v3_official --workloads canneal streamcluster_pressure dedup_pressure --pool-sizes 8 16 32 64 --output outputs/results/finals_v3_official/stage3_selector,"selector_recall_desc,nregret_asc,uniform_distance,lexicographic",286,False,2654,2,dataset/jsonl/finals_v3_official/dedup_pressure/B8/resolved_config.json,5b1ee0395c7d9ed549fdfa193b44fc36984f86d40ebfc8a23c3ebd7829df99c8,dataset/jsonl/finals_v3_official/dedup_pressure/B8/selector_params.json,b4227503311a58df954d955324bf3d9a54a246ffff5897fa92f87381abea7b72,dataset/jsonl/finals_v3_official/dedup_pressure/B8/selector_validation_samples.jsonl,a34b9e87412b2cf72e2cf8b60b77c2a2e918679f2a9d0fb3d97333346a02af65,dataset/jsonl/finals_v3_official/dedup_pressure/B8/generator_summary.json,6a10380ce432cd0df8012c7a7f6015920bbd99b07b1d0cec32d95e29b1b4eac8,0.2,0.0,0.2,0.3,0.3,0.0,0.0,0.0,0.0
capd_finals_v3_stage3_selector_1,capd_finals_v3_0,CAPD-MIC-1.0,official,official,STAGE3_IMPLEMENTED_UNVERIFIED,PASSED,dedup_pressure,8,8,leave_one_out,W,valid_trace,c737825fae0a92f76bc6b9fc48d661e8d75b6bbc0e1c0c154def6f47a9f711f4,a75b809e3fd6eec9f8274b482ee57e3f2442fccb1cb2a72ef0e8e84f4357dd02,a34b9e87412b2cf72e2cf8b60b77c2a2e918679f2a9d0fb3d97333346a02af65,0e51d8193fdf94342faca29e7ca1ed2ef89a6880,scripts/run_capd_stage3_selector.py --repo-root /home/likc/Q-former-for-OS --artifact-root dataset/jsonl/finals_v3_official --workloads canneal streamcluster_pressure dedup_pressure --pool-sizes 8 16 32 64 --output outputs/results/finals_v3_official/stage3_selector,"selector_recall_desc,nregret_asc,uniform_distance,lexicographic",286,False,2654,2,dataset/jsonl/finals_v3_official/dedup_pressure/B8/resolved_config.json,5b1ee0395c7d9ed549fdfa193b44fc36984f86d40ebfc8a23c3ebd7829df99c8,dataset/jsonl/finals_v3_official/dedup_pressure/B8/selector_params.json,b4227503311a58df954d955324bf3d9a54a246ffff5897fa92f87381abea7b72,dataset/jsonl/finals_v3_official/dedup_pressure/B8/selector_validation_samples.jsonl,a34b9e87412b2cf72e2cf8b60b77c2a2e918679f2a9d0fb3d97333346a02af65,dataset/jsonl/finals_v3_official/dedup_pressure/B8/generator_summary.json,6a10380ce432cd0df8012c7a7f6015920bbd99b07b1d0cec32d95e29b1b4eac8,0.2,0.2,0.0,0.3,0.3,0.0,0.0,0.0,0.0
capd_finals_v3_stage3_selector_1,capd_finals_v3_0,CAPD-MIC-1.0,official,official,STAGE3_IMPLEMENTED_UNVERIFIED,PASSED,dedup_pressure,8,8,leave_one_out,C,valid_trace,c737825fae0a92f76bc6b9fc48d661e8d75b6bbc0e1c0c154def6f47a9f711f4,a75b809e3fd6eec9f8274b482ee57e3f2442fccb1cb2a72ef0e8e84f4357dd02,a34b9e87412b2cf72e2cf8b60b77c2a2e918679f2a9d0fb3d97333346a02af65,0e51d8193fdf94342faca29e7ca1ed2ef89a6880,scripts/run_capd_stage3_selector.py --repo-root /home/likc/Q-former-for-OS --artifact-root dataset/jsonl/finals_v3_official --workloads canneal streamcluster_pressure dedup_pressure --pool-sizes 8 16 32 64 --output outputs/results/finals_v3_official/stage3_selector,"selector_recall_desc,nregret_asc,uniform_distance,lexicographic",286,False,2654,2,dataset/jsonl/finals_v3_official/dedup_pressure/B8/resolved_config.json,5b1ee0395c7d9ed549fdfa193b44fc36984f86d40ebfc8a23c3ebd7829df99c8,dataset/jsonl/finals_v3_official/dedup_pressure/B8/selector_params.json,b4227503311a58df954d955324bf3d9a54a246ffff5897fa92f87381abea7b72,dataset/jsonl/finals_v3_official/dedup_pressure/B8/selector_validation_samples.jsonl,a34b9e87412b2cf72e2cf8b60b77c2a2e918679f2a9d0fb3d97333346a02af65,dataset/jsonl/finals_v3_official/dedup_pressure/B8/generator_summary.json,6a10380ce432cd0df8012c7a7f6015920bbd99b07b1d0cec32d95e29b1b4eac8,0.2,0.2,0.3,0.0,0.3,0.0,0.0,0.0,0.0
capd_finals_v3_stage3_selector_1,capd_finals_v3_0,CAPD-MIC-1.0,official,official,STAGE3_IMPLEMENTED_UNVERIFIED,PASSED,dedup_pressure,8,8,leave_one_out,R,valid_trace,c737825fae0a92f76bc6b9fc48d661e8d75b6bbc0e1c0c154def6f47a9f711f4,a75b809e3fd6eec9f8274b482ee57e3f2442fccb1cb2a72ef0e8e84f4357dd02,a34b9e87412b2cf72e2cf8b60b77c2a2e918679f2a9d0fb3d97333346a02af65,0e51d8193fdf94342faca29e7ca1ed2ef89a6880,scripts/run_capd_stage3_selector.py --repo-root /home/likc/Q-former-for-OS --artifact-root dataset/jsonl/finals_v3_official --workloads canneal streamcluster_pressure dedup_pressure --pool-sizes 8 16 32 64 --output outputs/results/finals_v3_official/stage3_selector,"selector_recall_desc,nregret_asc,uniform_distance,lexicographic",286,False,2654,2,dataset/jsonl/finals_v3_official/dedup_pressure/B8/resolved_config.json,5b1ee0395c7d9ed549fdfa193b44fc36984f86d40ebfc8a23c3ebd7829df99c8,dataset/jsonl/finals_v3_official/dedup_pressure/B8/selector_params.json,b4227503311a58df954d955324bf3d9a54a246ffff5897fa92f87381abea7b72,dataset/jsonl/finals_v3_official/dedup_pressure/B8/selector_validation_samples.jsonl,a34b9e87412b2cf72e2cf8b60b77c2a2e918679f2a9d0fb3d97333346a02af65,dataset/jsonl/finals_v3_official/dedup_pressure/B8/generator_summary.json,6a10380ce432cd0df8012c7a7f6015920bbd99b07b1d0cec32d95e29b1b4eac8,0.2,0.2,0.3,0.3,0.0,0.0,0.0,0.0,0.0
capd_finals_v3_stage3_selector_1,capd_finals_v3_0,CAPD-MIC-1.0,official,official,STAGE3_IMPLEMENTED_UNVERIFIED,PASSED,dedup_pressure,16,8,single_feature,Delta,valid_trace,b2c7c0660ae1437ee42e7e8f1842d3a2a78605ff56dbe37c3388be8039995263,e7f62ac40f0a3686d21ab340812c8a5828eadf3d692eced1796567180f88a45c,be6e782ede95030d608fe18c8b8dd97be4a9931c07ba24b8d827c41acb055b09,0e51d8193fdf94342faca29e7ca1ed2ef89a6880,scripts/run_capd_stage3_selector.py --repo-root /home/likc/Q-former-for-OS --artifact-root dataset/jsonl/finals_v3_official --workloads canneal streamcluster_pressure dedup_pressure --pool-sizes 8 16 32 64 --output outputs/results/finals_v3_official/stage3_selector,"selector_recall_desc,nregret_asc,uniform_distance,lexicographic",0,False,2654,2,dataset/jsonl/finals_v3_official/dedup_pressure/B16/resolved_config.json,811929ad4dbbbd7d56b982059cb003bc96ac0d67dc47a14a75c9e54f48a29271,dataset/jsonl/finals_v3_official/dedup_pressure/B16/selector_params.json,13afbd0d5e394c744736b4851e6c32f838bcf43d8fcabd6ffec230eef5b42819,dataset/jsonl/finals_v3_official/dedup_pressure/B16/selector_validation_samples.jsonl,be6e782ede95030d608fe18c8b8dd97be4a9931c07ba24b8d827c41acb055b09,dataset/jsonl/finals_v3_official/dedup_pressure/B16/generator_summary.json,8461a7f7fdf6025a55a54166be543d1c5625ffd9205b51c039fc87466175d0b7,1.0,0.0,0.0,0.0,0.0,0.0,0.0,0.0,0.0
capd_finals_v3_stage3_selector_1,capd_finals_v3_0,CAPD-MIC-1.0,official,official,STAGE3_IMPLEMENTED_UNVERIFIED,PASSED,dedup_pressure,16,8,single_feature,A,valid_trace,b2c7c0660ae1437ee42e7e8f1842d3a2a78605ff56dbe37c3388be8039995263,e7f62ac40f0a3686d21ab340812c8a5828eadf3d692eced1796567180f88a45c,be6e782ede95030d608fe18c8b8dd97be4a9931c07ba24b8d827c41acb055b09,0e51d8193fdf94342faca29e7ca1ed2ef89a6880,scripts/run_capd_stage3_selector.py --repo-root /home/likc/Q-former-for-OS --artifact-root dataset/jsonl/finals_v3_official --workloads canneal streamcluster_pressure dedup_pressure --pool-sizes 8 16 32 64 --output outputs/results/finals_v3_official/stage3_selector,"selector_recall_desc,nregret_asc,uniform_distance,lexicographic",0,False,2654,2,dataset/jsonl/finals_v3_official/dedup_pressure/B16/resolved_config.json,811929ad4dbbbd7d56b982059cb003bc96ac0d67dc47a14a75c9e54f48a29271,dataset/jsonl/finals_v3_official/dedup_pressure/B16/selector_params.json,13afbd0d5e394c744736b4851e6c32f838bcf43d8fcabd6ffec230eef5b42819,dataset/jsonl/finals_v3_official/dedup_pressure/B16/selector_validation_samples.jsonl,be6e782ede95030d608fe18c8b8dd97be4a9931c07ba24b8d827c41acb055b09,dataset/jsonl/finals_v3_official/dedup_pressure/B16/generator_summary.json,8461a7f7fdf6025a55a54166be543d1c5625ffd9205b51c039fc87466175d0b7,0.0,1.0,0.0,0.0,0.0,0.0,0.0,0.0,0.0
capd_finals_v3_stage3_selector_1,capd_finals_v3_0,CAPD-MIC-1.0,official,official,STAGE3_IMPLEMENTED_UNVERIFIED,PASSED,dedup_pressure,16,8,single_feature,W,valid_trace,b2c7c0660ae1437ee42e7e8f1842d3a2a78605ff56dbe37c3388be8039995263,e7f62ac40f0a3686d21ab340812c8a5828eadf3d692eced1796567180f88a45c,be6e782ede95030d608fe18c8b8dd97be4a9931c07ba24b8d827c41acb055b09,0e51d8193fdf94342faca29e7ca1ed2ef89a6880,scripts/run_capd_stage3_selector.py --repo-root /home/likc/Q-former-for-OS --artifact-root dataset/jsonl/finals_v3_official --workloads canneal streamcluster_pressure dedup_pressure --pool-sizes 8 16 32 64 --output outputs/results/finals_v3_official/stage3_selector,"selector_recall_desc,nregret_asc,uniform_distance,lexicographic",0,False,2654,2,dataset/jsonl/finals_v3_official/dedup_pressure/B16/resolved_config.json,811929ad4dbbbd7d56b982059cb003bc96ac0d67dc47a14a75c9e54f48a29271,dataset/jsonl/finals_v3_official/dedup_pressure/B16/selector_params.json,13afbd0d5e394c744736b4851e6c32f838bcf43d8fcabd6ffec230eef5b42819,dataset/jsonl/finals_v3_official/dedup_pressure/B16/selector_validation_samples.jsonl,be6e782ede95030d608fe18c8b8dd97be4a9931c07ba24b8d827c41acb055b09,dataset/jsonl/finals_v3_official/dedup_pressure/B16/generator_summary.json,8461a7f7fdf6025a55a54166be543d1c5625ffd9205b51c039fc87466175d0b7,0.0,0.0,1.0,0.0,0.0,0.0,0.0,0.0,0.0
capd_finals_v3_stage3_selector_1,capd_finals_v3_0,CAPD-MIC-1.0,official,official,STAGE3_IMPLEMENTED_UNVERIFIED,PASSED,dedup_pressure,16,8,single_feature,C,valid_trace,b2c7c0660ae1437ee42e7e8f1842d3a2a78605ff56dbe37c3388be8039995263,e7f62ac40f0a3686d21ab340812c8a5828eadf3d692eced1796567180f88a45c,be6e782ede95030d608fe18c8b8dd97be4a9931c07ba24b8d827c41acb055b09,0e51d8193fdf94342faca29e7ca1ed2ef89a6880,scripts/run_capd_stage3_selector.py --repo-root /home/likc/Q-former-for-OS --artifact-root dataset/jsonl/finals_v3_official --workloads canneal streamcluster_pressure dedup_pressure --pool-sizes 8 16 32 64 --output outputs/results/finals_v3_official/stage3_selector,"selector_recall_desc,nregret_asc,uniform_distance,lexicographic",0,False,2654,2,dataset/jsonl/finals_v3_official/dedup_pressure/B16/resolved_config.json,811929ad4dbbbd7d56b982059cb003bc96ac0d67dc47a14a75c9e54f48a29271,dataset/jsonl/finals_v3_official/dedup_pressure/B16/selector_params.json,13afbd0d5e394c744736b4851e6c32f838bcf43d8fcabd6ffec230eef5b42819,dataset/jsonl/finals_v3_official/dedup_pressure/B16/selector_validation_samples.jsonl,be6e782ede95030d608fe18c8b8dd97be4a9931c07ba24b8d827c41acb055b09,dataset/jsonl/finals_v3_official/dedup_pressure/B16/generator_summary.json,8461a7f7fdf6025a55a54166be543d1c5625ffd9205b51c039fc87466175d0b7,0.0,0.0,0.0,1.0,0.0,0.0,0.0,0.0,0.0
capd_finals_v3_stage3_selector_1,capd_finals_v3_0,CAPD-MIC-1.0,official,official,STAGE3_IMPLEMENTED_UNVERIFIED,PASSED,dedup_pressure,16,8,single_feature,R,valid_trace,b2c7c0660ae1437ee42e7e8f1842d3a2a78605ff56dbe37c3388be8039995263,e7f62ac40f0a3686d21ab340812c8a5828eadf3d692eced1796567180f88a45c,be6e782ede95030d608fe18c8b8dd97be4a9931c07ba24b8d827c41acb055b09,0e51d8193fdf94342faca29e7ca1ed2ef89a6880,scripts/run_capd_stage3_selector.py --repo-root /home/likc/Q-former-for-OS --artifact-root dataset/jsonl/finals_v3_official --workloads canneal streamcluster_pressure dedup_pressure --pool-sizes 8 16 32 64 --output outputs/results/finals_v3_official/stage3_selector,"selector_recall_desc,nregret_asc,uniform_distance,lexicographic",0,False,2654,2,dataset/jsonl/finals_v3_official/dedup_pressure/B16/resolved_config.json,811929ad4dbbbd7d56b982059cb003bc96ac0d67dc47a14a75c9e54f48a29271,dataset/jsonl/finals_v3_official/dedup_pressure/B16/selector_params.json,13afbd0d5e394c744736b4851e6c32f838bcf43d8fcabd6ffec230eef5b42819,dataset/jsonl/finals_v3_official/dedup_pressure/B16/selector_validation_samples.jsonl,be6e782ede95030d608fe18c8b8dd97be4a9931c07ba24b8d827c41acb055b09,dataset/jsonl/finals_v3_official/dedup_pressure/B16/generator_summary.json,8461a7f7fdf6025a55a54166be543d1c5625ffd9205b51c039fc87466175d0b7,0.0,0.0,0.0,0.0,1.0,0.0,0.0,0.0,0.0
capd_finals_v3_stage3_selector_1,capd_finals_v3_0,CAPD-MIC-1.0,official,official,STAGE3_IMPLEMENTED_UNVERIFIED,PASSED,dedup_pressure,16,8,leave_one_out,Delta,valid_trace,b2c7c0660ae1437ee42e7e8f1842d3a2a78605ff56dbe37c3388be8039995263,e7f62ac40f0a3686d21ab340812c8a5828eadf3d692eced1796567180f88a45c,be6e782ede95030d608fe18c8b8dd97be4a9931c07ba24b8d827c41acb055b09,0e51d8193fdf94342faca29e7ca1ed2ef89a6880,scripts/run_capd_stage3_selector.py --repo-root /home/likc/Q-former-for-OS --artifact-root dataset/jsonl/finals_v3_official --workloads canneal streamcluster_pressure dedup_pressure --pool-sizes 8 16 32 64 --output outputs/results/finals_v3_official/stage3_selector,"selector_recall_desc,nregret_asc,uniform_distance,lexicographic",286,False,2654,2,dataset/jsonl/finals_v3_official/dedup_pressure/B16/resolved_config.json,811929ad4dbbbd7d56b982059cb003bc96ac0d67dc47a14a75c9e54f48a29271,dataset/jsonl/finals_v3_official/dedup_pressure/B16/selector_params.json,13afbd0d5e394c744736b4851e6c32f838bcf43d8fcabd6ffec230eef5b42819,dataset/jsonl/finals_v3_official/dedup_pressure/B16/selector_validation_samples.jsonl,be6e782ede95030d608fe18c8b8dd97be4a9931c07ba24b8d827c41acb055b09,dataset/jsonl/finals_v3_official/dedup_pressure/B16/generator_summary.json,8461a7f7fdf6025a55a54166be543d1c5625ffd9205b51c039fc87466175d0b7,0.0,0.2,0.2,0.3,0.3,0.0,0.0,0.0,0.0
capd_finals_v3_stage3_selector_1,capd_finals_v3_0,CAPD-MIC-1.0,official,official,STAGE3_IMPLEMENTED_UNVERIFIED,PASSED,dedup_pressure,16,8,leave_one_out,A,valid_trace,b2c7c0660ae1437ee42e7e8f1842d3a2a78605ff56dbe37c3388be8039995263,e7f62ac40f0a3686d21ab340812c8a5828eadf3d692eced1796567180f88a45c,be6e782ede95030d608fe18c8b8dd97be4a9931c07ba24b8d827c41acb055b09,0e51d8193fdf94342faca29e7ca1ed2ef89a6880,scripts/run_capd_stage3_selector.py --repo-root /home/likc/Q-former-for-OS --artifact-root dataset/jsonl/finals_v3_official --workloads canneal streamcluster_pressure dedup_pressure --pool-sizes 8 16 32 64 --output outputs/results/finals_v3_official/stage3_selector,"selector_recall_desc,nregret_asc,uniform_distance,lexicographic",286,False,2654,2,dataset/jsonl/finals_v3_official/dedup_pressure/B16/resolved_config.json,811929ad4dbbbd7d56b982059cb003bc96ac0d67dc47a14a75c9e54f48a29271,dataset/jsonl/finals_v3_official/dedup_pressure/B16/selector_params.json,13afbd0d5e394c744736b4851e6c32f838bcf43d8fcabd6ffec230eef5b42819,dataset/jsonl/finals_v3_official/dedup_pressure/B16/selector_validation_samples.jsonl,be6e782ede95030d608fe18c8b8dd97be4a9931c07ba24b8d827c41acb055b09,dataset/jsonl/finals_v3_official/dedup_pressure/B16/generator_summary.json,8461a7f7fdf6025a55a54166be543d1c5625ffd9205b51c039fc87466175d0b7,0.2,0.0,0.2,0.3,0.3,0.0,0.0,0.0,0.0
capd_finals_v3_stage3_selector_1,capd_finals_v3_0,CAPD-MIC-1.0,official,official,STAGE3_IMPLEMENTED_UNVERIFIED,PASSED,dedup_pressure,16,8,leave_one_out,W,valid_trace,b2c7c0660ae1437ee42e7e8f1842d3a2a78605ff56dbe37c3388be8039995263,e7f62ac40f0a3686d21ab340812c8a5828eadf3d692eced1796567180f88a45c,be6e782ede95030d608fe18c8b8dd97be4a9931c07ba24b8d827c41acb055b09,0e51d8193fdf94342faca29e7ca1ed2ef89a6880,scripts/run_capd_stage3_selector.py --repo-root /home/likc/Q-former-for-OS --artifact-root dataset/jsonl/finals_v3_official --workloads canneal streamcluster_pressure dedup_pressure --pool-sizes 8 16 32 64 --output outputs/results/finals_v3_official/stage3_selector,"selector_recall_desc,nregret_asc,uniform_distance,lexicographic",286,False,2654,2,dataset/jsonl/finals_v3_official/dedup_pressure/B16/resolved_config.json,811929ad4dbbbd7d56b982059cb003bc96ac0d67dc47a14a75c9e54f48a29271,dataset/jsonl/finals_v3_official/dedup_pressure/B16/selector_params.json,13afbd0d5e394c744736b4851e6c32f838bcf43d8fcabd6ffec230eef5b42819,dataset/jsonl/finals_v3_official/dedup_pressure/B16/selector_validation_samples.jsonl,be6e782ede95030d608fe18c8b8dd97be4a9931c07ba24b8d827c41acb055b09,dataset/jsonl/finals_v3_official/dedup_pressure/B16/generator_summary.json,8461a7f7fdf6025a55a54166be543d1c5625ffd9205b51c039fc87466175d0b7,0.2,0.2,0.0,0.3,0.3,0.0,0.0,0.0,0.0
capd_finals_v3_stage3_selector_1,capd_finals_v3_0,CAPD-MIC-1.0,official,official,STAGE3_IMPLEMENTED_UNVERIFIED,PASSED,dedup_pressure,16,8,leave_one_out,C,valid_trace,b2c7c0660ae1437ee42e7e8f1842d3a2a78605ff56dbe37c3388be8039995263,e7f62ac40f0a3686d21ab340812c8a5828eadf3d692eced1796567180f88a45c,be6e782ede95030d608fe18c8b8dd97be4a9931c07ba24b8d827c41acb055b09,0e51d8193fdf94342faca29e7ca1ed2ef89a6880,scripts/run_capd_stage3_selector.py --repo-root /home/likc/Q-former-for-OS --artifact-root dataset/jsonl/finals_v3_official --workloads canneal streamcluster_pressure dedup_pressure --pool-sizes 8 16 32 64 --output outputs/results/finals_v3_official/stage3_selector,"selector_recall_desc,nregret_asc,uniform_distance,lexicographic",286,False,2654,2,dataset/jsonl/finals_v3_official/dedup_pressure/B16/resolved_config.json,811929ad4dbbbd7d56b982059cb003bc96ac0d67dc47a14a75c9e54f48a29271,dataset/jsonl/finals_v3_official/dedup_pressure/B16/selector_params.json,13afbd0d5e394c744736b4851e6c32f838bcf43d8fcabd6ffec230eef5b42819,dataset/jsonl/finals_v3_official/dedup_pressure/B16/selector_validation_samples.jsonl,be6e782ede95030d608fe18c8b8dd97be4a9931c07ba24b8d827c41acb055b09,dataset/jsonl/finals_v3_official/dedup_pressure/B16/generator_summary.json,8461a7f7fdf6025a55a54166be543d1c5625ffd9205b51c039fc87466175d0b7,0.2,0.2,0.3,0.0,0.3,0.0,0.0,0.0,0.0
capd_finals_v3_stage3_selector_1,capd_finals_v3_0,CAPD-MIC-1.0,official,official,STAGE3_IMPLEMENTED_UNVERIFIED,PASSED,dedup_pressure,16,8,leave_one_out,R,valid_trace,b2c7c0660ae1437ee42e7e8f1842d3a2a78605ff56dbe37c3388be8039995263,e7f62ac40f0a3686d21ab340812c8a5828eadf3d692eced1796567180f88a45c,be6e782ede95030d608fe18c8b8dd97be4a9931c07ba24b8d827c41acb055b09,0e51d8193fdf94342faca29e7ca1ed2ef89a6880,scripts/run_capd_stage3_selector.py --repo-root /home/likc/Q-former-for-OS --artifact-root dataset/jsonl/finals_v3_official --workloads canneal streamcluster_pressure dedup_pressure --pool-sizes 8 16 32 64 --output outputs/results/finals_v3_official/stage3_selector,"selector_recall_desc,nregret_asc,uniform_distance,lexicographic",286,False,2654,2,dataset/jsonl/finals_v3_official/dedup_pressure/B16/resolved_config.json,811929ad4dbbbd7d56b982059cb003bc96ac0d67dc47a14a75c9e54f48a29271,dataset/jsonl/finals_v3_official/dedup_pressure/B16/selector_params.json,13afbd0d5e394c744736b4851e6c32f838bcf43d8fcabd6ffec230eef5b42819,dataset/jsonl/finals_v3_official/dedup_pressure/B16/selector_validation_samples.jsonl,be6e782ede95030d608fe18c8b8dd97be4a9931c07ba24b8d827c41acb055b09,dataset/jsonl/finals_v3_official/dedup_pressure/B16/generator_summary.json,8461a7f7fdf6025a55a54166be543d1c5625ffd9205b51c039fc87466175d0b7,0.2,0.2,0.3,0.3,0.0,0.0,0.0,0.0,0.0
capd_finals_v3_stage3_selector_1,capd_finals_v3_0,CAPD-MIC-1.0,official,official,STAGE3_IMPLEMENTED_UNVERIFIED,PASSED,dedup_pressure,32,8,single_feature,Delta,valid_trace,c39df923dd3a690af932bf08dd6d8576284d6a30a0787e748e588b88f8605ada,f3b8e2862696a8232be7b5471357d67186465c131a5fe5784317767db61746da,fb3508a6d0d5d1959e42cd4604127d1a7ccd57216a1782fc925c92d0e16dc1c4,0e51d8193fdf94342faca29e7ca1ed2ef89a6880,scripts/run_capd_stage3_selector.py --repo-root /home/likc/Q-former-for-OS --artifact-root dataset/jsonl/finals_v3_official --workloads canneal streamcluster_pressure dedup_pressure --pool-sizes 8 16 32 64 --output outputs/results/finals_v3_official/stage3_selector,"selector_recall_desc,nregret_asc,uniform_distance,lexicographic",0,False,2654,11,dataset/jsonl/finals_v3_official/dedup_pressure/B32/resolved_config.json,350115b839f7179a96914d3fddc285d17c5d5eff189bd80beeff79a9252f653c,dataset/jsonl/finals_v3_official/dedup_pressure/B32/selector_params.json,2afc23ebb31b22528c722dbb0a12047750eeb8fa08e4359e765f23696656cc83,dataset/jsonl/finals_v3_official/dedup_pressure/B32/selector_validation_samples.jsonl,fb3508a6d0d5d1959e42cd4604127d1a7ccd57216a1782fc925c92d0e16dc1c4,dataset/jsonl/finals_v3_official/dedup_pressure/B32/generator_summary.json,29ba34dc82f72e0c9fa7360b6580227415ddf3132640d3d44bcb682fad8c1e22,1.0,0.0,0.0,0.0,0.0,0.0,0.0,2.5985500090974778e-05,0.0
capd_finals_v3_stage3_selector_1,capd_finals_v3_0,CAPD-MIC-1.0,official,official,STAGE3_IMPLEMENTED_UNVERIFIED,PASSED,dedup_pressure,32,8,single_feature,A,valid_trace,c39df923dd3a690af932bf08dd6d8576284d6a30a0787e748e588b88f8605ada,f3b8e2862696a8232be7b5471357d67186465c131a5fe5784317767db61746da,fb3508a6d0d5d1959e42cd4604127d1a7ccd57216a1782fc925c92d0e16dc1c4,0e51d8193fdf94342faca29e7ca1ed2ef89a6880,scripts/run_capd_stage3_selector.py --repo-root /home/likc/Q-former-for-OS --artifact-root dataset/jsonl/finals_v3_official --workloads canneal streamcluster_pressure dedup_pressure --pool-sizes 8 16 32 64 --output outputs/results/finals_v3_official/stage3_selector,"selector_recall_desc,nregret_asc,uniform_distance,lexicographic",0,False,2654,11,dataset/jsonl/finals_v3_official/dedup_pressure/B32/resolved_config.json,350115b839f7179a96914d3fddc285d17c5d5eff189bd80beeff79a9252f653c,dataset/jsonl/finals_v3_official/dedup_pressure/B32/selector_params.json,2afc23ebb31b22528c722dbb0a12047750eeb8fa08e4359e765f23696656cc83,dataset/jsonl/finals_v3_official/dedup_pressure/B32/selector_validation_samples.jsonl,fb3508a6d0d5d1959e42cd4604127d1a7ccd57216a1782fc925c92d0e16dc1c4,dataset/jsonl/finals_v3_official/dedup_pressure/B32/generator_summary.json,29ba34dc82f72e0c9fa7360b6580227415ddf3132640d3d44bcb682fad8c1e22,0.0,1.0,0.0,0.0,0.0,0.0,0.0,2.5985500090974778e-05,0.0
capd_finals_v3_stage3_selector_1,capd_finals_v3_0,CAPD-MIC-1.0,official,official,STAGE3_IMPLEMENTED_UNVERIFIED,PASSED,dedup_pressure,32,8,single_feature,W,valid_trace,c39df923dd3a690af932bf08dd6d8576284d6a30a0787e748e588b88f8605ada,f3b8e2862696a8232be7b5471357d67186465c131a5fe5784317767db61746da,fb3508a6d0d5d1959e42cd4604127d1a7ccd57216a1782fc925c92d0e16dc1c4,0e51d8193fdf94342faca29e7ca1ed2ef89a6880,scripts/run_capd_stage3_selector.py --repo-root /home/likc/Q-former-for-OS --artifact-root dataset/jsonl/finals_v3_official --workloads canneal streamcluster_pressure dedup_pressure --pool-sizes 8 16 32 64 --output outputs/results/finals_v3_official/stage3_selector,"selector_recall_desc,nregret_asc,uniform_distance,lexicographic",0,False,2654,11,dataset/jsonl/finals_v3_official/dedup_pressure/B32/resolved_config.json,350115b839f7179a96914d3fddc285d17c5d5eff189bd80beeff79a9252f653c,dataset/jsonl/finals_v3_official/dedup_pressure/B32/selector_params.json,2afc23ebb31b22528c722dbb0a12047750eeb8fa08e4359e765f23696656cc83,dataset/jsonl/finals_v3_official/dedup_pressure/B32/selector_validation_samples.jsonl,fb3508a6d0d5d1959e42cd4604127d1a7ccd57216a1782fc925c92d0e16dc1c4,dataset/jsonl/finals_v3_official/dedup_pressure/B32/generator_summary.json,29ba34dc82f72e0c9fa7360b6580227415ddf3132640d3d44bcb682fad8c1e22,0.0,0.0,1.0,0.0,0.0,0.0,0.0,2.5985500090974778e-05,0.0
capd_finals_v3_stage3_selector_1,capd_finals_v3_0,CAPD-MIC-1.0,official,official,STAGE3_IMPLEMENTED_UNVERIFIED,PASSED,dedup_pressure,32,8,single_feature,C,valid_trace,c39df923dd3a690af932bf08dd6d8576284d6a30a0787e748e588b88f8605ada,f3b8e2862696a8232be7b5471357d67186465c131a5fe5784317767db61746da,fb3508a6d0d5d1959e42cd4604127d1a7ccd57216a1782fc925c92d0e16dc1c4,0e51d8193fdf94342faca29e7ca1ed2ef89a6880,scripts/run_capd_stage3_selector.py --repo-root /home/likc/Q-former-for-OS --artifact-root dataset/jsonl/finals_v3_official --workloads canneal streamcluster_pressure dedup_pressure --pool-sizes 8 16 32 64 --output outputs/results/finals_v3_official/stage3_selector,"selector_recall_desc,nregret_asc,uniform_distance,lexicographic",0,False,2654,11,dataset/jsonl/finals_v3_official/dedup_pressure/B32/resolved_config.json,350115b839f7179a96914d3fddc285d17c5d5eff189bd80beeff79a9252f653c,dataset/jsonl/finals_v3_official/dedup_pressure/B32/selector_params.json,2afc23ebb31b22528c722dbb0a12047750eeb8fa08e4359e765f23696656cc83,dataset/jsonl/finals_v3_official/dedup_pressure/B32/selector_validation_samples.jsonl,fb3508a6d0d5d1959e42cd4604127d1a7ccd57216a1782fc925c92d0e16dc1c4,dataset/jsonl/finals_v3_official/dedup_pressure/B32/generator_summary.json,29ba34dc82f72e0c9fa7360b6580227415ddf3132640d3d44bcb682fad8c1e22,0.0,0.0,0.0,1.0,0.0,0.0,0.0,0.0,0.0
capd_finals_v3_stage3_selector_1,capd_finals_v3_0,CAPD-MIC-1.0,official,official,STAGE3_IMPLEMENTED_UNVERIFIED,PASSED,dedup_pressure,32,8,single_feature,R,valid_trace,c39df923dd3a690af932bf08dd6d8576284d6a30a0787e748e588b88f8605ada,f3b8e2862696a8232be7b5471357d67186465c131a5fe5784317767db61746da,fb3508a6d0d5d1959e42cd4604127d1a7ccd57216a1782fc925c92d0e16dc1c4,0e51d8193fdf94342faca29e7ca1ed2ef89a6880,scripts/run_capd_stage3_selector.py --repo-root /home/likc/Q-former-for-OS --artifact-root dataset/jsonl/finals_v3_official --workloads canneal streamcluster_pressure dedup_pressure --pool-sizes 8 16 32 64 --output outputs/results/finals_v3_official/stage3_selector,"selector_recall_desc,nregret_asc,uniform_distance,lexicographic",0,False,2654,11,dataset/jsonl/finals_v3_official/dedup_pressure/B32/resolved_config.json,350115b839f7179a96914d3fddc285d17c5d5eff189bd80beeff79a9252f653c,dataset/jsonl/finals_v3_official/dedup_pressure/B32/selector_params.json,2afc23ebb31b22528c722dbb0a12047750eeb8fa08e4359e765f23696656cc83,dataset/jsonl/finals_v3_official/dedup_pressure/B32/selector_validation_samples.jsonl,fb3508a6d0d5d1959e42cd4604127d1a7ccd57216a1782fc925c92d0e16dc1c4,dataset/jsonl/finals_v3_official/dedup_pressure/B32/generator_summary.json,29ba34dc82f72e0c9fa7360b6580227415ddf3132640d3d44bcb682fad8c1e22,0.0,0.0,0.0,0.0,1.0,0.0,0.0,2.5985500090974778e-05,0.0
capd_finals_v3_stage3_selector_1,capd_finals_v3_0,CAPD-MIC-1.0,official,official,STAGE3_IMPLEMENTED_UNVERIFIED,PASSED,dedup_pressure,32,8,leave_one_out,Delta,valid_trace,c39df923dd3a690af932bf08dd6d8576284d6a30a0787e748e588b88f8605ada,f3b8e2862696a8232be7b5471357d67186465c131a5fe5784317767db61746da,fb3508a6d0d5d1959e42cd4604127d1a7ccd57216a1782fc925c92d0e16dc1c4,0e51d8193fdf94342faca29e7ca1ed2ef89a6880,scripts/run_capd_stage3_selector.py --repo-root /home/likc/Q-former-for-OS --artifact-root dataset/jsonl/finals_v3_official --workloads canneal streamcluster_pressure dedup_pressure --pool-sizes 8 16 32 64 --output outputs/results/finals_v3_official/stage3_selector,"selector_recall_desc,nregret_asc,uniform_distance,lexicographic",286,False,2654,11,dataset/jsonl/finals_v3_official/dedup_pressure/B32/resolved_config.json,350115b839f7179a96914d3fddc285d17c5d5eff189bd80beeff79a9252f653c,dataset/jsonl/finals_v3_official/dedup_pressure/B32/selector_params.json,2afc23ebb31b22528c722dbb0a12047750eeb8fa08e4359e765f23696656cc83,dataset/jsonl/finals_v3_official/dedup_pressure/B32/selector_validation_samples.jsonl,fb3508a6d0d5d1959e42cd4604127d1a7ccd57216a1782fc925c92d0e16dc1c4,dataset/jsonl/finals_v3_official/dedup_pressure/B32/generator_summary.json,29ba34dc82f72e0c9fa7360b6580227415ddf3132640d3d44bcb682fad8c1e22,0.0,0.2,0.2,0.3,0.3,0.0,0.0,0.0,0.0
capd_finals_v3_stage3_selector_1,capd_finals_v3_0,CAPD-MIC-1.0,official,official,STAGE3_IMPLEMENTED_UNVERIFIED,PASSED,dedup_pressure,32,8,leave_one_out,A,valid_trace,c39df923dd3a690af932bf08dd6d8576284d6a30a0787e748e588b88f8605ada,f3b8e2862696a8232be7b5471357d67186465c131a5fe5784317767db61746da,fb3508a6d0d5d1959e42cd4604127d1a7ccd57216a1782fc925c92d0e16dc1c4,0e51d8193fdf94342faca29e7ca1ed2ef89a6880,scripts/run_capd_stage3_selector.py --repo-root /home/likc/Q-former-for-OS --artifact-root dataset/jsonl/finals_v3_official --workloads canneal streamcluster_pressure dedup_pressure --pool-sizes 8 16 32 64 --output outputs/results/finals_v3_official/stage3_selector,"selector_recall_desc,nregret_asc,uniform_distance,lexicographic",286,False,2654,11,dataset/jsonl/finals_v3_official/dedup_pressure/B32/resolved_config.json,350115b839f7179a96914d3fddc285d17c5d5eff189bd80beeff79a9252f653c,dataset/jsonl/finals_v3_official/dedup_pressure/B32/selector_params.json,2afc23ebb31b22528c722dbb0a12047750eeb8fa08e4359e765f23696656cc83,dataset/jsonl/finals_v3_official/dedup_pressure/B32/selector_validation_samples.jsonl,fb3508a6d0d5d1959e42cd4604127d1a7ccd57216a1782fc925c92d0e16dc1c4,dataset/jsonl/finals_v3_official/dedup_pressure/B32/generator_summary.json,29ba34dc82f72e0c9fa7360b6580227415ddf3132640d3d44bcb682fad8c1e22,0.2,0.0,0.2,0.3,0.3,0.0,0.0,0.0,0.0
capd_finals_v3_stage3_selector_1,capd_finals_v3_0,CAPD-MIC-1.0,official,official,STAGE3_IMPLEMENTED_UNVERIFIED,PASSED,dedup_pressure,32,8,leave_one_out,W,valid_trace,c39df923dd3a690af932bf08dd6d8576284d6a30a0787e748e588b88f8605ada,f3b8e2862696a8232be7b5471357d67186465c131a5fe5784317767db61746da,fb3508a6d0d5d1959e42cd4604127d1a7ccd57216a1782fc925c92d0e16dc1c4,0e51d8193fdf94342faca29e7ca1ed2ef89a6880,scripts/run_capd_stage3_selector.py --repo-root /home/likc/Q-former-for-OS --artifact-root dataset/jsonl/finals_v3_official --workloads canneal streamcluster_pressure dedup_pressure --pool-sizes 8 16 32 64 --output outputs/results/finals_v3_official/stage3_selector,"selector_recall_desc,nregret_asc,uniform_distance,lexicographic",286,False,2654,11,dataset/jsonl/finals_v3_official/dedup_pressure/B32/resolved_config.json,350115b839f7179a96914d3fddc285d17c5d5eff189bd80beeff79a9252f653c,dataset/jsonl/finals_v3_official/dedup_pressure/B32/selector_params.json,2afc23ebb31b22528c722dbb0a12047750eeb8fa08e4359e765f23696656cc83,dataset/jsonl/finals_v3_official/dedup_pressure/B32/selector_validation_samples.jsonl,fb3508a6d0d5d1959e42cd4604127d1a7ccd57216a1782fc925c92d0e16dc1c4,dataset/jsonl/finals_v3_official/dedup_pressure/B32/generator_summary.json,29ba34dc82f72e0c9fa7360b6580227415ddf3132640d3d44bcb682fad8c1e22,0.2,0.2,0.0,0.3,0.3,0.0,0.0,0.0,0.0
capd_finals_v3_stage3_selector_1,capd_finals_v3_0,CAPD-MIC-1.0,official,official,STAGE3_IMPLEMENTED_UNVERIFIED,PASSED,dedup_pressure,32,8,leave_one_out,C,valid_trace,c39df923dd3a690af932bf08dd6d8576284d6a30a0787e748e588b88f8605ada,f3b8e2862696a8232be7b5471357d67186465c131a5fe5784317767db61746da,fb3508a6d0d5d1959e42cd4604127d1a7ccd57216a1782fc925c92d0e16dc1c4,0e51d8193fdf94342faca29e7ca1ed2ef89a6880,scripts/run_capd_stage3_selector.py --repo-root /home/likc/Q-former-for-OS --artifact-root dataset/jsonl/finals_v3_official --workloads canneal streamcluster_pressure dedup_pressure --pool-sizes 8 16 32 64 --output outputs/results/finals_v3_official/stage3_selector,"selector_recall_desc,nregret_asc,uniform_distance,lexicographic",286,False,2654,11,dataset/jsonl/finals_v3_official/dedup_pressure/B32/resolved_config.json,350115b839f7179a96914d3fddc285d17c5d5eff189bd80beeff79a9252f653c,dataset/jsonl/finals_v3_official/dedup_pressure/B32/selector_params.json,2afc23ebb31b22528c722dbb0a12047750eeb8fa08e4359e765f23696656cc83,dataset/jsonl/finals_v3_official/dedup_pressure/B32/selector_validation_samples.jsonl,fb3508a6d0d5d1959e42cd4604127d1a7ccd57216a1782fc925c92d0e16dc1c4,dataset/jsonl/finals_v3_official/dedup_pressure/B32/generator_summary.json,29ba34dc82f72e0c9fa7360b6580227415ddf3132640d3d44bcb682fad8c1e22,0.2,0.2,0.3,0.0,0.3,0.0,0.0,2.5985500090974778e-05,0.0
capd_finals_v3_stage3_selector_1,capd_finals_v3_0,CAPD-MIC-1.0,official,official,STAGE3_IMPLEMENTED_UNVERIFIED,PASSED,dedup_pressure,32,8,leave_one_out,R,valid_trace,c39df923dd3a690af932bf08dd6d8576284d6a30a0787e748e588b88f8605ada,f3b8e2862696a8232be7b5471357d67186465c131a5fe5784317767db61746da,fb3508a6d0d5d1959e42cd4604127d1a7ccd57216a1782fc925c92d0e16dc1c4,0e51d8193fdf94342faca29e7ca1ed2ef89a6880,scripts/run_capd_stage3_selector.py --repo-root /home/likc/Q-former-for-OS --artifact-root dataset/jsonl/finals_v3_official --workloads canneal streamcluster_pressure dedup_pressure --pool-sizes 8 16 32 64 --output outputs/results/finals_v3_official/stage3_selector,"selector_recall_desc,nregret_asc,uniform_distance,lexicographic",286,False,2654,11,dataset/jsonl/finals_v3_official/dedup_pressure/B32/resolved_config.json,350115b839f7179a96914d3fddc285d17c5d5eff189bd80beeff79a9252f653c,dataset/jsonl/finals_v3_official/dedup_pressure/B32/selector_params.json,2afc23ebb31b22528c722dbb0a12047750eeb8fa08e4359e765f23696656cc83,dataset/jsonl/finals_v3_official/dedup_pressure/B32/selector_validation_samples.jsonl,fb3508a6d0d5d1959e42cd4604127d1a7ccd57216a1782fc925c92d0e16dc1c4,dataset/jsonl/finals_v3_official/dedup_pressure/B32/generator_summary.json,29ba34dc82f72e0c9fa7360b6580227415ddf3132640d3d44bcb682fad8c1e22,0.2,0.2,0.3,0.3,0.0,0.0,0.0,0.0,0.0
capd_finals_v3_stage3_selector_1,capd_finals_v3_0,CAPD-MIC-1.0,official,official,STAGE3_IMPLEMENTED_UNVERIFIED,PASSED,dedup_pressure,64,8,single_feature,Delta,valid_trace,bb1f255f64fee0706bff0dbbdb45f712f1754d82f76b2f895663ea32ad62a816,7fe88114f67649e6810039d39682ccfa6ffd54ab5b28e2677b710d7a1b8298b2,5022f73e8c4a1ff3b0a909a55d464e3ef2d5d80793815efbd6bbf14d12c27527,0e51d8193fdf94342faca29e7ca1ed2ef89a6880,scripts/run_capd_stage3_selector.py --repo-root /home/likc/Q-former-for-OS --artifact-root dataset/jsonl/finals_v3_official --workloads canneal streamcluster_pressure dedup_pressure --pool-sizes 8 16 32 64 --output outputs/results/finals_v3_official/stage3_selector,"selector_recall_desc,nregret_asc,uniform_distance,lexicographic",0,False,2654,2640,dataset/jsonl/finals_v3_official/dedup_pressure/B64/resolved_config.json,6efd54a1fa03f57aa8d6ca8c1a86878e32c591e01387b725416c19f1cd13d38f,dataset/jsonl/finals_v3_official/dedup_pressure/B64/selector_params.json,9b5417a3e88364d259622af5c63e3ef51da939f881903d56fcb2a012fa4958f9,dataset/jsonl/finals_v3_official/dedup_pressure/B64/selector_validation_samples.jsonl,5022f73e8c4a1ff3b0a909a55d464e3ef2d5d80793815efbd6bbf14d12c27527,dataset/jsonl/finals_v3_official/dedup_pressure/B64/generator_summary.json,4a7e1b17330ba5edc86de7cc0a1b7144bd2ab0391959967bfb2762308578a842,1.0,0.0,0.0,0.0,0.0,0.0,0.0,1.5071590052734285e-05,0.0
capd_finals_v3_stage3_selector_1,capd_finals_v3_0,CAPD-MIC-1.0,official,official,STAGE3_IMPLEMENTED_UNVERIFIED,PASSED,dedup_pressure,64,8,single_feature,A,valid_trace,bb1f255f64fee0706bff0dbbdb45f712f1754d82f76b2f895663ea32ad62a816,7fe88114f67649e6810039d39682ccfa6ffd54ab5b28e2677b710d7a1b8298b2,5022f73e8c4a1ff3b0a909a55d464e3ef2d5d80793815efbd6bbf14d12c27527,0e51d8193fdf94342faca29e7ca1ed2ef89a6880,scripts/run_capd_stage3_selector.py --repo-root /home/likc/Q-former-for-OS --artifact-root dataset/jsonl/finals_v3_official --workloads canneal streamcluster_pressure dedup_pressure --pool-sizes 8 16 32 64 --output outputs/results/finals_v3_official/stage3_selector,"selector_recall_desc,nregret_asc,uniform_distance,lexicographic",0,False,2654,2640,dataset/jsonl/finals_v3_official/dedup_pressure/B64/resolved_config.json,6efd54a1fa03f57aa8d6ca8c1a86878e32c591e01387b725416c19f1cd13d38f,dataset/jsonl/finals_v3_official/dedup_pressure/B64/selector_params.json,9b5417a3e88364d259622af5c63e3ef51da939f881903d56fcb2a012fa4958f9,dataset/jsonl/finals_v3_official/dedup_pressure/B64/selector_validation_samples.jsonl,5022f73e8c4a1ff3b0a909a55d464e3ef2d5d80793815efbd6bbf14d12c27527,dataset/jsonl/finals_v3_official/dedup_pressure/B64/generator_summary.json,4a7e1b17330ba5edc86de7cc0a1b7144bd2ab0391959967bfb2762308578a842,0.0,1.0,0.0,0.0,0.0,0.0,0.0,1.5071590052734285e-05,0.0
capd_finals_v3_stage3_selector_1,capd_finals_v3_0,CAPD-MIC-1.0,official,official,STAGE3_IMPLEMENTED_UNVERIFIED,PASSED,dedup_pressure,64,8,single_feature,W,valid_trace,bb1f255f64fee0706bff0dbbdb45f712f1754d82f76b2f895663ea32ad62a816,7fe88114f67649e6810039d39682ccfa6ffd54ab5b28e2677b710d7a1b8298b2,5022f73e8c4a1ff3b0a909a55d464e3ef2d5d80793815efbd6bbf14d12c27527,0e51d8193fdf94342faca29e7ca1ed2ef89a6880,scripts/run_capd_stage3_selector.py --repo-root /home/likc/Q-former-for-OS --artifact-root dataset/jsonl/finals_v3_official --workloads canneal streamcluster_pressure dedup_pressure --pool-sizes 8 16 32 64 --output outputs/results/finals_v3_official/stage3_selector,"selector_recall_desc,nregret_asc,uniform_distance,lexicographic",0,False,2654,2640,dataset/jsonl/finals_v3_official/dedup_pressure/B64/resolved_config.json,6efd54a1fa03f57aa8d6ca8c1a86878e32c591e01387b725416c19f1cd13d38f,dataset/jsonl/finals_v3_official/dedup_pressure/B64/selector_params.json,9b5417a3e88364d259622af5c63e3ef51da939f881903d56fcb2a012fa4958f9,dataset/jsonl/finals_v3_official/dedup_pressure/B64/selector_validation_samples.jsonl,5022f73e8c4a1ff3b0a909a55d464e3ef2d5d80793815efbd6bbf14d12c27527,dataset/jsonl/finals_v3_official/dedup_pressure/B64/generator_summary.json,4a7e1b17330ba5edc86de7cc0a1b7144bd2ab0391959967bfb2762308578a842,0.0,0.0,1.0,0.0,0.0,0.0,0.0,1.5071590052734285e-05,0.0
capd_finals_v3_stage3_selector_1,capd_finals_v3_0,CAPD-MIC-1.0,official,official,STAGE3_IMPLEMENTED_UNVERIFIED,PASSED,dedup_pressure,64,8,single_feature,C,valid_trace,bb1f255f64fee0706bff0dbbdb45f712f1754d82f76b2f895663ea32ad62a816,7fe88114f67649e6810039d39682ccfa6ffd54ab5b28e2677b710d7a1b8298b2,5022f73e8c4a1ff3b0a909a55d464e3ef2d5d80793815efbd6bbf14d12c27527,0e51d8193fdf94342faca29e7ca1ed2ef89a6880,scripts/run_capd_stage3_selector.py --repo-root /home/likc/Q-former-for-OS --artifact-root dataset/jsonl/finals_v3_official --workloads canneal streamcluster_pressure dedup_pressure --pool-sizes 8 16 32 64 --output outputs/results/finals_v3_official/stage3_selector,"selector_recall_desc,nregret_asc,uniform_distance,lexicographic",0,False,2654,2640,dataset/jsonl/finals_v3_official/dedup_pressure/B64/resolved_config.json,6efd54a1fa03f57aa8d6ca8c1a86878e32c591e01387b725416c19f1cd13d38f,dataset/jsonl/finals_v3_official/dedup_pressure/B64/selector_params.json,9b5417a3e88364d259622af5c63e3ef51da939f881903d56fcb2a012fa4958f9,dataset/jsonl/finals_v3_official/dedup_pressure/B64/selector_validation_samples.jsonl,5022f73e8c4a1ff3b0a909a55d464e3ef2d5d80793815efbd6bbf14d12c27527,dataset/jsonl/finals_v3_official/dedup_pressure/B64/generator_summary.json,4a7e1b17330ba5edc86de7cc0a1b7144bd2ab0391959967bfb2762308578a842,0.0,0.0,0.0,1.0,0.0,0.0,0.0,0.0,0.0
capd_finals_v3_stage3_selector_1,capd_finals_v3_0,CAPD-MIC-1.0,official,official,STAGE3_IMPLEMENTED_UNVERIFIED,PASSED,dedup_pressure,64,8,single_feature,R,valid_trace,bb1f255f64fee0706bff0dbbdb45f712f1754d82f76b2f895663ea32ad62a816,7fe88114f67649e6810039d39682ccfa6ffd54ab5b28e2677b710d7a1b8298b2,5022f73e8c4a1ff3b0a909a55d464e3ef2d5d80793815efbd6bbf14d12c27527,0e51d8193fdf94342faca29e7ca1ed2ef89a6880,scripts/run_capd_stage3_selector.py --repo-root /home/likc/Q-former-for-OS --artifact-root dataset/jsonl/finals_v3_official --workloads canneal streamcluster_pressure dedup_pressure --pool-sizes 8 16 32 64 --output outputs/results/finals_v3_official/stage3_selector,"selector_recall_desc,nregret_asc,uniform_distance,lexicographic",0,False,2654,2640,dataset/jsonl/finals_v3_official/dedup_pressure/B64/resolved_config.json,6efd54a1fa03f57aa8d6ca8c1a86878e32c591e01387b725416c19f1cd13d38f,dataset/jsonl/finals_v3_official/dedup_pressure/B64/selector_params.json,9b5417a3e88364d259622af5c63e3ef51da939f881903d56fcb2a012fa4958f9,dataset/jsonl/finals_v3_official/dedup_pressure/B64/selector_validation_samples.jsonl,5022f73e8c4a1ff3b0a909a55d464e3ef2d5d80793815efbd6bbf14d12c27527,dataset/jsonl/finals_v3_official/dedup_pressure/B64/generator_summary.json,4a7e1b17330ba5edc86de7cc0a1b7144bd2ab0391959967bfb2762308578a842,0.0,0.0,0.0,0.0,1.0,0.0,0.0,1.5071590052734285e-05,0.0
capd_finals_v3_stage3_selector_1,capd_finals_v3_0,CAPD-MIC-1.0,official,official,STAGE3_IMPLEMENTED_UNVERIFIED,PASSED,dedup_pressure,64,8,leave_one_out,Delta,valid_trace,bb1f255f64fee0706bff0dbbdb45f712f1754d82f76b2f895663ea32ad62a816,7fe88114f67649e6810039d39682ccfa6ffd54ab5b28e2677b710d7a1b8298b2,5022f73e8c4a1ff3b0a909a55d464e3ef2d5d80793815efbd6bbf14d12c27527,0e51d8193fdf94342faca29e7ca1ed2ef89a6880,scripts/run_capd_stage3_selector.py --repo-root /home/likc/Q-former-for-OS --artifact-root dataset/jsonl/finals_v3_official --workloads canneal streamcluster_pressure dedup_pressure --pool-sizes 8 16 32 64 --output outputs/results/finals_v3_official/stage3_selector,"selector_recall_desc,nregret_asc,uniform_distance,lexicographic",286,False,2654,2640,dataset/jsonl/finals_v3_official/dedup_pressure/B64/resolved_config.json,6efd54a1fa03f57aa8d6ca8c1a86878e32c591e01387b725416c19f1cd13d38f,dataset/jsonl/finals_v3_official/dedup_pressure/B64/selector_params.json,9b5417a3e88364d259622af5c63e3ef51da939f881903d56fcb2a012fa4958f9,dataset/jsonl/finals_v3_official/dedup_pressure/B64/selector_validation_samples.jsonl,5022f73e8c4a1ff3b0a909a55d464e3ef2d5d80793815efbd6bbf14d12c27527,dataset/jsonl/finals_v3_official/dedup_pressure/B64/generator_summary.json,4a7e1b17330ba5edc86de7cc0a1b7144bd2ab0391959967bfb2762308578a842,0.0,0.2,0.2,0.3,0.3,0.0,0.0,0.0,0.0
capd_finals_v3_stage3_selector_1,capd_finals_v3_0,CAPD-MIC-1.0,official,official,STAGE3_IMPLEMENTED_UNVERIFIED,PASSED,dedup_pressure,64,8,leave_one_out,A,valid_trace,bb1f255f64fee0706bff0dbbdb45f712f1754d82f76b2f895663ea32ad62a816,7fe88114f67649e6810039d39682ccfa6ffd54ab5b28e2677b710d7a1b8298b2,5022f73e8c4a1ff3b0a909a55d464e3ef2d5d80793815efbd6bbf14d12c27527,0e51d8193fdf94342faca29e7ca1ed2ef89a6880,scripts/run_capd_stage3_selector.py --repo-root /home/likc/Q-former-for-OS --artifact-root dataset/jsonl/finals_v3_official --workloads canneal streamcluster_pressure dedup_pressure --pool-sizes 8 16 32 64 --output outputs/results/finals_v3_official/stage3_selector,"selector_recall_desc,nregret_asc,uniform_distance,lexicographic",286,False,2654,2640,dataset/jsonl/finals_v3_official/dedup_pressure/B64/resolved_config.json,6efd54a1fa03f57aa8d6ca8c1a86878e32c591e01387b725416c19f1cd13d38f,dataset/jsonl/finals_v3_official/dedup_pressure/B64/selector_params.json,9b5417a3e88364d259622af5c63e3ef51da939f881903d56fcb2a012fa4958f9,dataset/jsonl/finals_v3_official/dedup_pressure/B64/selector_validation_samples.jsonl,5022f73e8c4a1ff3b0a909a55d464e3ef2d5d80793815efbd6bbf14d12c27527,dataset/jsonl/finals_v3_official/dedup_pressure/B64/generator_summary.json,4a7e1b17330ba5edc86de7cc0a1b7144bd2ab0391959967bfb2762308578a842,0.2,0.0,0.2,0.3,0.3,0.0,0.0,0.0,0.0
capd_finals_v3_stage3_selector_1,capd_finals_v3_0,CAPD-MIC-1.0,official,official,STAGE3_IMPLEMENTED_UNVERIFIED,PASSED,dedup_pressure,64,8,leave_one_out,W,valid_trace,bb1f255f64fee0706bff0dbbdb45f712f1754d82f76b2f895663ea32ad62a816,7fe88114f67649e6810039d39682ccfa6ffd54ab5b28e2677b710d7a1b8298b2,5022f73e8c4a1ff3b0a909a55d464e3ef2d5d80793815efbd6bbf14d12c27527,0e51d8193fdf94342faca29e7ca1ed2ef89a6880,scripts/run_capd_stage3_selector.py --repo-root /home/likc/Q-former-for-OS --artifact-root dataset/jsonl/finals_v3_official --workloads canneal streamcluster_pressure dedup_pressure --pool-sizes 8 16 32 64 --output outputs/results/finals_v3_official/stage3_selector,"selector_recall_desc,nregret_asc,uniform_distance,lexicographic",286,False,2654,2640,dataset/jsonl/finals_v3_official/dedup_pressure/B64/resolved_config.json,6efd54a1fa03f57aa8d6ca8c1a86878e32c591e01387b725416c19f1cd13d38f,dataset/jsonl/finals_v3_official/dedup_pressure/B64/selector_params.json,9b5417a3e88364d259622af5c63e3ef51da939f881903d56fcb2a012fa4958f9,dataset/jsonl/finals_v3_official/dedup_pressure/B64/selector_validation_samples.jsonl,5022f73e8c4a1ff3b0a909a55d464e3ef2d5d80793815efbd6bbf14d12c27527,dataset/jsonl/finals_v3_official/dedup_pressure/B64/generator_summary.json,4a7e1b17330ba5edc86de7cc0a1b7144bd2ab0391959967bfb2762308578a842,0.2,0.2,0.0,0.3,0.3,0.0,0.0,0.0,0.0
capd_finals_v3_stage3_selector_1,capd_finals_v3_0,CAPD-MIC-1.0,official,official,STAGE3_IMPLEMENTED_UNVERIFIED,PASSED,dedup_pressure,64,8,leave_one_out,C,valid_trace,bb1f255f64fee0706bff0dbbdb45f712f1754d82f76b2f895663ea32ad62a816,7fe88114f67649e6810039d39682ccfa6ffd54ab5b28e2677b710d7a1b8298b2,5022f73e8c4a1ff3b0a909a55d464e3ef2d5d80793815efbd6bbf14d12c27527,0e51d8193fdf94342faca29e7ca1ed2ef89a6880,scripts/run_capd_stage3_selector.py --repo-root /home/likc/Q-former-for-OS --artifact-root dataset/jsonl/finals_v3_official --workloads canneal streamcluster_pressure dedup_pressure --pool-sizes 8 16 32 64 --output outputs/results/finals_v3_official/stage3_selector,"selector_recall_desc,nregret_asc,uniform_distance,lexicographic",286,False,2654,2640,dataset/jsonl/finals_v3_official/dedup_pressure/B64/resolved_config.json,6efd54a1fa03f57aa8d6ca8c1a86878e32c591e01387b725416c19f1cd13d38f,dataset/jsonl/finals_v3_official/dedup_pressure/B64/selector_params.json,9b5417a3e88364d259622af5c63e3ef51da939f881903d56fcb2a012fa4958f9,dataset/jsonl/finals_v3_official/dedup_pressure/B64/selector_validation_samples.jsonl,5022f73e8c4a1ff3b0a909a55d464e3ef2d5d80793815efbd6bbf14d12c27527,dataset/jsonl/finals_v3_official/dedup_pressure/B64/generator_summary.json,4a7e1b17330ba5edc86de7cc0a1b7144bd2ab0391959967bfb2762308578a842,0.2,0.2,0.3,0.0,0.3,0.0,0.0,1.5071590052734285e-05,0.0
capd_finals_v3_stage3_selector_1,capd_finals_v3_0,CAPD-MIC-1.0,official,official,STAGE3_IMPLEMENTED_UNVERIFIED,PASSED,dedup_pressure,64,8,leave_one_out,R,valid_trace,bb1f255f64fee0706bff0dbbdb45f712f1754d82f76b2f895663ea32ad62a816,7fe88114f67649e6810039d39682ccfa6ffd54ab5b28e2677b710d7a1b8298b2,5022f73e8c4a1ff3b0a909a55d464e3ef2d5d80793815efbd6bbf14d12c27527,0e51d8193fdf94342faca29e7ca1ed2ef89a6880,scripts/run_capd_stage3_selector.py --repo-root /home/likc/Q-former-for-OS --artifact-root dataset/jsonl/finals_v3_official --workloads canneal streamcluster_pressure dedup_pressure --pool-sizes 8 16 32 64 --output outputs/results/finals_v3_official/stage3_selector,"selector_recall_desc,nregret_asc,uniform_distance,lexicographic",286,False,2654,2640,dataset/jsonl/finals_v3_official/dedup_pressure/B64/resolved_config.json,6efd54a1fa03f57aa8d6ca8c1a86878e32c591e01387b725416c19f1cd13d38f,dataset/jsonl/finals_v3_official/dedup_pressure/B64/selector_params.json,9b5417a3e88364d259622af5c63e3ef51da939f881903d56fcb2a012fa4958f9,dataset/jsonl/finals_v3_official/dedup_pressure/B64/selector_validation_samples.jsonl,5022f73e8c4a1ff3b0a909a55d464e3ef2d5d80793815efbd6bbf14d12c27527,dataset/jsonl/finals_v3_official/dedup_pressure/B64/generator_summary.json,4a7e1b17330ba5edc86de7cc0a1b7144bd2ab0391959967bfb2762308578a842,0.2,0.2,0.3,0.3,0.0,0.0,0.0,0.0,0.0
