workload,source_trace_id,requested_ratio,D_base,D_guarded,effective_ratio,guard_applied,source_start_inclusive,source_end_exclusive,test_relative_start,test_relative_end,window_records,unique_pages,misses,lru_replacement_decisions,write_count,write_ratio,page_entry_count,selection_eligible,eligibility_reason,source_raw_sha256,source_split_sha256
canneal,canneal-20260731T072730Z,0.20,889,889,0.20009002925950933,False,2400000,2500000,0,100000,100000,241,241,0,88889,0.88889,241,False,unique_pages_not_strictly_greater_than_guard_plus_target,dae1921a662cf887b8e0739f202bbff154b006d971e811f86bc951f8cec8b687,dbf4707925d63710ef36eb37dcc7d10b7aced2ad41890a0de590f863c9ca5d48
canneal,canneal-20260731T072730Z,0.20,889,889,0.20009002925950933,False,2410000,2510000,10000,110000,100000,241,241,0,88889,0.88889,241,False,unique_pages_not_strictly_greater_than_guard_plus_target,dae1921a662cf887b8e0739f202bbff154b006d971e811f86bc951f8cec8b687,dbf4707925d63710ef36eb37dcc7d10b7aced2ad41890a0de590f863c9ca5d48
canneal,canneal-20260731T072730Z,0.20,889,889,0.20009002925950933,False,2420000,2520000,20000,120000,100000,240,240,0,88889,0.88889,240,False,unique_pages_not_strictly_greater_than_guard_plus_target,dae1921a662cf887b8e0739f202bbff154b006d971e811f86bc951f8cec8b687,dbf4707925d63710ef36eb37dcc7d10b7aced2ad41890a0de590f863c9ca5d48
canneal,canneal-20260731T072730Z,0.20,889,889,0.20009002925950933,False,2430000,2530000,30000,130000,100000,240,240,0,88889,0.88889,240,False,unique_pages_not_strictly_greater_than_guard_plus_target,dae1921a662cf887b8e0739f202bbff154b006d971e811f86bc951f8cec8b687,dbf4707925d63710ef36eb37dcc7d10b7aced2ad41890a0de590f863c9ca5d48
canneal,canneal-20260731T072730Z,0.20,889,889,0.20009002925950933,False,2440000,2540000,40000,140000,100000,241,241,0,88889,0.88889,241,False,unique_pages_not_strictly_greater_than_guard_plus_target,dae1921a662cf887b8e0739f202bbff154b006d971e811f86bc951f8cec8b687,dbf4707925d63710ef36eb37dcc7d10b7aced2ad41890a0de590f863c9ca5d48
canneal,canneal-20260731T072730Z,0.20,889,889,0.20009002925950933,False,2450000,2550000,50000,150000,100000,241,241,0,88888,0.88888,241,False,unique_pages_not_strictly_greater_than_guard_plus_target,dae1921a662cf887b8e0739f202bbff154b006d971e811f86bc951f8cec8b687,dbf4707925d63710ef36eb37dcc7d10b7aced2ad41890a0de590f863c9ca5d48
canneal,canneal-20260731T072730Z,0.20,889,889,0.20009002925950933,False,2460000,2560000,60000,160000,100000,241,241,0,88889,0.88889,241,False,unique_pages_not_strictly_greater_than_guard_plus_target,dae1921a662cf887b8e0739f202bbff154b006d971e811f86bc951f8cec8b687,dbf4707925d63710ef36eb37dcc7d10b7aced2ad41890a0de590f863c9ca5d48
canneal,canneal-20260731T072730Z,0.20,889,889,0.20009002925950933,False,2470000,2570000,70000,170000,100000,241,241,0,88889,0.88889,241,False,unique_pages_not_strictly_greater_than_guard_plus_target,dae1921a662cf887b8e0739f202bbff154b006d971e811f86bc951f8cec8b687,dbf4707925d63710ef36eb37dcc7d10b7aced2ad41890a0de590f863c9ca5d48
canneal,canneal-20260731T072730Z,0.20,889,889,0.20009002925950933,False,2480000,2580000,80000,180000,100000,241,241,0,88889,0.88889,241,False,unique_pages_not_strictly_greater_than_guard_plus_target,dae1921a662cf887b8e0739f202bbff154b006d971e811f86bc951f8cec8b687,dbf4707925d63710ef36eb37dcc7d10b7aced2ad41890a0de590f863c9ca5d48
canneal,canneal-20260731T072730Z,0.20,889,889,0.20009002925950933,False,2490000,2590000,90000,190000,100000,240,240,0,88889,0.88889,240,False,unique_pages_not_strictly_greater_than_guard_plus_target,dae1921a662cf887b8e0739f202bbff154b006d971e811f86bc951f8cec8b687,dbf4707925d63710ef36eb37dcc7d10b7aced2ad41890a0de590f863c9ca5d48
canneal,canneal-20260731T072730Z,0.20,889,889,0.20009002925950933,False,2500000,2600000,100000,200000,100000,240,240,0,88889,0.88889,240,False,unique_pages_not_strictly_greater_than_guard_plus_target,dae1921a662cf887b8e0739f202bbff154b006d971e811f86bc951f8cec8b687,dbf4707925d63710ef36eb37dcc7d10b7aced2ad41890a0de590f863c9ca5d48
canneal,canneal-20260731T072730Z,0.20,889,889,0.20009002925950933,False,2510000,2610000,110000,210000,100000,241,241,0,88889,0.88889,241,False,unique_pages_not_strictly_greater_than_guard_plus_target,dae1921a662cf887b8e0739f202bbff154b006d971e811f86bc951f8cec8b687,dbf4707925d63710ef36eb37dcc7d10b7aced2ad41890a0de590f863c9ca5d48
canneal,canneal-20260731T072730Z,0.20,889,889,0.20009002925950933,False,2520000,2620000,120000,220000,100000,241,241,0,88889,0.88889,241,False,unique_pages_not_strictly_greater_than_guard_plus_target,dae1921a662cf887b8e0739f202bbff154b006d971e811f86bc951f8cec8b687,dbf4707925d63710ef36eb37dcc7d10b7aced2ad41890a0de590f863c9ca5d48
canneal,canneal-20260731T072730Z,0.20,889,889,0.20009002925950933,False,2530000,2630000,130000,230000,100000,241,241,0,88889,0.88889,241,False,unique_pages_not_strictly_greater_than_guard_plus_target,dae1921a662cf887b8e0739f202bbff154b006d971e811f86bc951f8cec8b687,dbf4707925d63710ef36eb37dcc7d10b7aced2ad41890a0de590f863c9ca5d48
canneal,canneal-20260731T072730Z,0.20,889,889,0.20009002925950933,False,2540000,2640000,140000,240000,100000,241,241,0,88888,0.88888,241,False,unique_pages_not_strictly_greater_than_guard_plus_target,dae1921a662cf887b8e0739f202bbff154b006d971e811f86bc951f8cec8b687,dbf4707925d63710ef36eb37dcc7d10b7aced2ad41890a0de590f863c9ca5d48
canneal,canneal-20260731T072730Z,0.20,889,889,0.20009002925950933,False,2550000,2650000,150000,250000,100000,241,241,0,88889,0.88889,241,False,unique_pages_not_strictly_greater_than_guard_plus_target,dae1921a662cf887b8e0739f202bbff154b006d971e811f86bc951f8cec8b687,dbf4707925d63710ef36eb37dcc7d10b7aced2ad41890a0de590f863c9ca5d48
canneal,canneal-20260731T072730Z,0.20,889,889,0.20009002925950933,False,2560000,2660000,160000,260000,100000,241,241,0,88889,0.88889,241,False,unique_pages_not_strictly_greater_than_guard_plus_target,dae1921a662cf887b8e0739f202bbff154b006d971e811f86bc951f8cec8b687,dbf4707925d63710ef36eb37dcc7d10b7aced2ad41890a0de590f863c9ca5d48
canneal,canneal-20260731T072730Z,0.20,889,889,0.20009002925950933,False,2570000,2670000,170000,270000,100000,240,240,0,88889,0.88889,240,False,unique_pages_not_strictly_greater_than_guard_plus_target,dae1921a662cf887b8e0739f202bbff154b006d971e811f86bc951f8cec8b687,dbf4707925d63710ef36eb37dcc7d10b7aced2ad41890a0de590f863c9ca5d48
canneal,canneal-20260731T072730Z,0.20,889,889,0.20009002925950933,False,2580000,2680000,180000,280000,100000,240,240,0,88889,0.88889,240,False,unique_pages_not_strictly_greater_than_guard_plus_target,dae1921a662cf887b8e0739f202bbff154b006d971e811f86bc951f8cec8b687,dbf4707925d63710ef36eb37dcc7d10b7aced2ad41890a0de590f863c9ca5d48
canneal,canneal-20260731T072730Z,0.20,889,889,0.20009002925950933,False,2590000,2690000,190000,290000,100000,241,241,0,88889,0.88889,241,False,unique_pages_not_strictly_greater_than_guard_plus_target,dae1921a662cf887b8e0739f202bbff154b006d971e811f86bc951f8cec8b687,dbf4707925d63710ef36eb37dcc7d10b7aced2ad41890a0de590f863c9ca5d48
canneal,canneal-20260731T072730Z,0.20,889,889,0.20009002925950933,False,2600000,2700000,200000,300000,100000,241,241,0,88889,0.88889,241,False,unique_pages_not_strictly_greater_than_guard_plus_target,dae1921a662cf887b8e0739f202bbff154b006d971e811f86bc951f8cec8b687,dbf4707925d63710ef36eb37dcc7d10b7aced2ad41890a0de590f863c9ca5d48
canneal,canneal-20260731T072730Z,0.20,889,889,0.20009002925950933,False,2610000,2710000,210000,310000,100000,241,241,0,88889,0.88889,241,False,unique_pages_not_strictly_greater_than_guard_plus_target,dae1921a662cf887b8e0739f202bbff154b006d971e811f86bc951f8cec8b687,dbf4707925d63710ef36eb37dcc7d10b7aced2ad41890a0de590f863c9ca5d48
canneal,canneal-20260731T072730Z,0.20,889,889,0.20009002925950933,False,2620000,2720000,220000,320000,100000,241,241,0,88889,0.88889,241,False,unique_pages_not_strictly_greater_than_guard_plus_target,dae1921a662cf887b8e0739f202bbff154b006d971e811f86bc951f8cec8b687,dbf4707925d63710ef36eb37dcc7d10b7aced2ad41890a0de590f863c9ca5d48
canneal,canneal-20260731T072730Z,0.20,889,889,0.20009002925950933,False,2630000,2730000,230000,330000,100000,241,241,0,88888,0.88888,241,False,unique_pages_not_strictly_greater_than_guard_plus_target,dae1921a662cf887b8e0739f202bbff154b006d971e811f86bc951f8cec8b687,dbf4707925d63710ef36eb37dcc7d10b7aced2ad41890a0de590f863c9ca5d48
canneal,canneal-20260731T072730Z,0.20,889,889,0.20009002925950933,False,2640000,2740000,240000,340000,100000,241,241,0,88889,0.88889,241,False,unique_pages_not_strictly_greater_than_guard_plus_target,dae1921a662cf887b8e0739f202bbff154b006d971e811f86bc951f8cec8b687,dbf4707925d63710ef36eb37dcc7d10b7aced2ad41890a0de590f863c9ca5d48
canneal,canneal-20260731T072730Z,0.20,889,889,0.20009002925950933,False,2650000,2750000,250000,350000,100000,240,240,0,88889,0.88889,240,False,unique_pages_not_strictly_greater_than_guard_plus_target,dae1921a662cf887b8e0739f202bbff154b006d971e811f86bc951f8cec8b687,dbf4707925d63710ef36eb37dcc7d10b7aced2ad41890a0de590f863c9ca5d48
canneal,canneal-20260731T072730Z,0.20,889,889,0.20009002925950933,False,2660000,2760000,260000,360000,100000,240,240,0,88889,0.88889,240,False,unique_pages_not_strictly_greater_than_guard_plus_target,dae1921a662cf887b8e0739f202bbff154b006d971e811f86bc951f8cec8b687,dbf4707925d63710ef36eb37dcc7d10b7aced2ad41890a0de590f863c9ca5d48
canneal,canneal-20260731T072730Z,0.20,889,889,0.20009002925950933,False,2670000,2770000,270000,370000,100000,241,241,0,88889,0.88889,241,False,unique_pages_not_strictly_greater_than_guard_plus_target,dae1921a662cf887b8e0739f202bbff154b006d971e811f86bc951f8cec8b687,dbf4707925d63710ef36eb37dcc7d10b7aced2ad41890a0de590f863c9ca5d48
canneal,canneal-20260731T072730Z,0.20,889,889,0.20009002925950933,False,2680000,2780000,280000,380000,100000,241,241,0,88889,0.88889,241,False,unique_pages_not_strictly_greater_than_guard_plus_target,dae1921a662cf887b8e0739f202bbff154b006d971e811f86bc951f8cec8b687,dbf4707925d63710ef36eb37dcc7d10b7aced2ad41890a0de590f863c9ca5d48
canneal,canneal-20260731T072730Z,0.20,889,889,0.20009002925950933,False,2690000,2790000,290000,390000,100000,241,241,0,88889,0.88889,241,False,unique_pages_not_strictly_greater_than_guard_plus_target,dae1921a662cf887b8e0739f202bbff154b006d971e811f86bc951f8cec8b687,dbf4707925d63710ef36eb37dcc7d10b7aced2ad41890a0de590f863c9ca5d48
canneal,canneal-20260731T072730Z,0.20,889,889,0.20009002925950933,False,2700000,2800000,300000,400000,100000,241,241,0,88889,0.88889,241,False,unique_pages_not_strictly_greater_than_guard_plus_target,dae1921a662cf887b8e0739f202bbff154b006d971e811f86bc951f8cec8b687,dbf4707925d63710ef36eb37dcc7d10b7aced2ad41890a0de590f863c9ca5d48
canneal,canneal-20260731T072730Z,0.20,889,889,0.20009002925950933,False,2710000,2810000,310000,410000,100000,241,241,0,88889,0.88889,241,False,unique_pages_not_strictly_greater_than_guard_plus_target,dae1921a662cf887b8e0739f202bbff154b006d971e811f86bc951f8cec8b687,dbf4707925d63710ef36eb37dcc7d10b7aced2ad41890a0de590f863c9ca5d48
canneal,canneal-20260731T072730Z,0.20,889,889,0.20009002925950933,False,2720000,2820000,320000,420000,100000,241,241,0,88888,0.88888,241,False,unique_pages_not_strictly_greater_than_guard_plus_target,dae1921a662cf887b8e0739f202bbff154b006d971e811f86bc951f8cec8b687,dbf4707925d63710ef36eb37dcc7d10b7aced2ad41890a0de590f863c9ca5d48
canneal,canneal-20260731T072730Z,0.20,889,889,0.20009002925950933,False,2730000,2830000,330000,430000,100000,240,240,0,88889,0.88889,240,False,unique_pages_not_strictly_greater_than_guard_plus_target,dae1921a662cf887b8e0739f202bbff154b006d971e811f86bc951f8cec8b687,dbf4707925d63710ef36eb37dcc7d10b7aced2ad41890a0de590f863c9ca5d48
canneal,canneal-20260731T072730Z,0.20,889,889,0.20009002925950933,False,2740000,2840000,340000,440000,100000,240,240,0,88889,0.88889,240,False,unique_pages_not_strictly_greater_than_guard_plus_target,dae1921a662cf887b8e0739f202bbff154b006d971e811f86bc951f8cec8b687,dbf4707925d63710ef36eb37dcc7d10b7aced2ad41890a0de590f863c9ca5d48
canneal,canneal-20260731T072730Z,0.20,889,889,0.20009002925950933,False,2750000,2850000,350000,450000,100000,241,241,0,88889,0.88889,241,False,unique_pages_not_strictly_greater_than_guard_plus_target,dae1921a662cf887b8e0739f202bbff154b006d971e811f86bc951f8cec8b687,dbf4707925d63710ef36eb37dcc7d10b7aced2ad41890a0de590f863c9ca5d48
canneal,canneal-20260731T072730Z,0.20,889,889,0.20009002925950933,False,2760000,2860000,360000,460000,100000,241,241,0,88889,0.88889,241,False,unique_pages_not_strictly_greater_than_guard_plus_target,dae1921a662cf887b8e0739f202bbff154b006d971e811f86bc951f8cec8b687,dbf4707925d63710ef36eb37dcc7d10b7aced2ad41890a0de590f863c9ca5d48
canneal,canneal-20260731T072730Z,0.20,889,889,0.20009002925950933,False,2770000,2870000,370000,470000,100000,241,241,0,88889,0.88889,241,False,unique_pages_not_strictly_greater_than_guard_plus_target,dae1921a662cf887b8e0739f202bbff154b006d971e811f86bc951f8cec8b687,dbf4707925d63710ef36eb37dcc7d10b7aced2ad41890a0de590f863c9ca5d48
canneal,canneal-20260731T072730Z,0.20,889,889,0.20009002925950933,False,2780000,2880000,380000,480000,100000,241,241,0,88889,0.88889,241,False,unique_pages_not_strictly_greater_than_guard_plus_target,dae1921a662cf887b8e0739f202bbff154b006d971e811f86bc951f8cec8b687,dbf4707925d63710ef36eb37dcc7d10b7aced2ad41890a0de590f863c9ca5d48
canneal,canneal-20260731T072730Z,0.20,889,889,0.20009002925950933,False,2790000,2890000,390000,490000,100000,241,241,0,88889,0.88889,241,False,unique_pages_not_strictly_greater_than_guard_plus_target,dae1921a662cf887b8e0739f202bbff154b006d971e811f86bc951f8cec8b687,dbf4707925d63710ef36eb37dcc7d10b7aced2ad41890a0de590f863c9ca5d48
canneal,canneal-20260731T072730Z,0.20,889,889,0.20009002925950933,False,2800000,2900000,400000,500000,100000,240,240,0,88889,0.88889,240,False,unique_pages_not_strictly_greater_than_guard_plus_target,dae1921a662cf887b8e0739f202bbff154b006d971e811f86bc951f8cec8b687,dbf4707925d63710ef36eb37dcc7d10b7aced2ad41890a0de590f863c9ca5d48
canneal,canneal-20260731T072730Z,0.20,889,889,0.20009002925950933,False,2810000,2910000,410000,510000,100000,240,240,0,88888,0.88888,240,False,unique_pages_not_strictly_greater_than_guard_plus_target,dae1921a662cf887b8e0739f202bbff154b006d971e811f86bc951f8cec8b687,dbf4707925d63710ef36eb37dcc7d10b7aced2ad41890a0de590f863c9ca5d48
canneal,canneal-20260731T072730Z,0.20,889,889,0.20009002925950933,False,2820000,2920000,420000,520000,100000,240,240,0,88889,0.88889,240,False,unique_pages_not_strictly_greater_than_guard_plus_target,dae1921a662cf887b8e0739f202bbff154b006d971e811f86bc951f8cec8b687,dbf4707925d63710ef36eb37dcc7d10b7aced2ad41890a0de590f863c9ca5d48
canneal,canneal-20260731T072730Z,0.20,889,889,0.20009002925950933,False,2830000,2930000,430000,530000,100000,241,241,0,88889,0.88889,241,False,unique_pages_not_strictly_greater_than_guard_plus_target,dae1921a662cf887b8e0739f202bbff154b006d971e811f86bc951f8cec8b687,dbf4707925d63710ef36eb37dcc7d10b7aced2ad41890a0de590f863c9ca5d48
canneal,canneal-20260731T072730Z,0.20,889,889,0.20009002925950933,False,2840000,2940000,440000,540000,100000,241,241,0,88889,0.88889,241,False,unique_pages_not_strictly_greater_than_guard_plus_target,dae1921a662cf887b8e0739f202bbff154b006d971e811f86bc951f8cec8b687,dbf4707925d63710ef36eb37dcc7d10b7aced2ad41890a0de590f863c9ca5d48
canneal,canneal-20260731T072730Z,0.20,889,889,0.20009002925950933,False,2850000,2950000,450000,550000,100000,241,241,0,88889,0.88889,241,False,unique_pages_not_strictly_greater_than_guard_plus_target,dae1921a662cf887b8e0739f202bbff154b006d971e811f86bc951f8cec8b687,dbf4707925d63710ef36eb37dcc7d10b7aced2ad41890a0de590f863c9ca5d48
canneal,canneal-20260731T072730Z,0.20,889,889,0.20009002925950933,False,2860000,2960000,460000,560000,100000,241,241,0,88889,0.88889,241,False,unique_pages_not_strictly_greater_than_guard_plus_target,dae1921a662cf887b8e0739f202bbff154b006d971e811f86bc951f8cec8b687,dbf4707925d63710ef36eb37dcc7d10b7aced2ad41890a0de590f863c9ca5d48
canneal,canneal-20260731T072730Z,0.20,889,889,0.20009002925950933,False,2870000,2970000,470000,570000,100000,241,241,0,88889,0.88889,241,False,unique_pages_not_strictly_greater_than_guard_plus_target,dae1921a662cf887b8e0739f202bbff154b006d971e811f86bc951f8cec8b687,dbf4707925d63710ef36eb37dcc7d10b7aced2ad41890a0de590f863c9ca5d48
canneal,canneal-20260731T072730Z,0.20,889,889,0.20009002925950933,False,2880000,2980000,480000,580000,100000,240,240,0,88889,0.88889,240,False,unique_pages_not_strictly_greater_than_guard_plus_target,dae1921a662cf887b8e0739f202bbff154b006d971e811f86bc951f8cec8b687,dbf4707925d63710ef36eb37dcc7d10b7aced2ad41890a0de590f863c9ca5d48
canneal,canneal-20260731T072730Z,0.20,889,889,0.20009002925950933,False,2890000,2990000,490000,590000,100000,240,240,0,88889,0.88889,240,False,unique_pages_not_strictly_greater_than_guard_plus_target,dae1921a662cf887b8e0739f202bbff154b006d971e811f86bc951f8cec8b687,dbf4707925d63710ef36eb37dcc7d10b7aced2ad41890a0de590f863c9ca5d48
canneal,canneal-20260731T072730Z,0.20,889,889,0.20009002925950933,False,2900000,3000000,500000,600000,100000,241,241,0,88888,0.88888,241,False,unique_pages_not_strictly_greater_than_guard_plus_target,dae1921a662cf887b8e0739f202bbff154b006d971e811f86bc951f8cec8b687,dbf4707925d63710ef36eb37dcc7d10b7aced2ad41890a0de590f863c9ca5d48
canneal,canneal-20260731T072730Z,0.40,1778,1778,0.40018005851901867,False,2400000,2500000,0,100000,100000,241,241,0,88889,0.88889,241,False,unique_pages_not_strictly_greater_than_guard_plus_target,dae1921a662cf887b8e0739f202bbff154b006d971e811f86bc951f8cec8b687,dbf4707925d63710ef36eb37dcc7d10b7aced2ad41890a0de590f863c9ca5d48
canneal,canneal-20260731T072730Z,0.40,1778,1778,0.40018005851901867,False,2410000,2510000,10000,110000,100000,241,241,0,88889,0.88889,241,False,unique_pages_not_strictly_greater_than_guard_plus_target,dae1921a662cf887b8e0739f202bbff154b006d971e811f86bc951f8cec8b687,dbf4707925d63710ef36eb37dcc7d10b7aced2ad41890a0de590f863c9ca5d48
canneal,canneal-20260731T072730Z,0.40,1778,1778,0.40018005851901867,False,2420000,2520000,20000,120000,100000,240,240,0,88889,0.88889,240,False,unique_pages_not_strictly_greater_than_guard_plus_target,dae1921a662cf887b8e0739f202bbff154b006d971e811f86bc951f8cec8b687,dbf4707925d63710ef36eb37dcc7d10b7aced2ad41890a0de590f863c9ca5d48
canneal,canneal-20260731T072730Z,0.40,1778,1778,0.40018005851901867,False,2430000,2530000,30000,130000,100000,240,240,0,88889,0.88889,240,False,unique_pages_not_strictly_greater_than_guard_plus_target,dae1921a662cf887b8e0739f202bbff154b006d971e811f86bc951f8cec8b687,dbf4707925d63710ef36eb37dcc7d10b7aced2ad41890a0de590f863c9ca5d48
canneal,canneal-20260731T072730Z,0.40,1778,1778,0.40018005851901867,False,2440000,2540000,40000,140000,100000,241,241,0,88889,0.88889,241,False,unique_pages_not_strictly_greater_than_guard_plus_target,dae1921a662cf887b8e0739f202bbff154b006d971e811f86bc951f8cec8b687,dbf4707925d63710ef36eb37dcc7d10b7aced2ad41890a0de590f863c9ca5d48
canneal,canneal-20260731T072730Z,0.40,1778,1778,0.40018005851901867,False,2450000,2550000,50000,150000,100000,241,241,0,88888,0.88888,241,False,unique_pages_not_strictly_greater_than_guard_plus_target,dae1921a662cf887b8e0739f202bbff154b006d971e811f86bc951f8cec8b687,dbf4707925d63710ef36eb37dcc7d10b7aced2ad41890a0de590f863c9ca5d48
canneal,canneal-20260731T072730Z,0.40,1778,1778,0.40018005851901867,False,2460000,2560000,60000,160000,100000,241,241,0,88889,0.88889,241,False,unique_pages_not_strictly_greater_than_guard_plus_target,dae1921a662cf887b8e0739f202bbff154b006d971e811f86bc951f8cec8b687,dbf4707925d63710ef36eb37dcc7d10b7aced2ad41890a0de590f863c9ca5d48
canneal,canneal-20260731T072730Z,0.40,1778,1778,0.40018005851901867,False,2470000,2570000,70000,170000,100000,241,241,0,88889,0.88889,241,False,unique_pages_not_strictly_greater_than_guard_plus_target,dae1921a662cf887b8e0739f202bbff154b006d971e811f86bc951f8cec8b687,dbf4707925d63710ef36eb37dcc7d10b7aced2ad41890a0de590f863c9ca5d48
canneal,canneal-20260731T072730Z,0.40,1778,1778,0.40018005851901867,False,2480000,2580000,80000,180000,100000,241,241,0,88889,0.88889,241,False,unique_pages_not_strictly_greater_than_guard_plus_target,dae1921a662cf887b8e0739f202bbff154b006d971e811f86bc951f8cec8b687,dbf4707925d63710ef36eb37dcc7d10b7aced2ad41890a0de590f863c9ca5d48
canneal,canneal-20260731T072730Z,0.40,1778,1778,0.40018005851901867,False,2490000,2590000,90000,190000,100000,240,240,0,88889,0.88889,240,False,unique_pages_not_strictly_greater_than_guard_plus_target,dae1921a662cf887b8e0739f202bbff154b006d971e811f86bc951f8cec8b687,dbf4707925d63710ef36eb37dcc7d10b7aced2ad41890a0de590f863c9ca5d48
canneal,canneal-20260731T072730Z,0.40,1778,1778,0.40018005851901867,False,2500000,2600000,100000,200000,100000,240,240,0,88889,0.88889,240,False,unique_pages_not_strictly_greater_than_guard_plus_target,dae1921a662cf887b8e0739f202bbff154b006d971e811f86bc951f8cec8b687,dbf4707925d63710ef36eb37dcc7d10b7aced2ad41890a0de590f863c9ca5d48
canneal,canneal-20260731T072730Z,0.40,1778,1778,0.40018005851901867,False,2510000,2610000,110000,210000,100000,241,241,0,88889,0.88889,241,False,unique_pages_not_strictly_greater_than_guard_plus_target,dae1921a662cf887b8e0739f202bbff154b006d971e811f86bc951f8cec8b687,dbf4707925d63710ef36eb37dcc7d10b7aced2ad41890a0de590f863c9ca5d48
canneal,canneal-20260731T072730Z,0.40,1778,1778,0.40018005851901867,False,2520000,2620000,120000,220000,100000,241,241,0,88889,0.88889,241,False,unique_pages_not_strictly_greater_than_guard_plus_target,dae1921a662cf887b8e0739f202bbff154b006d971e811f86bc951f8cec8b687,dbf4707925d63710ef36eb37dcc7d10b7aced2ad41890a0de590f863c9ca5d48
canneal,canneal-20260731T072730Z,0.40,1778,1778,0.40018005851901867,False,2530000,2630000,130000,230000,100000,241,241,0,88889,0.88889,241,False,unique_pages_not_strictly_greater_than_guard_plus_target,dae1921a662cf887b8e0739f202bbff154b006d971e811f86bc951f8cec8b687,dbf4707925d63710ef36eb37dcc7d10b7aced2ad41890a0de590f863c9ca5d48
canneal,canneal-20260731T072730Z,0.40,1778,1778,0.40018005851901867,False,2540000,2640000,140000,240000,100000,241,241,0,88888,0.88888,241,False,unique_pages_not_strictly_greater_than_guard_plus_target,dae1921a662cf887b8e0739f202bbff154b006d971e811f86bc951f8cec8b687,dbf4707925d63710ef36eb37dcc7d10b7aced2ad41890a0de590f863c9ca5d48
canneal,canneal-20260731T072730Z,0.40,1778,1778,0.40018005851901867,False,2550000,2650000,150000,250000,100000,241,241,0,88889,0.88889,241,False,unique_pages_not_strictly_greater_than_guard_plus_target,dae1921a662cf887b8e0739f202bbff154b006d971e811f86bc951f8cec8b687,dbf4707925d63710ef36eb37dcc7d10b7aced2ad41890a0de590f863c9ca5d48
canneal,canneal-20260731T072730Z,0.40,1778,1778,0.40018005851901867,False,2560000,2660000,160000,260000,100000,241,241,0,88889,0.88889,241,False,unique_pages_not_strictly_greater_than_guard_plus_target,dae1921a662cf887b8e0739f202bbff154b006d971e811f86bc951f8cec8b687,dbf4707925d63710ef36eb37dcc7d10b7aced2ad41890a0de590f863c9ca5d48
canneal,canneal-20260731T072730Z,0.40,1778,1778,0.40018005851901867,False,2570000,2670000,170000,270000,100000,240,240,0,88889,0.88889,240,False,unique_pages_not_strictly_greater_than_guard_plus_target,dae1921a662cf887b8e0739f202bbff154b006d971e811f86bc951f8cec8b687,dbf4707925d63710ef36eb37dcc7d10b7aced2ad41890a0de590f863c9ca5d48
canneal,canneal-20260731T072730Z,0.40,1778,1778,0.40018005851901867,False,2580000,2680000,180000,280000,100000,240,240,0,88889,0.88889,240,False,unique_pages_not_strictly_greater_than_guard_plus_target,dae1921a662cf887b8e0739f202bbff154b006d971e811f86bc951f8cec8b687,dbf4707925d63710ef36eb37dcc7d10b7aced2ad41890a0de590f863c9ca5d48
canneal,canneal-20260731T072730Z,0.40,1778,1778,0.40018005851901867,False,2590000,2690000,190000,290000,100000,241,241,0,88889,0.88889,241,False,unique_pages_not_strictly_greater_than_guard_plus_target,dae1921a662cf887b8e0739f202bbff154b006d971e811f86bc951f8cec8b687,dbf4707925d63710ef36eb37dcc7d10b7aced2ad41890a0de590f863c9ca5d48
canneal,canneal-20260731T072730Z,0.40,1778,1778,0.40018005851901867,False,2600000,2700000,200000,300000,100000,241,241,0,88889,0.88889,241,False,unique_pages_not_strictly_greater_than_guard_plus_target,dae1921a662cf887b8e0739f202bbff154b006d971e811f86bc951f8cec8b687,dbf4707925d63710ef36eb37dcc7d10b7aced2ad41890a0de590f863c9ca5d48
canneal,canneal-20260731T072730Z,0.40,1778,1778,0.40018005851901867,False,2610000,2710000,210000,310000,100000,241,241,0,88889,0.88889,241,False,unique_pages_not_strictly_greater_than_guard_plus_target,dae1921a662cf887b8e0739f202bbff154b006d971e811f86bc951f8cec8b687,dbf4707925d63710ef36eb37dcc7d10b7aced2ad41890a0de590f863c9ca5d48
canneal,canneal-20260731T072730Z,0.40,1778,1778,0.40018005851901867,False,2620000,2720000,220000,320000,100000,241,241,0,88889,0.88889,241,False,unique_pages_not_strictly_greater_than_guard_plus_target,dae1921a662cf887b8e0739f202bbff154b006d971e811f86bc951f8cec8b687,dbf4707925d63710ef36eb37dcc7d10b7aced2ad41890a0de590f863c9ca5d48
canneal,canneal-20260731T072730Z,0.40,1778,1778,0.40018005851901867,False,2630000,2730000,230000,330000,100000,241,241,0,88888,0.88888,241,False,unique_pages_not_strictly_greater_than_guard_plus_target,dae1921a662cf887b8e0739f202bbff154b006d971e811f86bc951f8cec8b687,dbf4707925d63710ef36eb37dcc7d10b7aced2ad41890a0de590f863c9ca5d48
canneal,canneal-20260731T072730Z,0.40,1778,1778,0.40018005851901867,False,2640000,2740000,240000,340000,100000,241,241,0,88889,0.88889,241,False,unique_pages_not_strictly_greater_than_guard_plus_target,dae1921a662cf887b8e0739f202bbff154b006d971e811f86bc951f8cec8b687,dbf4707925d63710ef36eb37dcc7d10b7aced2ad41890a0de590f863c9ca5d48
canneal,canneal-20260731T072730Z,0.40,1778,1778,0.40018005851901867,False,2650000,2750000,250000,350000,100000,240,240,0,88889,0.88889,240,False,unique_pages_not_strictly_greater_than_guard_plus_target,dae1921a662cf887b8e0739f202bbff154b006d971e811f86bc951f8cec8b687,dbf4707925d63710ef36eb37dcc7d10b7aced2ad41890a0de590f863c9ca5d48
canneal,canneal-20260731T072730Z,0.40,1778,1778,0.40018005851901867,False,2660000,2760000,260000,360000,100000,240,240,0,88889,0.88889,240,False,unique_pages_not_strictly_greater_than_guard_plus_target,dae1921a662cf887b8e0739f202bbff154b006d971e811f86bc951f8cec8b687,dbf4707925d63710ef36eb37dcc7d10b7aced2ad41890a0de590f863c9ca5d48
canneal,canneal-20260731T072730Z,0.40,1778,1778,0.40018005851901867,False,2670000,2770000,270000,370000,100000,241,241,0,88889,0.88889,241,False,unique_pages_not_strictly_greater_than_guard_plus_target,dae1921a662cf887b8e0739f202bbff154b006d971e811f86bc951f8cec8b687,dbf4707925d63710ef36eb37dcc7d10b7aced2ad41890a0de590f863c9ca5d48
canneal,canneal-20260731T072730Z,0.40,1778,1778,0.40018005851901867,False,2680000,2780000,280000,380000,100000,241,241,0,88889,0.88889,241,False,unique_pages_not_strictly_greater_than_guard_plus_target,dae1921a662cf887b8e0739f202bbff154b006d971e811f86bc951f8cec8b687,dbf4707925d63710ef36eb37dcc7d10b7aced2ad41890a0de590f863c9ca5d48
canneal,canneal-20260731T072730Z,0.40,1778,1778,0.40018005851901867,False,2690000,2790000,290000,390000,100000,241,241,0,88889,0.88889,241,False,unique_pages_not_strictly_greater_than_guard_plus_target,dae1921a662cf887b8e0739f202bbff154b006d971e811f86bc951f8cec8b687,dbf4707925d63710ef36eb37dcc7d10b7aced2ad41890a0de590f863c9ca5d48
canneal,canneal-20260731T072730Z,0.40,1778,1778,0.40018005851901867,False,2700000,2800000,300000,400000,100000,241,241,0,88889,0.88889,241,False,unique_pages_not_strictly_greater_than_guard_plus_target,dae1921a662cf887b8e0739f202bbff154b006d971e811f86bc951f8cec8b687,dbf4707925d63710ef36eb37dcc7d10b7aced2ad41890a0de590f863c9ca5d48
canneal,canneal-20260731T072730Z,0.40,1778,1778,0.40018005851901867,False,2710000,2810000,310000,410000,100000,241,241,0,88889,0.88889,241,False,unique_pages_not_strictly_greater_than_guard_plus_target,dae1921a662cf887b8e0739f202bbff154b006d971e811f86bc951f8cec8b687,dbf4707925d63710ef36eb37dcc7d10b7aced2ad41890a0de590f863c9ca5d48
canneal,canneal-20260731T072730Z,0.40,1778,1778,0.40018005851901867,False,2720000,2820000,320000,420000,100000,241,241,0,88888,0.88888,241,False,unique_pages_not_strictly_greater_than_guard_plus_target,dae1921a662cf887b8e0739f202bbff154b006d971e811f86bc951f8cec8b687,dbf4707925d63710ef36eb37dcc7d10b7aced2ad41890a0de590f863c9ca5d48
canneal,canneal-20260731T072730Z,0.40,1778,1778,0.40018005851901867,False,2730000,2830000,330000,430000,100000,240,240,0,88889,0.88889,240,False,unique_pages_not_strictly_greater_than_guard_plus_target,dae1921a662cf887b8e0739f202bbff154b006d971e811f86bc951f8cec8b687,dbf4707925d63710ef36eb37dcc7d10b7aced2ad41890a0de590f863c9ca5d48
canneal,canneal-20260731T072730Z,0.40,1778,1778,0.40018005851901867,False,2740000,2840000,340000,440000,100000,240,240,0,88889,0.88889,240,False,unique_pages_not_strictly_greater_than_guard_plus_target,dae1921a662cf887b8e0739f202bbff154b006d971e811f86bc951f8cec8b687,dbf4707925d63710ef36eb37dcc7d10b7aced2ad41890a0de590f863c9ca5d48
canneal,canneal-20260731T072730Z,0.40,1778,1778,0.40018005851901867,False,2750000,2850000,350000,450000,100000,241,241,0,88889,0.88889,241,False,unique_pages_not_strictly_greater_than_guard_plus_target,dae1921a662cf887b8e0739f202bbff154b006d971e811f86bc951f8cec8b687,dbf4707925d63710ef36eb37dcc7d10b7aced2ad41890a0de590f863c9ca5d48
canneal,canneal-20260731T072730Z,0.40,1778,1778,0.40018005851901867,False,2760000,2860000,360000,460000,100000,241,241,0,88889,0.88889,241,False,unique_pages_not_strictly_greater_than_guard_plus_target,dae1921a662cf887b8e0739f202bbff154b006d971e811f86bc951f8cec8b687,dbf4707925d63710ef36eb37dcc7d10b7aced2ad41890a0de590f863c9ca5d48
canneal,canneal-20260731T072730Z,0.40,1778,1778,0.40018005851901867,False,2770000,2870000,370000,470000,100000,241,241,0,88889,0.88889,241,False,unique_pages_not_strictly_greater_than_guard_plus_target,dae1921a662cf887b8e0739f202bbff154b006d971e811f86bc951f8cec8b687,dbf4707925d63710ef36eb37dcc7d10b7aced2ad41890a0de590f863c9ca5d48
canneal,canneal-20260731T072730Z,0.40,1778,1778,0.40018005851901867,False,2780000,2880000,380000,480000,100000,241,241,0,88889,0.88889,241,False,unique_pages_not_strictly_greater_than_guard_plus_target,dae1921a662cf887b8e0739f202bbff154b006d971e811f86bc951f8cec8b687,dbf4707925d63710ef36eb37dcc7d10b7aced2ad41890a0de590f863c9ca5d48
canneal,canneal-20260731T072730Z,0.40,1778,1778,0.40018005851901867,False,2790000,2890000,390000,490000,100000,241,241,0,88889,0.88889,241,False,unique_pages_not_strictly_greater_than_guard_plus_target,dae1921a662cf887b8e0739f202bbff154b006d971e811f86bc951f8cec8b687,dbf4707925d63710ef36eb37dcc7d10b7aced2ad41890a0de590f863c9ca5d48
canneal,canneal-20260731T072730Z,0.40,1778,1778,0.40018005851901867,False,2800000,2900000,400000,500000,100000,240,240,0,88889,0.88889,240,False,unique_pages_not_strictly_greater_than_guard_plus_target,dae1921a662cf887b8e0739f202bbff154b006d971e811f86bc951f8cec8b687,dbf4707925d63710ef36eb37dcc7d10b7aced2ad41890a0de590f863c9ca5d48
canneal,canneal-20260731T072730Z,0.40,1778,1778,0.40018005851901867,False,2810000,2910000,410000,510000,100000,240,240,0,88888,0.88888,240,False,unique_pages_not_strictly_greater_than_guard_plus_target,dae1921a662cf887b8e0739f202bbff154b006d971e811f86bc951f8cec8b687,dbf4707925d63710ef36eb37dcc7d10b7aced2ad41890a0de590f863c9ca5d48
canneal,canneal-20260731T072730Z,0.40,1778,1778,0.40018005851901867,False,2820000,2920000,420000,520000,100000,240,240,0,88889,0.88889,240,False,unique_pages_not_strictly_greater_than_guard_plus_target,dae1921a662cf887b8e0739f202bbff154b006d971e811f86bc951f8cec8b687,dbf4707925d63710ef36eb37dcc7d10b7aced2ad41890a0de590f863c9ca5d48
canneal,canneal-20260731T072730Z,0.40,1778,1778,0.40018005851901867,False,2830000,2930000,430000,530000,100000,241,241,0,88889,0.88889,241,False,unique_pages_not_strictly_greater_than_guard_plus_target,dae1921a662cf887b8e0739f202bbff154b006d971e811f86bc951f8cec8b687,dbf4707925d63710ef36eb37dcc7d10b7aced2ad41890a0de590f863c9ca5d48
canneal,canneal-20260731T072730Z,0.40,1778,1778,0.40018005851901867,False,2840000,2940000,440000,540000,100000,241,241,0,88889,0.88889,241,False,unique_pages_not_strictly_greater_than_guard_plus_target,dae1921a662cf887b8e0739f202bbff154b006d971e811f86bc951f8cec8b687,dbf4707925d63710ef36eb37dcc7d10b7aced2ad41890a0de590f863c9ca5d48
canneal,canneal-20260731T072730Z,0.40,1778,1778,0.40018005851901867,False,2850000,2950000,450000,550000,100000,241,241,0,88889,0.88889,241,False,unique_pages_not_strictly_greater_than_guard_plus_target,dae1921a662cf887b8e0739f202bbff154b006d971e811f86bc951f8cec8b687,dbf4707925d63710ef36eb37dcc7d10b7aced2ad41890a0de590f863c9ca5d48
canneal,canneal-20260731T072730Z,0.40,1778,1778,0.40018005851901867,False,2860000,2960000,460000,560000,100000,241,241,0,88889,0.88889,241,False,unique_pages_not_strictly_greater_than_guard_plus_target,dae1921a662cf887b8e0739f202bbff154b006d971e811f86bc951f8cec8b687,dbf4707925d63710ef36eb37dcc7d10b7aced2ad41890a0de590f863c9ca5d48
canneal,canneal-20260731T072730Z,0.40,1778,1778,0.40018005851901867,False,2870000,2970000,470000,570000,100000,241,241,0,88889,0.88889,241,False,unique_pages_not_strictly_greater_than_guard_plus_target,dae1921a662cf887b8e0739f202bbff154b006d971e811f86bc951f8cec8b687,dbf4707925d63710ef36eb37dcc7d10b7aced2ad41890a0de590f863c9ca5d48
canneal,canneal-20260731T072730Z,0.40,1778,1778,0.40018005851901867,False,2880000,2980000,480000,580000,100000,240,240,0,88889,0.88889,240,False,unique_pages_not_strictly_greater_than_guard_plus_target,dae1921a662cf887b8e0739f202bbff154b006d971e811f86bc951f8cec8b687,dbf4707925d63710ef36eb37dcc7d10b7aced2ad41890a0de590f863c9ca5d48
canneal,canneal-20260731T072730Z,0.40,1778,1778,0.40018005851901867,False,2890000,2990000,490000,590000,100000,240,240,0,88889,0.88889,240,False,unique_pages_not_strictly_greater_than_guard_plus_target,dae1921a662cf887b8e0739f202bbff154b006d971e811f86bc951f8cec8b687,dbf4707925d63710ef36eb37dcc7d10b7aced2ad41890a0de590f863c9ca5d48
canneal,canneal-20260731T072730Z,0.40,1778,1778,0.40018005851901867,False,2900000,3000000,500000,600000,100000,241,241,0,88888,0.88888,241,False,unique_pages_not_strictly_greater_than_guard_plus_target,dae1921a662cf887b8e0739f202bbff154b006d971e811f86bc951f8cec8b687,dbf4707925d63710ef36eb37dcc7d10b7aced2ad41890a0de590f863c9ca5d48
canneal,canneal-20260731T072730Z,0.60,2666,2666,0.6000450146297547,False,2400000,2500000,0,100000,100000,241,241,0,88889,0.88889,241,False,unique_pages_not_strictly_greater_than_guard_plus_target,dae1921a662cf887b8e0739f202bbff154b006d971e811f86bc951f8cec8b687,dbf4707925d63710ef36eb37dcc7d10b7aced2ad41890a0de590f863c9ca5d48
canneal,canneal-20260731T072730Z,0.60,2666,2666,0.6000450146297547,False,2410000,2510000,10000,110000,100000,241,241,0,88889,0.88889,241,False,unique_pages_not_strictly_greater_than_guard_plus_target,dae1921a662cf887b8e0739f202bbff154b006d971e811f86bc951f8cec8b687,dbf4707925d63710ef36eb37dcc7d10b7aced2ad41890a0de590f863c9ca5d48
canneal,canneal-20260731T072730Z,0.60,2666,2666,0.6000450146297547,False,2420000,2520000,20000,120000,100000,240,240,0,88889,0.88889,240,False,unique_pages_not_strictly_greater_than_guard_plus_target,dae1921a662cf887b8e0739f202bbff154b006d971e811f86bc951f8cec8b687,dbf4707925d63710ef36eb37dcc7d10b7aced2ad41890a0de590f863c9ca5d48
canneal,canneal-20260731T072730Z,0.60,2666,2666,0.6000450146297547,False,2430000,2530000,30000,130000,100000,240,240,0,88889,0.88889,240,False,unique_pages_not_strictly_greater_than_guard_plus_target,dae1921a662cf887b8e0739f202bbff154b006d971e811f86bc951f8cec8b687,dbf4707925d63710ef36eb37dcc7d10b7aced2ad41890a0de590f863c9ca5d48
canneal,canneal-20260731T072730Z,0.60,2666,2666,0.6000450146297547,False,2440000,2540000,40000,140000,100000,241,241,0,88889,0.88889,241,False,unique_pages_not_strictly_greater_than_guard_plus_target,dae1921a662cf887b8e0739f202bbff154b006d971e811f86bc951f8cec8b687,dbf4707925d63710ef36eb37dcc7d10b7aced2ad41890a0de590f863c9ca5d48
canneal,canneal-20260731T072730Z,0.60,2666,2666,0.6000450146297547,False,2450000,2550000,50000,150000,100000,241,241,0,88888,0.88888,241,False,unique_pages_not_strictly_greater_than_guard_plus_target,dae1921a662cf887b8e0739f202bbff154b006d971e811f86bc951f8cec8b687,dbf4707925d63710ef36eb37dcc7d10b7aced2ad41890a0de590f863c9ca5d48
canneal,canneal-20260731T072730Z,0.60,2666,2666,0.6000450146297547,False,2460000,2560000,60000,160000,100000,241,241,0,88889,0.88889,241,False,unique_pages_not_strictly_greater_than_guard_plus_target,dae1921a662cf887b8e0739f202bbff154b006d971e811f86bc951f8cec8b687,dbf4707925d63710ef36eb37dcc7d10b7aced2ad41890a0de590f863c9ca5d48
canneal,canneal-20260731T072730Z,0.60,2666,2666,0.6000450146297547,False,2470000,2570000,70000,170000,100000,241,241,0,88889,0.88889,241,False,unique_pages_not_strictly_greater_than_guard_plus_target,dae1921a662cf887b8e0739f202bbff154b006d971e811f86bc951f8cec8b687,dbf4707925d63710ef36eb37dcc7d10b7aced2ad41890a0de590f863c9ca5d48
canneal,canneal-20260731T072730Z,0.60,2666,2666,0.6000450146297547,False,2480000,2580000,80000,180000,100000,241,241,0,88889,0.88889,241,False,unique_pages_not_strictly_greater_than_guard_plus_target,dae1921a662cf887b8e0739f202bbff154b006d971e811f86bc951f8cec8b687,dbf4707925d63710ef36eb37dcc7d10b7aced2ad41890a0de590f863c9ca5d48
canneal,canneal-20260731T072730Z,0.60,2666,2666,0.6000450146297547,False,2490000,2590000,90000,190000,100000,240,240,0,88889,0.88889,240,False,unique_pages_not_strictly_greater_than_guard_plus_target,dae1921a662cf887b8e0739f202bbff154b006d971e811f86bc951f8cec8b687,dbf4707925d63710ef36eb37dcc7d10b7aced2ad41890a0de590f863c9ca5d48
canneal,canneal-20260731T072730Z,0.60,2666,2666,0.6000450146297547,False,2500000,2600000,100000,200000,100000,240,240,0,88889,0.88889,240,False,unique_pages_not_strictly_greater_than_guard_plus_target,dae1921a662cf887b8e0739f202bbff154b006d971e811f86bc951f8cec8b687,dbf4707925d63710ef36eb37dcc7d10b7aced2ad41890a0de590f863c9ca5d48
canneal,canneal-20260731T072730Z,0.60,2666,2666,0.6000450146297547,False,2510000,2610000,110000,210000,100000,241,241,0,88889,0.88889,241,False,unique_pages_not_strictly_greater_than_guard_plus_target,dae1921a662cf887b8e0739f202bbff154b006d971e811f86bc951f8cec8b687,dbf4707925d63710ef36eb37dcc7d10b7aced2ad41890a0de590f863c9ca5d48
canneal,canneal-20260731T072730Z,0.60,2666,2666,0.6000450146297547,False,2520000,2620000,120000,220000,100000,241,241,0,88889,0.88889,241,False,unique_pages_not_strictly_greater_than_guard_plus_target,dae1921a662cf887b8e0739f202bbff154b006d971e811f86bc951f8cec8b687,dbf4707925d63710ef36eb37dcc7d10b7aced2ad41890a0de590f863c9ca5d48
canneal,canneal-20260731T072730Z,0.60,2666,2666,0.6000450146297547,False,2530000,2630000,130000,230000,100000,241,241,0,88889,0.88889,241,False,unique_pages_not_strictly_greater_than_guard_plus_target,dae1921a662cf887b8e0739f202bbff154b006d971e811f86bc951f8cec8b687,dbf4707925d63710ef36eb37dcc7d10b7aced2ad41890a0de590f863c9ca5d48
canneal,canneal-20260731T072730Z,0.60,2666,2666,0.6000450146297547,False,2540000,2640000,140000,240000,100000,241,241,0,88888,0.88888,241,False,unique_pages_not_strictly_greater_than_guard_plus_target,dae1921a662cf887b8e0739f202bbff154b006d971e811f86bc951f8cec8b687,dbf4707925d63710ef36eb37dcc7d10b7aced2ad41890a0de590f863c9ca5d48
canneal,canneal-20260731T072730Z,0.60,2666,2666,0.6000450146297547,False,2550000,2650000,150000,250000,100000,241,241,0,88889,0.88889,241,False,unique_pages_not_strictly_greater_than_guard_plus_target,dae1921a662cf887b8e0739f202bbff154b006d971e811f86bc951f8cec8b687,dbf4707925d63710ef36eb37dcc7d10b7aced2ad41890a0de590f863c9ca5d48
canneal,canneal-20260731T072730Z,0.60,2666,2666,0.6000450146297547,False,2560000,2660000,160000,260000,100000,241,241,0,88889,0.88889,241,False,unique_pages_not_strictly_greater_than_guard_plus_target,dae1921a662cf887b8e0739f202bbff154b006d971e811f86bc951f8cec8b687,dbf4707925d63710ef36eb37dcc7d10b7aced2ad41890a0de590f863c9ca5d48
canneal,canneal-20260731T072730Z,0.60,2666,2666,0.6000450146297547,False,2570000,2670000,170000,270000,100000,240,240,0,88889,0.88889,240,False,unique_pages_not_strictly_greater_than_guard_plus_target,dae1921a662cf887b8e0739f202bbff154b006d971e811f86bc951f8cec8b687,dbf4707925d63710ef36eb37dcc7d10b7aced2ad41890a0de590f863c9ca5d48
canneal,canneal-20260731T072730Z,0.60,2666,2666,0.6000450146297547,False,2580000,2680000,180000,280000,100000,240,240,0,88889,0.88889,240,False,unique_pages_not_strictly_greater_than_guard_plus_target,dae1921a662cf887b8e0739f202bbff154b006d971e811f86bc951f8cec8b687,dbf4707925d63710ef36eb37dcc7d10b7aced2ad41890a0de590f863c9ca5d48
canneal,canneal-20260731T072730Z,0.60,2666,2666,0.6000450146297547,False,2590000,2690000,190000,290000,100000,241,241,0,88889,0.88889,241,False,unique_pages_not_strictly_greater_than_guard_plus_target,dae1921a662cf887b8e0739f202bbff154b006d971e811f86bc951f8cec8b687,dbf4707925d63710ef36eb37dcc7d10b7aced2ad41890a0de590f863c9ca5d48
canneal,canneal-20260731T072730Z,0.60,2666,2666,0.6000450146297547,False,2600000,2700000,200000,300000,100000,241,241,0,88889,0.88889,241,False,unique_pages_not_strictly_greater_than_guard_plus_target,dae1921a662cf887b8e0739f202bbff154b006d971e811f86bc951f8cec8b687,dbf4707925d63710ef36eb37dcc7d10b7aced2ad41890a0de590f863c9ca5d48
canneal,canneal-20260731T072730Z,0.60,2666,2666,0.6000450146297547,False,2610000,2710000,210000,310000,100000,241,241,0,88889,0.88889,241,False,unique_pages_not_strictly_greater_than_guard_plus_target,dae1921a662cf887b8e0739f202bbff154b006d971e811f86bc951f8cec8b687,dbf4707925d63710ef36eb37dcc7d10b7aced2ad41890a0de590f863c9ca5d48
canneal,canneal-20260731T072730Z,0.60,2666,2666,0.6000450146297547,False,2620000,2720000,220000,320000,100000,241,241,0,88889,0.88889,241,False,unique_pages_not_strictly_greater_than_guard_plus_target,dae1921a662cf887b8e0739f202bbff154b006d971e811f86bc951f8cec8b687,dbf4707925d63710ef36eb37dcc7d10b7aced2ad41890a0de590f863c9ca5d48
canneal,canneal-20260731T072730Z,0.60,2666,2666,0.6000450146297547,False,2630000,2730000,230000,330000,100000,241,241,0,88888,0.88888,241,False,unique_pages_not_strictly_greater_than_guard_plus_target,dae1921a662cf887b8e0739f202bbff154b006d971e811f86bc951f8cec8b687,dbf4707925d63710ef36eb37dcc7d10b7aced2ad41890a0de590f863c9ca5d48
canneal,canneal-20260731T072730Z,0.60,2666,2666,0.6000450146297547,False,2640000,2740000,240000,340000,100000,241,241,0,88889,0.88889,241,False,unique_pages_not_strictly_greater_than_guard_plus_target,dae1921a662cf887b8e0739f202bbff154b006d971e811f86bc951f8cec8b687,dbf4707925d63710ef36eb37dcc7d10b7aced2ad41890a0de590f863c9ca5d48
canneal,canneal-20260731T072730Z,0.60,2666,2666,0.6000450146297547,False,2650000,2750000,250000,350000,100000,240,240,0,88889,0.88889,240,False,unique_pages_not_strictly_greater_than_guard_plus_target,dae1921a662cf887b8e0739f202bbff154b006d971e811f86bc951f8cec8b687,dbf4707925d63710ef36eb37dcc7d10b7aced2ad41890a0de590f863c9ca5d48
canneal,canneal-20260731T072730Z,0.60,2666,2666,0.6000450146297547,False,2660000,2760000,260000,360000,100000,240,240,0,88889,0.88889,240,False,unique_pages_not_strictly_greater_than_guard_plus_target,dae1921a662cf887b8e0739f202bbff154b006d971e811f86bc951f8cec8b687,dbf4707925d63710ef36eb37dcc7d10b7aced2ad41890a0de590f863c9ca5d48
canneal,canneal-20260731T072730Z,0.60,2666,2666,0.6000450146297547,False,2670000,2770000,270000,370000,100000,241,241,0,88889,0.88889,241,False,unique_pages_not_strictly_greater_than_guard_plus_target,dae1921a662cf887b8e0739f202bbff154b006d971e811f86bc951f8cec8b687,dbf4707925d63710ef36eb37dcc7d10b7aced2ad41890a0de590f863c9ca5d48
canneal,canneal-20260731T072730Z,0.60,2666,2666,0.6000450146297547,False,2680000,2780000,280000,380000,100000,241,241,0,88889,0.88889,241,False,unique_pages_not_strictly_greater_than_guard_plus_target,dae1921a662cf887b8e0739f202bbff154b006d971e811f86bc951f8cec8b687,dbf4707925d63710ef36eb37dcc7d10b7aced2ad41890a0de590f863c9ca5d48
canneal,canneal-20260731T072730Z,0.60,2666,2666,0.6000450146297547,False,2690000,2790000,290000,390000,100000,241,241,0,88889,0.88889,241,False,unique_pages_not_strictly_greater_than_guard_plus_target,dae1921a662cf887b8e0739f202bbff154b006d971e811f86bc951f8cec8b687,dbf4707925d63710ef36eb37dcc7d10b7aced2ad41890a0de590f863c9ca5d48
canneal,canneal-20260731T072730Z,0.60,2666,2666,0.6000450146297547,False,2700000,2800000,300000,400000,100000,241,241,0,88889,0.88889,241,False,unique_pages_not_strictly_greater_than_guard_plus_target,dae1921a662cf887b8e0739f202bbff154b006d971e811f86bc951f8cec8b687,dbf4707925d63710ef36eb37dcc7d10b7aced2ad41890a0de590f863c9ca5d48
canneal,canneal-20260731T072730Z,0.60,2666,2666,0.6000450146297547,False,2710000,2810000,310000,410000,100000,241,241,0,88889,0.88889,241,False,unique_pages_not_strictly_greater_than_guard_plus_target,dae1921a662cf887b8e0739f202bbff154b006d971e811f86bc951f8cec8b687,dbf4707925d63710ef36eb37dcc7d10b7aced2ad41890a0de590f863c9ca5d48
canneal,canneal-20260731T072730Z,0.60,2666,2666,0.6000450146297547,False,2720000,2820000,320000,420000,100000,241,241,0,88888,0.88888,241,False,unique_pages_not_strictly_greater_than_guard_plus_target,dae1921a662cf887b8e0739f202bbff154b006d971e811f86bc951f8cec8b687,dbf4707925d63710ef36eb37dcc7d10b7aced2ad41890a0de590f863c9ca5d48
canneal,canneal-20260731T072730Z,0.60,2666,2666,0.6000450146297547,False,2730000,2830000,330000,430000,100000,240,240,0,88889,0.88889,240,False,unique_pages_not_strictly_greater_than_guard_plus_target,dae1921a662cf887b8e0739f202bbff154b006d971e811f86bc951f8cec8b687,dbf4707925d63710ef36eb37dcc7d10b7aced2ad41890a0de590f863c9ca5d48
canneal,canneal-20260731T072730Z,0.60,2666,2666,0.6000450146297547,False,2740000,2840000,340000,440000,100000,240,240,0,88889,0.88889,240,False,unique_pages_not_strictly_greater_than_guard_plus_target,dae1921a662cf887b8e0739f202bbff154b006d971e811f86bc951f8cec8b687,dbf4707925d63710ef36eb37dcc7d10b7aced2ad41890a0de590f863c9ca5d48
canneal,canneal-20260731T072730Z,0.60,2666,2666,0.6000450146297547,False,2750000,2850000,350000,450000,100000,241,241,0,88889,0.88889,241,False,unique_pages_not_strictly_greater_than_guard_plus_target,dae1921a662cf887b8e0739f202bbff154b006d971e811f86bc951f8cec8b687,dbf4707925d63710ef36eb37dcc7d10b7aced2ad41890a0de590f863c9ca5d48
canneal,canneal-20260731T072730Z,0.60,2666,2666,0.6000450146297547,False,2760000,2860000,360000,460000,100000,241,241,0,88889,0.88889,241,False,unique_pages_not_strictly_greater_than_guard_plus_target,dae1921a662cf887b8e0739f202bbff154b006d971e811f86bc951f8cec8b687,dbf4707925d63710ef36eb37dcc7d10b7aced2ad41890a0de590f863c9ca5d48
canneal,canneal-20260731T072730Z,0.60,2666,2666,0.6000450146297547,False,2770000,2870000,370000,470000,100000,241,241,0,88889,0.88889,241,False,unique_pages_not_strictly_greater_than_guard_plus_target,dae1921a662cf887b8e0739f202bbff154b006d971e811f86bc951f8cec8b687,dbf4707925d63710ef36eb37dcc7d10b7aced2ad41890a0de590f863c9ca5d48
canneal,canneal-20260731T072730Z,0.60,2666,2666,0.6000450146297547,False,2780000,2880000,380000,480000,100000,241,241,0,88889,0.88889,241,False,unique_pages_not_strictly_greater_than_guard_plus_target,dae1921a662cf887b8e0739f202bbff154b006d971e811f86bc951f8cec8b687,dbf4707925d63710ef36eb37dcc7d10b7aced2ad41890a0de590f863c9ca5d48
canneal,canneal-20260731T072730Z,0.60,2666,2666,0.6000450146297547,False,2790000,2890000,390000,490000,100000,241,241,0,88889,0.88889,241,False,unique_pages_not_strictly_greater_than_guard_plus_target,dae1921a662cf887b8e0739f202bbff154b006d971e811f86bc951f8cec8b687,dbf4707925d63710ef36eb37dcc7d10b7aced2ad41890a0de590f863c9ca5d48
canneal,canneal-20260731T072730Z,0.60,2666,2666,0.6000450146297547,False,2800000,2900000,400000,500000,100000,240,240,0,88889,0.88889,240,False,unique_pages_not_strictly_greater_than_guard_plus_target,dae1921a662cf887b8e0739f202bbff154b006d971e811f86bc951f8cec8b687,dbf4707925d63710ef36eb37dcc7d10b7aced2ad41890a0de590f863c9ca5d48
canneal,canneal-20260731T072730Z,0.60,2666,2666,0.6000450146297547,False,2810000,2910000,410000,510000,100000,240,240,0,88888,0.88888,240,False,unique_pages_not_strictly_greater_than_guard_plus_target,dae1921a662cf887b8e0739f202bbff154b006d971e811f86bc951f8cec8b687,dbf4707925d63710ef36eb37dcc7d10b7aced2ad41890a0de590f863c9ca5d48
canneal,canneal-20260731T072730Z,0.60,2666,2666,0.6000450146297547,False,2820000,2920000,420000,520000,100000,240,240,0,88889,0.88889,240,False,unique_pages_not_strictly_greater_than_guard_plus_target,dae1921a662cf887b8e0739f202bbff154b006d971e811f86bc951f8cec8b687,dbf4707925d63710ef36eb37dcc7d10b7aced2ad41890a0de590f863c9ca5d48
canneal,canneal-20260731T072730Z,0.60,2666,2666,0.6000450146297547,False,2830000,2930000,430000,530000,100000,241,241,0,88889,0.88889,241,False,unique_pages_not_strictly_greater_than_guard_plus_target,dae1921a662cf887b8e0739f202bbff154b006d971e811f86bc951f8cec8b687,dbf4707925d63710ef36eb37dcc7d10b7aced2ad41890a0de590f863c9ca5d48
canneal,canneal-20260731T072730Z,0.60,2666,2666,0.6000450146297547,False,2840000,2940000,440000,540000,100000,241,241,0,88889,0.88889,241,False,unique_pages_not_strictly_greater_than_guard_plus_target,dae1921a662cf887b8e0739f202bbff154b006d971e811f86bc951f8cec8b687,dbf4707925d63710ef36eb37dcc7d10b7aced2ad41890a0de590f863c9ca5d48
canneal,canneal-20260731T072730Z,0.60,2666,2666,0.6000450146297547,False,2850000,2950000,450000,550000,100000,241,241,0,88889,0.88889,241,False,unique_pages_not_strictly_greater_than_guard_plus_target,dae1921a662cf887b8e0739f202bbff154b006d971e811f86bc951f8cec8b687,dbf4707925d63710ef36eb37dcc7d10b7aced2ad41890a0de590f863c9ca5d48
canneal,canneal-20260731T072730Z,0.60,2666,2666,0.6000450146297547,False,2860000,2960000,460000,560000,100000,241,241,0,88889,0.88889,241,False,unique_pages_not_strictly_greater_than_guard_plus_target,dae1921a662cf887b8e0739f202bbff154b006d971e811f86bc951f8cec8b687,dbf4707925d63710ef36eb37dcc7d10b7aced2ad41890a0de590f863c9ca5d48
canneal,canneal-20260731T072730Z,0.60,2666,2666,0.6000450146297547,False,2870000,2970000,470000,570000,100000,241,241,0,88889,0.88889,241,False,unique_pages_not_strictly_greater_than_guard_plus_target,dae1921a662cf887b8e0739f202bbff154b006d971e811f86bc951f8cec8b687,dbf4707925d63710ef36eb37dcc7d10b7aced2ad41890a0de590f863c9ca5d48
canneal,canneal-20260731T072730Z,0.60,2666,2666,0.6000450146297547,False,2880000,2980000,480000,580000,100000,240,240,0,88889,0.88889,240,False,unique_pages_not_strictly_greater_than_guard_plus_target,dae1921a662cf887b8e0739f202bbff154b006d971e811f86bc951f8cec8b687,dbf4707925d63710ef36eb37dcc7d10b7aced2ad41890a0de590f863c9ca5d48
canneal,canneal-20260731T072730Z,0.60,2666,2666,0.6000450146297547,False,2890000,2990000,490000,590000,100000,240,240,0,88889,0.88889,240,False,unique_pages_not_strictly_greater_than_guard_plus_target,dae1921a662cf887b8e0739f202bbff154b006d971e811f86bc951f8cec8b687,dbf4707925d63710ef36eb37dcc7d10b7aced2ad41890a0de590f863c9ca5d48
canneal,canneal-20260731T072730Z,0.60,2666,2666,0.6000450146297547,False,2900000,3000000,500000,600000,100000,241,241,0,88888,0.88888,241,False,unique_pages_not_strictly_greater_than_guard_plus_target,dae1921a662cf887b8e0739f202bbff154b006d971e811f86bc951f8cec8b687,dbf4707925d63710ef36eb37dcc7d10b7aced2ad41890a0de590f863c9ca5d48
streamcluster_pressure,streamcluster_pressure-20260731T073704Z,0.20,385,385,0.20041644976574702,False,2400000,2500000,0,100000,100000,10,10,0,36449,0.36449,10,False,unique_pages_not_strictly_greater_than_guard_plus_target,fca32daf7ce5e32c08dc3fddac9fbab7c877b8f6dde9a5e065f24ac48b040f3f,9433aea84e9cd54146ae5852ca41f02e653ef9f6bb7c66721995fb5687e6e12e
streamcluster_pressure,streamcluster_pressure-20260731T073704Z,0.20,385,385,0.20041644976574702,False,2410000,2510000,10000,110000,100000,10,10,0,36443,0.36443,10,False,unique_pages_not_strictly_greater_than_guard_plus_target,fca32daf7ce5e32c08dc3fddac9fbab7c877b8f6dde9a5e065f24ac48b040f3f,9433aea84e9cd54146ae5852ca41f02e653ef9f6bb7c66721995fb5687e6e12e
streamcluster_pressure,streamcluster_pressure-20260731T073704Z,0.20,385,385,0.20041644976574702,False,2420000,2520000,20000,120000,100000,10,10,0,36440,0.3644,10,False,unique_pages_not_strictly_greater_than_guard_plus_target,fca32daf7ce5e32c08dc3fddac9fbab7c877b8f6dde9a5e065f24ac48b040f3f,9433aea84e9cd54146ae5852ca41f02e653ef9f6bb7c66721995fb5687e6e12e
streamcluster_pressure,streamcluster_pressure-20260731T073704Z,0.20,385,385,0.20041644976574702,False,2430000,2530000,30000,130000,100000,10,10,0,36448,0.36448,10,False,unique_pages_not_strictly_greater_than_guard_plus_target,fca32daf7ce5e32c08dc3fddac9fbab7c877b8f6dde9a5e065f24ac48b040f3f,9433aea84e9cd54146ae5852ca41f02e653ef9f6bb7c66721995fb5687e6e12e
streamcluster_pressure,streamcluster_pressure-20260731T073704Z,0.20,385,385,0.20041644976574702,False,2440000,2540000,40000,140000,100000,10,10,0,36441,0.36441,10,False,unique_pages_not_strictly_greater_than_guard_plus_target,fca32daf7ce5e32c08dc3fddac9fbab7c877b8f6dde9a5e065f24ac48b040f3f,9433aea84e9cd54146ae5852ca41f02e653ef9f6bb7c66721995fb5687e6e12e
streamcluster_pressure,streamcluster_pressure-20260731T073704Z,0.20,385,385,0.20041644976574702,False,2450000,2550000,50000,150000,100000,10,10,0,36440,0.3644,10,False,unique_pages_not_strictly_greater_than_guard_plus_target,fca32daf7ce5e32c08dc3fddac9fbab7c877b8f6dde9a5e065f24ac48b040f3f,9433aea84e9cd54146ae5852ca41f02e653ef9f6bb7c66721995fb5687e6e12e
streamcluster_pressure,streamcluster_pressure-20260731T073704Z,0.20,385,385,0.20041644976574702,False,2460000,2560000,60000,160000,100000,10,10,0,36447,0.36447,10,False,unique_pages_not_strictly_greater_than_guard_plus_target,fca32daf7ce5e32c08dc3fddac9fbab7c877b8f6dde9a5e065f24ac48b040f3f,9433aea84e9cd54146ae5852ca41f02e653ef9f6bb7c66721995fb5687e6e12e
streamcluster_pressure,streamcluster_pressure-20260731T073704Z,0.20,385,385,0.20041644976574702,False,2470000,2570000,70000,170000,100000,10,10,0,36440,0.3644,10,False,unique_pages_not_strictly_greater_than_guard_plus_target,fca32daf7ce5e32c08dc3fddac9fbab7c877b8f6dde9a5e065f24ac48b040f3f,9433aea84e9cd54146ae5852ca41f02e653ef9f6bb7c66721995fb5687e6e12e
streamcluster_pressure,streamcluster_pressure-20260731T073704Z,0.20,385,385,0.20041644976574702,False,2480000,2580000,80000,180000,100000,10,10,0,36441,0.36441,10,False,unique_pages_not_strictly_greater_than_guard_plus_target,fca32daf7ce5e32c08dc3fddac9fbab7c877b8f6dde9a5e065f24ac48b040f3f,9433aea84e9cd54146ae5852ca41f02e653ef9f6bb7c66721995fb5687e6e12e
streamcluster_pressure,streamcluster_pressure-20260731T073704Z,0.20,385,385,0.20041644976574702,False,2490000,2590000,90000,190000,100000,10,10,0,36447,0.36447,10,False,unique_pages_not_strictly_greater_than_guard_plus_target,fca32daf7ce5e32c08dc3fddac9fbab7c877b8f6dde9a5e065f24ac48b040f3f,9433aea84e9cd54146ae5852ca41f02e653ef9f6bb7c66721995fb5687e6e12e
streamcluster_pressure,streamcluster_pressure-20260731T073704Z,0.20,385,385,0.20041644976574702,False,2500000,2600000,100000,200000,100000,10,10,0,36441,0.36441,10,False,unique_pages_not_strictly_greater_than_guard_plus_target,fca32daf7ce5e32c08dc3fddac9fbab7c877b8f6dde9a5e065f24ac48b040f3f,9433aea84e9cd54146ae5852ca41f02e653ef9f6bb7c66721995fb5687e6e12e
streamcluster_pressure,streamcluster_pressure-20260731T073704Z,0.20,385,385,0.20041644976574702,False,2510000,2610000,110000,210000,100000,10,10,0,36443,0.36443,10,False,unique_pages_not_strictly_greater_than_guard_plus_target,fca32daf7ce5e32c08dc3fddac9fbab7c877b8f6dde9a5e065f24ac48b040f3f,9433aea84e9cd54146ae5852ca41f02e653ef9f6bb7c66721995fb5687e6e12e
streamcluster_pressure,streamcluster_pressure-20260731T073704Z,0.20,385,385,0.20041644976574702,False,2520000,2620000,120000,220000,100000,10,10,0,36446,0.36446,10,False,unique_pages_not_strictly_greater_than_guard_plus_target,fca32daf7ce5e32c08dc3fddac9fbab7c877b8f6dde9a5e065f24ac48b040f3f,9433aea84e9cd54146ae5852ca41f02e653ef9f6bb7c66721995fb5687e6e12e
streamcluster_pressure,streamcluster_pressure-20260731T073704Z,0.20,385,385,0.20041644976574702,False,2530000,2630000,130000,230000,100000,10,10,0,36441,0.36441,10,False,unique_pages_not_strictly_greater_than_guard_plus_target,fca32daf7ce5e32c08dc3fddac9fbab7c877b8f6dde9a5e065f24ac48b040f3f,9433aea84e9cd54146ae5852ca41f02e653ef9f6bb7c66721995fb5687e6e12e
streamcluster_pressure,streamcluster_pressure-20260731T073704Z,0.20,385,385,0.20041644976574702,False,2540000,2640000,140000,240000,100000,10,10,0,36444,0.36444,10,False,unique_pages_not_strictly_greater_than_guard_plus_target,fca32daf7ce5e32c08dc3fddac9fbab7c877b8f6dde9a5e065f24ac48b040f3f,9433aea84e9cd54146ae5852ca41f02e653ef9f6bb7c66721995fb5687e6e12e
streamcluster_pressure,streamcluster_pressure-20260731T073704Z,0.20,385,385,0.20041644976574702,False,2550000,2650000,150000,250000,100000,10,10,0,36445,0.36445,10,False,unique_pages_not_strictly_greater_than_guard_plus_target,fca32daf7ce5e32c08dc3fddac9fbab7c877b8f6dde9a5e065f24ac48b040f3f,9433aea84e9cd54146ae5852ca41f02e653ef9f6bb7c66721995fb5687e6e12e
streamcluster_pressure,streamcluster_pressure-20260731T073704Z,0.20,385,385,0.20041644976574702,False,2560000,2660000,160000,260000,100000,9,9,0,36443,0.36443,9,False,unique_pages_not_strictly_greater_than_guard_plus_target,fca32daf7ce5e32c08dc3fddac9fbab7c877b8f6dde9a5e065f24ac48b040f3f,9433aea84e9cd54146ae5852ca41f02e653ef9f6bb7c66721995fb5687e6e12e
streamcluster_pressure,streamcluster_pressure-20260731T073704Z,0.20,385,385,0.20041644976574702,False,2570000,2670000,170000,270000,100000,10,10,0,36445,0.36445,10,False,unique_pages_not_strictly_greater_than_guard_plus_target,fca32daf7ce5e32c08dc3fddac9fbab7c877b8f6dde9a5e065f24ac48b040f3f,9433aea84e9cd54146ae5852ca41f02e653ef9f6bb7c66721995fb5687e6e12e
streamcluster_pressure,streamcluster_pressure-20260731T073704Z,0.20,385,385,0.20041644976574702,False,2580000,2680000,180000,280000,100000,10,10,0,36445,0.36445,10,False,unique_pages_not_strictly_greater_than_guard_plus_target,fca32daf7ce5e32c08dc3fddac9fbab7c877b8f6dde9a5e065f24ac48b040f3f,9433aea84e9cd54146ae5852ca41f02e653ef9f6bb7c66721995fb5687e6e12e
streamcluster_pressure,streamcluster_pressure-20260731T073704Z,0.20,385,385,0.20041644976574702,False,2590000,2690000,190000,290000,100000,10,10,0,36444,0.36444,10,False,unique_pages_not_strictly_greater_than_guard_plus_target,fca32daf7ce5e32c08dc3fddac9fbab7c877b8f6dde9a5e065f24ac48b040f3f,9433aea84e9cd54146ae5852ca41f02e653ef9f6bb7c66721995fb5687e6e12e
streamcluster_pressure,streamcluster_pressure-20260731T073704Z,0.20,385,385,0.20041644976574702,False,2600000,2700000,200000,300000,100000,10,10,0,36445,0.36445,10,False,unique_pages_not_strictly_greater_than_guard_plus_target,fca32daf7ce5e32c08dc3fddac9fbab7c877b8f6dde9a5e065f24ac48b040f3f,9433aea84e9cd54146ae5852ca41f02e653ef9f6bb7c66721995fb5687e6e12e
streamcluster_pressure,streamcluster_pressure-20260731T073704Z,0.20,385,385,0.20041644976574702,False,2610000,2710000,210000,310000,100000,10,10,0,36445,0.36445,10,False,unique_pages_not_strictly_greater_than_guard_plus_target,fca32daf7ce5e32c08dc3fddac9fbab7c877b8f6dde9a5e065f24ac48b040f3f,9433aea84e9cd54146ae5852ca41f02e653ef9f6bb7c66721995fb5687e6e12e
streamcluster_pressure,streamcluster_pressure-20260731T073704Z,0.20,385,385,0.20041644976574702,False,2620000,2720000,220000,320000,100000,10,10,0,36445,0.36445,10,False,unique_pages_not_strictly_greater_than_guard_plus_target,fca32daf7ce5e32c08dc3fddac9fbab7c877b8f6dde9a5e065f24ac48b040f3f,9433aea84e9cd54146ae5852ca41f02e653ef9f6bb7c66721995fb5687e6e12e
streamcluster_pressure,streamcluster_pressure-20260731T073704Z,0.20,385,385,0.20041644976574702,False,2630000,2730000,230000,330000,100000,9,9,0,36446,0.36446,9,False,unique_pages_not_strictly_greater_than_guard_plus_target,fca32daf7ce5e32c08dc3fddac9fbab7c877b8f6dde9a5e065f24ac48b040f3f,9433aea84e9cd54146ae5852ca41f02e653ef9f6bb7c66721995fb5687e6e12e
streamcluster_pressure,streamcluster_pressure-20260731T073704Z,0.20,385,385,0.20041644976574702,False,2640000,2740000,240000,340000,100000,10,10,0,36446,0.36446,10,False,unique_pages_not_strictly_greater_than_guard_plus_target,fca32daf7ce5e32c08dc3fddac9fbab7c877b8f6dde9a5e065f24ac48b040f3f,9433aea84e9cd54146ae5852ca41f02e653ef9f6bb7c66721995fb5687e6e12e
streamcluster_pressure,streamcluster_pressure-20260731T073704Z,0.20,385,385,0.20041644976574702,False,2650000,2750000,250000,350000,100000,10,10,0,36446,0.36446,10,False,unique_pages_not_strictly_greater_than_guard_plus_target,fca32daf7ce5e32c08dc3fddac9fbab7c877b8f6dde9a5e065f24ac48b040f3f,9433aea84e9cd54146ae5852ca41f02e653ef9f6bb7c66721995fb5687e6e12e
streamcluster_pressure,streamcluster_pressure-20260731T073704Z,0.20,385,385,0.20041644976574702,False,2660000,2760000,260000,360000,100000,10,10,0,36446,0.36446,10,False,unique_pages_not_strictly_greater_than_guard_plus_target,fca32daf7ce5e32c08dc3fddac9fbab7c877b8f6dde9a5e065f24ac48b040f3f,9433aea84e9cd54146ae5852ca41f02e653ef9f6bb7c66721995fb5687e6e12e
streamcluster_pressure,streamcluster_pressure-20260731T073704Z,0.20,385,385,0.20041644976574702,False,2670000,2770000,270000,370000,100000,10,10,0,36446,0.36446,10,False,unique_pages_not_strictly_greater_than_guard_plus_target,fca32daf7ce5e32c08dc3fddac9fbab7c877b8f6dde9a5e065f24ac48b040f3f,9433aea84e9cd54146ae5852ca41f02e653ef9f6bb7c66721995fb5687e6e12e
streamcluster_pressure,streamcluster_pressure-20260731T073704Z,0.20,385,385,0.20041644976574702,False,2680000,2780000,280000,380000,100000,10,10,0,36446,0.36446,10,False,unique_pages_not_strictly_greater_than_guard_plus_target,fca32daf7ce5e32c08dc3fddac9fbab7c877b8f6dde9a5e065f24ac48b040f3f,9433aea84e9cd54146ae5852ca41f02e653ef9f6bb7c66721995fb5687e6e12e
streamcluster_pressure,streamcluster_pressure-20260731T073704Z,0.20,385,385,0.20041644976574702,False,2690000,2790000,290000,390000,100000,10,10,0,36446,0.36446,10,False,unique_pages_not_strictly_greater_than_guard_plus_target,fca32daf7ce5e32c08dc3fddac9fbab7c877b8f6dde9a5e065f24ac48b040f3f,9433aea84e9cd54146ae5852ca41f02e653ef9f6bb7c66721995fb5687e6e12e
streamcluster_pressure,streamcluster_pressure-20260731T073704Z,0.20,385,385,0.20041644976574702,False,2700000,2800000,300000,400000,100000,10,10,0,36446,0.36446,10,False,unique_pages_not_strictly_greater_than_guard_plus_target,fca32daf7ce5e32c08dc3fddac9fbab7c877b8f6dde9a5e065f24ac48b040f3f,9433aea84e9cd54146ae5852ca41f02e653ef9f6bb7c66721995fb5687e6e12e
streamcluster_pressure,streamcluster_pressure-20260731T073704Z,0.20,385,385,0.20041644976574702,False,2710000,2810000,310000,410000,100000,10,10,0,36445,0.36445,10,False,unique_pages_not_strictly_greater_than_guard_plus_target,fca32daf7ce5e32c08dc3fddac9fbab7c877b8f6dde9a5e065f24ac48b040f3f,9433aea84e9cd54146ae5852ca41f02e653ef9f6bb7c66721995fb5687e6e12e
streamcluster_pressure,streamcluster_pressure-20260731T073704Z,0.20,385,385,0.20041644976574702,False,2720000,2820000,320000,420000,100000,10,10,0,36445,0.36445,10,False,unique_pages_not_strictly_greater_than_guard_plus_target,fca32daf7ce5e32c08dc3fddac9fbab7c877b8f6dde9a5e065f24ac48b040f3f,9433aea84e9cd54146ae5852ca41f02e653ef9f6bb7c66721995fb5687e6e12e
streamcluster_pressure,streamcluster_pressure-20260731T073704Z,0.20,385,385,0.20041644976574702,False,2730000,2830000,330000,430000,100000,10,10,0,36447,0.36447,10,False,unique_pages_not_strictly_greater_than_guard_plus_target,fca32daf7ce5e32c08dc3fddac9fbab7c877b8f6dde9a5e065f24ac48b040f3f,9433aea84e9cd54146ae5852ca41f02e653ef9f6bb7c66721995fb5687e6e12e
streamcluster_pressure,streamcluster_pressure-20260731T073704Z,0.20,385,385,0.20041644976574702,False,2740000,2840000,340000,440000,100000,10,10,0,36445,0.36445,10,False,unique_pages_not_strictly_greater_than_guard_plus_target,fca32daf7ce5e32c08dc3fddac9fbab7c877b8f6dde9a5e065f24ac48b040f3f,9433aea84e9cd54146ae5852ca41f02e653ef9f6bb7c66721995fb5687e6e12e
streamcluster_pressure,streamcluster_pressure-20260731T073704Z,0.20,385,385,0.20041644976574702,False,2750000,2850000,350000,450000,100000,10,10,0,36443,0.36443,10,False,unique_pages_not_strictly_greater_than_guard_plus_target,fca32daf7ce5e32c08dc3fddac9fbab7c877b8f6dde9a5e065f24ac48b040f3f,9433aea84e9cd54146ae5852ca41f02e653ef9f6bb7c66721995fb5687e6e12e
streamcluster_pressure,streamcluster_pressure-20260731T073704Z,0.20,385,385,0.20041644976574702,False,2760000,2860000,360000,460000,100000,10,10,0,36446,0.36446,10,False,unique_pages_not_strictly_greater_than_guard_plus_target,fca32daf7ce5e32c08dc3fddac9fbab7c877b8f6dde9a5e065f24ac48b040f3f,9433aea84e9cd54146ae5852ca41f02e653ef9f6bb7c66721995fb5687e6e12e
streamcluster_pressure,streamcluster_pressure-20260731T073704Z,0.20,385,385,0.20041644976574702,False,2770000,2870000,370000,470000,100000,10,10,0,36443,0.36443,10,False,unique_pages_not_strictly_greater_than_guard_plus_target,fca32daf7ce5e32c08dc3fddac9fbab7c877b8f6dde9a5e065f24ac48b040f3f,9433aea84e9cd54146ae5852ca41f02e653ef9f6bb7c66721995fb5687e6e12e
streamcluster_pressure,streamcluster_pressure-20260731T073704Z,0.20,385,385,0.20041644976574702,False,2780000,2880000,380000,480000,100000,10,10,0,36441,0.36441,10,False,unique_pages_not_strictly_greater_than_guard_plus_target,fca32daf7ce5e32c08dc3fddac9fbab7c877b8f6dde9a5e065f24ac48b040f3f,9433aea84e9cd54146ae5852ca41f02e653ef9f6bb7c66721995fb5687e6e12e
streamcluster_pressure,streamcluster_pressure-20260731T073704Z,0.20,385,385,0.20041644976574702,False,2790000,2890000,390000,490000,100000,10,10,0,36445,0.36445,10,False,unique_pages_not_strictly_greater_than_guard_plus_target,fca32daf7ce5e32c08dc3fddac9fbab7c877b8f6dde9a5e065f24ac48b040f3f,9433aea84e9cd54146ae5852ca41f02e653ef9f6bb7c66721995fb5687e6e12e
streamcluster_pressure,streamcluster_pressure-20260731T073704Z,0.20,385,385,0.20041644976574702,False,2800000,2900000,400000,500000,100000,9,9,0,36444,0.36444,9,False,unique_pages_not_strictly_greater_than_guard_plus_target,fca32daf7ce5e32c08dc3fddac9fbab7c877b8f6dde9a5e065f24ac48b040f3f,9433aea84e9cd54146ae5852ca41f02e653ef9f6bb7c66721995fb5687e6e12e
streamcluster_pressure,streamcluster_pressure-20260731T073704Z,0.20,385,385,0.20041644976574702,False,2810000,2910000,410000,510000,100000,10,10,0,36441,0.36441,10,False,unique_pages_not_strictly_greater_than_guard_plus_target,fca32daf7ce5e32c08dc3fddac9fbab7c877b8f6dde9a5e065f24ac48b040f3f,9433aea84e9cd54146ae5852ca41f02e653ef9f6bb7c66721995fb5687e6e12e
streamcluster_pressure,streamcluster_pressure-20260731T073704Z,0.20,385,385,0.20041644976574702,False,2820000,2920000,420000,520000,100000,10,10,0,36446,0.36446,10,False,unique_pages_not_strictly_greater_than_guard_plus_target,fca32daf7ce5e32c08dc3fddac9fbab7c877b8f6dde9a5e065f24ac48b040f3f,9433aea84e9cd54146ae5852ca41f02e653ef9f6bb7c66721995fb5687e6e12e
streamcluster_pressure,streamcluster_pressure-20260731T073704Z,0.20,385,385,0.20041644976574702,False,2830000,2930000,430000,530000,100000,10,10,0,36444,0.36444,10,False,unique_pages_not_strictly_greater_than_guard_plus_target,fca32daf7ce5e32c08dc3fddac9fbab7c877b8f6dde9a5e065f24ac48b040f3f,9433aea84e9cd54146ae5852ca41f02e653ef9f6bb7c66721995fb5687e6e12e
streamcluster_pressure,streamcluster_pressure-20260731T073704Z,0.20,385,385,0.20041644976574702,False,2840000,2940000,440000,540000,100000,10,10,0,36440,0.3644,10,False,unique_pages_not_strictly_greater_than_guard_plus_target,fca32daf7ce5e32c08dc3fddac9fbab7c877b8f6dde9a5e065f24ac48b040f3f,9433aea84e9cd54146ae5852ca41f02e653ef9f6bb7c66721995fb5687e6e12e
streamcluster_pressure,streamcluster_pressure-20260731T073704Z,0.20,385,385,0.20041644976574702,False,2850000,2950000,450000,550000,100000,10,10,0,36448,0.36448,10,False,unique_pages_not_strictly_greater_than_guard_plus_target,fca32daf7ce5e32c08dc3fddac9fbab7c877b8f6dde9a5e065f24ac48b040f3f,9433aea84e9cd54146ae5852ca41f02e653ef9f6bb7c66721995fb5687e6e12e
streamcluster_pressure,streamcluster_pressure-20260731T073704Z,0.20,385,385,0.20041644976574702,False,2860000,2960000,460000,560000,100000,10,10,0,36445,0.36445,10,False,unique_pages_not_strictly_greater_than_guard_plus_target,fca32daf7ce5e32c08dc3fddac9fbab7c877b8f6dde9a5e065f24ac48b040f3f,9433aea84e9cd54146ae5852ca41f02e653ef9f6bb7c66721995fb5687e6e12e
streamcluster_pressure,streamcluster_pressure-20260731T073704Z,0.20,385,385,0.20041644976574702,False,2870000,2970000,470000,570000,100000,9,9,0,36440,0.3644,9,False,unique_pages_not_strictly_greater_than_guard_plus_target,fca32daf7ce5e32c08dc3fddac9fbab7c877b8f6dde9a5e065f24ac48b040f3f,9433aea84e9cd54146ae5852ca41f02e653ef9f6bb7c66721995fb5687e6e12e
streamcluster_pressure,streamcluster_pressure-20260731T073704Z,0.20,385,385,0.20041644976574702,False,2880000,2980000,480000,580000,100000,10,10,0,36449,0.36449,10,False,unique_pages_not_strictly_greater_than_guard_plus_target,fca32daf7ce5e32c08dc3fddac9fbab7c877b8f6dde9a5e065f24ac48b040f3f,9433aea84e9cd54146ae5852ca41f02e653ef9f6bb7c66721995fb5687e6e12e
streamcluster_pressure,streamcluster_pressure-20260731T073704Z,0.20,385,385,0.20041644976574702,False,2890000,2990000,490000,590000,100000,10,10,0,36444,0.36444,10,False,unique_pages_not_strictly_greater_than_guard_plus_target,fca32daf7ce5e32c08dc3fddac9fbab7c877b8f6dde9a5e065f24ac48b040f3f,9433aea84e9cd54146ae5852ca41f02e653ef9f6bb7c66721995fb5687e6e12e
streamcluster_pressure,streamcluster_pressure-20260731T073704Z,0.20,385,385,0.20041644976574702,False,2900000,3000000,500000,600000,100000,10,10,0,36440,0.3644,10,False,unique_pages_not_strictly_greater_than_guard_plus_target,fca32daf7ce5e32c08dc3fddac9fbab7c877b8f6dde9a5e065f24ac48b040f3f,9433aea84e9cd54146ae5852ca41f02e653ef9f6bb7c66721995fb5687e6e12e
streamcluster_pressure,streamcluster_pressure-20260731T073704Z,0.40,769,769,0.40031233732431026,False,2400000,2500000,0,100000,100000,10,10,0,36449,0.36449,10,False,unique_pages_not_strictly_greater_than_guard_plus_target,fca32daf7ce5e32c08dc3fddac9fbab7c877b8f6dde9a5e065f24ac48b040f3f,9433aea84e9cd54146ae5852ca41f02e653ef9f6bb7c66721995fb5687e6e12e
streamcluster_pressure,streamcluster_pressure-20260731T073704Z,0.40,769,769,0.40031233732431026,False,2410000,2510000,10000,110000,100000,10,10,0,36443,0.36443,10,False,unique_pages_not_strictly_greater_than_guard_plus_target,fca32daf7ce5e32c08dc3fddac9fbab7c877b8f6dde9a5e065f24ac48b040f3f,9433aea84e9cd54146ae5852ca41f02e653ef9f6bb7c66721995fb5687e6e12e
streamcluster_pressure,streamcluster_pressure-20260731T073704Z,0.40,769,769,0.40031233732431026,False,2420000,2520000,20000,120000,100000,10,10,0,36440,0.3644,10,False,unique_pages_not_strictly_greater_than_guard_plus_target,fca32daf7ce5e32c08dc3fddac9fbab7c877b8f6dde9a5e065f24ac48b040f3f,9433aea84e9cd54146ae5852ca41f02e653ef9f6bb7c66721995fb5687e6e12e
streamcluster_pressure,streamcluster_pressure-20260731T073704Z,0.40,769,769,0.40031233732431026,False,2430000,2530000,30000,130000,100000,10,10,0,36448,0.36448,10,False,unique_pages_not_strictly_greater_than_guard_plus_target,fca32daf7ce5e32c08dc3fddac9fbab7c877b8f6dde9a5e065f24ac48b040f3f,9433aea84e9cd54146ae5852ca41f02e653ef9f6bb7c66721995fb5687e6e12e
streamcluster_pressure,streamcluster_pressure-20260731T073704Z,0.40,769,769,0.40031233732431026,False,2440000,2540000,40000,140000,100000,10,10,0,36441,0.36441,10,False,unique_pages_not_strictly_greater_than_guard_plus_target,fca32daf7ce5e32c08dc3fddac9fbab7c877b8f6dde9a5e065f24ac48b040f3f,9433aea84e9cd54146ae5852ca41f02e653ef9f6bb7c66721995fb5687e6e12e
streamcluster_pressure,streamcluster_pressure-20260731T073704Z,0.40,769,769,0.40031233732431026,False,2450000,2550000,50000,150000,100000,10,10,0,36440,0.3644,10,False,unique_pages_not_strictly_greater_than_guard_plus_target,fca32daf7ce5e32c08dc3fddac9fbab7c877b8f6dde9a5e065f24ac48b040f3f,9433aea84e9cd54146ae5852ca41f02e653ef9f6bb7c66721995fb5687e6e12e
streamcluster_pressure,streamcluster_pressure-20260731T073704Z,0.40,769,769,0.40031233732431026,False,2460000,2560000,60000,160000,100000,10,10,0,36447,0.36447,10,False,unique_pages_not_strictly_greater_than_guard_plus_target,fca32daf7ce5e32c08dc3fddac9fbab7c877b8f6dde9a5e065f24ac48b040f3f,9433aea84e9cd54146ae5852ca41f02e653ef9f6bb7c66721995fb5687e6e12e
streamcluster_pressure,streamcluster_pressure-20260731T073704Z,0.40,769,769,0.40031233732431026,False,2470000,2570000,70000,170000,100000,10,10,0,36440,0.3644,10,False,unique_pages_not_strictly_greater_than_guard_plus_target,fca32daf7ce5e32c08dc3fddac9fbab7c877b8f6dde9a5e065f24ac48b040f3f,9433aea84e9cd54146ae5852ca41f02e653ef9f6bb7c66721995fb5687e6e12e
streamcluster_pressure,streamcluster_pressure-20260731T073704Z,0.40,769,769,0.40031233732431026,False,2480000,2580000,80000,180000,100000,10,10,0,36441,0.36441,10,False,unique_pages_not_strictly_greater_than_guard_plus_target,fca32daf7ce5e32c08dc3fddac9fbab7c877b8f6dde9a5e065f24ac48b040f3f,9433aea84e9cd54146ae5852ca41f02e653ef9f6bb7c66721995fb5687e6e12e
streamcluster_pressure,streamcluster_pressure-20260731T073704Z,0.40,769,769,0.40031233732431026,False,2490000,2590000,90000,190000,100000,10,10,0,36447,0.36447,10,False,unique_pages_not_strictly_greater_than_guard_plus_target,fca32daf7ce5e32c08dc3fddac9fbab7c877b8f6dde9a5e065f24ac48b040f3f,9433aea84e9cd54146ae5852ca41f02e653ef9f6bb7c66721995fb5687e6e12e
streamcluster_pressure,streamcluster_pressure-20260731T073704Z,0.40,769,769,0.40031233732431026,False,2500000,2600000,100000,200000,100000,10,10,0,36441,0.36441,10,False,unique_pages_not_strictly_greater_than_guard_plus_target,fca32daf7ce5e32c08dc3fddac9fbab7c877b8f6dde9a5e065f24ac48b040f3f,9433aea84e9cd54146ae5852ca41f02e653ef9f6bb7c66721995fb5687e6e12e
streamcluster_pressure,streamcluster_pressure-20260731T073704Z,0.40,769,769,0.40031233732431026,False,2510000,2610000,110000,210000,100000,10,10,0,36443,0.36443,10,False,unique_pages_not_strictly_greater_than_guard_plus_target,fca32daf7ce5e32c08dc3fddac9fbab7c877b8f6dde9a5e065f24ac48b040f3f,9433aea84e9cd54146ae5852ca41f02e653ef9f6bb7c66721995fb5687e6e12e
streamcluster_pressure,streamcluster_pressure-20260731T073704Z,0.40,769,769,0.40031233732431026,False,2520000,2620000,120000,220000,100000,10,10,0,36446,0.36446,10,False,unique_pages_not_strictly_greater_than_guard_plus_target,fca32daf7ce5e32c08dc3fddac9fbab7c877b8f6dde9a5e065f24ac48b040f3f,9433aea84e9cd54146ae5852ca41f02e653ef9f6bb7c66721995fb5687e6e12e
streamcluster_pressure,streamcluster_pressure-20260731T073704Z,0.40,769,769,0.40031233732431026,False,2530000,2630000,130000,230000,100000,10,10,0,36441,0.36441,10,False,unique_pages_not_strictly_greater_than_guard_plus_target,fca32daf7ce5e32c08dc3fddac9fbab7c877b8f6dde9a5e065f24ac48b040f3f,9433aea84e9cd54146ae5852ca41f02e653ef9f6bb7c66721995fb5687e6e12e
streamcluster_pressure,streamcluster_pressure-20260731T073704Z,0.40,769,769,0.40031233732431026,False,2540000,2640000,140000,240000,100000,10,10,0,36444,0.36444,10,False,unique_pages_not_strictly_greater_than_guard_plus_target,fca32daf7ce5e32c08dc3fddac9fbab7c877b8f6dde9a5e065f24ac48b040f3f,9433aea84e9cd54146ae5852ca41f02e653ef9f6bb7c66721995fb5687e6e12e
streamcluster_pressure,streamcluster_pressure-20260731T073704Z,0.40,769,769,0.40031233732431026,False,2550000,2650000,150000,250000,100000,10,10,0,36445,0.36445,10,False,unique_pages_not_strictly_greater_than_guard_plus_target,fca32daf7ce5e32c08dc3fddac9fbab7c877b8f6dde9a5e065f24ac48b040f3f,9433aea84e9cd54146ae5852ca41f02e653ef9f6bb7c66721995fb5687e6e12e
streamcluster_pressure,streamcluster_pressure-20260731T073704Z,0.40,769,769,0.40031233732431026,False,2560000,2660000,160000,260000,100000,9,9,0,36443,0.36443,9,False,unique_pages_not_strictly_greater_than_guard_plus_target,fca32daf7ce5e32c08dc3fddac9fbab7c877b8f6dde9a5e065f24ac48b040f3f,9433aea84e9cd54146ae5852ca41f02e653ef9f6bb7c66721995fb5687e6e12e
streamcluster_pressure,streamcluster_pressure-20260731T073704Z,0.40,769,769,0.40031233732431026,False,2570000,2670000,170000,270000,100000,10,10,0,36445,0.36445,10,False,unique_pages_not_strictly_greater_than_guard_plus_target,fca32daf7ce5e32c08dc3fddac9fbab7c877b8f6dde9a5e065f24ac48b040f3f,9433aea84e9cd54146ae5852ca41f02e653ef9f6bb7c66721995fb5687e6e12e
streamcluster_pressure,streamcluster_pressure-20260731T073704Z,0.40,769,769,0.40031233732431026,False,2580000,2680000,180000,280000,100000,10,10,0,36445,0.36445,10,False,unique_pages_not_strictly_greater_than_guard_plus_target,fca32daf7ce5e32c08dc3fddac9fbab7c877b8f6dde9a5e065f24ac48b040f3f,9433aea84e9cd54146ae5852ca41f02e653ef9f6bb7c66721995fb5687e6e12e
streamcluster_pressure,streamcluster_pressure-20260731T073704Z,0.40,769,769,0.40031233732431026,False,2590000,2690000,190000,290000,100000,10,10,0,36444,0.36444,10,False,unique_pages_not_strictly_greater_than_guard_plus_target,fca32daf7ce5e32c08dc3fddac9fbab7c877b8f6dde9a5e065f24ac48b040f3f,9433aea84e9cd54146ae5852ca41f02e653ef9f6bb7c66721995fb5687e6e12e
streamcluster_pressure,streamcluster_pressure-20260731T073704Z,0.40,769,769,0.40031233732431026,False,2600000,2700000,200000,300000,100000,10,10,0,36445,0.36445,10,False,unique_pages_not_strictly_greater_than_guard_plus_target,fca32daf7ce5e32c08dc3fddac9fbab7c877b8f6dde9a5e065f24ac48b040f3f,9433aea84e9cd54146ae5852ca41f02e653ef9f6bb7c66721995fb5687e6e12e
streamcluster_pressure,streamcluster_pressure-20260731T073704Z,0.40,769,769,0.40031233732431026,False,2610000,2710000,210000,310000,100000,10,10,0,36445,0.36445,10,False,unique_pages_not_strictly_greater_than_guard_plus_target,fca32daf7ce5e32c08dc3fddac9fbab7c877b8f6dde9a5e065f24ac48b040f3f,9433aea84e9cd54146ae5852ca41f02e653ef9f6bb7c66721995fb5687e6e12e
streamcluster_pressure,streamcluster_pressure-20260731T073704Z,0.40,769,769,0.40031233732431026,False,2620000,2720000,220000,320000,100000,10,10,0,36445,0.36445,10,False,unique_pages_not_strictly_greater_than_guard_plus_target,fca32daf7ce5e32c08dc3fddac9fbab7c877b8f6dde9a5e065f24ac48b040f3f,9433aea84e9cd54146ae5852ca41f02e653ef9f6bb7c66721995fb5687e6e12e
streamcluster_pressure,streamcluster_pressure-20260731T073704Z,0.40,769,769,0.40031233732431026,False,2630000,2730000,230000,330000,100000,9,9,0,36446,0.36446,9,False,unique_pages_not_strictly_greater_than_guard_plus_target,fca32daf7ce5e32c08dc3fddac9fbab7c877b8f6dde9a5e065f24ac48b040f3f,9433aea84e9cd54146ae5852ca41f02e653ef9f6bb7c66721995fb5687e6e12e
streamcluster_pressure,streamcluster_pressure-20260731T073704Z,0.40,769,769,0.40031233732431026,False,2640000,2740000,240000,340000,100000,10,10,0,36446,0.36446,10,False,unique_pages_not_strictly_greater_than_guard_plus_target,fca32daf7ce5e32c08dc3fddac9fbab7c877b8f6dde9a5e065f24ac48b040f3f,9433aea84e9cd54146ae5852ca41f02e653ef9f6bb7c66721995fb5687e6e12e
streamcluster_pressure,streamcluster_pressure-20260731T073704Z,0.40,769,769,0.40031233732431026,False,2650000,2750000,250000,350000,100000,10,10,0,36446,0.36446,10,False,unique_pages_not_strictly_greater_than_guard_plus_target,fca32daf7ce5e32c08dc3fddac9fbab7c877b8f6dde9a5e065f24ac48b040f3f,9433aea84e9cd54146ae5852ca41f02e653ef9f6bb7c66721995fb5687e6e12e
streamcluster_pressure,streamcluster_pressure-20260731T073704Z,0.40,769,769,0.40031233732431026,False,2660000,2760000,260000,360000,100000,10,10,0,36446,0.36446,10,False,unique_pages_not_strictly_greater_than_guard_plus_target,fca32daf7ce5e32c08dc3fddac9fbab7c877b8f6dde9a5e065f24ac48b040f3f,9433aea84e9cd54146ae5852ca41f02e653ef9f6bb7c66721995fb5687e6e12e
streamcluster_pressure,streamcluster_pressure-20260731T073704Z,0.40,769,769,0.40031233732431026,False,2670000,2770000,270000,370000,100000,10,10,0,36446,0.36446,10,False,unique_pages_not_strictly_greater_than_guard_plus_target,fca32daf7ce5e32c08dc3fddac9fbab7c877b8f6dde9a5e065f24ac48b040f3f,9433aea84e9cd54146ae5852ca41f02e653ef9f6bb7c66721995fb5687e6e12e
streamcluster_pressure,streamcluster_pressure-20260731T073704Z,0.40,769,769,0.40031233732431026,False,2680000,2780000,280000,380000,100000,10,10,0,36446,0.36446,10,False,unique_pages_not_strictly_greater_than_guard_plus_target,fca32daf7ce5e32c08dc3fddac9fbab7c877b8f6dde9a5e065f24ac48b040f3f,9433aea84e9cd54146ae5852ca41f02e653ef9f6bb7c66721995fb5687e6e12e
streamcluster_pressure,streamcluster_pressure-20260731T073704Z,0.40,769,769,0.40031233732431026,False,2690000,2790000,290000,390000,100000,10,10,0,36446,0.36446,10,False,unique_pages_not_strictly_greater_than_guard_plus_target,fca32daf7ce5e32c08dc3fddac9fbab7c877b8f6dde9a5e065f24ac48b040f3f,9433aea84e9cd54146ae5852ca41f02e653ef9f6bb7c66721995fb5687e6e12e
streamcluster_pressure,streamcluster_pressure-20260731T073704Z,0.40,769,769,0.40031233732431026,False,2700000,2800000,300000,400000,100000,10,10,0,36446,0.36446,10,False,unique_pages_not_strictly_greater_than_guard_plus_target,fca32daf7ce5e32c08dc3fddac9fbab7c877b8f6dde9a5e065f24ac48b040f3f,9433aea84e9cd54146ae5852ca41f02e653ef9f6bb7c66721995fb5687e6e12e
streamcluster_pressure,streamcluster_pressure-20260731T073704Z,0.40,769,769,0.40031233732431026,False,2710000,2810000,310000,410000,100000,10,10,0,36445,0.36445,10,False,unique_pages_not_strictly_greater_than_guard_plus_target,fca32daf7ce5e32c08dc3fddac9fbab7c877b8f6dde9a5e065f24ac48b040f3f,9433aea84e9cd54146ae5852ca41f02e653ef9f6bb7c66721995fb5687e6e12e
streamcluster_pressure,streamcluster_pressure-20260731T073704Z,0.40,769,769,0.40031233732431026,False,2720000,2820000,320000,420000,100000,10,10,0,36445,0.36445,10,False,unique_pages_not_strictly_greater_than_guard_plus_target,fca32daf7ce5e32c08dc3fddac9fbab7c877b8f6dde9a5e065f24ac48b040f3f,9433aea84e9cd54146ae5852ca41f02e653ef9f6bb7c66721995fb5687e6e12e
streamcluster_pressure,streamcluster_pressure-20260731T073704Z,0.40,769,769,0.40031233732431026,False,2730000,2830000,330000,430000,100000,10,10,0,36447,0.36447,10,False,unique_pages_not_strictly_greater_than_guard_plus_target,fca32daf7ce5e32c08dc3fddac9fbab7c877b8f6dde9a5e065f24ac48b040f3f,9433aea84e9cd54146ae5852ca41f02e653ef9f6bb7c66721995fb5687e6e12e
streamcluster_pressure,streamcluster_pressure-20260731T073704Z,0.40,769,769,0.40031233732431026,False,2740000,2840000,340000,440000,100000,10,10,0,36445,0.36445,10,False,unique_pages_not_strictly_greater_than_guard_plus_target,fca32daf7ce5e32c08dc3fddac9fbab7c877b8f6dde9a5e065f24ac48b040f3f,9433aea84e9cd54146ae5852ca41f02e653ef9f6bb7c66721995fb5687e6e12e
streamcluster_pressure,streamcluster_pressure-20260731T073704Z,0.40,769,769,0.40031233732431026,False,2750000,2850000,350000,450000,100000,10,10,0,36443,0.36443,10,False,unique_pages_not_strictly_greater_than_guard_plus_target,fca32daf7ce5e32c08dc3fddac9fbab7c877b8f6dde9a5e065f24ac48b040f3f,9433aea84e9cd54146ae5852ca41f02e653ef9f6bb7c66721995fb5687e6e12e
streamcluster_pressure,streamcluster_pressure-20260731T073704Z,0.40,769,769,0.40031233732431026,False,2760000,2860000,360000,460000,100000,10,10,0,36446,0.36446,10,False,unique_pages_not_strictly_greater_than_guard_plus_target,fca32daf7ce5e32c08dc3fddac9fbab7c877b8f6dde9a5e065f24ac48b040f3f,9433aea84e9cd54146ae5852ca41f02e653ef9f6bb7c66721995fb5687e6e12e
streamcluster_pressure,streamcluster_pressure-20260731T073704Z,0.40,769,769,0.40031233732431026,False,2770000,2870000,370000,470000,100000,10,10,0,36443,0.36443,10,False,unique_pages_not_strictly_greater_than_guard_plus_target,fca32daf7ce5e32c08dc3fddac9fbab7c877b8f6dde9a5e065f24ac48b040f3f,9433aea84e9cd54146ae5852ca41f02e653ef9f6bb7c66721995fb5687e6e12e
streamcluster_pressure,streamcluster_pressure-20260731T073704Z,0.40,769,769,0.40031233732431026,False,2780000,2880000,380000,480000,100000,10,10,0,36441,0.36441,10,False,unique_pages_not_strictly_greater_than_guard_plus_target,fca32daf7ce5e32c08dc3fddac9fbab7c877b8f6dde9a5e065f24ac48b040f3f,9433aea84e9cd54146ae5852ca41f02e653ef9f6bb7c66721995fb5687e6e12e
streamcluster_pressure,streamcluster_pressure-20260731T073704Z,0.40,769,769,0.40031233732431026,False,2790000,2890000,390000,490000,100000,10,10,0,36445,0.36445,10,False,unique_pages_not_strictly_greater_than_guard_plus_target,fca32daf7ce5e32c08dc3fddac9fbab7c877b8f6dde9a5e065f24ac48b040f3f,9433aea84e9cd54146ae5852ca41f02e653ef9f6bb7c66721995fb5687e6e12e
streamcluster_pressure,streamcluster_pressure-20260731T073704Z,0.40,769,769,0.40031233732431026,False,2800000,2900000,400000,500000,100000,9,9,0,36444,0.36444,9,False,unique_pages_not_strictly_greater_than_guard_plus_target,fca32daf7ce5e32c08dc3fddac9fbab7c877b8f6dde9a5e065f24ac48b040f3f,9433aea84e9cd54146ae5852ca41f02e653ef9f6bb7c66721995fb5687e6e12e
streamcluster_pressure,streamcluster_pressure-20260731T073704Z,0.40,769,769,0.40031233732431026,False,2810000,2910000,410000,510000,100000,10,10,0,36441,0.36441,10,False,unique_pages_not_strictly_greater_than_guard_plus_target,fca32daf7ce5e32c08dc3fddac9fbab7c877b8f6dde9a5e065f24ac48b040f3f,9433aea84e9cd54146ae5852ca41f02e653ef9f6bb7c66721995fb5687e6e12e
streamcluster_pressure,streamcluster_pressure-20260731T073704Z,0.40,769,769,0.40031233732431026,False,2820000,2920000,420000,520000,100000,10,10,0,36446,0.36446,10,False,unique_pages_not_strictly_greater_than_guard_plus_target,fca32daf7ce5e32c08dc3fddac9fbab7c877b8f6dde9a5e065f24ac48b040f3f,9433aea84e9cd54146ae5852ca41f02e653ef9f6bb7c66721995fb5687e6e12e
streamcluster_pressure,streamcluster_pressure-20260731T073704Z,0.40,769,769,0.40031233732431026,False,2830000,2930000,430000,530000,100000,10,10,0,36444,0.36444,10,False,unique_pages_not_strictly_greater_than_guard_plus_target,fca32daf7ce5e32c08dc3fddac9fbab7c877b8f6dde9a5e065f24ac48b040f3f,9433aea84e9cd54146ae5852ca41f02e653ef9f6bb7c66721995fb5687e6e12e
streamcluster_pressure,streamcluster_pressure-20260731T073704Z,0.40,769,769,0.40031233732431026,False,2840000,2940000,440000,540000,100000,10,10,0,36440,0.3644,10,False,unique_pages_not_strictly_greater_than_guard_plus_target,fca32daf7ce5e32c08dc3fddac9fbab7c877b8f6dde9a5e065f24ac48b040f3f,9433aea84e9cd54146ae5852ca41f02e653ef9f6bb7c66721995fb5687e6e12e
streamcluster_pressure,streamcluster_pressure-20260731T073704Z,0.40,769,769,0.40031233732431026,False,2850000,2950000,450000,550000,100000,10,10,0,36448,0.36448,10,False,unique_pages_not_strictly_greater_than_guard_plus_target,fca32daf7ce5e32c08dc3fddac9fbab7c877b8f6dde9a5e065f24ac48b040f3f,9433aea84e9cd54146ae5852ca41f02e653ef9f6bb7c66721995fb5687e6e12e
streamcluster_pressure,streamcluster_pressure-20260731T073704Z,0.40,769,769,0.40031233732431026,False,2860000,2960000,460000,560000,100000,10,10,0,36445,0.36445,10,False,unique_pages_not_strictly_greater_than_guard_plus_target,fca32daf7ce5e32c08dc3fddac9fbab7c877b8f6dde9a5e065f24ac48b040f3f,9433aea84e9cd54146ae5852ca41f02e653ef9f6bb7c66721995fb5687e6e12e
streamcluster_pressure,streamcluster_pressure-20260731T073704Z,0.40,769,769,0.40031233732431026,False,2870000,2970000,470000,570000,100000,9,9,0,36440,0.3644,9,False,unique_pages_not_strictly_greater_than_guard_plus_target,fca32daf7ce5e32c08dc3fddac9fbab7c877b8f6dde9a5e065f24ac48b040f3f,9433aea84e9cd54146ae5852ca41f02e653ef9f6bb7c66721995fb5687e6e12e
streamcluster_pressure,streamcluster_pressure-20260731T073704Z,0.40,769,769,0.40031233732431026,False,2880000,2980000,480000,580000,100000,10,10,0,36449,0.36449,10,False,unique_pages_not_strictly_greater_than_guard_plus_target,fca32daf7ce5e32c08dc3fddac9fbab7c877b8f6dde9a5e065f24ac48b040f3f,9433aea84e9cd54146ae5852ca41f02e653ef9f6bb7c66721995fb5687e6e12e
streamcluster_pressure,streamcluster_pressure-20260731T073704Z,0.40,769,769,0.40031233732431026,False,2890000,2990000,490000,590000,100000,10,10,0,36444,0.36444,10,False,unique_pages_not_strictly_greater_than_guard_plus_target,fca32daf7ce5e32c08dc3fddac9fbab7c877b8f6dde9a5e065f24ac48b040f3f,9433aea84e9cd54146ae5852ca41f02e653ef9f6bb7c66721995fb5687e6e12e
streamcluster_pressure,streamcluster_pressure-20260731T073704Z,0.40,769,769,0.40031233732431026,False,2900000,3000000,500000,600000,100000,10,10,0,36440,0.3644,10,False,unique_pages_not_strictly_greater_than_guard_plus_target,fca32daf7ce5e32c08dc3fddac9fbab7c877b8f6dde9a5e065f24ac48b040f3f,9433aea84e9cd54146ae5852ca41f02e653ef9f6bb7c66721995fb5687e6e12e
streamcluster_pressure,streamcluster_pressure-20260731T073704Z,0.60,1153,1153,0.6002082248828735,False,2400000,2500000,0,100000,100000,10,10,0,36449,0.36449,10,False,unique_pages_not_strictly_greater_than_guard_plus_target,fca32daf7ce5e32c08dc3fddac9fbab7c877b8f6dde9a5e065f24ac48b040f3f,9433aea84e9cd54146ae5852ca41f02e653ef9f6bb7c66721995fb5687e6e12e
streamcluster_pressure,streamcluster_pressure-20260731T073704Z,0.60,1153,1153,0.6002082248828735,False,2410000,2510000,10000,110000,100000,10,10,0,36443,0.36443,10,False,unique_pages_not_strictly_greater_than_guard_plus_target,fca32daf7ce5e32c08dc3fddac9fbab7c877b8f6dde9a5e065f24ac48b040f3f,9433aea84e9cd54146ae5852ca41f02e653ef9f6bb7c66721995fb5687e6e12e
streamcluster_pressure,streamcluster_pressure-20260731T073704Z,0.60,1153,1153,0.6002082248828735,False,2420000,2520000,20000,120000,100000,10,10,0,36440,0.3644,10,False,unique_pages_not_strictly_greater_than_guard_plus_target,fca32daf7ce5e32c08dc3fddac9fbab7c877b8f6dde9a5e065f24ac48b040f3f,9433aea84e9cd54146ae5852ca41f02e653ef9f6bb7c66721995fb5687e6e12e
streamcluster_pressure,streamcluster_pressure-20260731T073704Z,0.60,1153,1153,0.6002082248828735,False,2430000,2530000,30000,130000,100000,10,10,0,36448,0.36448,10,False,unique_pages_not_strictly_greater_than_guard_plus_target,fca32daf7ce5e32c08dc3fddac9fbab7c877b8f6dde9a5e065f24ac48b040f3f,9433aea84e9cd54146ae5852ca41f02e653ef9f6bb7c66721995fb5687e6e12e
streamcluster_pressure,streamcluster_pressure-20260731T073704Z,0.60,1153,1153,0.6002082248828735,False,2440000,2540000,40000,140000,100000,10,10,0,36441,0.36441,10,False,unique_pages_not_strictly_greater_than_guard_plus_target,fca32daf7ce5e32c08dc3fddac9fbab7c877b8f6dde9a5e065f24ac48b040f3f,9433aea84e9cd54146ae5852ca41f02e653ef9f6bb7c66721995fb5687e6e12e
streamcluster_pressure,streamcluster_pressure-20260731T073704Z,0.60,1153,1153,0.6002082248828735,False,2450000,2550000,50000,150000,100000,10,10,0,36440,0.3644,10,False,unique_pages_not_strictly_greater_than_guard_plus_target,fca32daf7ce5e32c08dc3fddac9fbab7c877b8f6dde9a5e065f24ac48b040f3f,9433aea84e9cd54146ae5852ca41f02e653ef9f6bb7c66721995fb5687e6e12e
streamcluster_pressure,streamcluster_pressure-20260731T073704Z,0.60,1153,1153,0.6002082248828735,False,2460000,2560000,60000,160000,100000,10,10,0,36447,0.36447,10,False,unique_pages_not_strictly_greater_than_guard_plus_target,fca32daf7ce5e32c08dc3fddac9fbab7c877b8f6dde9a5e065f24ac48b040f3f,9433aea84e9cd54146ae5852ca41f02e653ef9f6bb7c66721995fb5687e6e12e
streamcluster_pressure,streamcluster_pressure-20260731T073704Z,0.60,1153,1153,0.6002082248828735,False,2470000,2570000,70000,170000,100000,10,10,0,36440,0.3644,10,False,unique_pages_not_strictly_greater_than_guard_plus_target,fca32daf7ce5e32c08dc3fddac9fbab7c877b8f6dde9a5e065f24ac48b040f3f,9433aea84e9cd54146ae5852ca41f02e653ef9f6bb7c66721995fb5687e6e12e
streamcluster_pressure,streamcluster_pressure-20260731T073704Z,0.60,1153,1153,0.6002082248828735,False,2480000,2580000,80000,180000,100000,10,10,0,36441,0.36441,10,False,unique_pages_not_strictly_greater_than_guard_plus_target,fca32daf7ce5e32c08dc3fddac9fbab7c877b8f6dde9a5e065f24ac48b040f3f,9433aea84e9cd54146ae5852ca41f02e653ef9f6bb7c66721995fb5687e6e12e
streamcluster_pressure,streamcluster_pressure-20260731T073704Z,0.60,1153,1153,0.6002082248828735,False,2490000,2590000,90000,190000,100000,10,10,0,36447,0.36447,10,False,unique_pages_not_strictly_greater_than_guard_plus_target,fca32daf7ce5e32c08dc3fddac9fbab7c877b8f6dde9a5e065f24ac48b040f3f,9433aea84e9cd54146ae5852ca41f02e653ef9f6bb7c66721995fb5687e6e12e
streamcluster_pressure,streamcluster_pressure-20260731T073704Z,0.60,1153,1153,0.6002082248828735,False,2500000,2600000,100000,200000,100000,10,10,0,36441,0.36441,10,False,unique_pages_not_strictly_greater_than_guard_plus_target,fca32daf7ce5e32c08dc3fddac9fbab7c877b8f6dde9a5e065f24ac48b040f3f,9433aea84e9cd54146ae5852ca41f02e653ef9f6bb7c66721995fb5687e6e12e
streamcluster_pressure,streamcluster_pressure-20260731T073704Z,0.60,1153,1153,0.6002082248828735,False,2510000,2610000,110000,210000,100000,10,10,0,36443,0.36443,10,False,unique_pages_not_strictly_greater_than_guard_plus_target,fca32daf7ce5e32c08dc3fddac9fbab7c877b8f6dde9a5e065f24ac48b040f3f,9433aea84e9cd54146ae5852ca41f02e653ef9f6bb7c66721995fb5687e6e12e
streamcluster_pressure,streamcluster_pressure-20260731T073704Z,0.60,1153,1153,0.6002082248828735,False,2520000,2620000,120000,220000,100000,10,10,0,36446,0.36446,10,False,unique_pages_not_strictly_greater_than_guard_plus_target,fca32daf7ce5e32c08dc3fddac9fbab7c877b8f6dde9a5e065f24ac48b040f3f,9433aea84e9cd54146ae5852ca41f02e653ef9f6bb7c66721995fb5687e6e12e
streamcluster_pressure,streamcluster_pressure-20260731T073704Z,0.60,1153,1153,0.6002082248828735,False,2530000,2630000,130000,230000,100000,10,10,0,36441,0.36441,10,False,unique_pages_not_strictly_greater_than_guard_plus_target,fca32daf7ce5e32c08dc3fddac9fbab7c877b8f6dde9a5e065f24ac48b040f3f,9433aea84e9cd54146ae5852ca41f02e653ef9f6bb7c66721995fb5687e6e12e
streamcluster_pressure,streamcluster_pressure-20260731T073704Z,0.60,1153,1153,0.6002082248828735,False,2540000,2640000,140000,240000,100000,10,10,0,36444,0.36444,10,False,unique_pages_not_strictly_greater_than_guard_plus_target,fca32daf7ce5e32c08dc3fddac9fbab7c877b8f6dde9a5e065f24ac48b040f3f,9433aea84e9cd54146ae5852ca41f02e653ef9f6bb7c66721995fb5687e6e12e
streamcluster_pressure,streamcluster_pressure-20260731T073704Z,0.60,1153,1153,0.6002082248828735,False,2550000,2650000,150000,250000,100000,10,10,0,36445,0.36445,10,False,unique_pages_not_strictly_greater_than_guard_plus_target,fca32daf7ce5e32c08dc3fddac9fbab7c877b8f6dde9a5e065f24ac48b040f3f,9433aea84e9cd54146ae5852ca41f02e653ef9f6bb7c66721995fb5687e6e12e
streamcluster_pressure,streamcluster_pressure-20260731T073704Z,0.60,1153,1153,0.6002082248828735,False,2560000,2660000,160000,260000,100000,9,9,0,36443,0.36443,9,False,unique_pages_not_strictly_greater_than_guard_plus_target,fca32daf7ce5e32c08dc3fddac9fbab7c877b8f6dde9a5e065f24ac48b040f3f,9433aea84e9cd54146ae5852ca41f02e653ef9f6bb7c66721995fb5687e6e12e
streamcluster_pressure,streamcluster_pressure-20260731T073704Z,0.60,1153,1153,0.6002082248828735,False,2570000,2670000,170000,270000,100000,10,10,0,36445,0.36445,10,False,unique_pages_not_strictly_greater_than_guard_plus_target,fca32daf7ce5e32c08dc3fddac9fbab7c877b8f6dde9a5e065f24ac48b040f3f,9433aea84e9cd54146ae5852ca41f02e653ef9f6bb7c66721995fb5687e6e12e
streamcluster_pressure,streamcluster_pressure-20260731T073704Z,0.60,1153,1153,0.6002082248828735,False,2580000,2680000,180000,280000,100000,10,10,0,36445,0.36445,10,False,unique_pages_not_strictly_greater_than_guard_plus_target,fca32daf7ce5e32c08dc3fddac9fbab7c877b8f6dde9a5e065f24ac48b040f3f,9433aea84e9cd54146ae5852ca41f02e653ef9f6bb7c66721995fb5687e6e12e
streamcluster_pressure,streamcluster_pressure-20260731T073704Z,0.60,1153,1153,0.6002082248828735,False,2590000,2690000,190000,290000,100000,10,10,0,36444,0.36444,10,False,unique_pages_not_strictly_greater_than_guard_plus_target,fca32daf7ce5e32c08dc3fddac9fbab7c877b8f6dde9a5e065f24ac48b040f3f,9433aea84e9cd54146ae5852ca41f02e653ef9f6bb7c66721995fb5687e6e12e
streamcluster_pressure,streamcluster_pressure-20260731T073704Z,0.60,1153,1153,0.6002082248828735,False,2600000,2700000,200000,300000,100000,10,10,0,36445,0.36445,10,False,unique_pages_not_strictly_greater_than_guard_plus_target,fca32daf7ce5e32c08dc3fddac9fbab7c877b8f6dde9a5e065f24ac48b040f3f,9433aea84e9cd54146ae5852ca41f02e653ef9f6bb7c66721995fb5687e6e12e
streamcluster_pressure,streamcluster_pressure-20260731T073704Z,0.60,1153,1153,0.6002082248828735,False,2610000,2710000,210000,310000,100000,10,10,0,36445,0.36445,10,False,unique_pages_not_strictly_greater_than_guard_plus_target,fca32daf7ce5e32c08dc3fddac9fbab7c877b8f6dde9a5e065f24ac48b040f3f,9433aea84e9cd54146ae5852ca41f02e653ef9f6bb7c66721995fb5687e6e12e
streamcluster_pressure,streamcluster_pressure-20260731T073704Z,0.60,1153,1153,0.6002082248828735,False,2620000,2720000,220000,320000,100000,10,10,0,36445,0.36445,10,False,unique_pages_not_strictly_greater_than_guard_plus_target,fca32daf7ce5e32c08dc3fddac9fbab7c877b8f6dde9a5e065f24ac48b040f3f,9433aea84e9cd54146ae5852ca41f02e653ef9f6bb7c66721995fb5687e6e12e
streamcluster_pressure,streamcluster_pressure-20260731T073704Z,0.60,1153,1153,0.6002082248828735,False,2630000,2730000,230000,330000,100000,9,9,0,36446,0.36446,9,False,unique_pages_not_strictly_greater_than_guard_plus_target,fca32daf7ce5e32c08dc3fddac9fbab7c877b8f6dde9a5e065f24ac48b040f3f,9433aea84e9cd54146ae5852ca41f02e653ef9f6bb7c66721995fb5687e6e12e
streamcluster_pressure,streamcluster_pressure-20260731T073704Z,0.60,1153,1153,0.6002082248828735,False,2640000,2740000,240000,340000,100000,10,10,0,36446,0.36446,10,False,unique_pages_not_strictly_greater_than_guard_plus_target,fca32daf7ce5e32c08dc3fddac9fbab7c877b8f6dde9a5e065f24ac48b040f3f,9433aea84e9cd54146ae5852ca41f02e653ef9f6bb7c66721995fb5687e6e12e
streamcluster_pressure,streamcluster_pressure-20260731T073704Z,0.60,1153,1153,0.6002082248828735,False,2650000,2750000,250000,350000,100000,10,10,0,36446,0.36446,10,False,unique_pages_not_strictly_greater_than_guard_plus_target,fca32daf7ce5e32c08dc3fddac9fbab7c877b8f6dde9a5e065f24ac48b040f3f,9433aea84e9cd54146ae5852ca41f02e653ef9f6bb7c66721995fb5687e6e12e
streamcluster_pressure,streamcluster_pressure-20260731T073704Z,0.60,1153,1153,0.6002082248828735,False,2660000,2760000,260000,360000,100000,10,10,0,36446,0.36446,10,False,unique_pages_not_strictly_greater_than_guard_plus_target,fca32daf7ce5e32c08dc3fddac9fbab7c877b8f6dde9a5e065f24ac48b040f3f,9433aea84e9cd54146ae5852ca41f02e653ef9f6bb7c66721995fb5687e6e12e
streamcluster_pressure,streamcluster_pressure-20260731T073704Z,0.60,1153,1153,0.6002082248828735,False,2670000,2770000,270000,370000,100000,10,10,0,36446,0.36446,10,False,unique_pages_not_strictly_greater_than_guard_plus_target,fca32daf7ce5e32c08dc3fddac9fbab7c877b8f6dde9a5e065f24ac48b040f3f,9433aea84e9cd54146ae5852ca41f02e653ef9f6bb7c66721995fb5687e6e12e
streamcluster_pressure,streamcluster_pressure-20260731T073704Z,0.60,1153,1153,0.6002082248828735,False,2680000,2780000,280000,380000,100000,10,10,0,36446,0.36446,10,False,unique_pages_not_strictly_greater_than_guard_plus_target,fca32daf7ce5e32c08dc3fddac9fbab7c877b8f6dde9a5e065f24ac48b040f3f,9433aea84e9cd54146ae5852ca41f02e653ef9f6bb7c66721995fb5687e6e12e
streamcluster_pressure,streamcluster_pressure-20260731T073704Z,0.60,1153,1153,0.6002082248828735,False,2690000,2790000,290000,390000,100000,10,10,0,36446,0.36446,10,False,unique_pages_not_strictly_greater_than_guard_plus_target,fca32daf7ce5e32c08dc3fddac9fbab7c877b8f6dde9a5e065f24ac48b040f3f,9433aea84e9cd54146ae5852ca41f02e653ef9f6bb7c66721995fb5687e6e12e
streamcluster_pressure,streamcluster_pressure-20260731T073704Z,0.60,1153,1153,0.6002082248828735,False,2700000,2800000,300000,400000,100000,10,10,0,36446,0.36446,10,False,unique_pages_not_strictly_greater_than_guard_plus_target,fca32daf7ce5e32c08dc3fddac9fbab7c877b8f6dde9a5e065f24ac48b040f3f,9433aea84e9cd54146ae5852ca41f02e653ef9f6bb7c66721995fb5687e6e12e
streamcluster_pressure,streamcluster_pressure-20260731T073704Z,0.60,1153,1153,0.6002082248828735,False,2710000,2810000,310000,410000,100000,10,10,0,36445,0.36445,10,False,unique_pages_not_strictly_greater_than_guard_plus_target,fca32daf7ce5e32c08dc3fddac9fbab7c877b8f6dde9a5e065f24ac48b040f3f,9433aea84e9cd54146ae5852ca41f02e653ef9f6bb7c66721995fb5687e6e12e
streamcluster_pressure,streamcluster_pressure-20260731T073704Z,0.60,1153,1153,0.6002082248828735,False,2720000,2820000,320000,420000,100000,10,10,0,36445,0.36445,10,False,unique_pages_not_strictly_greater_than_guard_plus_target,fca32daf7ce5e32c08dc3fddac9fbab7c877b8f6dde9a5e065f24ac48b040f3f,9433aea84e9cd54146ae5852ca41f02e653ef9f6bb7c66721995fb5687e6e12e
streamcluster_pressure,streamcluster_pressure-20260731T073704Z,0.60,1153,1153,0.6002082248828735,False,2730000,2830000,330000,430000,100000,10,10,0,36447,0.36447,10,False,unique_pages_not_strictly_greater_than_guard_plus_target,fca32daf7ce5e32c08dc3fddac9fbab7c877b8f6dde9a5e065f24ac48b040f3f,9433aea84e9cd54146ae5852ca41f02e653ef9f6bb7c66721995fb5687e6e12e
streamcluster_pressure,streamcluster_pressure-20260731T073704Z,0.60,1153,1153,0.6002082248828735,False,2740000,2840000,340000,440000,100000,10,10,0,36445,0.36445,10,False,unique_pages_not_strictly_greater_than_guard_plus_target,fca32daf7ce5e32c08dc3fddac9fbab7c877b8f6dde9a5e065f24ac48b040f3f,9433aea84e9cd54146ae5852ca41f02e653ef9f6bb7c66721995fb5687e6e12e
streamcluster_pressure,streamcluster_pressure-20260731T073704Z,0.60,1153,1153,0.6002082248828735,False,2750000,2850000,350000,450000,100000,10,10,0,36443,0.36443,10,False,unique_pages_not_strictly_greater_than_guard_plus_target,fca32daf7ce5e32c08dc3fddac9fbab7c877b8f6dde9a5e065f24ac48b040f3f,9433aea84e9cd54146ae5852ca41f02e653ef9f6bb7c66721995fb5687e6e12e
streamcluster_pressure,streamcluster_pressure-20260731T073704Z,0.60,1153,1153,0.6002082248828735,False,2760000,2860000,360000,460000,100000,10,10,0,36446,0.36446,10,False,unique_pages_not_strictly_greater_than_guard_plus_target,fca32daf7ce5e32c08dc3fddac9fbab7c877b8f6dde9a5e065f24ac48b040f3f,9433aea84e9cd54146ae5852ca41f02e653ef9f6bb7c66721995fb5687e6e12e
streamcluster_pressure,streamcluster_pressure-20260731T073704Z,0.60,1153,1153,0.6002082248828735,False,2770000,2870000,370000,470000,100000,10,10,0,36443,0.36443,10,False,unique_pages_not_strictly_greater_than_guard_plus_target,fca32daf7ce5e32c08dc3fddac9fbab7c877b8f6dde9a5e065f24ac48b040f3f,9433aea84e9cd54146ae5852ca41f02e653ef9f6bb7c66721995fb5687e6e12e
streamcluster_pressure,streamcluster_pressure-20260731T073704Z,0.60,1153,1153,0.6002082248828735,False,2780000,2880000,380000,480000,100000,10,10,0,36441,0.36441,10,False,unique_pages_not_strictly_greater_than_guard_plus_target,fca32daf7ce5e32c08dc3fddac9fbab7c877b8f6dde9a5e065f24ac48b040f3f,9433aea84e9cd54146ae5852ca41f02e653ef9f6bb7c66721995fb5687e6e12e
streamcluster_pressure,streamcluster_pressure-20260731T073704Z,0.60,1153,1153,0.6002082248828735,False,2790000,2890000,390000,490000,100000,10,10,0,36445,0.36445,10,False,unique_pages_not_strictly_greater_than_guard_plus_target,fca32daf7ce5e32c08dc3fddac9fbab7c877b8f6dde9a5e065f24ac48b040f3f,9433aea84e9cd54146ae5852ca41f02e653ef9f6bb7c66721995fb5687e6e12e
streamcluster_pressure,streamcluster_pressure-20260731T073704Z,0.60,1153,1153,0.6002082248828735,False,2800000,2900000,400000,500000,100000,9,9,0,36444,0.36444,9,False,unique_pages_not_strictly_greater_than_guard_plus_target,fca32daf7ce5e32c08dc3fddac9fbab7c877b8f6dde9a5e065f24ac48b040f3f,9433aea84e9cd54146ae5852ca41f02e653ef9f6bb7c66721995fb5687e6e12e
streamcluster_pressure,streamcluster_pressure-20260731T073704Z,0.60,1153,1153,0.6002082248828735,False,2810000,2910000,410000,510000,100000,10,10,0,36441,0.36441,10,False,unique_pages_not_strictly_greater_than_guard_plus_target,fca32daf7ce5e32c08dc3fddac9fbab7c877b8f6dde9a5e065f24ac48b040f3f,9433aea84e9cd54146ae5852ca41f02e653ef9f6bb7c66721995fb5687e6e12e
streamcluster_pressure,streamcluster_pressure-20260731T073704Z,0.60,1153,1153,0.6002082248828735,False,2820000,2920000,420000,520000,100000,10,10,0,36446,0.36446,10,False,unique_pages_not_strictly_greater_than_guard_plus_target,fca32daf7ce5e32c08dc3fddac9fbab7c877b8f6dde9a5e065f24ac48b040f3f,9433aea84e9cd54146ae5852ca41f02e653ef9f6bb7c66721995fb5687e6e12e
streamcluster_pressure,streamcluster_pressure-20260731T073704Z,0.60,1153,1153,0.6002082248828735,False,2830000,2930000,430000,530000,100000,10,10,0,36444,0.36444,10,False,unique_pages_not_strictly_greater_than_guard_plus_target,fca32daf7ce5e32c08dc3fddac9fbab7c877b8f6dde9a5e065f24ac48b040f3f,9433aea84e9cd54146ae5852ca41f02e653ef9f6bb7c66721995fb5687e6e12e
streamcluster_pressure,streamcluster_pressure-20260731T073704Z,0.60,1153,1153,0.6002082248828735,False,2840000,2940000,440000,540000,100000,10,10,0,36440,0.3644,10,False,unique_pages_not_strictly_greater_than_guard_plus_target,fca32daf7ce5e32c08dc3fddac9fbab7c877b8f6dde9a5e065f24ac48b040f3f,9433aea84e9cd54146ae5852ca41f02e653ef9f6bb7c66721995fb5687e6e12e
streamcluster_pressure,streamcluster_pressure-20260731T073704Z,0.60,1153,1153,0.6002082248828735,False,2850000,2950000,450000,550000,100000,10,10,0,36448,0.36448,10,False,unique_pages_not_strictly_greater_than_guard_plus_target,fca32daf7ce5e32c08dc3fddac9fbab7c877b8f6dde9a5e065f24ac48b040f3f,9433aea84e9cd54146ae5852ca41f02e653ef9f6bb7c66721995fb5687e6e12e
streamcluster_pressure,streamcluster_pressure-20260731T073704Z,0.60,1153,1153,0.6002082248828735,False,2860000,2960000,460000,560000,100000,10,10,0,36445,0.36445,10,False,unique_pages_not_strictly_greater_than_guard_plus_target,fca32daf7ce5e32c08dc3fddac9fbab7c877b8f6dde9a5e065f24ac48b040f3f,9433aea84e9cd54146ae5852ca41f02e653ef9f6bb7c66721995fb5687e6e12e
streamcluster_pressure,streamcluster_pressure-20260731T073704Z,0.60,1153,1153,0.6002082248828735,False,2870000,2970000,470000,570000,100000,9,9,0,36440,0.3644,9,False,unique_pages_not_strictly_greater_than_guard_plus_target,fca32daf7ce5e32c08dc3fddac9fbab7c877b8f6dde9a5e065f24ac48b040f3f,9433aea84e9cd54146ae5852ca41f02e653ef9f6bb7c66721995fb5687e6e12e
streamcluster_pressure,streamcluster_pressure-20260731T073704Z,0.60,1153,1153,0.6002082248828735,False,2880000,2980000,480000,580000,100000,10,10,0,36449,0.36449,10,False,unique_pages_not_strictly_greater_than_guard_plus_target,fca32daf7ce5e32c08dc3fddac9fbab7c877b8f6dde9a5e065f24ac48b040f3f,9433aea84e9cd54146ae5852ca41f02e653ef9f6bb7c66721995fb5687e6e12e
streamcluster_pressure,streamcluster_pressure-20260731T073704Z,0.60,1153,1153,0.6002082248828735,False,2890000,2990000,490000,590000,100000,10,10,0,36444,0.36444,10,False,unique_pages_not_strictly_greater_than_guard_plus_target,fca32daf7ce5e32c08dc3fddac9fbab7c877b8f6dde9a5e065f24ac48b040f3f,9433aea84e9cd54146ae5852ca41f02e653ef9f6bb7c66721995fb5687e6e12e
streamcluster_pressure,streamcluster_pressure-20260731T073704Z,0.60,1153,1153,0.6002082248828735,False,2900000,3000000,500000,600000,100000,10,10,0,36440,0.3644,10,False,unique_pages_not_strictly_greater_than_guard_plus_target,fca32daf7ce5e32c08dc3fddac9fbab7c877b8f6dde9a5e065f24ac48b040f3f,9433aea84e9cd54146ae5852ca41f02e653ef9f6bb7c66721995fb5687e6e12e
dedup_pressure,dedup_pressure-20260731T075134Z,0.20,197,197,0.20061099796334012,False,2400000,2500000,0,100000,100000,49,49,0,49997,0.49997,49,False,unique_pages_not_strictly_greater_than_guard_plus_target,c9f024d0c3f5254d50b7bb6f4757de296d5121a21b39e0dda21162cdf08c04a6,7910bdc116b3ff0414feaca3dfeb553dd84b2ef1955c4d4807f92fc643cb2155
dedup_pressure,dedup_pressure-20260731T075134Z,0.20,197,197,0.20061099796334012,False,2410000,2510000,10000,110000,100000,50,50,0,50003,0.50003,50,False,unique_pages_not_strictly_greater_than_guard_plus_target,c9f024d0c3f5254d50b7bb6f4757de296d5121a21b39e0dda21162cdf08c04a6,7910bdc116b3ff0414feaca3dfeb553dd84b2ef1955c4d4807f92fc643cb2155
dedup_pressure,dedup_pressure-20260731T075134Z,0.20,197,197,0.20061099796334012,False,2420000,2520000,20000,120000,100000,49,49,0,49996,0.49996,49,False,unique_pages_not_strictly_greater_than_guard_plus_target,c9f024d0c3f5254d50b7bb6f4757de296d5121a21b39e0dda21162cdf08c04a6,7910bdc116b3ff0414feaca3dfeb553dd84b2ef1955c4d4807f92fc643cb2155
dedup_pressure,dedup_pressure-20260731T075134Z,0.20,197,197,0.20061099796334012,False,2430000,2530000,30000,130000,100000,50,50,0,50004,0.50004,50,False,unique_pages_not_strictly_greater_than_guard_plus_target,c9f024d0c3f5254d50b7bb6f4757de296d5121a21b39e0dda21162cdf08c04a6,7910bdc116b3ff0414feaca3dfeb553dd84b2ef1955c4d4807f92fc643cb2155
dedup_pressure,dedup_pressure-20260731T075134Z,0.20,197,197,0.20061099796334012,False,2440000,2540000,40000,140000,100000,49,49,0,49997,0.49997,49,False,unique_pages_not_strictly_greater_than_guard_plus_target,c9f024d0c3f5254d50b7bb6f4757de296d5121a21b39e0dda21162cdf08c04a6,7910bdc116b3ff0414feaca3dfeb553dd84b2ef1955c4d4807f92fc643cb2155
dedup_pressure,dedup_pressure-20260731T075134Z,0.20,197,197,0.20061099796334012,False,2450000,2550000,50000,150000,100000,50,50,0,50002,0.50002,50,False,unique_pages_not_strictly_greater_than_guard_plus_target,c9f024d0c3f5254d50b7bb6f4757de296d5121a21b39e0dda21162cdf08c04a6,7910bdc116b3ff0414feaca3dfeb553dd84b2ef1955c4d4807f92fc643cb2155
dedup_pressure,dedup_pressure-20260731T075134Z,0.20,197,197,0.20061099796334012,False,2460000,2560000,60000,160000,100000,49,49,0,49999,0.49999,49,False,unique_pages_not_strictly_greater_than_guard_plus_target,c9f024d0c3f5254d50b7bb6f4757de296d5121a21b39e0dda21162cdf08c04a6,7910bdc116b3ff0414feaca3dfeb553dd84b2ef1955c4d4807f92fc643cb2155
dedup_pressure,dedup_pressure-20260731T075134Z,0.20,197,197,0.20061099796334012,False,2470000,2570000,70000,170000,100000,49,49,0,50000,0.5,49,False,unique_pages_not_strictly_greater_than_guard_plus_target,c9f024d0c3f5254d50b7bb6f4757de296d5121a21b39e0dda21162cdf08c04a6,7910bdc116b3ff0414feaca3dfeb553dd84b2ef1955c4d4807f92fc643cb2155
dedup_pressure,dedup_pressure-20260731T075134Z,0.20,197,197,0.20061099796334012,False,2480000,2580000,80000,180000,100000,49,49,0,50001,0.50001,49,False,unique_pages_not_strictly_greater_than_guard_plus_target,c9f024d0c3f5254d50b7bb6f4757de296d5121a21b39e0dda21162cdf08c04a6,7910bdc116b3ff0414feaca3dfeb553dd84b2ef1955c4d4807f92fc643cb2155
dedup_pressure,dedup_pressure-20260731T075134Z,0.20,197,197,0.20061099796334012,False,2490000,2590000,90000,190000,100000,49,49,0,49999,0.49999,49,False,unique_pages_not_strictly_greater_than_guard_plus_target,c9f024d0c3f5254d50b7bb6f4757de296d5121a21b39e0dda21162cdf08c04a6,7910bdc116b3ff0414feaca3dfeb553dd84b2ef1955c4d4807f92fc643cb2155
dedup_pressure,dedup_pressure-20260731T075134Z,0.20,197,197,0.20061099796334012,False,2500000,2600000,100000,200000,100000,50,50,0,50002,0.50002,50,False,unique_pages_not_strictly_greater_than_guard_plus_target,c9f024d0c3f5254d50b7bb6f4757de296d5121a21b39e0dda21162cdf08c04a6,7910bdc116b3ff0414feaca3dfeb553dd84b2ef1955c4d4807f92fc643cb2155
dedup_pressure,dedup_pressure-20260731T075134Z,0.20,197,197,0.20061099796334012,False,2510000,2610000,110000,210000,100000,49,49,0,49997,0.49997,49,False,unique_pages_not_strictly_greater_than_guard_plus_target,c9f024d0c3f5254d50b7bb6f4757de296d5121a21b39e0dda21162cdf08c04a6,7910bdc116b3ff0414feaca3dfeb553dd84b2ef1955c4d4807f92fc643cb2155
dedup_pressure,dedup_pressure-20260731T075134Z,0.20,197,197,0.20061099796334012,False,2520000,2620000,120000,220000,100000,50,50,0,50003,0.50003,50,False,unique_pages_not_strictly_greater_than_guard_plus_target,c9f024d0c3f5254d50b7bb6f4757de296d5121a21b39e0dda21162cdf08c04a6,7910bdc116b3ff0414feaca3dfeb553dd84b2ef1955c4d4807f92fc643cb2155
dedup_pressure,dedup_pressure-20260731T075134Z,0.20,197,197,0.20061099796334012,False,2530000,2630000,130000,230000,100000,49,49,0,49996,0.49996,49,False,unique_pages_not_strictly_greater_than_guard_plus_target,c9f024d0c3f5254d50b7bb6f4757de296d5121a21b39e0dda21162cdf08c04a6,7910bdc116b3ff0414feaca3dfeb553dd84b2ef1955c4d4807f92fc643cb2155
dedup_pressure,dedup_pressure-20260731T075134Z,0.20,197,197,0.20061099796334012,False,2540000,2640000,140000,240000,100000,50,50,0,50004,0.50004,50,False,unique_pages_not_strictly_greater_than_guard_plus_target,c9f024d0c3f5254d50b7bb6f4757de296d5121a21b39e0dda21162cdf08c04a6,7910bdc116b3ff0414feaca3dfeb553dd84b2ef1955c4d4807f92fc643cb2155
dedup_pressure,dedup_pressure-20260731T075134Z,0.20,197,197,0.20061099796334012,False,2550000,2650000,150000,250000,100000,49,49,0,49997,0.49997,49,False,unique_pages_not_strictly_greater_than_guard_plus_target,c9f024d0c3f5254d50b7bb6f4757de296d5121a21b39e0dda21162cdf08c04a6,7910bdc116b3ff0414feaca3dfeb553dd84b2ef1955c4d4807f92fc643cb2155
dedup_pressure,dedup_pressure-20260731T075134Z,0.20,197,197,0.20061099796334012,False,2560000,2660000,160000,260000,100000,49,49,0,50002,0.50002,49,False,unique_pages_not_strictly_greater_than_guard_plus_target,c9f024d0c3f5254d50b7bb6f4757de296d5121a21b39e0dda21162cdf08c04a6,7910bdc116b3ff0414feaca3dfeb553dd84b2ef1955c4d4807f92fc643cb2155
dedup_pressure,dedup_pressure-20260731T075134Z,0.20,197,197,0.20061099796334012,False,2570000,2670000,170000,270000,100000,50,50,0,49999,0.49999,50,False,unique_pages_not_strictly_greater_than_guard_plus_target,c9f024d0c3f5254d50b7bb6f4757de296d5121a21b39e0dda21162cdf08c04a6,7910bdc116b3ff0414feaca3dfeb553dd84b2ef1955c4d4807f92fc643cb2155
dedup_pressure,dedup_pressure-20260731T075134Z,0.20,197,197,0.20061099796334012,False,2580000,2680000,180000,280000,100000,49,49,0,50000,0.5,49,False,unique_pages_not_strictly_greater_than_guard_plus_target,c9f024d0c3f5254d50b7bb6f4757de296d5121a21b39e0dda21162cdf08c04a6,7910bdc116b3ff0414feaca3dfeb553dd84b2ef1955c4d4807f92fc643cb2155
dedup_pressure,dedup_pressure-20260731T075134Z,0.20,197,197,0.20061099796334012,False,2590000,2690000,190000,290000,100000,50,50,0,50001,0.50001,50,False,unique_pages_not_strictly_greater_than_guard_plus_target,c9f024d0c3f5254d50b7bb6f4757de296d5121a21b39e0dda21162cdf08c04a6,7910bdc116b3ff0414feaca3dfeb553dd84b2ef1955c4d4807f92fc643cb2155
dedup_pressure,dedup_pressure-20260731T075134Z,0.20,197,197,0.20061099796334012,False,2600000,2700000,200000,300000,100000,49,49,0,49999,0.49999,49,False,unique_pages_not_strictly_greater_than_guard_plus_target,c9f024d0c3f5254d50b7bb6f4757de296d5121a21b39e0dda21162cdf08c04a6,7910bdc116b3ff0414feaca3dfeb553dd84b2ef1955c4d4807f92fc643cb2155
dedup_pressure,dedup_pressure-20260731T075134Z,0.20,197,197,0.20061099796334012,False,2610000,2710000,210000,310000,100000,50,50,0,50002,0.50002,50,False,unique_pages_not_strictly_greater_than_guard_plus_target,c9f024d0c3f5254d50b7bb6f4757de296d5121a21b39e0dda21162cdf08c04a6,7910bdc116b3ff0414feaca3dfeb553dd84b2ef1955c4d4807f92fc643cb2155
dedup_pressure,dedup_pressure-20260731T075134Z,0.20,197,197,0.20061099796334012,False,2620000,2720000,220000,320000,100000,49,49,0,49997,0.49997,49,False,unique_pages_not_strictly_greater_than_guard_plus_target,c9f024d0c3f5254d50b7bb6f4757de296d5121a21b39e0dda21162cdf08c04a6,7910bdc116b3ff0414feaca3dfeb553dd84b2ef1955c4d4807f92fc643cb2155
dedup_pressure,dedup_pressure-20260731T075134Z,0.20,197,197,0.20061099796334012,False,2630000,2730000,230000,330000,100000,49,49,0,50003,0.50003,49,False,unique_pages_not_strictly_greater_than_guard_plus_target,c9f024d0c3f5254d50b7bb6f4757de296d5121a21b39e0dda21162cdf08c04a6,7910bdc116b3ff0414feaca3dfeb553dd84b2ef1955c4d4807f92fc643cb2155
dedup_pressure,dedup_pressure-20260731T075134Z,0.20,197,197,0.20061099796334012,False,2640000,2740000,240000,340000,100000,49,49,0,49996,0.49996,49,False,unique_pages_not_strictly_greater_than_guard_plus_target,c9f024d0c3f5254d50b7bb6f4757de296d5121a21b39e0dda21162cdf08c04a6,7910bdc116b3ff0414feaca3dfeb553dd84b2ef1955c4d4807f92fc643cb2155
dedup_pressure,dedup_pressure-20260731T075134Z,0.20,197,197,0.20061099796334012,False,2650000,2750000,250000,350000,100000,49,49,0,50004,0.50004,49,False,unique_pages_not_strictly_greater_than_guard_plus_target,c9f024d0c3f5254d50b7bb6f4757de296d5121a21b39e0dda21162cdf08c04a6,7910bdc116b3ff0414feaca3dfeb553dd84b2ef1955c4d4807f92fc643cb2155
dedup_pressure,dedup_pressure-20260731T075134Z,0.20,197,197,0.20061099796334012,False,2660000,2760000,260000,360000,100000,50,50,0,49997,0.49997,50,False,unique_pages_not_strictly_greater_than_guard_plus_target,c9f024d0c3f5254d50b7bb6f4757de296d5121a21b39e0dda21162cdf08c04a6,7910bdc116b3ff0414feaca3dfeb553dd84b2ef1955c4d4807f92fc643cb2155
dedup_pressure,dedup_pressure-20260731T075134Z,0.20,197,197,0.20061099796334012,False,2670000,2770000,270000,370000,100000,49,49,0,50002,0.50002,49,False,unique_pages_not_strictly_greater_than_guard_plus_target,c9f024d0c3f5254d50b7bb6f4757de296d5121a21b39e0dda21162cdf08c04a6,7910bdc116b3ff0414feaca3dfeb553dd84b2ef1955c4d4807f92fc643cb2155
dedup_pressure,dedup_pressure-20260731T075134Z,0.20,197,197,0.20061099796334012,False,2680000,2780000,280000,380000,100000,50,50,0,49999,0.49999,50,False,unique_pages_not_strictly_greater_than_guard_plus_target,c9f024d0c3f5254d50b7bb6f4757de296d5121a21b39e0dda21162cdf08c04a6,7910bdc116b3ff0414feaca3dfeb553dd84b2ef1955c4d4807f92fc643cb2155
dedup_pressure,dedup_pressure-20260731T075134Z,0.20,197,197,0.20061099796334012,False,2690000,2790000,290000,390000,100000,49,49,0,50000,0.5,49,False,unique_pages_not_strictly_greater_than_guard_plus_target,c9f024d0c3f5254d50b7bb6f4757de296d5121a21b39e0dda21162cdf08c04a6,7910bdc116b3ff0414feaca3dfeb553dd84b2ef1955c4d4807f92fc643cb2155
dedup_pressure,dedup_pressure-20260731T075134Z,0.20,197,197,0.20061099796334012,False,2700000,2800000,300000,400000,100000,50,50,0,50001,0.50001,50,False,unique_pages_not_strictly_greater_than_guard_plus_target,c9f024d0c3f5254d50b7bb6f4757de296d5121a21b39e0dda21162cdf08c04a6,7910bdc116b3ff0414feaca3dfeb553dd84b2ef1955c4d4807f92fc643cb2155
dedup_pressure,dedup_pressure-20260731T075134Z,0.20,197,197,0.20061099796334012,False,2710000,2810000,310000,410000,100000,49,49,0,49999,0.49999,49,False,unique_pages_not_strictly_greater_than_guard_plus_target,c9f024d0c3f5254d50b7bb6f4757de296d5121a21b39e0dda21162cdf08c04a6,7910bdc116b3ff0414feaca3dfeb553dd84b2ef1955c4d4807f92fc643cb2155
dedup_pressure,dedup_pressure-20260731T075134Z,0.20,197,197,0.20061099796334012,False,2720000,2820000,320000,420000,100000,49,49,0,50002,0.50002,49,False,unique_pages_not_strictly_greater_than_guard_plus_target,c9f024d0c3f5254d50b7bb6f4757de296d5121a21b39e0dda21162cdf08c04a6,7910bdc116b3ff0414feaca3dfeb553dd84b2ef1955c4d4807f92fc643cb2155
dedup_pressure,dedup_pressure-20260731T075134Z,0.20,197,197,0.20061099796334012,False,2730000,2830000,330000,430000,100000,50,50,0,49997,0.49997,50,False,unique_pages_not_strictly_greater_than_guard_plus_target,c9f024d0c3f5254d50b7bb6f4757de296d5121a21b39e0dda21162cdf08c04a6,7910bdc116b3ff0414feaca3dfeb553dd84b2ef1955c4d4807f92fc643cb2155
dedup_pressure,dedup_pressure-20260731T075134Z,0.20,197,197,0.20061099796334012,False,2740000,2840000,340000,440000,100000,49,49,0,50003,0.50003,49,False,unique_pages_not_strictly_greater_than_guard_plus_target,c9f024d0c3f5254d50b7bb6f4757de296d5121a21b39e0dda21162cdf08c04a6,7910bdc116b3ff0414feaca3dfeb553dd84b2ef1955c4d4807f92fc643cb2155
dedup_pressure,dedup_pressure-20260731T075134Z,0.20,197,197,0.20061099796334012,False,2750000,2850000,350000,450000,100000,50,50,0,49996,0.49996,50,False,unique_pages_not_strictly_greater_than_guard_plus_target,c9f024d0c3f5254d50b7bb6f4757de296d5121a21b39e0dda21162cdf08c04a6,7910bdc116b3ff0414feaca3dfeb553dd84b2ef1955c4d4807f92fc643cb2155
dedup_pressure,dedup_pressure-20260731T075134Z,0.20,197,197,0.20061099796334012,False,2760000,2860000,360000,460000,100000,49,49,0,50004,0.50004,49,False,unique_pages_not_strictly_greater_than_guard_plus_target,c9f024d0c3f5254d50b7bb6f4757de296d5121a21b39e0dda21162cdf08c04a6,7910bdc116b3ff0414feaca3dfeb553dd84b2ef1955c4d4807f92fc643cb2155
dedup_pressure,dedup_pressure-20260731T075134Z,0.20,197,197,0.20061099796334012,False,2770000,2870000,370000,470000,100000,50,50,0,49997,0.49997,50,False,unique_pages_not_strictly_greater_than_guard_plus_target,c9f024d0c3f5254d50b7bb6f4757de296d5121a21b39e0dda21162cdf08c04a6,7910bdc116b3ff0414feaca3dfeb553dd84b2ef1955c4d4807f92fc643cb2155
dedup_pressure,dedup_pressure-20260731T075134Z,0.20,197,197,0.20061099796334012,False,2780000,2880000,380000,480000,100000,49,49,0,50002,0.50002,49,False,unique_pages_not_strictly_greater_than_guard_plus_target,c9f024d0c3f5254d50b7bb6f4757de296d5121a21b39e0dda21162cdf08c04a6,7910bdc116b3ff0414feaca3dfeb553dd84b2ef1955c4d4807f92fc643cb2155
dedup_pressure,dedup_pressure-20260731T075134Z,0.20,197,197,0.20061099796334012,False,2790000,2890000,390000,490000,100000,50,50,0,49999,0.49999,50,False,unique_pages_not_strictly_greater_than_guard_plus_target,c9f024d0c3f5254d50b7bb6f4757de296d5121a21b39e0dda21162cdf08c04a6,7910bdc116b3ff0414feaca3dfeb553dd84b2ef1955c4d4807f92fc643cb2155
dedup_pressure,dedup_pressure-20260731T075134Z,0.20,197,197,0.20061099796334012,False,2800000,2900000,400000,500000,100000,49,49,0,50000,0.5,49,False,unique_pages_not_strictly_greater_than_guard_plus_target,c9f024d0c3f5254d50b7bb6f4757de296d5121a21b39e0dda21162cdf08c04a6,7910bdc116b3ff0414feaca3dfeb553dd84b2ef1955c4d4807f92fc643cb2155
dedup_pressure,dedup_pressure-20260731T075134Z,0.20,197,197,0.20061099796334012,False,2810000,2910000,410000,510000,100000,49,49,0,50001,0.50001,49,False,unique_pages_not_strictly_greater_than_guard_plus_target,c9f024d0c3f5254d50b7bb6f4757de296d5121a21b39e0dda21162cdf08c04a6,7910bdc116b3ff0414feaca3dfeb553dd84b2ef1955c4d4807f92fc643cb2155
dedup_pressure,dedup_pressure-20260731T075134Z,0.20,197,197,0.20061099796334012,False,2820000,2920000,420000,520000,100000,50,50,0,49999,0.49999,50,False,unique_pages_not_strictly_greater_than_guard_plus_target,c9f024d0c3f5254d50b7bb6f4757de296d5121a21b39e0dda21162cdf08c04a6,7910bdc116b3ff0414feaca3dfeb553dd84b2ef1955c4d4807f92fc643cb2155
dedup_pressure,dedup_pressure-20260731T075134Z,0.20,197,197,0.20061099796334012,False,2830000,2930000,430000,530000,100000,49,49,0,50002,0.50002,49,False,unique_pages_not_strictly_greater_than_guard_plus_target,c9f024d0c3f5254d50b7bb6f4757de296d5121a21b39e0dda21162cdf08c04a6,7910bdc116b3ff0414feaca3dfeb553dd84b2ef1955c4d4807f92fc643cb2155
dedup_pressure,dedup_pressure-20260731T075134Z,0.20,197,197,0.20061099796334012,False,2840000,2940000,440000,540000,100000,50,50,0,49997,0.49997,50,False,unique_pages_not_strictly_greater_than_guard_plus_target,c9f024d0c3f5254d50b7bb6f4757de296d5121a21b39e0dda21162cdf08c04a6,7910bdc116b3ff0414feaca3dfeb553dd84b2ef1955c4d4807f92fc643cb2155
dedup_pressure,dedup_pressure-20260731T075134Z,0.20,197,197,0.20061099796334012,False,2850000,2950000,450000,550000,100000,49,49,0,50003,0.50003,49,False,unique_pages_not_strictly_greater_than_guard_plus_target,c9f024d0c3f5254d50b7bb6f4757de296d5121a21b39e0dda21162cdf08c04a6,7910bdc116b3ff0414feaca3dfeb553dd84b2ef1955c4d4807f92fc643cb2155
dedup_pressure,dedup_pressure-20260731T075134Z,0.20,197,197,0.20061099796334012,False,2860000,2960000,460000,560000,100000,50,50,0,49996,0.49996,50,False,unique_pages_not_strictly_greater_than_guard_plus_target,c9f024d0c3f5254d50b7bb6f4757de296d5121a21b39e0dda21162cdf08c04a6,7910bdc116b3ff0414feaca3dfeb553dd84b2ef1955c4d4807f92fc643cb2155
dedup_pressure,dedup_pressure-20260731T075134Z,0.20,197,197,0.20061099796334012,False,2870000,2970000,470000,570000,100000,49,49,0,50004,0.50004,49,False,unique_pages_not_strictly_greater_than_guard_plus_target,c9f024d0c3f5254d50b7bb6f4757de296d5121a21b39e0dda21162cdf08c04a6,7910bdc116b3ff0414feaca3dfeb553dd84b2ef1955c4d4807f92fc643cb2155
dedup_pressure,dedup_pressure-20260731T075134Z,0.20,197,197,0.20061099796334012,False,2880000,2980000,480000,580000,100000,49,49,0,49997,0.49997,49,False,unique_pages_not_strictly_greater_than_guard_plus_target,c9f024d0c3f5254d50b7bb6f4757de296d5121a21b39e0dda21162cdf08c04a6,7910bdc116b3ff0414feaca3dfeb553dd84b2ef1955c4d4807f92fc643cb2155
dedup_pressure,dedup_pressure-20260731T075134Z,0.20,197,197,0.20061099796334012,False,2890000,2990000,490000,590000,100000,49,49,0,50002,0.50002,49,False,unique_pages_not_strictly_greater_than_guard_plus_target,c9f024d0c3f5254d50b7bb6f4757de296d5121a21b39e0dda21162cdf08c04a6,7910bdc116b3ff0414feaca3dfeb553dd84b2ef1955c4d4807f92fc643cb2155
dedup_pressure,dedup_pressure-20260731T075134Z,0.20,197,197,0.20061099796334012,False,2900000,3000000,500000,600000,100000,49,49,0,49999,0.49999,49,False,unique_pages_not_strictly_greater_than_guard_plus_target,c9f024d0c3f5254d50b7bb6f4757de296d5121a21b39e0dda21162cdf08c04a6,7910bdc116b3ff0414feaca3dfeb553dd84b2ef1955c4d4807f92fc643cb2155
dedup_pressure,dedup_pressure-20260731T075134Z,0.40,393,393,0.40020366598778007,False,2400000,2500000,0,100000,100000,49,49,0,49997,0.49997,49,False,unique_pages_not_strictly_greater_than_guard_plus_target,c9f024d0c3f5254d50b7bb6f4757de296d5121a21b39e0dda21162cdf08c04a6,7910bdc116b3ff0414feaca3dfeb553dd84b2ef1955c4d4807f92fc643cb2155
dedup_pressure,dedup_pressure-20260731T075134Z,0.40,393,393,0.40020366598778007,False,2410000,2510000,10000,110000,100000,50,50,0,50003,0.50003,50,False,unique_pages_not_strictly_greater_than_guard_plus_target,c9f024d0c3f5254d50b7bb6f4757de296d5121a21b39e0dda21162cdf08c04a6,7910bdc116b3ff0414feaca3dfeb553dd84b2ef1955c4d4807f92fc643cb2155
dedup_pressure,dedup_pressure-20260731T075134Z,0.40,393,393,0.40020366598778007,False,2420000,2520000,20000,120000,100000,49,49,0,49996,0.49996,49,False,unique_pages_not_strictly_greater_than_guard_plus_target,c9f024d0c3f5254d50b7bb6f4757de296d5121a21b39e0dda21162cdf08c04a6,7910bdc116b3ff0414feaca3dfeb553dd84b2ef1955c4d4807f92fc643cb2155
dedup_pressure,dedup_pressure-20260731T075134Z,0.40,393,393,0.40020366598778007,False,2430000,2530000,30000,130000,100000,50,50,0,50004,0.50004,50,False,unique_pages_not_strictly_greater_than_guard_plus_target,c9f024d0c3f5254d50b7bb6f4757de296d5121a21b39e0dda21162cdf08c04a6,7910bdc116b3ff0414feaca3dfeb553dd84b2ef1955c4d4807f92fc643cb2155
dedup_pressure,dedup_pressure-20260731T075134Z,0.40,393,393,0.40020366598778007,False,2440000,2540000,40000,140000,100000,49,49,0,49997,0.49997,49,False,unique_pages_not_strictly_greater_than_guard_plus_target,c9f024d0c3f5254d50b7bb6f4757de296d5121a21b39e0dda21162cdf08c04a6,7910bdc116b3ff0414feaca3dfeb553dd84b2ef1955c4d4807f92fc643cb2155
dedup_pressure,dedup_pressure-20260731T075134Z,0.40,393,393,0.40020366598778007,False,2450000,2550000,50000,150000,100000,50,50,0,50002,0.50002,50,False,unique_pages_not_strictly_greater_than_guard_plus_target,c9f024d0c3f5254d50b7bb6f4757de296d5121a21b39e0dda21162cdf08c04a6,7910bdc116b3ff0414feaca3dfeb553dd84b2ef1955c4d4807f92fc643cb2155
dedup_pressure,dedup_pressure-20260731T075134Z,0.40,393,393,0.40020366598778007,False,2460000,2560000,60000,160000,100000,49,49,0,49999,0.49999,49,False,unique_pages_not_strictly_greater_than_guard_plus_target,c9f024d0c3f5254d50b7bb6f4757de296d5121a21b39e0dda21162cdf08c04a6,7910bdc116b3ff0414feaca3dfeb553dd84b2ef1955c4d4807f92fc643cb2155
dedup_pressure,dedup_pressure-20260731T075134Z,0.40,393,393,0.40020366598778007,False,2470000,2570000,70000,170000,100000,49,49,0,50000,0.5,49,False,unique_pages_not_strictly_greater_than_guard_plus_target,c9f024d0c3f5254d50b7bb6f4757de296d5121a21b39e0dda21162cdf08c04a6,7910bdc116b3ff0414feaca3dfeb553dd84b2ef1955c4d4807f92fc643cb2155
dedup_pressure,dedup_pressure-20260731T075134Z,0.40,393,393,0.40020366598778007,False,2480000,2580000,80000,180000,100000,49,49,0,50001,0.50001,49,False,unique_pages_not_strictly_greater_than_guard_plus_target,c9f024d0c3f5254d50b7bb6f4757de296d5121a21b39e0dda21162cdf08c04a6,7910bdc116b3ff0414feaca3dfeb553dd84b2ef1955c4d4807f92fc643cb2155
dedup_pressure,dedup_pressure-20260731T075134Z,0.40,393,393,0.40020366598778007,False,2490000,2590000,90000,190000,100000,49,49,0,49999,0.49999,49,False,unique_pages_not_strictly_greater_than_guard_plus_target,c9f024d0c3f5254d50b7bb6f4757de296d5121a21b39e0dda21162cdf08c04a6,7910bdc116b3ff0414feaca3dfeb553dd84b2ef1955c4d4807f92fc643cb2155
dedup_pressure,dedup_pressure-20260731T075134Z,0.40,393,393,0.40020366598778007,False,2500000,2600000,100000,200000,100000,50,50,0,50002,0.50002,50,False,unique_pages_not_strictly_greater_than_guard_plus_target,c9f024d0c3f5254d50b7bb6f4757de296d5121a21b39e0dda21162cdf08c04a6,7910bdc116b3ff0414feaca3dfeb553dd84b2ef1955c4d4807f92fc643cb2155
dedup_pressure,dedup_pressure-20260731T075134Z,0.40,393,393,0.40020366598778007,False,2510000,2610000,110000,210000,100000,49,49,0,49997,0.49997,49,False,unique_pages_not_strictly_greater_than_guard_plus_target,c9f024d0c3f5254d50b7bb6f4757de296d5121a21b39e0dda21162cdf08c04a6,7910bdc116b3ff0414feaca3dfeb553dd84b2ef1955c4d4807f92fc643cb2155
dedup_pressure,dedup_pressure-20260731T075134Z,0.40,393,393,0.40020366598778007,False,2520000,2620000,120000,220000,100000,50,50,0,50003,0.50003,50,False,unique_pages_not_strictly_greater_than_guard_plus_target,c9f024d0c3f5254d50b7bb6f4757de296d5121a21b39e0dda21162cdf08c04a6,7910bdc116b3ff0414feaca3dfeb553dd84b2ef1955c4d4807f92fc643cb2155
dedup_pressure,dedup_pressure-20260731T075134Z,0.40,393,393,0.40020366598778007,False,2530000,2630000,130000,230000,100000,49,49,0,49996,0.49996,49,False,unique_pages_not_strictly_greater_than_guard_plus_target,c9f024d0c3f5254d50b7bb6f4757de296d5121a21b39e0dda21162cdf08c04a6,7910bdc116b3ff0414feaca3dfeb553dd84b2ef1955c4d4807f92fc643cb2155
dedup_pressure,dedup_pressure-20260731T075134Z,0.40,393,393,0.40020366598778007,False,2540000,2640000,140000,240000,100000,50,50,0,50004,0.50004,50,False,unique_pages_not_strictly_greater_than_guard_plus_target,c9f024d0c3f5254d50b7bb6f4757de296d5121a21b39e0dda21162cdf08c04a6,7910bdc116b3ff0414feaca3dfeb553dd84b2ef1955c4d4807f92fc643cb2155
dedup_pressure,dedup_pressure-20260731T075134Z,0.40,393,393,0.40020366598778007,False,2550000,2650000,150000,250000,100000,49,49,0,49997,0.49997,49,False,unique_pages_not_strictly_greater_than_guard_plus_target,c9f024d0c3f5254d50b7bb6f4757de296d5121a21b39e0dda21162cdf08c04a6,7910bdc116b3ff0414feaca3dfeb553dd84b2ef1955c4d4807f92fc643cb2155
dedup_pressure,dedup_pressure-20260731T075134Z,0.40,393,393,0.40020366598778007,False,2560000,2660000,160000,260000,100000,49,49,0,50002,0.50002,49,False,unique_pages_not_strictly_greater_than_guard_plus_target,c9f024d0c3f5254d50b7bb6f4757de296d5121a21b39e0dda21162cdf08c04a6,7910bdc116b3ff0414feaca3dfeb553dd84b2ef1955c4d4807f92fc643cb2155
dedup_pressure,dedup_pressure-20260731T075134Z,0.40,393,393,0.40020366598778007,False,2570000,2670000,170000,270000,100000,50,50,0,49999,0.49999,50,False,unique_pages_not_strictly_greater_than_guard_plus_target,c9f024d0c3f5254d50b7bb6f4757de296d5121a21b39e0dda21162cdf08c04a6,7910bdc116b3ff0414feaca3dfeb553dd84b2ef1955c4d4807f92fc643cb2155
dedup_pressure,dedup_pressure-20260731T075134Z,0.40,393,393,0.40020366598778007,False,2580000,2680000,180000,280000,100000,49,49,0,50000,0.5,49,False,unique_pages_not_strictly_greater_than_guard_plus_target,c9f024d0c3f5254d50b7bb6f4757de296d5121a21b39e0dda21162cdf08c04a6,7910bdc116b3ff0414feaca3dfeb553dd84b2ef1955c4d4807f92fc643cb2155
dedup_pressure,dedup_pressure-20260731T075134Z,0.40,393,393,0.40020366598778007,False,2590000,2690000,190000,290000,100000,50,50,0,50001,0.50001,50,False,unique_pages_not_strictly_greater_than_guard_plus_target,c9f024d0c3f5254d50b7bb6f4757de296d5121a21b39e0dda21162cdf08c04a6,7910bdc116b3ff0414feaca3dfeb553dd84b2ef1955c4d4807f92fc643cb2155
dedup_pressure,dedup_pressure-20260731T075134Z,0.40,393,393,0.40020366598778007,False,2600000,2700000,200000,300000,100000,49,49,0,49999,0.49999,49,False,unique_pages_not_strictly_greater_than_guard_plus_target,c9f024d0c3f5254d50b7bb6f4757de296d5121a21b39e0dda21162cdf08c04a6,7910bdc116b3ff0414feaca3dfeb553dd84b2ef1955c4d4807f92fc643cb2155
dedup_pressure,dedup_pressure-20260731T075134Z,0.40,393,393,0.40020366598778007,False,2610000,2710000,210000,310000,100000,50,50,0,50002,0.50002,50,False,unique_pages_not_strictly_greater_than_guard_plus_target,c9f024d0c3f5254d50b7bb6f4757de296d5121a21b39e0dda21162cdf08c04a6,7910bdc116b3ff0414feaca3dfeb553dd84b2ef1955c4d4807f92fc643cb2155
dedup_pressure,dedup_pressure-20260731T075134Z,0.40,393,393,0.40020366598778007,False,2620000,2720000,220000,320000,100000,49,49,0,49997,0.49997,49,False,unique_pages_not_strictly_greater_than_guard_plus_target,c9f024d0c3f5254d50b7bb6f4757de296d5121a21b39e0dda21162cdf08c04a6,7910bdc116b3ff0414feaca3dfeb553dd84b2ef1955c4d4807f92fc643cb2155
dedup_pressure,dedup_pressure-20260731T075134Z,0.40,393,393,0.40020366598778007,False,2630000,2730000,230000,330000,100000,49,49,0,50003,0.50003,49,False,unique_pages_not_strictly_greater_than_guard_plus_target,c9f024d0c3f5254d50b7bb6f4757de296d5121a21b39e0dda21162cdf08c04a6,7910bdc116b3ff0414feaca3dfeb553dd84b2ef1955c4d4807f92fc643cb2155
dedup_pressure,dedup_pressure-20260731T075134Z,0.40,393,393,0.40020366598778007,False,2640000,2740000,240000,340000,100000,49,49,0,49996,0.49996,49,False,unique_pages_not_strictly_greater_than_guard_plus_target,c9f024d0c3f5254d50b7bb6f4757de296d5121a21b39e0dda21162cdf08c04a6,7910bdc116b3ff0414feaca3dfeb553dd84b2ef1955c4d4807f92fc643cb2155
dedup_pressure,dedup_pressure-20260731T075134Z,0.40,393,393,0.40020366598778007,False,2650000,2750000,250000,350000,100000,49,49,0,50004,0.50004,49,False,unique_pages_not_strictly_greater_than_guard_plus_target,c9f024d0c3f5254d50b7bb6f4757de296d5121a21b39e0dda21162cdf08c04a6,7910bdc116b3ff0414feaca3dfeb553dd84b2ef1955c4d4807f92fc643cb2155
dedup_pressure,dedup_pressure-20260731T075134Z,0.40,393,393,0.40020366598778007,False,2660000,2760000,260000,360000,100000,50,50,0,49997,0.49997,50,False,unique_pages_not_strictly_greater_than_guard_plus_target,c9f024d0c3f5254d50b7bb6f4757de296d5121a21b39e0dda21162cdf08c04a6,7910bdc116b3ff0414feaca3dfeb553dd84b2ef1955c4d4807f92fc643cb2155
dedup_pressure,dedup_pressure-20260731T075134Z,0.40,393,393,0.40020366598778007,False,2670000,2770000,270000,370000,100000,49,49,0,50002,0.50002,49,False,unique_pages_not_strictly_greater_than_guard_plus_target,c9f024d0c3f5254d50b7bb6f4757de296d5121a21b39e0dda21162cdf08c04a6,7910bdc116b3ff0414feaca3dfeb553dd84b2ef1955c4d4807f92fc643cb2155
dedup_pressure,dedup_pressure-20260731T075134Z,0.40,393,393,0.40020366598778007,False,2680000,2780000,280000,380000,100000,50,50,0,49999,0.49999,50,False,unique_pages_not_strictly_greater_than_guard_plus_target,c9f024d0c3f5254d50b7bb6f4757de296d5121a21b39e0dda21162cdf08c04a6,7910bdc116b3ff0414feaca3dfeb553dd84b2ef1955c4d4807f92fc643cb2155
dedup_pressure,dedup_pressure-20260731T075134Z,0.40,393,393,0.40020366598778007,False,2690000,2790000,290000,390000,100000,49,49,0,50000,0.5,49,False,unique_pages_not_strictly_greater_than_guard_plus_target,c9f024d0c3f5254d50b7bb6f4757de296d5121a21b39e0dda21162cdf08c04a6,7910bdc116b3ff0414feaca3dfeb553dd84b2ef1955c4d4807f92fc643cb2155
dedup_pressure,dedup_pressure-20260731T075134Z,0.40,393,393,0.40020366598778007,False,2700000,2800000,300000,400000,100000,50,50,0,50001,0.50001,50,False,unique_pages_not_strictly_greater_than_guard_plus_target,c9f024d0c3f5254d50b7bb6f4757de296d5121a21b39e0dda21162cdf08c04a6,7910bdc116b3ff0414feaca3dfeb553dd84b2ef1955c4d4807f92fc643cb2155
dedup_pressure,dedup_pressure-20260731T075134Z,0.40,393,393,0.40020366598778007,False,2710000,2810000,310000,410000,100000,49,49,0,49999,0.49999,49,False,unique_pages_not_strictly_greater_than_guard_plus_target,c9f024d0c3f5254d50b7bb6f4757de296d5121a21b39e0dda21162cdf08c04a6,7910bdc116b3ff0414feaca3dfeb553dd84b2ef1955c4d4807f92fc643cb2155
dedup_pressure,dedup_pressure-20260731T075134Z,0.40,393,393,0.40020366598778007,False,2720000,2820000,320000,420000,100000,49,49,0,50002,0.50002,49,False,unique_pages_not_strictly_greater_than_guard_plus_target,c9f024d0c3f5254d50b7bb6f4757de296d5121a21b39e0dda21162cdf08c04a6,7910bdc116b3ff0414feaca3dfeb553dd84b2ef1955c4d4807f92fc643cb2155
dedup_pressure,dedup_pressure-20260731T075134Z,0.40,393,393,0.40020366598778007,False,2730000,2830000,330000,430000,100000,50,50,0,49997,0.49997,50,False,unique_pages_not_strictly_greater_than_guard_plus_target,c9f024d0c3f5254d50b7bb6f4757de296d5121a21b39e0dda21162cdf08c04a6,7910bdc116b3ff0414feaca3dfeb553dd84b2ef1955c4d4807f92fc643cb2155
dedup_pressure,dedup_pressure-20260731T075134Z,0.40,393,393,0.40020366598778007,False,2740000,2840000,340000,440000,100000,49,49,0,50003,0.50003,49,False,unique_pages_not_strictly_greater_than_guard_plus_target,c9f024d0c3f5254d50b7bb6f4757de296d5121a21b39e0dda21162cdf08c04a6,7910bdc116b3ff0414feaca3dfeb553dd84b2ef1955c4d4807f92fc643cb2155
dedup_pressure,dedup_pressure-20260731T075134Z,0.40,393,393,0.40020366598778007,False,2750000,2850000,350000,450000,100000,50,50,0,49996,0.49996,50,False,unique_pages_not_strictly_greater_than_guard_plus_target,c9f024d0c3f5254d50b7bb6f4757de296d5121a21b39e0dda21162cdf08c04a6,7910bdc116b3ff0414feaca3dfeb553dd84b2ef1955c4d4807f92fc643cb2155
dedup_pressure,dedup_pressure-20260731T075134Z,0.40,393,393,0.40020366598778007,False,2760000,2860000,360000,460000,100000,49,49,0,50004,0.50004,49,False,unique_pages_not_strictly_greater_than_guard_plus_target,c9f024d0c3f5254d50b7bb6f4757de296d5121a21b39e0dda21162cdf08c04a6,7910bdc116b3ff0414feaca3dfeb553dd84b2ef1955c4d4807f92fc643cb2155
dedup_pressure,dedup_pressure-20260731T075134Z,0.40,393,393,0.40020366598778007,False,2770000,2870000,370000,470000,100000,50,50,0,49997,0.49997,50,False,unique_pages_not_strictly_greater_than_guard_plus_target,c9f024d0c3f5254d50b7bb6f4757de296d5121a21b39e0dda21162cdf08c04a6,7910bdc116b3ff0414feaca3dfeb553dd84b2ef1955c4d4807f92fc643cb2155
dedup_pressure,dedup_pressure-20260731T075134Z,0.40,393,393,0.40020366598778007,False,2780000,2880000,380000,480000,100000,49,49,0,50002,0.50002,49,False,unique_pages_not_strictly_greater_than_guard_plus_target,c9f024d0c3f5254d50b7bb6f4757de296d5121a21b39e0dda21162cdf08c04a6,7910bdc116b3ff0414feaca3dfeb553dd84b2ef1955c4d4807f92fc643cb2155
dedup_pressure,dedup_pressure-20260731T075134Z,0.40,393,393,0.40020366598778007,False,2790000,2890000,390000,490000,100000,50,50,0,49999,0.49999,50,False,unique_pages_not_strictly_greater_than_guard_plus_target,c9f024d0c3f5254d50b7bb6f4757de296d5121a21b39e0dda21162cdf08c04a6,7910bdc116b3ff0414feaca3dfeb553dd84b2ef1955c4d4807f92fc643cb2155
dedup_pressure,dedup_pressure-20260731T075134Z,0.40,393,393,0.40020366598778007,False,2800000,2900000,400000,500000,100000,49,49,0,50000,0.5,49,False,unique_pages_not_strictly_greater_than_guard_plus_target,c9f024d0c3f5254d50b7bb6f4757de296d5121a21b39e0dda21162cdf08c04a6,7910bdc116b3ff0414feaca3dfeb553dd84b2ef1955c4d4807f92fc643cb2155
dedup_pressure,dedup_pressure-20260731T075134Z,0.40,393,393,0.40020366598778007,False,2810000,2910000,410000,510000,100000,49,49,0,50001,0.50001,49,False,unique_pages_not_strictly_greater_than_guard_plus_target,c9f024d0c3f5254d50b7bb6f4757de296d5121a21b39e0dda21162cdf08c04a6,7910bdc116b3ff0414feaca3dfeb553dd84b2ef1955c4d4807f92fc643cb2155
dedup_pressure,dedup_pressure-20260731T075134Z,0.40,393,393,0.40020366598778007,False,2820000,2920000,420000,520000,100000,50,50,0,49999,0.49999,50,False,unique_pages_not_strictly_greater_than_guard_plus_target,c9f024d0c3f5254d50b7bb6f4757de296d5121a21b39e0dda21162cdf08c04a6,7910bdc116b3ff0414feaca3dfeb553dd84b2ef1955c4d4807f92fc643cb2155
dedup_pressure,dedup_pressure-20260731T075134Z,0.40,393,393,0.40020366598778007,False,2830000,2930000,430000,530000,100000,49,49,0,50002,0.50002,49,False,unique_pages_not_strictly_greater_than_guard_plus_target,c9f024d0c3f5254d50b7bb6f4757de296d5121a21b39e0dda21162cdf08c04a6,7910bdc116b3ff0414feaca3dfeb553dd84b2ef1955c4d4807f92fc643cb2155
dedup_pressure,dedup_pressure-20260731T075134Z,0.40,393,393,0.40020366598778007,False,2840000,2940000,440000,540000,100000,50,50,0,49997,0.49997,50,False,unique_pages_not_strictly_greater_than_guard_plus_target,c9f024d0c3f5254d50b7bb6f4757de296d5121a21b39e0dda21162cdf08c04a6,7910bdc116b3ff0414feaca3dfeb553dd84b2ef1955c4d4807f92fc643cb2155
dedup_pressure,dedup_pressure-20260731T075134Z,0.40,393,393,0.40020366598778007,False,2850000,2950000,450000,550000,100000,49,49,0,50003,0.50003,49,False,unique_pages_not_strictly_greater_than_guard_plus_target,c9f024d0c3f5254d50b7bb6f4757de296d5121a21b39e0dda21162cdf08c04a6,7910bdc116b3ff0414feaca3dfeb553dd84b2ef1955c4d4807f92fc643cb2155
dedup_pressure,dedup_pressure-20260731T075134Z,0.40,393,393,0.40020366598778007,False,2860000,2960000,460000,560000,100000,50,50,0,49996,0.49996,50,False,unique_pages_not_strictly_greater_than_guard_plus_target,c9f024d0c3f5254d50b7bb6f4757de296d5121a21b39e0dda21162cdf08c04a6,7910bdc116b3ff0414feaca3dfeb553dd84b2ef1955c4d4807f92fc643cb2155
dedup_pressure,dedup_pressure-20260731T075134Z,0.40,393,393,0.40020366598778007,False,2870000,2970000,470000,570000,100000,49,49,0,50004,0.50004,49,False,unique_pages_not_strictly_greater_than_guard_plus_target,c9f024d0c3f5254d50b7bb6f4757de296d5121a21b39e0dda21162cdf08c04a6,7910bdc116b3ff0414feaca3dfeb553dd84b2ef1955c4d4807f92fc643cb2155
dedup_pressure,dedup_pressure-20260731T075134Z,0.40,393,393,0.40020366598778007,False,2880000,2980000,480000,580000,100000,49,49,0,49997,0.49997,49,False,unique_pages_not_strictly_greater_than_guard_plus_target,c9f024d0c3f5254d50b7bb6f4757de296d5121a21b39e0dda21162cdf08c04a6,7910bdc116b3ff0414feaca3dfeb553dd84b2ef1955c4d4807f92fc643cb2155
dedup_pressure,dedup_pressure-20260731T075134Z,0.40,393,393,0.40020366598778007,False,2890000,2990000,490000,590000,100000,49,49,0,50002,0.50002,49,False,unique_pages_not_strictly_greater_than_guard_plus_target,c9f024d0c3f5254d50b7bb6f4757de296d5121a21b39e0dda21162cdf08c04a6,7910bdc116b3ff0414feaca3dfeb553dd84b2ef1955c4d4807f92fc643cb2155
dedup_pressure,dedup_pressure-20260731T075134Z,0.40,393,393,0.40020366598778007,False,2900000,3000000,500000,600000,100000,49,49,0,49999,0.49999,49,False,unique_pages_not_strictly_greater_than_guard_plus_target,c9f024d0c3f5254d50b7bb6f4757de296d5121a21b39e0dda21162cdf08c04a6,7910bdc116b3ff0414feaca3dfeb553dd84b2ef1955c4d4807f92fc643cb2155
dedup_pressure,dedup_pressure-20260731T075134Z,0.60,590,590,0.6008146639511202,False,2400000,2500000,0,100000,100000,49,49,0,49997,0.49997,49,False,unique_pages_not_strictly_greater_than_guard_plus_target,c9f024d0c3f5254d50b7bb6f4757de296d5121a21b39e0dda21162cdf08c04a6,7910bdc116b3ff0414feaca3dfeb553dd84b2ef1955c4d4807f92fc643cb2155
dedup_pressure,dedup_pressure-20260731T075134Z,0.60,590,590,0.6008146639511202,False,2410000,2510000,10000,110000,100000,50,50,0,50003,0.50003,50,False,unique_pages_not_strictly_greater_than_guard_plus_target,c9f024d0c3f5254d50b7bb6f4757de296d5121a21b39e0dda21162cdf08c04a6,7910bdc116b3ff0414feaca3dfeb553dd84b2ef1955c4d4807f92fc643cb2155
dedup_pressure,dedup_pressure-20260731T075134Z,0.60,590,590,0.6008146639511202,False,2420000,2520000,20000,120000,100000,49,49,0,49996,0.49996,49,False,unique_pages_not_strictly_greater_than_guard_plus_target,c9f024d0c3f5254d50b7bb6f4757de296d5121a21b39e0dda21162cdf08c04a6,7910bdc116b3ff0414feaca3dfeb553dd84b2ef1955c4d4807f92fc643cb2155
dedup_pressure,dedup_pressure-20260731T075134Z,0.60,590,590,0.6008146639511202,False,2430000,2530000,30000,130000,100000,50,50,0,50004,0.50004,50,False,unique_pages_not_strictly_greater_than_guard_plus_target,c9f024d0c3f5254d50b7bb6f4757de296d5121a21b39e0dda21162cdf08c04a6,7910bdc116b3ff0414feaca3dfeb553dd84b2ef1955c4d4807f92fc643cb2155
dedup_pressure,dedup_pressure-20260731T075134Z,0.60,590,590,0.6008146639511202,False,2440000,2540000,40000,140000,100000,49,49,0,49997,0.49997,49,False,unique_pages_not_strictly_greater_than_guard_plus_target,c9f024d0c3f5254d50b7bb6f4757de296d5121a21b39e0dda21162cdf08c04a6,7910bdc116b3ff0414feaca3dfeb553dd84b2ef1955c4d4807f92fc643cb2155
dedup_pressure,dedup_pressure-20260731T075134Z,0.60,590,590,0.6008146639511202,False,2450000,2550000,50000,150000,100000,50,50,0,50002,0.50002,50,False,unique_pages_not_strictly_greater_than_guard_plus_target,c9f024d0c3f5254d50b7bb6f4757de296d5121a21b39e0dda21162cdf08c04a6,7910bdc116b3ff0414feaca3dfeb553dd84b2ef1955c4d4807f92fc643cb2155
dedup_pressure,dedup_pressure-20260731T075134Z,0.60,590,590,0.6008146639511202,False,2460000,2560000,60000,160000,100000,49,49,0,49999,0.49999,49,False,unique_pages_not_strictly_greater_than_guard_plus_target,c9f024d0c3f5254d50b7bb6f4757de296d5121a21b39e0dda21162cdf08c04a6,7910bdc116b3ff0414feaca3dfeb553dd84b2ef1955c4d4807f92fc643cb2155
dedup_pressure,dedup_pressure-20260731T075134Z,0.60,590,590,0.6008146639511202,False,2470000,2570000,70000,170000,100000,49,49,0,50000,0.5,49,False,unique_pages_not_strictly_greater_than_guard_plus_target,c9f024d0c3f5254d50b7bb6f4757de296d5121a21b39e0dda21162cdf08c04a6,7910bdc116b3ff0414feaca3dfeb553dd84b2ef1955c4d4807f92fc643cb2155
dedup_pressure,dedup_pressure-20260731T075134Z,0.60,590,590,0.6008146639511202,False,2480000,2580000,80000,180000,100000,49,49,0,50001,0.50001,49,False,unique_pages_not_strictly_greater_than_guard_plus_target,c9f024d0c3f5254d50b7bb6f4757de296d5121a21b39e0dda21162cdf08c04a6,7910bdc116b3ff0414feaca3dfeb553dd84b2ef1955c4d4807f92fc643cb2155
dedup_pressure,dedup_pressure-20260731T075134Z,0.60,590,590,0.6008146639511202,False,2490000,2590000,90000,190000,100000,49,49,0,49999,0.49999,49,False,unique_pages_not_strictly_greater_than_guard_plus_target,c9f024d0c3f5254d50b7bb6f4757de296d5121a21b39e0dda21162cdf08c04a6,7910bdc116b3ff0414feaca3dfeb553dd84b2ef1955c4d4807f92fc643cb2155
dedup_pressure,dedup_pressure-20260731T075134Z,0.60,590,590,0.6008146639511202,False,2500000,2600000,100000,200000,100000,50,50,0,50002,0.50002,50,False,unique_pages_not_strictly_greater_than_guard_plus_target,c9f024d0c3f5254d50b7bb6f4757de296d5121a21b39e0dda21162cdf08c04a6,7910bdc116b3ff0414feaca3dfeb553dd84b2ef1955c4d4807f92fc643cb2155
dedup_pressure,dedup_pressure-20260731T075134Z,0.60,590,590,0.6008146639511202,False,2510000,2610000,110000,210000,100000,49,49,0,49997,0.49997,49,False,unique_pages_not_strictly_greater_than_guard_plus_target,c9f024d0c3f5254d50b7bb6f4757de296d5121a21b39e0dda21162cdf08c04a6,7910bdc116b3ff0414feaca3dfeb553dd84b2ef1955c4d4807f92fc643cb2155
dedup_pressure,dedup_pressure-20260731T075134Z,0.60,590,590,0.6008146639511202,False,2520000,2620000,120000,220000,100000,50,50,0,50003,0.50003,50,False,unique_pages_not_strictly_greater_than_guard_plus_target,c9f024d0c3f5254d50b7bb6f4757de296d5121a21b39e0dda21162cdf08c04a6,7910bdc116b3ff0414feaca3dfeb553dd84b2ef1955c4d4807f92fc643cb2155
dedup_pressure,dedup_pressure-20260731T075134Z,0.60,590,590,0.6008146639511202,False,2530000,2630000,130000,230000,100000,49,49,0,49996,0.49996,49,False,unique_pages_not_strictly_greater_than_guard_plus_target,c9f024d0c3f5254d50b7bb6f4757de296d5121a21b39e0dda21162cdf08c04a6,7910bdc116b3ff0414feaca3dfeb553dd84b2ef1955c4d4807f92fc643cb2155
dedup_pressure,dedup_pressure-20260731T075134Z,0.60,590,590,0.6008146639511202,False,2540000,2640000,140000,240000,100000,50,50,0,50004,0.50004,50,False,unique_pages_not_strictly_greater_than_guard_plus_target,c9f024d0c3f5254d50b7bb6f4757de296d5121a21b39e0dda21162cdf08c04a6,7910bdc116b3ff0414feaca3dfeb553dd84b2ef1955c4d4807f92fc643cb2155
dedup_pressure,dedup_pressure-20260731T075134Z,0.60,590,590,0.6008146639511202,False,2550000,2650000,150000,250000,100000,49,49,0,49997,0.49997,49,False,unique_pages_not_strictly_greater_than_guard_plus_target,c9f024d0c3f5254d50b7bb6f4757de296d5121a21b39e0dda21162cdf08c04a6,7910bdc116b3ff0414feaca3dfeb553dd84b2ef1955c4d4807f92fc643cb2155
dedup_pressure,dedup_pressure-20260731T075134Z,0.60,590,590,0.6008146639511202,False,2560000,2660000,160000,260000,100000,49,49,0,50002,0.50002,49,False,unique_pages_not_strictly_greater_than_guard_plus_target,c9f024d0c3f5254d50b7bb6f4757de296d5121a21b39e0dda21162cdf08c04a6,7910bdc116b3ff0414feaca3dfeb553dd84b2ef1955c4d4807f92fc643cb2155
dedup_pressure,dedup_pressure-20260731T075134Z,0.60,590,590,0.6008146639511202,False,2570000,2670000,170000,270000,100000,50,50,0,49999,0.49999,50,False,unique_pages_not_strictly_greater_than_guard_plus_target,c9f024d0c3f5254d50b7bb6f4757de296d5121a21b39e0dda21162cdf08c04a6,7910bdc116b3ff0414feaca3dfeb553dd84b2ef1955c4d4807f92fc643cb2155
dedup_pressure,dedup_pressure-20260731T075134Z,0.60,590,590,0.6008146639511202,False,2580000,2680000,180000,280000,100000,49,49,0,50000,0.5,49,False,unique_pages_not_strictly_greater_than_guard_plus_target,c9f024d0c3f5254d50b7bb6f4757de296d5121a21b39e0dda21162cdf08c04a6,7910bdc116b3ff0414feaca3dfeb553dd84b2ef1955c4d4807f92fc643cb2155
dedup_pressure,dedup_pressure-20260731T075134Z,0.60,590,590,0.6008146639511202,False,2590000,2690000,190000,290000,100000,50,50,0,50001,0.50001,50,False,unique_pages_not_strictly_greater_than_guard_plus_target,c9f024d0c3f5254d50b7bb6f4757de296d5121a21b39e0dda21162cdf08c04a6,7910bdc116b3ff0414feaca3dfeb553dd84b2ef1955c4d4807f92fc643cb2155
dedup_pressure,dedup_pressure-20260731T075134Z,0.60,590,590,0.6008146639511202,False,2600000,2700000,200000,300000,100000,49,49,0,49999,0.49999,49,False,unique_pages_not_strictly_greater_than_guard_plus_target,c9f024d0c3f5254d50b7bb6f4757de296d5121a21b39e0dda21162cdf08c04a6,7910bdc116b3ff0414feaca3dfeb553dd84b2ef1955c4d4807f92fc643cb2155
dedup_pressure,dedup_pressure-20260731T075134Z,0.60,590,590,0.6008146639511202,False,2610000,2710000,210000,310000,100000,50,50,0,50002,0.50002,50,False,unique_pages_not_strictly_greater_than_guard_plus_target,c9f024d0c3f5254d50b7bb6f4757de296d5121a21b39e0dda21162cdf08c04a6,7910bdc116b3ff0414feaca3dfeb553dd84b2ef1955c4d4807f92fc643cb2155
dedup_pressure,dedup_pressure-20260731T075134Z,0.60,590,590,0.6008146639511202,False,2620000,2720000,220000,320000,100000,49,49,0,49997,0.49997,49,False,unique_pages_not_strictly_greater_than_guard_plus_target,c9f024d0c3f5254d50b7bb6f4757de296d5121a21b39e0dda21162cdf08c04a6,7910bdc116b3ff0414feaca3dfeb553dd84b2ef1955c4d4807f92fc643cb2155
dedup_pressure,dedup_pressure-20260731T075134Z,0.60,590,590,0.6008146639511202,False,2630000,2730000,230000,330000,100000,49,49,0,50003,0.50003,49,False,unique_pages_not_strictly_greater_than_guard_plus_target,c9f024d0c3f5254d50b7bb6f4757de296d5121a21b39e0dda21162cdf08c04a6,7910bdc116b3ff0414feaca3dfeb553dd84b2ef1955c4d4807f92fc643cb2155
dedup_pressure,dedup_pressure-20260731T075134Z,0.60,590,590,0.6008146639511202,False,2640000,2740000,240000,340000,100000,49,49,0,49996,0.49996,49,False,unique_pages_not_strictly_greater_than_guard_plus_target,c9f024d0c3f5254d50b7bb6f4757de296d5121a21b39e0dda21162cdf08c04a6,7910bdc116b3ff0414feaca3dfeb553dd84b2ef1955c4d4807f92fc643cb2155
dedup_pressure,dedup_pressure-20260731T075134Z,0.60,590,590,0.6008146639511202,False,2650000,2750000,250000,350000,100000,49,49,0,50004,0.50004,49,False,unique_pages_not_strictly_greater_than_guard_plus_target,c9f024d0c3f5254d50b7bb6f4757de296d5121a21b39e0dda21162cdf08c04a6,7910bdc116b3ff0414feaca3dfeb553dd84b2ef1955c4d4807f92fc643cb2155
dedup_pressure,dedup_pressure-20260731T075134Z,0.60,590,590,0.6008146639511202,False,2660000,2760000,260000,360000,100000,50,50,0,49997,0.49997,50,False,unique_pages_not_strictly_greater_than_guard_plus_target,c9f024d0c3f5254d50b7bb6f4757de296d5121a21b39e0dda21162cdf08c04a6,7910bdc116b3ff0414feaca3dfeb553dd84b2ef1955c4d4807f92fc643cb2155
dedup_pressure,dedup_pressure-20260731T075134Z,0.60,590,590,0.6008146639511202,False,2670000,2770000,270000,370000,100000,49,49,0,50002,0.50002,49,False,unique_pages_not_strictly_greater_than_guard_plus_target,c9f024d0c3f5254d50b7bb6f4757de296d5121a21b39e0dda21162cdf08c04a6,7910bdc116b3ff0414feaca3dfeb553dd84b2ef1955c4d4807f92fc643cb2155
dedup_pressure,dedup_pressure-20260731T075134Z,0.60,590,590,0.6008146639511202,False,2680000,2780000,280000,380000,100000,50,50,0,49999,0.49999,50,False,unique_pages_not_strictly_greater_than_guard_plus_target,c9f024d0c3f5254d50b7bb6f4757de296d5121a21b39e0dda21162cdf08c04a6,7910bdc116b3ff0414feaca3dfeb553dd84b2ef1955c4d4807f92fc643cb2155
dedup_pressure,dedup_pressure-20260731T075134Z,0.60,590,590,0.6008146639511202,False,2690000,2790000,290000,390000,100000,49,49,0,50000,0.5,49,False,unique_pages_not_strictly_greater_than_guard_plus_target,c9f024d0c3f5254d50b7bb6f4757de296d5121a21b39e0dda21162cdf08c04a6,7910bdc116b3ff0414feaca3dfeb553dd84b2ef1955c4d4807f92fc643cb2155
dedup_pressure,dedup_pressure-20260731T075134Z,0.60,590,590,0.6008146639511202,False,2700000,2800000,300000,400000,100000,50,50,0,50001,0.50001,50,False,unique_pages_not_strictly_greater_than_guard_plus_target,c9f024d0c3f5254d50b7bb6f4757de296d5121a21b39e0dda21162cdf08c04a6,7910bdc116b3ff0414feaca3dfeb553dd84b2ef1955c4d4807f92fc643cb2155
dedup_pressure,dedup_pressure-20260731T075134Z,0.60,590,590,0.6008146639511202,False,2710000,2810000,310000,410000,100000,49,49,0,49999,0.49999,49,False,unique_pages_not_strictly_greater_than_guard_plus_target,c9f024d0c3f5254d50b7bb6f4757de296d5121a21b39e0dda21162cdf08c04a6,7910bdc116b3ff0414feaca3dfeb553dd84b2ef1955c4d4807f92fc643cb2155
dedup_pressure,dedup_pressure-20260731T075134Z,0.60,590,590,0.6008146639511202,False,2720000,2820000,320000,420000,100000,49,49,0,50002,0.50002,49,False,unique_pages_not_strictly_greater_than_guard_plus_target,c9f024d0c3f5254d50b7bb6f4757de296d5121a21b39e0dda21162cdf08c04a6,7910bdc116b3ff0414feaca3dfeb553dd84b2ef1955c4d4807f92fc643cb2155
dedup_pressure,dedup_pressure-20260731T075134Z,0.60,590,590,0.6008146639511202,False,2730000,2830000,330000,430000,100000,50,50,0,49997,0.49997,50,False,unique_pages_not_strictly_greater_than_guard_plus_target,c9f024d0c3f5254d50b7bb6f4757de296d5121a21b39e0dda21162cdf08c04a6,7910bdc116b3ff0414feaca3dfeb553dd84b2ef1955c4d4807f92fc643cb2155
dedup_pressure,dedup_pressure-20260731T075134Z,0.60,590,590,0.6008146639511202,False,2740000,2840000,340000,440000,100000,49,49,0,50003,0.50003,49,False,unique_pages_not_strictly_greater_than_guard_plus_target,c9f024d0c3f5254d50b7bb6f4757de296d5121a21b39e0dda21162cdf08c04a6,7910bdc116b3ff0414feaca3dfeb553dd84b2ef1955c4d4807f92fc643cb2155
dedup_pressure,dedup_pressure-20260731T075134Z,0.60,590,590,0.6008146639511202,False,2750000,2850000,350000,450000,100000,50,50,0,49996,0.49996,50,False,unique_pages_not_strictly_greater_than_guard_plus_target,c9f024d0c3f5254d50b7bb6f4757de296d5121a21b39e0dda21162cdf08c04a6,7910bdc116b3ff0414feaca3dfeb553dd84b2ef1955c4d4807f92fc643cb2155
dedup_pressure,dedup_pressure-20260731T075134Z,0.60,590,590,0.6008146639511202,False,2760000,2860000,360000,460000,100000,49,49,0,50004,0.50004,49,False,unique_pages_not_strictly_greater_than_guard_plus_target,c9f024d0c3f5254d50b7bb6f4757de296d5121a21b39e0dda21162cdf08c04a6,7910bdc116b3ff0414feaca3dfeb553dd84b2ef1955c4d4807f92fc643cb2155
dedup_pressure,dedup_pressure-20260731T075134Z,0.60,590,590,0.6008146639511202,False,2770000,2870000,370000,470000,100000,50,50,0,49997,0.49997,50,False,unique_pages_not_strictly_greater_than_guard_plus_target,c9f024d0c3f5254d50b7bb6f4757de296d5121a21b39e0dda21162cdf08c04a6,7910bdc116b3ff0414feaca3dfeb553dd84b2ef1955c4d4807f92fc643cb2155
dedup_pressure,dedup_pressure-20260731T075134Z,0.60,590,590,0.6008146639511202,False,2780000,2880000,380000,480000,100000,49,49,0,50002,0.50002,49,False,unique_pages_not_strictly_greater_than_guard_plus_target,c9f024d0c3f5254d50b7bb6f4757de296d5121a21b39e0dda21162cdf08c04a6,7910bdc116b3ff0414feaca3dfeb553dd84b2ef1955c4d4807f92fc643cb2155
dedup_pressure,dedup_pressure-20260731T075134Z,0.60,590,590,0.6008146639511202,False,2790000,2890000,390000,490000,100000,50,50,0,49999,0.49999,50,False,unique_pages_not_strictly_greater_than_guard_plus_target,c9f024d0c3f5254d50b7bb6f4757de296d5121a21b39e0dda21162cdf08c04a6,7910bdc116b3ff0414feaca3dfeb553dd84b2ef1955c4d4807f92fc643cb2155
dedup_pressure,dedup_pressure-20260731T075134Z,0.60,590,590,0.6008146639511202,False,2800000,2900000,400000,500000,100000,49,49,0,50000,0.5,49,False,unique_pages_not_strictly_greater_than_guard_plus_target,c9f024d0c3f5254d50b7bb6f4757de296d5121a21b39e0dda21162cdf08c04a6,7910bdc116b3ff0414feaca3dfeb553dd84b2ef1955c4d4807f92fc643cb2155
dedup_pressure,dedup_pressure-20260731T075134Z,0.60,590,590,0.6008146639511202,False,2810000,2910000,410000,510000,100000,49,49,0,50001,0.50001,49,False,unique_pages_not_strictly_greater_than_guard_plus_target,c9f024d0c3f5254d50b7bb6f4757de296d5121a21b39e0dda21162cdf08c04a6,7910bdc116b3ff0414feaca3dfeb553dd84b2ef1955c4d4807f92fc643cb2155
dedup_pressure,dedup_pressure-20260731T075134Z,0.60,590,590,0.6008146639511202,False,2820000,2920000,420000,520000,100000,50,50,0,49999,0.49999,50,False,unique_pages_not_strictly_greater_than_guard_plus_target,c9f024d0c3f5254d50b7bb6f4757de296d5121a21b39e0dda21162cdf08c04a6,7910bdc116b3ff0414feaca3dfeb553dd84b2ef1955c4d4807f92fc643cb2155
dedup_pressure,dedup_pressure-20260731T075134Z,0.60,590,590,0.6008146639511202,False,2830000,2930000,430000,530000,100000,49,49,0,50002,0.50002,49,False,unique_pages_not_strictly_greater_than_guard_plus_target,c9f024d0c3f5254d50b7bb6f4757de296d5121a21b39e0dda21162cdf08c04a6,7910bdc116b3ff0414feaca3dfeb553dd84b2ef1955c4d4807f92fc643cb2155
dedup_pressure,dedup_pressure-20260731T075134Z,0.60,590,590,0.6008146639511202,False,2840000,2940000,440000,540000,100000,50,50,0,49997,0.49997,50,False,unique_pages_not_strictly_greater_than_guard_plus_target,c9f024d0c3f5254d50b7bb6f4757de296d5121a21b39e0dda21162cdf08c04a6,7910bdc116b3ff0414feaca3dfeb553dd84b2ef1955c4d4807f92fc643cb2155
dedup_pressure,dedup_pressure-20260731T075134Z,0.60,590,590,0.6008146639511202,False,2850000,2950000,450000,550000,100000,49,49,0,50003,0.50003,49,False,unique_pages_not_strictly_greater_than_guard_plus_target,c9f024d0c3f5254d50b7bb6f4757de296d5121a21b39e0dda21162cdf08c04a6,7910bdc116b3ff0414feaca3dfeb553dd84b2ef1955c4d4807f92fc643cb2155
dedup_pressure,dedup_pressure-20260731T075134Z,0.60,590,590,0.6008146639511202,False,2860000,2960000,460000,560000,100000,50,50,0,49996,0.49996,50,False,unique_pages_not_strictly_greater_than_guard_plus_target,c9f024d0c3f5254d50b7bb6f4757de296d5121a21b39e0dda21162cdf08c04a6,7910bdc116b3ff0414feaca3dfeb553dd84b2ef1955c4d4807f92fc643cb2155
dedup_pressure,dedup_pressure-20260731T075134Z,0.60,590,590,0.6008146639511202,False,2870000,2970000,470000,570000,100000,49,49,0,50004,0.50004,49,False,unique_pages_not_strictly_greater_than_guard_plus_target,c9f024d0c3f5254d50b7bb6f4757de296d5121a21b39e0dda21162cdf08c04a6,7910bdc116b3ff0414feaca3dfeb553dd84b2ef1955c4d4807f92fc643cb2155
dedup_pressure,dedup_pressure-20260731T075134Z,0.60,590,590,0.6008146639511202,False,2880000,2980000,480000,580000,100000,49,49,0,49997,0.49997,49,False,unique_pages_not_strictly_greater_than_guard_plus_target,c9f024d0c3f5254d50b7bb6f4757de296d5121a21b39e0dda21162cdf08c04a6,7910bdc116b3ff0414feaca3dfeb553dd84b2ef1955c4d4807f92fc643cb2155
dedup_pressure,dedup_pressure-20260731T075134Z,0.60,590,590,0.6008146639511202,False,2890000,2990000,490000,590000,100000,49,49,0,50002,0.50002,49,False,unique_pages_not_strictly_greater_than_guard_plus_target,c9f024d0c3f5254d50b7bb6f4757de296d5121a21b39e0dda21162cdf08c04a6,7910bdc116b3ff0414feaca3dfeb553dd84b2ef1955c4d4807f92fc643cb2155
dedup_pressure,dedup_pressure-20260731T075134Z,0.60,590,590,0.6008146639511202,False,2900000,3000000,500000,600000,100000,49,49,0,49999,0.49999,49,False,unique_pages_not_strictly_greater_than_guard_plus_target,c9f024d0c3f5254d50b7bb6f4757de296d5121a21b39e0dda21162cdf08c04a6,7910bdc116b3ff0414feaca3dfeb553dd84b2ef1955c4d4807f92fc643cb2155
blackscholes,blackscholes-20260731T075408Z,0.20,22,64,0.5818181818181818,True,2400000,2500000,0,100000,100000,20,20,0,34635,0.34635,20,False,unique_pages_not_strictly_greater_than_guard_plus_target,0b24c5597d30f82a793e43a8905de180853913f0c11038ecfd2c4b37291efdea,27f4f7107f15ea52ec2052efdcffab3e2cb6cb605f4ac6cd79c6aa49a23d2a3f
blackscholes,blackscholes-20260731T075408Z,0.20,22,64,0.5818181818181818,True,2410000,2510000,10000,110000,100000,20,20,0,34656,0.34656,20,False,unique_pages_not_strictly_greater_than_guard_plus_target,0b24c5597d30f82a793e43a8905de180853913f0c11038ecfd2c4b37291efdea,27f4f7107f15ea52ec2052efdcffab3e2cb6cb605f4ac6cd79c6aa49a23d2a3f
blackscholes,blackscholes-20260731T075408Z,0.20,22,64,0.5818181818181818,True,2420000,2520000,20000,120000,100000,20,20,0,34661,0.34661,20,False,unique_pages_not_strictly_greater_than_guard_plus_target,0b24c5597d30f82a793e43a8905de180853913f0c11038ecfd2c4b37291efdea,27f4f7107f15ea52ec2052efdcffab3e2cb6cb605f4ac6cd79c6aa49a23d2a3f
blackscholes,blackscholes-20260731T075408Z,0.20,22,64,0.5818181818181818,True,2430000,2530000,30000,130000,100000,20,20,0,34648,0.34648,20,False,unique_pages_not_strictly_greater_than_guard_plus_target,0b24c5597d30f82a793e43a8905de180853913f0c11038ecfd2c4b37291efdea,27f4f7107f15ea52ec2052efdcffab3e2cb6cb605f4ac6cd79c6aa49a23d2a3f
blackscholes,blackscholes-20260731T075408Z,0.20,22,64,0.5818181818181818,True,2440000,2540000,40000,140000,100000,20,20,0,34672,0.34672,20,False,unique_pages_not_strictly_greater_than_guard_plus_target,0b24c5597d30f82a793e43a8905de180853913f0c11038ecfd2c4b37291efdea,27f4f7107f15ea52ec2052efdcffab3e2cb6cb605f4ac6cd79c6aa49a23d2a3f
blackscholes,blackscholes-20260731T075408Z,0.20,22,64,0.5818181818181818,True,2450000,2550000,50000,150000,100000,20,20,0,34675,0.34675,20,False,unique_pages_not_strictly_greater_than_guard_plus_target,0b24c5597d30f82a793e43a8905de180853913f0c11038ecfd2c4b37291efdea,27f4f7107f15ea52ec2052efdcffab3e2cb6cb605f4ac6cd79c6aa49a23d2a3f
blackscholes,blackscholes-20260731T075408Z,0.20,22,64,0.5818181818181818,True,2460000,2560000,60000,160000,100000,21,21,0,34664,0.34664,21,False,unique_pages_not_strictly_greater_than_guard_plus_target,0b24c5597d30f82a793e43a8905de180853913f0c11038ecfd2c4b37291efdea,27f4f7107f15ea52ec2052efdcffab3e2cb6cb605f4ac6cd79c6aa49a23d2a3f
blackscholes,blackscholes-20260731T075408Z,0.20,22,64,0.5818181818181818,True,2470000,2570000,70000,170000,100000,21,21,0,34690,0.3469,21,False,unique_pages_not_strictly_greater_than_guard_plus_target,0b24c5597d30f82a793e43a8905de180853913f0c11038ecfd2c4b37291efdea,27f4f7107f15ea52ec2052efdcffab3e2cb6cb605f4ac6cd79c6aa49a23d2a3f
blackscholes,blackscholes-20260731T075408Z,0.20,22,64,0.5818181818181818,True,2480000,2580000,80000,180000,100000,21,21,0,34687,0.34687,21,False,unique_pages_not_strictly_greater_than_guard_plus_target,0b24c5597d30f82a793e43a8905de180853913f0c11038ecfd2c4b37291efdea,27f4f7107f15ea52ec2052efdcffab3e2cb6cb605f4ac6cd79c6aa49a23d2a3f
blackscholes,blackscholes-20260731T075408Z,0.20,22,64,0.5818181818181818,True,2490000,2590000,90000,190000,100000,21,21,0,34671,0.34671,21,False,unique_pages_not_strictly_greater_than_guard_plus_target,0b24c5597d30f82a793e43a8905de180853913f0c11038ecfd2c4b37291efdea,27f4f7107f15ea52ec2052efdcffab3e2cb6cb605f4ac6cd79c6aa49a23d2a3f
blackscholes,blackscholes-20260731T075408Z,0.20,22,64,0.5818181818181818,True,2500000,2600000,100000,200000,100000,21,21,0,34675,0.34675,21,False,unique_pages_not_strictly_greater_than_guard_plus_target,0b24c5597d30f82a793e43a8905de180853913f0c11038ecfd2c4b37291efdea,27f4f7107f15ea52ec2052efdcffab3e2cb6cb605f4ac6cd79c6aa49a23d2a3f
blackscholes,blackscholes-20260731T075408Z,0.20,22,64,0.5818181818181818,True,2510000,2610000,110000,210000,100000,21,21,0,34666,0.34666,21,False,unique_pages_not_strictly_greater_than_guard_plus_target,0b24c5597d30f82a793e43a8905de180853913f0c11038ecfd2c4b37291efdea,27f4f7107f15ea52ec2052efdcffab3e2cb6cb605f4ac6cd79c6aa49a23d2a3f
blackscholes,blackscholes-20260731T075408Z,0.20,22,64,0.5818181818181818,True,2520000,2620000,120000,220000,100000,21,21,0,34657,0.34657,21,False,unique_pages_not_strictly_greater_than_guard_plus_target,0b24c5597d30f82a793e43a8905de180853913f0c11038ecfd2c4b37291efdea,27f4f7107f15ea52ec2052efdcffab3e2cb6cb605f4ac6cd79c6aa49a23d2a3f
blackscholes,blackscholes-20260731T075408Z,0.20,22,64,0.5818181818181818,True,2530000,2630000,130000,230000,100000,21,21,0,34668,0.34668,21,False,unique_pages_not_strictly_greater_than_guard_plus_target,0b24c5597d30f82a793e43a8905de180853913f0c11038ecfd2c4b37291efdea,27f4f7107f15ea52ec2052efdcffab3e2cb6cb605f4ac6cd79c6aa49a23d2a3f
blackscholes,blackscholes-20260731T075408Z,0.20,22,64,0.5818181818181818,True,2540000,2640000,140000,240000,100000,21,21,0,34636,0.34636,21,False,unique_pages_not_strictly_greater_than_guard_plus_target,0b24c5597d30f82a793e43a8905de180853913f0c11038ecfd2c4b37291efdea,27f4f7107f15ea52ec2052efdcffab3e2cb6cb605f4ac6cd79c6aa49a23d2a3f
blackscholes,blackscholes-20260731T075408Z,0.20,22,64,0.5818181818181818,True,2550000,2650000,150000,250000,100000,21,21,0,34639,0.34639,21,False,unique_pages_not_strictly_greater_than_guard_plus_target,0b24c5597d30f82a793e43a8905de180853913f0c11038ecfd2c4b37291efdea,27f4f7107f15ea52ec2052efdcffab3e2cb6cb605f4ac6cd79c6aa49a23d2a3f
blackscholes,blackscholes-20260731T075408Z,0.20,22,64,0.5818181818181818,True,2560000,2660000,160000,260000,100000,21,21,0,34649,0.34649,21,False,unique_pages_not_strictly_greater_than_guard_plus_target,0b24c5597d30f82a793e43a8905de180853913f0c11038ecfd2c4b37291efdea,27f4f7107f15ea52ec2052efdcffab3e2cb6cb605f4ac6cd79c6aa49a23d2a3f
blackscholes,blackscholes-20260731T075408Z,0.20,22,64,0.5818181818181818,True,2570000,2670000,170000,270000,100000,21,21,0,34602,0.34602,21,False,unique_pages_not_strictly_greater_than_guard_plus_target,0b24c5597d30f82a793e43a8905de180853913f0c11038ecfd2c4b37291efdea,27f4f7107f15ea52ec2052efdcffab3e2cb6cb605f4ac6cd79c6aa49a23d2a3f
blackscholes,blackscholes-20260731T075408Z,0.20,22,64,0.5818181818181818,True,2580000,2680000,180000,280000,100000,22,22,0,34603,0.34603,22,False,unique_pages_not_strictly_greater_than_guard_plus_target,0b24c5597d30f82a793e43a8905de180853913f0c11038ecfd2c4b37291efdea,27f4f7107f15ea52ec2052efdcffab3e2cb6cb605f4ac6cd79c6aa49a23d2a3f
blackscholes,blackscholes-20260731T075408Z,0.20,22,64,0.5818181818181818,True,2590000,2690000,190000,290000,100000,22,22,0,34604,0.34604,22,False,unique_pages_not_strictly_greater_than_guard_plus_target,0b24c5597d30f82a793e43a8905de180853913f0c11038ecfd2c4b37291efdea,27f4f7107f15ea52ec2052efdcffab3e2cb6cb605f4ac6cd79c6aa49a23d2a3f
blackscholes,blackscholes-20260731T075408Z,0.20,22,64,0.5818181818181818,True,2600000,2700000,200000,300000,100000,22,22,0,34591,0.34591,22,False,unique_pages_not_strictly_greater_than_guard_plus_target,0b24c5597d30f82a793e43a8905de180853913f0c11038ecfd2c4b37291efdea,27f4f7107f15ea52ec2052efdcffab3e2cb6cb605f4ac6cd79c6aa49a23d2a3f
blackscholes,blackscholes-20260731T075408Z,0.20,22,64,0.5818181818181818,True,2610000,2710000,210000,310000,100000,22,22,0,34603,0.34603,22,False,unique_pages_not_strictly_greater_than_guard_plus_target,0b24c5597d30f82a793e43a8905de180853913f0c11038ecfd2c4b37291efdea,27f4f7107f15ea52ec2052efdcffab3e2cb6cb605f4ac6cd79c6aa49a23d2a3f
blackscholes,blackscholes-20260731T075408Z,0.20,22,64,0.5818181818181818,True,2620000,2720000,220000,320000,100000,21,21,0,34601,0.34601,21,False,unique_pages_not_strictly_greater_than_guard_plus_target,0b24c5597d30f82a793e43a8905de180853913f0c11038ecfd2c4b37291efdea,27f4f7107f15ea52ec2052efdcffab3e2cb6cb605f4ac6cd79c6aa49a23d2a3f
blackscholes,blackscholes-20260731T075408Z,0.20,22,64,0.5818181818181818,True,2630000,2730000,230000,330000,100000,21,21,0,34594,0.34594,21,False,unique_pages_not_strictly_greater_than_guard_plus_target,0b24c5597d30f82a793e43a8905de180853913f0c11038ecfd2c4b37291efdea,27f4f7107f15ea52ec2052efdcffab3e2cb6cb605f4ac6cd79c6aa49a23d2a3f
blackscholes,blackscholes-20260731T075408Z,0.20,22,64,0.5818181818181818,True,2640000,2740000,240000,340000,100000,21,21,0,34587,0.34587,21,False,unique_pages_not_strictly_greater_than_guard_plus_target,0b24c5597d30f82a793e43a8905de180853913f0c11038ecfd2c4b37291efdea,27f4f7107f15ea52ec2052efdcffab3e2cb6cb605f4ac6cd79c6aa49a23d2a3f
blackscholes,blackscholes-20260731T075408Z,0.20,22,64,0.5818181818181818,True,2650000,2750000,250000,350000,100000,21,21,0,34584,0.34584,21,False,unique_pages_not_strictly_greater_than_guard_plus_target,0b24c5597d30f82a793e43a8905de180853913f0c11038ecfd2c4b37291efdea,27f4f7107f15ea52ec2052efdcffab3e2cb6cb605f4ac6cd79c6aa49a23d2a3f
blackscholes,blackscholes-20260731T075408Z,0.20,22,64,0.5818181818181818,True,2660000,2760000,260000,360000,100000,21,21,0,34578,0.34578,21,False,unique_pages_not_strictly_greater_than_guard_plus_target,0b24c5597d30f82a793e43a8905de180853913f0c11038ecfd2c4b37291efdea,27f4f7107f15ea52ec2052efdcffab3e2cb6cb605f4ac6cd79c6aa49a23d2a3f
blackscholes,blackscholes-20260731T075408Z,0.20,22,64,0.5818181818181818,True,2670000,2770000,270000,370000,100000,22,22,0,34602,0.34602,22,False,unique_pages_not_strictly_greater_than_guard_plus_target,0b24c5597d30f82a793e43a8905de180853913f0c11038ecfd2c4b37291efdea,27f4f7107f15ea52ec2052efdcffab3e2cb6cb605f4ac6cd79c6aa49a23d2a3f
blackscholes,blackscholes-20260731T075408Z,0.20,22,64,0.5818181818181818,True,2680000,2780000,280000,380000,100000,21,21,0,34618,0.34618,21,False,unique_pages_not_strictly_greater_than_guard_plus_target,0b24c5597d30f82a793e43a8905de180853913f0c11038ecfd2c4b37291efdea,27f4f7107f15ea52ec2052efdcffab3e2cb6cb605f4ac6cd79c6aa49a23d2a3f
blackscholes,blackscholes-20260731T075408Z,0.20,22,64,0.5818181818181818,True,2690000,2790000,290000,390000,100000,21,21,0,34621,0.34621,21,False,unique_pages_not_strictly_greater_than_guard_plus_target,0b24c5597d30f82a793e43a8905de180853913f0c11038ecfd2c4b37291efdea,27f4f7107f15ea52ec2052efdcffab3e2cb6cb605f4ac6cd79c6aa49a23d2a3f
blackscholes,blackscholes-20260731T075408Z,0.20,22,64,0.5818181818181818,True,2700000,2800000,300000,400000,100000,21,21,0,34605,0.34605,21,False,unique_pages_not_strictly_greater_than_guard_plus_target,0b24c5597d30f82a793e43a8905de180853913f0c11038ecfd2c4b37291efdea,27f4f7107f15ea52ec2052efdcffab3e2cb6cb605f4ac6cd79c6aa49a23d2a3f
blackscholes,blackscholes-20260731T075408Z,0.20,22,64,0.5818181818181818,True,2710000,2810000,310000,410000,100000,21,21,0,34599,0.34599,21,False,unique_pages_not_strictly_greater_than_guard_plus_target,0b24c5597d30f82a793e43a8905de180853913f0c11038ecfd2c4b37291efdea,27f4f7107f15ea52ec2052efdcffab3e2cb6cb605f4ac6cd79c6aa49a23d2a3f
blackscholes,blackscholes-20260731T075408Z,0.20,22,64,0.5818181818181818,True,2720000,2820000,320000,420000,100000,21,21,0,34596,0.34596,21,False,unique_pages_not_strictly_greater_than_guard_plus_target,0b24c5597d30f82a793e43a8905de180853913f0c11038ecfd2c4b37291efdea,27f4f7107f15ea52ec2052efdcffab3e2cb6cb605f4ac6cd79c6aa49a23d2a3f
blackscholes,blackscholes-20260731T075408Z,0.20,22,64,0.5818181818181818,True,2730000,2830000,330000,430000,100000,21,21,0,34598,0.34598,21,False,unique_pages_not_strictly_greater_than_guard_plus_target,0b24c5597d30f82a793e43a8905de180853913f0c11038ecfd2c4b37291efdea,27f4f7107f15ea52ec2052efdcffab3e2cb6cb605f4ac6cd79c6aa49a23d2a3f
blackscholes,blackscholes-20260731T075408Z,0.20,22,64,0.5818181818181818,True,2740000,2840000,340000,440000,100000,21,21,0,34613,0.34613,21,False,unique_pages_not_strictly_greater_than_guard_plus_target,0b24c5597d30f82a793e43a8905de180853913f0c11038ecfd2c4b37291efdea,27f4f7107f15ea52ec2052efdcffab3e2cb6cb605f4ac6cd79c6aa49a23d2a3f
blackscholes,blackscholes-20260731T075408Z,0.20,22,64,0.5818181818181818,True,2750000,2850000,350000,450000,100000,21,21,0,34621,0.34621,21,False,unique_pages_not_strictly_greater_than_guard_plus_target,0b24c5597d30f82a793e43a8905de180853913f0c11038ecfd2c4b37291efdea,27f4f7107f15ea52ec2052efdcffab3e2cb6cb605f4ac6cd79c6aa49a23d2a3f
blackscholes,blackscholes-20260731T075408Z,0.20,22,64,0.5818181818181818,True,2760000,2860000,360000,460000,100000,21,21,0,34592,0.34592,21,False,unique_pages_not_strictly_greater_than_guard_plus_target,0b24c5597d30f82a793e43a8905de180853913f0c11038ecfd2c4b37291efdea,27f4f7107f15ea52ec2052efdcffab3e2cb6cb605f4ac6cd79c6aa49a23d2a3f
blackscholes,blackscholes-20260731T075408Z,0.20,22,64,0.5818181818181818,True,2770000,2870000,370000,470000,100000,21,21,0,34578,0.34578,21,False,unique_pages_not_strictly_greater_than_guard_plus_target,0b24c5597d30f82a793e43a8905de180853913f0c11038ecfd2c4b37291efdea,27f4f7107f15ea52ec2052efdcffab3e2cb6cb605f4ac6cd79c6aa49a23d2a3f
blackscholes,blackscholes-20260731T075408Z,0.20,22,64,0.5818181818181818,True,2780000,2880000,380000,480000,100000,21,21,0,34556,0.34556,21,False,unique_pages_not_strictly_greater_than_guard_plus_target,0b24c5597d30f82a793e43a8905de180853913f0c11038ecfd2c4b37291efdea,27f4f7107f15ea52ec2052efdcffab3e2cb6cb605f4ac6cd79c6aa49a23d2a3f
blackscholes,blackscholes-20260731T075408Z,0.20,22,64,0.5818181818181818,True,2790000,2890000,390000,490000,100000,21,21,0,34558,0.34558,21,False,unique_pages_not_strictly_greater_than_guard_plus_target,0b24c5597d30f82a793e43a8905de180853913f0c11038ecfd2c4b37291efdea,27f4f7107f15ea52ec2052efdcffab3e2cb6cb605f4ac6cd79c6aa49a23d2a3f
blackscholes,blackscholes-20260731T075408Z,0.20,22,64,0.5818181818181818,True,2800000,2900000,400000,500000,100000,21,21,0,34582,0.34582,21,False,unique_pages_not_strictly_greater_than_guard_plus_target,0b24c5597d30f82a793e43a8905de180853913f0c11038ecfd2c4b37291efdea,27f4f7107f15ea52ec2052efdcffab3e2cb6cb605f4ac6cd79c6aa49a23d2a3f
blackscholes,blackscholes-20260731T075408Z,0.20,22,64,0.5818181818181818,True,2810000,2910000,410000,510000,100000,21,21,0,34586,0.34586,21,False,unique_pages_not_strictly_greater_than_guard_plus_target,0b24c5597d30f82a793e43a8905de180853913f0c11038ecfd2c4b37291efdea,27f4f7107f15ea52ec2052efdcffab3e2cb6cb605f4ac6cd79c6aa49a23d2a3f
blackscholes,blackscholes-20260731T075408Z,0.20,22,64,0.5818181818181818,True,2820000,2920000,420000,520000,100000,21,21,0,34596,0.34596,21,False,unique_pages_not_strictly_greater_than_guard_plus_target,0b24c5597d30f82a793e43a8905de180853913f0c11038ecfd2c4b37291efdea,27f4f7107f15ea52ec2052efdcffab3e2cb6cb605f4ac6cd79c6aa49a23d2a3f
blackscholes,blackscholes-20260731T075408Z,0.20,22,64,0.5818181818181818,True,2830000,2930000,430000,530000,100000,20,20,0,34615,0.34615,20,False,unique_pages_not_strictly_greater_than_guard_plus_target,0b24c5597d30f82a793e43a8905de180853913f0c11038ecfd2c4b37291efdea,27f4f7107f15ea52ec2052efdcffab3e2cb6cb605f4ac6cd79c6aa49a23d2a3f
blackscholes,blackscholes-20260731T075408Z,0.20,22,64,0.5818181818181818,True,2840000,2940000,440000,540000,100000,20,20,0,34602,0.34602,20,False,unique_pages_not_strictly_greater_than_guard_plus_target,0b24c5597d30f82a793e43a8905de180853913f0c11038ecfd2c4b37291efdea,27f4f7107f15ea52ec2052efdcffab3e2cb6cb605f4ac6cd79c6aa49a23d2a3f
blackscholes,blackscholes-20260731T075408Z,0.20,22,64,0.5818181818181818,True,2850000,2950000,450000,550000,100000,20,20,0,34588,0.34588,20,False,unique_pages_not_strictly_greater_than_guard_plus_target,0b24c5597d30f82a793e43a8905de180853913f0c11038ecfd2c4b37291efdea,27f4f7107f15ea52ec2052efdcffab3e2cb6cb605f4ac6cd79c6aa49a23d2a3f
blackscholes,blackscholes-20260731T075408Z,0.20,22,64,0.5818181818181818,True,2860000,2960000,460000,560000,100000,20,20,0,34614,0.34614,20,False,unique_pages_not_strictly_greater_than_guard_plus_target,0b24c5597d30f82a793e43a8905de180853913f0c11038ecfd2c4b37291efdea,27f4f7107f15ea52ec2052efdcffab3e2cb6cb605f4ac6cd79c6aa49a23d2a3f
blackscholes,blackscholes-20260731T075408Z,0.20,22,64,0.5818181818181818,True,2870000,2970000,470000,570000,100000,20,20,0,34622,0.34622,20,False,unique_pages_not_strictly_greater_than_guard_plus_target,0b24c5597d30f82a793e43a8905de180853913f0c11038ecfd2c4b37291efdea,27f4f7107f15ea52ec2052efdcffab3e2cb6cb605f4ac6cd79c6aa49a23d2a3f
blackscholes,blackscholes-20260731T075408Z,0.20,22,64,0.5818181818181818,True,2880000,2980000,480000,580000,100000,21,21,0,34636,0.34636,21,False,unique_pages_not_strictly_greater_than_guard_plus_target,0b24c5597d30f82a793e43a8905de180853913f0c11038ecfd2c4b37291efdea,27f4f7107f15ea52ec2052efdcffab3e2cb6cb605f4ac6cd79c6aa49a23d2a3f
blackscholes,blackscholes-20260731T075408Z,0.20,22,64,0.5818181818181818,True,2890000,2990000,490000,590000,100000,21,21,0,34637,0.34637,21,False,unique_pages_not_strictly_greater_than_guard_plus_target,0b24c5597d30f82a793e43a8905de180853913f0c11038ecfd2c4b37291efdea,27f4f7107f15ea52ec2052efdcffab3e2cb6cb605f4ac6cd79c6aa49a23d2a3f
blackscholes,blackscholes-20260731T075408Z,0.20,22,64,0.5818181818181818,True,2900000,3000000,500000,600000,100000,21,21,0,34645,0.34645,21,False,unique_pages_not_strictly_greater_than_guard_plus_target,0b24c5597d30f82a793e43a8905de180853913f0c11038ecfd2c4b37291efdea,27f4f7107f15ea52ec2052efdcffab3e2cb6cb605f4ac6cd79c6aa49a23d2a3f
blackscholes,blackscholes-20260731T075408Z,0.40,44,64,0.5818181818181818,True,2400000,2500000,0,100000,100000,20,20,0,34635,0.34635,20,False,unique_pages_not_strictly_greater_than_guard_plus_target,0b24c5597d30f82a793e43a8905de180853913f0c11038ecfd2c4b37291efdea,27f4f7107f15ea52ec2052efdcffab3e2cb6cb605f4ac6cd79c6aa49a23d2a3f
blackscholes,blackscholes-20260731T075408Z,0.40,44,64,0.5818181818181818,True,2410000,2510000,10000,110000,100000,20,20,0,34656,0.34656,20,False,unique_pages_not_strictly_greater_than_guard_plus_target,0b24c5597d30f82a793e43a8905de180853913f0c11038ecfd2c4b37291efdea,27f4f7107f15ea52ec2052efdcffab3e2cb6cb605f4ac6cd79c6aa49a23d2a3f
blackscholes,blackscholes-20260731T075408Z,0.40,44,64,0.5818181818181818,True,2420000,2520000,20000,120000,100000,20,20,0,34661,0.34661,20,False,unique_pages_not_strictly_greater_than_guard_plus_target,0b24c5597d30f82a793e43a8905de180853913f0c11038ecfd2c4b37291efdea,27f4f7107f15ea52ec2052efdcffab3e2cb6cb605f4ac6cd79c6aa49a23d2a3f
blackscholes,blackscholes-20260731T075408Z,0.40,44,64,0.5818181818181818,True,2430000,2530000,30000,130000,100000,20,20,0,34648,0.34648,20,False,unique_pages_not_strictly_greater_than_guard_plus_target,0b24c5597d30f82a793e43a8905de180853913f0c11038ecfd2c4b37291efdea,27f4f7107f15ea52ec2052efdcffab3e2cb6cb605f4ac6cd79c6aa49a23d2a3f
blackscholes,blackscholes-20260731T075408Z,0.40,44,64,0.5818181818181818,True,2440000,2540000,40000,140000,100000,20,20,0,34672,0.34672,20,False,unique_pages_not_strictly_greater_than_guard_plus_target,0b24c5597d30f82a793e43a8905de180853913f0c11038ecfd2c4b37291efdea,27f4f7107f15ea52ec2052efdcffab3e2cb6cb605f4ac6cd79c6aa49a23d2a3f
blackscholes,blackscholes-20260731T075408Z,0.40,44,64,0.5818181818181818,True,2450000,2550000,50000,150000,100000,20,20,0,34675,0.34675,20,False,unique_pages_not_strictly_greater_than_guard_plus_target,0b24c5597d30f82a793e43a8905de180853913f0c11038ecfd2c4b37291efdea,27f4f7107f15ea52ec2052efdcffab3e2cb6cb605f4ac6cd79c6aa49a23d2a3f
blackscholes,blackscholes-20260731T075408Z,0.40,44,64,0.5818181818181818,True,2460000,2560000,60000,160000,100000,21,21,0,34664,0.34664,21,False,unique_pages_not_strictly_greater_than_guard_plus_target,0b24c5597d30f82a793e43a8905de180853913f0c11038ecfd2c4b37291efdea,27f4f7107f15ea52ec2052efdcffab3e2cb6cb605f4ac6cd79c6aa49a23d2a3f
blackscholes,blackscholes-20260731T075408Z,0.40,44,64,0.5818181818181818,True,2470000,2570000,70000,170000,100000,21,21,0,34690,0.3469,21,False,unique_pages_not_strictly_greater_than_guard_plus_target,0b24c5597d30f82a793e43a8905de180853913f0c11038ecfd2c4b37291efdea,27f4f7107f15ea52ec2052efdcffab3e2cb6cb605f4ac6cd79c6aa49a23d2a3f
blackscholes,blackscholes-20260731T075408Z,0.40,44,64,0.5818181818181818,True,2480000,2580000,80000,180000,100000,21,21,0,34687,0.34687,21,False,unique_pages_not_strictly_greater_than_guard_plus_target,0b24c5597d30f82a793e43a8905de180853913f0c11038ecfd2c4b37291efdea,27f4f7107f15ea52ec2052efdcffab3e2cb6cb605f4ac6cd79c6aa49a23d2a3f
blackscholes,blackscholes-20260731T075408Z,0.40,44,64,0.5818181818181818,True,2490000,2590000,90000,190000,100000,21,21,0,34671,0.34671,21,False,unique_pages_not_strictly_greater_than_guard_plus_target,0b24c5597d30f82a793e43a8905de180853913f0c11038ecfd2c4b37291efdea,27f4f7107f15ea52ec2052efdcffab3e2cb6cb605f4ac6cd79c6aa49a23d2a3f
blackscholes,blackscholes-20260731T075408Z,0.40,44,64,0.5818181818181818,True,2500000,2600000,100000,200000,100000,21,21,0,34675,0.34675,21,False,unique_pages_not_strictly_greater_than_guard_plus_target,0b24c5597d30f82a793e43a8905de180853913f0c11038ecfd2c4b37291efdea,27f4f7107f15ea52ec2052efdcffab3e2cb6cb605f4ac6cd79c6aa49a23d2a3f
blackscholes,blackscholes-20260731T075408Z,0.40,44,64,0.5818181818181818,True,2510000,2610000,110000,210000,100000,21,21,0,34666,0.34666,21,False,unique_pages_not_strictly_greater_than_guard_plus_target,0b24c5597d30f82a793e43a8905de180853913f0c11038ecfd2c4b37291efdea,27f4f7107f15ea52ec2052efdcffab3e2cb6cb605f4ac6cd79c6aa49a23d2a3f
blackscholes,blackscholes-20260731T075408Z,0.40,44,64,0.5818181818181818,True,2520000,2620000,120000,220000,100000,21,21,0,34657,0.34657,21,False,unique_pages_not_strictly_greater_than_guard_plus_target,0b24c5597d30f82a793e43a8905de180853913f0c11038ecfd2c4b37291efdea,27f4f7107f15ea52ec2052efdcffab3e2cb6cb605f4ac6cd79c6aa49a23d2a3f
blackscholes,blackscholes-20260731T075408Z,0.40,44,64,0.5818181818181818,True,2530000,2630000,130000,230000,100000,21,21,0,34668,0.34668,21,False,unique_pages_not_strictly_greater_than_guard_plus_target,0b24c5597d30f82a793e43a8905de180853913f0c11038ecfd2c4b37291efdea,27f4f7107f15ea52ec2052efdcffab3e2cb6cb605f4ac6cd79c6aa49a23d2a3f
blackscholes,blackscholes-20260731T075408Z,0.40,44,64,0.5818181818181818,True,2540000,2640000,140000,240000,100000,21,21,0,34636,0.34636,21,False,unique_pages_not_strictly_greater_than_guard_plus_target,0b24c5597d30f82a793e43a8905de180853913f0c11038ecfd2c4b37291efdea,27f4f7107f15ea52ec2052efdcffab3e2cb6cb605f4ac6cd79c6aa49a23d2a3f
blackscholes,blackscholes-20260731T075408Z,0.40,44,64,0.5818181818181818,True,2550000,2650000,150000,250000,100000,21,21,0,34639,0.34639,21,False,unique_pages_not_strictly_greater_than_guard_plus_target,0b24c5597d30f82a793e43a8905de180853913f0c11038ecfd2c4b37291efdea,27f4f7107f15ea52ec2052efdcffab3e2cb6cb605f4ac6cd79c6aa49a23d2a3f
blackscholes,blackscholes-20260731T075408Z,0.40,44,64,0.5818181818181818,True,2560000,2660000,160000,260000,100000,21,21,0,34649,0.34649,21,False,unique_pages_not_strictly_greater_than_guard_plus_target,0b24c5597d30f82a793e43a8905de180853913f0c11038ecfd2c4b37291efdea,27f4f7107f15ea52ec2052efdcffab3e2cb6cb605f4ac6cd79c6aa49a23d2a3f
blackscholes,blackscholes-20260731T075408Z,0.40,44,64,0.5818181818181818,True,2570000,2670000,170000,270000,100000,21,21,0,34602,0.34602,21,False,unique_pages_not_strictly_greater_than_guard_plus_target,0b24c5597d30f82a793e43a8905de180853913f0c11038ecfd2c4b37291efdea,27f4f7107f15ea52ec2052efdcffab3e2cb6cb605f4ac6cd79c6aa49a23d2a3f
blackscholes,blackscholes-20260731T075408Z,0.40,44,64,0.5818181818181818,True,2580000,2680000,180000,280000,100000,22,22,0,34603,0.34603,22,False,unique_pages_not_strictly_greater_than_guard_plus_target,0b24c5597d30f82a793e43a8905de180853913f0c11038ecfd2c4b37291efdea,27f4f7107f15ea52ec2052efdcffab3e2cb6cb605f4ac6cd79c6aa49a23d2a3f
blackscholes,blackscholes-20260731T075408Z,0.40,44,64,0.5818181818181818,True,2590000,2690000,190000,290000,100000,22,22,0,34604,0.34604,22,False,unique_pages_not_strictly_greater_than_guard_plus_target,0b24c5597d30f82a793e43a8905de180853913f0c11038ecfd2c4b37291efdea,27f4f7107f15ea52ec2052efdcffab3e2cb6cb605f4ac6cd79c6aa49a23d2a3f
blackscholes,blackscholes-20260731T075408Z,0.40,44,64,0.5818181818181818,True,2600000,2700000,200000,300000,100000,22,22,0,34591,0.34591,22,False,unique_pages_not_strictly_greater_than_guard_plus_target,0b24c5597d30f82a793e43a8905de180853913f0c11038ecfd2c4b37291efdea,27f4f7107f15ea52ec2052efdcffab3e2cb6cb605f4ac6cd79c6aa49a23d2a3f
blackscholes,blackscholes-20260731T075408Z,0.40,44,64,0.5818181818181818,True,2610000,2710000,210000,310000,100000,22,22,0,34603,0.34603,22,False,unique_pages_not_strictly_greater_than_guard_plus_target,0b24c5597d30f82a793e43a8905de180853913f0c11038ecfd2c4b37291efdea,27f4f7107f15ea52ec2052efdcffab3e2cb6cb605f4ac6cd79c6aa49a23d2a3f
blackscholes,blackscholes-20260731T075408Z,0.40,44,64,0.5818181818181818,True,2620000,2720000,220000,320000,100000,21,21,0,34601,0.34601,21,False,unique_pages_not_strictly_greater_than_guard_plus_target,0b24c5597d30f82a793e43a8905de180853913f0c11038ecfd2c4b37291efdea,27f4f7107f15ea52ec2052efdcffab3e2cb6cb605f4ac6cd79c6aa49a23d2a3f
blackscholes,blackscholes-20260731T075408Z,0.40,44,64,0.5818181818181818,True,2630000,2730000,230000,330000,100000,21,21,0,34594,0.34594,21,False,unique_pages_not_strictly_greater_than_guard_plus_target,0b24c5597d30f82a793e43a8905de180853913f0c11038ecfd2c4b37291efdea,27f4f7107f15ea52ec2052efdcffab3e2cb6cb605f4ac6cd79c6aa49a23d2a3f
blackscholes,blackscholes-20260731T075408Z,0.40,44,64,0.5818181818181818,True,2640000,2740000,240000,340000,100000,21,21,0,34587,0.34587,21,False,unique_pages_not_strictly_greater_than_guard_plus_target,0b24c5597d30f82a793e43a8905de180853913f0c11038ecfd2c4b37291efdea,27f4f7107f15ea52ec2052efdcffab3e2cb6cb605f4ac6cd79c6aa49a23d2a3f
blackscholes,blackscholes-20260731T075408Z,0.40,44,64,0.5818181818181818,True,2650000,2750000,250000,350000,100000,21,21,0,34584,0.34584,21,False,unique_pages_not_strictly_greater_than_guard_plus_target,0b24c5597d30f82a793e43a8905de180853913f0c11038ecfd2c4b37291efdea,27f4f7107f15ea52ec2052efdcffab3e2cb6cb605f4ac6cd79c6aa49a23d2a3f
blackscholes,blackscholes-20260731T075408Z,0.40,44,64,0.5818181818181818,True,2660000,2760000,260000,360000,100000,21,21,0,34578,0.34578,21,False,unique_pages_not_strictly_greater_than_guard_plus_target,0b24c5597d30f82a793e43a8905de180853913f0c11038ecfd2c4b37291efdea,27f4f7107f15ea52ec2052efdcffab3e2cb6cb605f4ac6cd79c6aa49a23d2a3f
blackscholes,blackscholes-20260731T075408Z,0.40,44,64,0.5818181818181818,True,2670000,2770000,270000,370000,100000,22,22,0,34602,0.34602,22,False,unique_pages_not_strictly_greater_than_guard_plus_target,0b24c5597d30f82a793e43a8905de180853913f0c11038ecfd2c4b37291efdea,27f4f7107f15ea52ec2052efdcffab3e2cb6cb605f4ac6cd79c6aa49a23d2a3f
blackscholes,blackscholes-20260731T075408Z,0.40,44,64,0.5818181818181818,True,2680000,2780000,280000,380000,100000,21,21,0,34618,0.34618,21,False,unique_pages_not_strictly_greater_than_guard_plus_target,0b24c5597d30f82a793e43a8905de180853913f0c11038ecfd2c4b37291efdea,27f4f7107f15ea52ec2052efdcffab3e2cb6cb605f4ac6cd79c6aa49a23d2a3f
blackscholes,blackscholes-20260731T075408Z,0.40,44,64,0.5818181818181818,True,2690000,2790000,290000,390000,100000,21,21,0,34621,0.34621,21,False,unique_pages_not_strictly_greater_than_guard_plus_target,0b24c5597d30f82a793e43a8905de180853913f0c11038ecfd2c4b37291efdea,27f4f7107f15ea52ec2052efdcffab3e2cb6cb605f4ac6cd79c6aa49a23d2a3f
blackscholes,blackscholes-20260731T075408Z,0.40,44,64,0.5818181818181818,True,2700000,2800000,300000,400000,100000,21,21,0,34605,0.34605,21,False,unique_pages_not_strictly_greater_than_guard_plus_target,0b24c5597d30f82a793e43a8905de180853913f0c11038ecfd2c4b37291efdea,27f4f7107f15ea52ec2052efdcffab3e2cb6cb605f4ac6cd79c6aa49a23d2a3f
blackscholes,blackscholes-20260731T075408Z,0.40,44,64,0.5818181818181818,True,2710000,2810000,310000,410000,100000,21,21,0,34599,0.34599,21,False,unique_pages_not_strictly_greater_than_guard_plus_target,0b24c5597d30f82a793e43a8905de180853913f0c11038ecfd2c4b37291efdea,27f4f7107f15ea52ec2052efdcffab3e2cb6cb605f4ac6cd79c6aa49a23d2a3f
blackscholes,blackscholes-20260731T075408Z,0.40,44,64,0.5818181818181818,True,2720000,2820000,320000,420000,100000,21,21,0,34596,0.34596,21,False,unique_pages_not_strictly_greater_than_guard_plus_target,0b24c5597d30f82a793e43a8905de180853913f0c11038ecfd2c4b37291efdea,27f4f7107f15ea52ec2052efdcffab3e2cb6cb605f4ac6cd79c6aa49a23d2a3f
blackscholes,blackscholes-20260731T075408Z,0.40,44,64,0.5818181818181818,True,2730000,2830000,330000,430000,100000,21,21,0,34598,0.34598,21,False,unique_pages_not_strictly_greater_than_guard_plus_target,0b24c5597d30f82a793e43a8905de180853913f0c11038ecfd2c4b37291efdea,27f4f7107f15ea52ec2052efdcffab3e2cb6cb605f4ac6cd79c6aa49a23d2a3f
blackscholes,blackscholes-20260731T075408Z,0.40,44,64,0.5818181818181818,True,2740000,2840000,340000,440000,100000,21,21,0,34613,0.34613,21,False,unique_pages_not_strictly_greater_than_guard_plus_target,0b24c5597d30f82a793e43a8905de180853913f0c11038ecfd2c4b37291efdea,27f4f7107f15ea52ec2052efdcffab3e2cb6cb605f4ac6cd79c6aa49a23d2a3f
blackscholes,blackscholes-20260731T075408Z,0.40,44,64,0.5818181818181818,True,2750000,2850000,350000,450000,100000,21,21,0,34621,0.34621,21,False,unique_pages_not_strictly_greater_than_guard_plus_target,0b24c5597d30f82a793e43a8905de180853913f0c11038ecfd2c4b37291efdea,27f4f7107f15ea52ec2052efdcffab3e2cb6cb605f4ac6cd79c6aa49a23d2a3f
blackscholes,blackscholes-20260731T075408Z,0.40,44,64,0.5818181818181818,True,2760000,2860000,360000,460000,100000,21,21,0,34592,0.34592,21,False,unique_pages_not_strictly_greater_than_guard_plus_target,0b24c5597d30f82a793e43a8905de180853913f0c11038ecfd2c4b37291efdea,27f4f7107f15ea52ec2052efdcffab3e2cb6cb605f4ac6cd79c6aa49a23d2a3f
blackscholes,blackscholes-20260731T075408Z,0.40,44,64,0.5818181818181818,True,2770000,2870000,370000,470000,100000,21,21,0,34578,0.34578,21,False,unique_pages_not_strictly_greater_than_guard_plus_target,0b24c5597d30f82a793e43a8905de180853913f0c11038ecfd2c4b37291efdea,27f4f7107f15ea52ec2052efdcffab3e2cb6cb605f4ac6cd79c6aa49a23d2a3f
blackscholes,blackscholes-20260731T075408Z,0.40,44,64,0.5818181818181818,True,2780000,2880000,380000,480000,100000,21,21,0,34556,0.34556,21,False,unique_pages_not_strictly_greater_than_guard_plus_target,0b24c5597d30f82a793e43a8905de180853913f0c11038ecfd2c4b37291efdea,27f4f7107f15ea52ec2052efdcffab3e2cb6cb605f4ac6cd79c6aa49a23d2a3f
blackscholes,blackscholes-20260731T075408Z,0.40,44,64,0.5818181818181818,True,2790000,2890000,390000,490000,100000,21,21,0,34558,0.34558,21,False,unique_pages_not_strictly_greater_than_guard_plus_target,0b24c5597d30f82a793e43a8905de180853913f0c11038ecfd2c4b37291efdea,27f4f7107f15ea52ec2052efdcffab3e2cb6cb605f4ac6cd79c6aa49a23d2a3f
blackscholes,blackscholes-20260731T075408Z,0.40,44,64,0.5818181818181818,True,2800000,2900000,400000,500000,100000,21,21,0,34582,0.34582,21,False,unique_pages_not_strictly_greater_than_guard_plus_target,0b24c5597d30f82a793e43a8905de180853913f0c11038ecfd2c4b37291efdea,27f4f7107f15ea52ec2052efdcffab3e2cb6cb605f4ac6cd79c6aa49a23d2a3f
blackscholes,blackscholes-20260731T075408Z,0.40,44,64,0.5818181818181818,True,2810000,2910000,410000,510000,100000,21,21,0,34586,0.34586,21,False,unique_pages_not_strictly_greater_than_guard_plus_target,0b24c5597d30f82a793e43a8905de180853913f0c11038ecfd2c4b37291efdea,27f4f7107f15ea52ec2052efdcffab3e2cb6cb605f4ac6cd79c6aa49a23d2a3f
blackscholes,blackscholes-20260731T075408Z,0.40,44,64,0.5818181818181818,True,2820000,2920000,420000,520000,100000,21,21,0,34596,0.34596,21,False,unique_pages_not_strictly_greater_than_guard_plus_target,0b24c5597d30f82a793e43a8905de180853913f0c11038ecfd2c4b37291efdea,27f4f7107f15ea52ec2052efdcffab3e2cb6cb605f4ac6cd79c6aa49a23d2a3f
blackscholes,blackscholes-20260731T075408Z,0.40,44,64,0.5818181818181818,True,2830000,2930000,430000,530000,100000,20,20,0,34615,0.34615,20,False,unique_pages_not_strictly_greater_than_guard_plus_target,0b24c5597d30f82a793e43a8905de180853913f0c11038ecfd2c4b37291efdea,27f4f7107f15ea52ec2052efdcffab3e2cb6cb605f4ac6cd79c6aa49a23d2a3f
blackscholes,blackscholes-20260731T075408Z,0.40,44,64,0.5818181818181818,True,2840000,2940000,440000,540000,100000,20,20,0,34602,0.34602,20,False,unique_pages_not_strictly_greater_than_guard_plus_target,0b24c5597d30f82a793e43a8905de180853913f0c11038ecfd2c4b37291efdea,27f4f7107f15ea52ec2052efdcffab3e2cb6cb605f4ac6cd79c6aa49a23d2a3f
blackscholes,blackscholes-20260731T075408Z,0.40,44,64,0.5818181818181818,True,2850000,2950000,450000,550000,100000,20,20,0,34588,0.34588,20,False,unique_pages_not_strictly_greater_than_guard_plus_target,0b24c5597d30f82a793e43a8905de180853913f0c11038ecfd2c4b37291efdea,27f4f7107f15ea52ec2052efdcffab3e2cb6cb605f4ac6cd79c6aa49a23d2a3f
blackscholes,blackscholes-20260731T075408Z,0.40,44,64,0.5818181818181818,True,2860000,2960000,460000,560000,100000,20,20,0,34614,0.34614,20,False,unique_pages_not_strictly_greater_than_guard_plus_target,0b24c5597d30f82a793e43a8905de180853913f0c11038ecfd2c4b37291efdea,27f4f7107f15ea52ec2052efdcffab3e2cb6cb605f4ac6cd79c6aa49a23d2a3f
blackscholes,blackscholes-20260731T075408Z,0.40,44,64,0.5818181818181818,True,2870000,2970000,470000,570000,100000,20,20,0,34622,0.34622,20,False,unique_pages_not_strictly_greater_than_guard_plus_target,0b24c5597d30f82a793e43a8905de180853913f0c11038ecfd2c4b37291efdea,27f4f7107f15ea52ec2052efdcffab3e2cb6cb605f4ac6cd79c6aa49a23d2a3f
blackscholes,blackscholes-20260731T075408Z,0.40,44,64,0.5818181818181818,True,2880000,2980000,480000,580000,100000,21,21,0,34636,0.34636,21,False,unique_pages_not_strictly_greater_than_guard_plus_target,0b24c5597d30f82a793e43a8905de180853913f0c11038ecfd2c4b37291efdea,27f4f7107f15ea52ec2052efdcffab3e2cb6cb605f4ac6cd79c6aa49a23d2a3f
blackscholes,blackscholes-20260731T075408Z,0.40,44,64,0.5818181818181818,True,2890000,2990000,490000,590000,100000,21,21,0,34637,0.34637,21,False,unique_pages_not_strictly_greater_than_guard_plus_target,0b24c5597d30f82a793e43a8905de180853913f0c11038ecfd2c4b37291efdea,27f4f7107f15ea52ec2052efdcffab3e2cb6cb605f4ac6cd79c6aa49a23d2a3f
blackscholes,blackscholes-20260731T075408Z,0.40,44,64,0.5818181818181818,True,2900000,3000000,500000,600000,100000,21,21,0,34645,0.34645,21,False,unique_pages_not_strictly_greater_than_guard_plus_target,0b24c5597d30f82a793e43a8905de180853913f0c11038ecfd2c4b37291efdea,27f4f7107f15ea52ec2052efdcffab3e2cb6cb605f4ac6cd79c6aa49a23d2a3f
blackscholes,blackscholes-20260731T075408Z,0.60,66,66,0.6,False,2400000,2500000,0,100000,100000,20,20,0,34635,0.34635,20,False,unique_pages_not_strictly_greater_than_guard_plus_target,0b24c5597d30f82a793e43a8905de180853913f0c11038ecfd2c4b37291efdea,27f4f7107f15ea52ec2052efdcffab3e2cb6cb605f4ac6cd79c6aa49a23d2a3f
blackscholes,blackscholes-20260731T075408Z,0.60,66,66,0.6,False,2410000,2510000,10000,110000,100000,20,20,0,34656,0.34656,20,False,unique_pages_not_strictly_greater_than_guard_plus_target,0b24c5597d30f82a793e43a8905de180853913f0c11038ecfd2c4b37291efdea,27f4f7107f15ea52ec2052efdcffab3e2cb6cb605f4ac6cd79c6aa49a23d2a3f
blackscholes,blackscholes-20260731T075408Z,0.60,66,66,0.6,False,2420000,2520000,20000,120000,100000,20,20,0,34661,0.34661,20,False,unique_pages_not_strictly_greater_than_guard_plus_target,0b24c5597d30f82a793e43a8905de180853913f0c11038ecfd2c4b37291efdea,27f4f7107f15ea52ec2052efdcffab3e2cb6cb605f4ac6cd79c6aa49a23d2a3f
blackscholes,blackscholes-20260731T075408Z,0.60,66,66,0.6,False,2430000,2530000,30000,130000,100000,20,20,0,34648,0.34648,20,False,unique_pages_not_strictly_greater_than_guard_plus_target,0b24c5597d30f82a793e43a8905de180853913f0c11038ecfd2c4b37291efdea,27f4f7107f15ea52ec2052efdcffab3e2cb6cb605f4ac6cd79c6aa49a23d2a3f
blackscholes,blackscholes-20260731T075408Z,0.60,66,66,0.6,False,2440000,2540000,40000,140000,100000,20,20,0,34672,0.34672,20,False,unique_pages_not_strictly_greater_than_guard_plus_target,0b24c5597d30f82a793e43a8905de180853913f0c11038ecfd2c4b37291efdea,27f4f7107f15ea52ec2052efdcffab3e2cb6cb605f4ac6cd79c6aa49a23d2a3f
blackscholes,blackscholes-20260731T075408Z,0.60,66,66,0.6,False,2450000,2550000,50000,150000,100000,20,20,0,34675,0.34675,20,False,unique_pages_not_strictly_greater_than_guard_plus_target,0b24c5597d30f82a793e43a8905de180853913f0c11038ecfd2c4b37291efdea,27f4f7107f15ea52ec2052efdcffab3e2cb6cb605f4ac6cd79c6aa49a23d2a3f
blackscholes,blackscholes-20260731T075408Z,0.60,66,66,0.6,False,2460000,2560000,60000,160000,100000,21,21,0,34664,0.34664,21,False,unique_pages_not_strictly_greater_than_guard_plus_target,0b24c5597d30f82a793e43a8905de180853913f0c11038ecfd2c4b37291efdea,27f4f7107f15ea52ec2052efdcffab3e2cb6cb605f4ac6cd79c6aa49a23d2a3f
blackscholes,blackscholes-20260731T075408Z,0.60,66,66,0.6,False,2470000,2570000,70000,170000,100000,21,21,0,34690,0.3469,21,False,unique_pages_not_strictly_greater_than_guard_plus_target,0b24c5597d30f82a793e43a8905de180853913f0c11038ecfd2c4b37291efdea,27f4f7107f15ea52ec2052efdcffab3e2cb6cb605f4ac6cd79c6aa49a23d2a3f
blackscholes,blackscholes-20260731T075408Z,0.60,66,66,0.6,False,2480000,2580000,80000,180000,100000,21,21,0,34687,0.34687,21,False,unique_pages_not_strictly_greater_than_guard_plus_target,0b24c5597d30f82a793e43a8905de180853913f0c11038ecfd2c4b37291efdea,27f4f7107f15ea52ec2052efdcffab3e2cb6cb605f4ac6cd79c6aa49a23d2a3f
blackscholes,blackscholes-20260731T075408Z,0.60,66,66,0.6,False,2490000,2590000,90000,190000,100000,21,21,0,34671,0.34671,21,False,unique_pages_not_strictly_greater_than_guard_plus_target,0b24c5597d30f82a793e43a8905de180853913f0c11038ecfd2c4b37291efdea,27f4f7107f15ea52ec2052efdcffab3e2cb6cb605f4ac6cd79c6aa49a23d2a3f
blackscholes,blackscholes-20260731T075408Z,0.60,66,66,0.6,False,2500000,2600000,100000,200000,100000,21,21,0,34675,0.34675,21,False,unique_pages_not_strictly_greater_than_guard_plus_target,0b24c5597d30f82a793e43a8905de180853913f0c11038ecfd2c4b37291efdea,27f4f7107f15ea52ec2052efdcffab3e2cb6cb605f4ac6cd79c6aa49a23d2a3f
blackscholes,blackscholes-20260731T075408Z,0.60,66,66,0.6,False,2510000,2610000,110000,210000,100000,21,21,0,34666,0.34666,21,False,unique_pages_not_strictly_greater_than_guard_plus_target,0b24c5597d30f82a793e43a8905de180853913f0c11038ecfd2c4b37291efdea,27f4f7107f15ea52ec2052efdcffab3e2cb6cb605f4ac6cd79c6aa49a23d2a3f
blackscholes,blackscholes-20260731T075408Z,0.60,66,66,0.6,False,2520000,2620000,120000,220000,100000,21,21,0,34657,0.34657,21,False,unique_pages_not_strictly_greater_than_guard_plus_target,0b24c5597d30f82a793e43a8905de180853913f0c11038ecfd2c4b37291efdea,27f4f7107f15ea52ec2052efdcffab3e2cb6cb605f4ac6cd79c6aa49a23d2a3f
blackscholes,blackscholes-20260731T075408Z,0.60,66,66,0.6,False,2530000,2630000,130000,230000,100000,21,21,0,34668,0.34668,21,False,unique_pages_not_strictly_greater_than_guard_plus_target,0b24c5597d30f82a793e43a8905de180853913f0c11038ecfd2c4b37291efdea,27f4f7107f15ea52ec2052efdcffab3e2cb6cb605f4ac6cd79c6aa49a23d2a3f
blackscholes,blackscholes-20260731T075408Z,0.60,66,66,0.6,False,2540000,2640000,140000,240000,100000,21,21,0,34636,0.34636,21,False,unique_pages_not_strictly_greater_than_guard_plus_target,0b24c5597d30f82a793e43a8905de180853913f0c11038ecfd2c4b37291efdea,27f4f7107f15ea52ec2052efdcffab3e2cb6cb605f4ac6cd79c6aa49a23d2a3f
blackscholes,blackscholes-20260731T075408Z,0.60,66,66,0.6,False,2550000,2650000,150000,250000,100000,21,21,0,34639,0.34639,21,False,unique_pages_not_strictly_greater_than_guard_plus_target,0b24c5597d30f82a793e43a8905de180853913f0c11038ecfd2c4b37291efdea,27f4f7107f15ea52ec2052efdcffab3e2cb6cb605f4ac6cd79c6aa49a23d2a3f
blackscholes,blackscholes-20260731T075408Z,0.60,66,66,0.6,False,2560000,2660000,160000,260000,100000,21,21,0,34649,0.34649,21,False,unique_pages_not_strictly_greater_than_guard_plus_target,0b24c5597d30f82a793e43a8905de180853913f0c11038ecfd2c4b37291efdea,27f4f7107f15ea52ec2052efdcffab3e2cb6cb605f4ac6cd79c6aa49a23d2a3f
blackscholes,blackscholes-20260731T075408Z,0.60,66,66,0.6,False,2570000,2670000,170000,270000,100000,21,21,0,34602,0.34602,21,False,unique_pages_not_strictly_greater_than_guard_plus_target,0b24c5597d30f82a793e43a8905de180853913f0c11038ecfd2c4b37291efdea,27f4f7107f15ea52ec2052efdcffab3e2cb6cb605f4ac6cd79c6aa49a23d2a3f
blackscholes,blackscholes-20260731T075408Z,0.60,66,66,0.6,False,2580000,2680000,180000,280000,100000,22,22,0,34603,0.34603,22,False,unique_pages_not_strictly_greater_than_guard_plus_target,0b24c5597d30f82a793e43a8905de180853913f0c11038ecfd2c4b37291efdea,27f4f7107f15ea52ec2052efdcffab3e2cb6cb605f4ac6cd79c6aa49a23d2a3f
blackscholes,blackscholes-20260731T075408Z,0.60,66,66,0.6,False,2590000,2690000,190000,290000,100000,22,22,0,34604,0.34604,22,False,unique_pages_not_strictly_greater_than_guard_plus_target,0b24c5597d30f82a793e43a8905de180853913f0c11038ecfd2c4b37291efdea,27f4f7107f15ea52ec2052efdcffab3e2cb6cb605f4ac6cd79c6aa49a23d2a3f
blackscholes,blackscholes-20260731T075408Z,0.60,66,66,0.6,False,2600000,2700000,200000,300000,100000,22,22,0,34591,0.34591,22,False,unique_pages_not_strictly_greater_than_guard_plus_target,0b24c5597d30f82a793e43a8905de180853913f0c11038ecfd2c4b37291efdea,27f4f7107f15ea52ec2052efdcffab3e2cb6cb605f4ac6cd79c6aa49a23d2a3f
blackscholes,blackscholes-20260731T075408Z,0.60,66,66,0.6,False,2610000,2710000,210000,310000,100000,22,22,0,34603,0.34603,22,False,unique_pages_not_strictly_greater_than_guard_plus_target,0b24c5597d30f82a793e43a8905de180853913f0c11038ecfd2c4b37291efdea,27f4f7107f15ea52ec2052efdcffab3e2cb6cb605f4ac6cd79c6aa49a23d2a3f
blackscholes,blackscholes-20260731T075408Z,0.60,66,66,0.6,False,2620000,2720000,220000,320000,100000,21,21,0,34601,0.34601,21,False,unique_pages_not_strictly_greater_than_guard_plus_target,0b24c5597d30f82a793e43a8905de180853913f0c11038ecfd2c4b37291efdea,27f4f7107f15ea52ec2052efdcffab3e2cb6cb605f4ac6cd79c6aa49a23d2a3f
blackscholes,blackscholes-20260731T075408Z,0.60,66,66,0.6,False,2630000,2730000,230000,330000,100000,21,21,0,34594,0.34594,21,False,unique_pages_not_strictly_greater_than_guard_plus_target,0b24c5597d30f82a793e43a8905de180853913f0c11038ecfd2c4b37291efdea,27f4f7107f15ea52ec2052efdcffab3e2cb6cb605f4ac6cd79c6aa49a23d2a3f
blackscholes,blackscholes-20260731T075408Z,0.60,66,66,0.6,False,2640000,2740000,240000,340000,100000,21,21,0,34587,0.34587,21,False,unique_pages_not_strictly_greater_than_guard_plus_target,0b24c5597d30f82a793e43a8905de180853913f0c11038ecfd2c4b37291efdea,27f4f7107f15ea52ec2052efdcffab3e2cb6cb605f4ac6cd79c6aa49a23d2a3f
blackscholes,blackscholes-20260731T075408Z,0.60,66,66,0.6,False,2650000,2750000,250000,350000,100000,21,21,0,34584,0.34584,21,False,unique_pages_not_strictly_greater_than_guard_plus_target,0b24c5597d30f82a793e43a8905de180853913f0c11038ecfd2c4b37291efdea,27f4f7107f15ea52ec2052efdcffab3e2cb6cb605f4ac6cd79c6aa49a23d2a3f
blackscholes,blackscholes-20260731T075408Z,0.60,66,66,0.6,False,2660000,2760000,260000,360000,100000,21,21,0,34578,0.34578,21,False,unique_pages_not_strictly_greater_than_guard_plus_target,0b24c5597d30f82a793e43a8905de180853913f0c11038ecfd2c4b37291efdea,27f4f7107f15ea52ec2052efdcffab3e2cb6cb605f4ac6cd79c6aa49a23d2a3f
blackscholes,blackscholes-20260731T075408Z,0.60,66,66,0.6,False,2670000,2770000,270000,370000,100000,22,22,0,34602,0.34602,22,False,unique_pages_not_strictly_greater_than_guard_plus_target,0b24c5597d30f82a793e43a8905de180853913f0c11038ecfd2c4b37291efdea,27f4f7107f15ea52ec2052efdcffab3e2cb6cb605f4ac6cd79c6aa49a23d2a3f
blackscholes,blackscholes-20260731T075408Z,0.60,66,66,0.6,False,2680000,2780000,280000,380000,100000,21,21,0,34618,0.34618,21,False,unique_pages_not_strictly_greater_than_guard_plus_target,0b24c5597d30f82a793e43a8905de180853913f0c11038ecfd2c4b37291efdea,27f4f7107f15ea52ec2052efdcffab3e2cb6cb605f4ac6cd79c6aa49a23d2a3f
blackscholes,blackscholes-20260731T075408Z,0.60,66,66,0.6,False,2690000,2790000,290000,390000,100000,21,21,0,34621,0.34621,21,False,unique_pages_not_strictly_greater_than_guard_plus_target,0b24c5597d30f82a793e43a8905de180853913f0c11038ecfd2c4b37291efdea,27f4f7107f15ea52ec2052efdcffab3e2cb6cb605f4ac6cd79c6aa49a23d2a3f
blackscholes,blackscholes-20260731T075408Z,0.60,66,66,0.6,False,2700000,2800000,300000,400000,100000,21,21,0,34605,0.34605,21,False,unique_pages_not_strictly_greater_than_guard_plus_target,0b24c5597d30f82a793e43a8905de180853913f0c11038ecfd2c4b37291efdea,27f4f7107f15ea52ec2052efdcffab3e2cb6cb605f4ac6cd79c6aa49a23d2a3f
blackscholes,blackscholes-20260731T075408Z,0.60,66,66,0.6,False,2710000,2810000,310000,410000,100000,21,21,0,34599,0.34599,21,False,unique_pages_not_strictly_greater_than_guard_plus_target,0b24c5597d30f82a793e43a8905de180853913f0c11038ecfd2c4b37291efdea,27f4f7107f15ea52ec2052efdcffab3e2cb6cb605f4ac6cd79c6aa49a23d2a3f
blackscholes,blackscholes-20260731T075408Z,0.60,66,66,0.6,False,2720000,2820000,320000,420000,100000,21,21,0,34596,0.34596,21,False,unique_pages_not_strictly_greater_than_guard_plus_target,0b24c5597d30f82a793e43a8905de180853913f0c11038ecfd2c4b37291efdea,27f4f7107f15ea52ec2052efdcffab3e2cb6cb605f4ac6cd79c6aa49a23d2a3f
blackscholes,blackscholes-20260731T075408Z,0.60,66,66,0.6,False,2730000,2830000,330000,430000,100000,21,21,0,34598,0.34598,21,False,unique_pages_not_strictly_greater_than_guard_plus_target,0b24c5597d30f82a793e43a8905de180853913f0c11038ecfd2c4b37291efdea,27f4f7107f15ea52ec2052efdcffab3e2cb6cb605f4ac6cd79c6aa49a23d2a3f
blackscholes,blackscholes-20260731T075408Z,0.60,66,66,0.6,False,2740000,2840000,340000,440000,100000,21,21,0,34613,0.34613,21,False,unique_pages_not_strictly_greater_than_guard_plus_target,0b24c5597d30f82a793e43a8905de180853913f0c11038ecfd2c4b37291efdea,27f4f7107f15ea52ec2052efdcffab3e2cb6cb605f4ac6cd79c6aa49a23d2a3f
blackscholes,blackscholes-20260731T075408Z,0.60,66,66,0.6,False,2750000,2850000,350000,450000,100000,21,21,0,34621,0.34621,21,False,unique_pages_not_strictly_greater_than_guard_plus_target,0b24c5597d30f82a793e43a8905de180853913f0c11038ecfd2c4b37291efdea,27f4f7107f15ea52ec2052efdcffab3e2cb6cb605f4ac6cd79c6aa49a23d2a3f
blackscholes,blackscholes-20260731T075408Z,0.60,66,66,0.6,False,2760000,2860000,360000,460000,100000,21,21,0,34592,0.34592,21,False,unique_pages_not_strictly_greater_than_guard_plus_target,0b24c5597d30f82a793e43a8905de180853913f0c11038ecfd2c4b37291efdea,27f4f7107f15ea52ec2052efdcffab3e2cb6cb605f4ac6cd79c6aa49a23d2a3f
blackscholes,blackscholes-20260731T075408Z,0.60,66,66,0.6,False,2770000,2870000,370000,470000,100000,21,21,0,34578,0.34578,21,False,unique_pages_not_strictly_greater_than_guard_plus_target,0b24c5597d30f82a793e43a8905de180853913f0c11038ecfd2c4b37291efdea,27f4f7107f15ea52ec2052efdcffab3e2cb6cb605f4ac6cd79c6aa49a23d2a3f
blackscholes,blackscholes-20260731T075408Z,0.60,66,66,0.6,False,2780000,2880000,380000,480000,100000,21,21,0,34556,0.34556,21,False,unique_pages_not_strictly_greater_than_guard_plus_target,0b24c5597d30f82a793e43a8905de180853913f0c11038ecfd2c4b37291efdea,27f4f7107f15ea52ec2052efdcffab3e2cb6cb605f4ac6cd79c6aa49a23d2a3f
blackscholes,blackscholes-20260731T075408Z,0.60,66,66,0.6,False,2790000,2890000,390000,490000,100000,21,21,0,34558,0.34558,21,False,unique_pages_not_strictly_greater_than_guard_plus_target,0b24c5597d30f82a793e43a8905de180853913f0c11038ecfd2c4b37291efdea,27f4f7107f15ea52ec2052efdcffab3e2cb6cb605f4ac6cd79c6aa49a23d2a3f
blackscholes,blackscholes-20260731T075408Z,0.60,66,66,0.6,False,2800000,2900000,400000,500000,100000,21,21,0,34582,0.34582,21,False,unique_pages_not_strictly_greater_than_guard_plus_target,0b24c5597d30f82a793e43a8905de180853913f0c11038ecfd2c4b37291efdea,27f4f7107f15ea52ec2052efdcffab3e2cb6cb605f4ac6cd79c6aa49a23d2a3f
blackscholes,blackscholes-20260731T075408Z,0.60,66,66,0.6,False,2810000,2910000,410000,510000,100000,21,21,0,34586,0.34586,21,False,unique_pages_not_strictly_greater_than_guard_plus_target,0b24c5597d30f82a793e43a8905de180853913f0c11038ecfd2c4b37291efdea,27f4f7107f15ea52ec2052efdcffab3e2cb6cb605f4ac6cd79c6aa49a23d2a3f
blackscholes,blackscholes-20260731T075408Z,0.60,66,66,0.6,False,2820000,2920000,420000,520000,100000,21,21,0,34596,0.34596,21,False,unique_pages_not_strictly_greater_than_guard_plus_target,0b24c5597d30f82a793e43a8905de180853913f0c11038ecfd2c4b37291efdea,27f4f7107f15ea52ec2052efdcffab3e2cb6cb605f4ac6cd79c6aa49a23d2a3f
blackscholes,blackscholes-20260731T075408Z,0.60,66,66,0.6,False,2830000,2930000,430000,530000,100000,20,20,0,34615,0.34615,20,False,unique_pages_not_strictly_greater_than_guard_plus_target,0b24c5597d30f82a793e43a8905de180853913f0c11038ecfd2c4b37291efdea,27f4f7107f15ea52ec2052efdcffab3e2cb6cb605f4ac6cd79c6aa49a23d2a3f
blackscholes,blackscholes-20260731T075408Z,0.60,66,66,0.6,False,2840000,2940000,440000,540000,100000,20,20,0,34602,0.34602,20,False,unique_pages_not_strictly_greater_than_guard_plus_target,0b24c5597d30f82a793e43a8905de180853913f0c11038ecfd2c4b37291efdea,27f4f7107f15ea52ec2052efdcffab3e2cb6cb605f4ac6cd79c6aa49a23d2a3f
blackscholes,blackscholes-20260731T075408Z,0.60,66,66,0.6,False,2850000,2950000,450000,550000,100000,20,20,0,34588,0.34588,20,False,unique_pages_not_strictly_greater_than_guard_plus_target,0b24c5597d30f82a793e43a8905de180853913f0c11038ecfd2c4b37291efdea,27f4f7107f15ea52ec2052efdcffab3e2cb6cb605f4ac6cd79c6aa49a23d2a3f
blackscholes,blackscholes-20260731T075408Z,0.60,66,66,0.6,False,2860000,2960000,460000,560000,100000,20,20,0,34614,0.34614,20,False,unique_pages_not_strictly_greater_than_guard_plus_target,0b24c5597d30f82a793e43a8905de180853913f0c11038ecfd2c4b37291efdea,27f4f7107f15ea52ec2052efdcffab3e2cb6cb605f4ac6cd79c6aa49a23d2a3f
blackscholes,blackscholes-20260731T075408Z,0.60,66,66,0.6,False,2870000,2970000,470000,570000,100000,20,20,0,34622,0.34622,20,False,unique_pages_not_strictly_greater_than_guard_plus_target,0b24c5597d30f82a793e43a8905de180853913f0c11038ecfd2c4b37291efdea,27f4f7107f15ea52ec2052efdcffab3e2cb6cb605f4ac6cd79c6aa49a23d2a3f
blackscholes,blackscholes-20260731T075408Z,0.60,66,66,0.6,False,2880000,2980000,480000,580000,100000,21,21,0,34636,0.34636,21,False,unique_pages_not_strictly_greater_than_guard_plus_target,0b24c5597d30f82a793e43a8905de180853913f0c11038ecfd2c4b37291efdea,27f4f7107f15ea52ec2052efdcffab3e2cb6cb605f4ac6cd79c6aa49a23d2a3f
blackscholes,blackscholes-20260731T075408Z,0.60,66,66,0.6,False,2890000,2990000,490000,590000,100000,21,21,0,34637,0.34637,21,False,unique_pages_not_strictly_greater_than_guard_plus_target,0b24c5597d30f82a793e43a8905de180853913f0c11038ecfd2c4b37291efdea,27f4f7107f15ea52ec2052efdcffab3e2cb6cb605f4ac6cd79c6aa49a23d2a3f
blackscholes,blackscholes-20260731T075408Z,0.60,66,66,0.6,False,2900000,3000000,500000,600000,100000,21,21,0,34645,0.34645,21,False,unique_pages_not_strictly_greater_than_guard_plus_target,0b24c5597d30f82a793e43a8905de180853913f0c11038ecfd2c4b37291efdea,27f4f7107f15ea52ec2052efdcffab3e2cb6cb605f4ac6cd79c6aa49a23d2a3f
swaptions,swaptions-20260731T080931Z,0.20,60,64,0.21548821548821548,True,2400000,2500000,0,100000,100000,25,25,0,20576,0.20576,25,False,unique_pages_not_strictly_greater_than_guard_plus_target,567bca327bafaa672dc60bf5dc362a51f0b7bf0dc142303b7e8f0941a805b6dd,59afbf2923aea4ac6b1375fb3abc602c192b3e789a829b1a0415f50725ce0ef8
swaptions,swaptions-20260731T080931Z,0.20,60,64,0.21548821548821548,True,2410000,2510000,10000,110000,100000,25,25,0,22066,0.22066,25,False,unique_pages_not_strictly_greater_than_guard_plus_target,567bca327bafaa672dc60bf5dc362a51f0b7bf0dc142303b7e8f0941a805b6dd,59afbf2923aea4ac6b1375fb3abc602c192b3e789a829b1a0415f50725ce0ef8
swaptions,swaptions-20260731T080931Z,0.20,60,64,0.21548821548821548,True,2420000,2520000,20000,120000,100000,25,25,0,22258,0.22258,25,False,unique_pages_not_strictly_greater_than_guard_plus_target,567bca327bafaa672dc60bf5dc362a51f0b7bf0dc142303b7e8f0941a805b6dd,59afbf2923aea4ac6b1375fb3abc602c192b3e789a829b1a0415f50725ce0ef8
swaptions,swaptions-20260731T080931Z,0.20,60,64,0.21548821548821548,True,2430000,2530000,30000,130000,100000,25,25,0,21094,0.21094,25,False,unique_pages_not_strictly_greater_than_guard_plus_target,567bca327bafaa672dc60bf5dc362a51f0b7bf0dc142303b7e8f0941a805b6dd,59afbf2923aea4ac6b1375fb3abc602c192b3e789a829b1a0415f50725ce0ef8
swaptions,swaptions-20260731T080931Z,0.20,60,64,0.21548821548821548,True,2440000,2540000,40000,140000,100000,25,25,0,18790,0.1879,25,False,unique_pages_not_strictly_greater_than_guard_plus_target,567bca327bafaa672dc60bf5dc362a51f0b7bf0dc142303b7e8f0941a805b6dd,59afbf2923aea4ac6b1375fb3abc602c192b3e789a829b1a0415f50725ce0ef8
swaptions,swaptions-20260731T080931Z,0.20,60,64,0.21548821548821548,True,2450000,2550000,50000,150000,100000,25,25,0,18470,0.1847,25,False,unique_pages_not_strictly_greater_than_guard_plus_target,567bca327bafaa672dc60bf5dc362a51f0b7bf0dc142303b7e8f0941a805b6dd,59afbf2923aea4ac6b1375fb3abc602c192b3e789a829b1a0415f50725ce0ef8
swaptions,swaptions-20260731T080931Z,0.20,60,64,0.21548821548821548,True,2460000,2560000,60000,160000,100000,25,25,0,21474,0.21474,25,False,unique_pages_not_strictly_greater_than_guard_plus_target,567bca327bafaa672dc60bf5dc362a51f0b7bf0dc142303b7e8f0941a805b6dd,59afbf2923aea4ac6b1375fb3abc602c192b3e789a829b1a0415f50725ce0ef8
swaptions,swaptions-20260731T080931Z,0.20,60,64,0.21548821548821548,True,2470000,2570000,70000,170000,100000,25,25,0,22171,0.22171,25,False,unique_pages_not_strictly_greater_than_guard_plus_target,567bca327bafaa672dc60bf5dc362a51f0b7bf0dc142303b7e8f0941a805b6dd,59afbf2923aea4ac6b1375fb3abc602c192b3e789a829b1a0415f50725ce0ef8
swaptions,swaptions-20260731T080931Z,0.20,60,64,0.21548821548821548,True,2480000,2580000,80000,180000,100000,25,25,0,22265,0.22265,25,False,unique_pages_not_strictly_greater_than_guard_plus_target,567bca327bafaa672dc60bf5dc362a51f0b7bf0dc142303b7e8f0941a805b6dd,59afbf2923aea4ac6b1375fb3abc602c192b3e789a829b1a0415f50725ce0ef8
swaptions,swaptions-20260731T080931Z,0.20,60,64,0.21548821548821548,True,2490000,2590000,90000,190000,100000,25,25,0,20309,0.20309,25,False,unique_pages_not_strictly_greater_than_guard_plus_target,567bca327bafaa672dc60bf5dc362a51f0b7bf0dc142303b7e8f0941a805b6dd,59afbf2923aea4ac6b1375fb3abc602c192b3e789a829b1a0415f50725ce0ef8
swaptions,swaptions-20260731T080931Z,0.20,60,64,0.21548821548821548,True,2500000,2600000,100000,200000,100000,25,25,0,18191,0.18191,25,False,unique_pages_not_strictly_greater_than_guard_plus_target,567bca327bafaa672dc60bf5dc362a51f0b7bf0dc142303b7e8f0941a805b6dd,59afbf2923aea4ac6b1375fb3abc602c192b3e789a829b1a0415f50725ce0ef8
swaptions,swaptions-20260731T080931Z,0.20,60,64,0.21548821548821548,True,2510000,2610000,110000,210000,100000,25,25,0,19349,0.19349,25,False,unique_pages_not_strictly_greater_than_guard_plus_target,567bca327bafaa672dc60bf5dc362a51f0b7bf0dc142303b7e8f0941a805b6dd,59afbf2923aea4ac6b1375fb3abc602c192b3e789a829b1a0415f50725ce0ef8
swaptions,swaptions-20260731T080931Z,0.20,60,64,0.21548821548821548,True,2520000,2620000,120000,220000,100000,25,25,0,21943,0.21943,25,False,unique_pages_not_strictly_greater_than_guard_plus_target,567bca327bafaa672dc60bf5dc362a51f0b7bf0dc142303b7e8f0941a805b6dd,59afbf2923aea4ac6b1375fb3abc602c192b3e789a829b1a0415f50725ce0ef8
swaptions,swaptions-20260731T080931Z,0.20,60,64,0.21548821548821548,True,2530000,2630000,130000,230000,100000,25,25,0,22268,0.22268,25,False,unique_pages_not_strictly_greater_than_guard_plus_target,567bca327bafaa672dc60bf5dc362a51f0b7bf0dc142303b7e8f0941a805b6dd,59afbf2923aea4ac6b1375fb3abc602c192b3e789a829b1a0415f50725ce0ef8
swaptions,swaptions-20260731T080931Z,0.20,60,64,0.21548821548821548,True,2540000,2640000,140000,240000,100000,25,25,0,21818,0.21818,25,False,unique_pages_not_strictly_greater_than_guard_plus_target,567bca327bafaa672dc60bf5dc362a51f0b7bf0dc142303b7e8f0941a805b6dd,59afbf2923aea4ac6b1375fb3abc602c192b3e789a829b1a0415f50725ce0ef8
swaptions,swaptions-20260731T080931Z,0.20,60,64,0.21548821548821548,True,2550000,2650000,150000,250000,100000,25,25,0,19542,0.19542,25,False,unique_pages_not_strictly_greater_than_guard_plus_target,567bca327bafaa672dc60bf5dc362a51f0b7bf0dc142303b7e8f0941a805b6dd,59afbf2923aea4ac6b1375fb3abc602c192b3e789a829b1a0415f50725ce0ef8
swaptions,swaptions-20260731T080931Z,0.20,60,64,0.21548821548821548,True,2560000,2660000,160000,260000,100000,25,25,0,18125,0.18125,25,False,unique_pages_not_strictly_greater_than_guard_plus_target,567bca327bafaa672dc60bf5dc362a51f0b7bf0dc142303b7e8f0941a805b6dd,59afbf2923aea4ac6b1375fb3abc602c192b3e789a829b1a0415f50725ce0ef8
swaptions,swaptions-20260731T080931Z,0.20,60,64,0.21548821548821548,True,2570000,2670000,170000,270000,100000,25,25,0,20469,0.20469,25,False,unique_pages_not_strictly_greater_than_guard_plus_target,567bca327bafaa672dc60bf5dc362a51f0b7bf0dc142303b7e8f0941a805b6dd,59afbf2923aea4ac6b1375fb3abc602c192b3e789a829b1a0415f50725ce0ef8
swaptions,swaptions-20260731T080931Z,0.20,60,64,0.21548821548821548,True,2580000,2680000,180000,280000,100000,25,25,0,22035,0.22035,25,False,unique_pages_not_strictly_greater_than_guard_plus_target,567bca327bafaa672dc60bf5dc362a51f0b7bf0dc142303b7e8f0941a805b6dd,59afbf2923aea4ac6b1375fb3abc602c192b3e789a829b1a0415f50725ce0ef8
swaptions,swaptions-20260731T080931Z,0.20,60,64,0.21548821548821548,True,2590000,2690000,190000,290000,100000,25,25,0,22267,0.22267,25,False,unique_pages_not_strictly_greater_than_guard_plus_target,567bca327bafaa672dc60bf5dc362a51f0b7bf0dc142303b7e8f0941a805b6dd,59afbf2923aea4ac6b1375fb3abc602c192b3e789a829b1a0415f50725ce0ef8
swaptions,swaptions-20260731T080931Z,0.20,60,64,0.21548821548821548,True,2600000,2700000,200000,300000,100000,25,25,0,21282,0.21282,25,False,unique_pages_not_strictly_greater_than_guard_plus_target,567bca327bafaa672dc60bf5dc362a51f0b7bf0dc142303b7e8f0941a805b6dd,59afbf2923aea4ac6b1375fb3abc602c192b3e789a829b1a0415f50725ce0ef8
swaptions,swaptions-20260731T080931Z,0.20,60,64,0.21548821548821548,True,2610000,2710000,210000,310000,100000,25,25,0,18886,0.18886,25,False,unique_pages_not_strictly_greater_than_guard_plus_target,567bca327bafaa672dc60bf5dc362a51f0b7bf0dc142303b7e8f0941a805b6dd,59afbf2923aea4ac6b1375fb3abc602c192b3e789a829b1a0415f50725ce0ef8
swaptions,swaptions-20260731T080931Z,0.20,60,64,0.21548821548821548,True,2620000,2720000,220000,320000,100000,25,25,0,18151,0.18151,25,False,unique_pages_not_strictly_greater_than_guard_plus_target,567bca327bafaa672dc60bf5dc362a51f0b7bf0dc142303b7e8f0941a805b6dd,59afbf2923aea4ac6b1375fb3abc602c192b3e789a829b1a0415f50725ce0ef8
swaptions,swaptions-20260731T080931Z,0.20,60,64,0.21548821548821548,True,2630000,2730000,230000,330000,100000,25,25,0,21211,0.21211,25,False,unique_pages_not_strictly_greater_than_guard_plus_target,567bca327bafaa672dc60bf5dc362a51f0b7bf0dc142303b7e8f0941a805b6dd,59afbf2923aea4ac6b1375fb3abc602c192b3e789a829b1a0415f50725ce0ef8
swaptions,swaptions-20260731T080931Z,0.20,60,64,0.21548821548821548,True,2640000,2740000,240000,340000,100000,25,25,0,22146,0.22146,25,False,unique_pages_not_strictly_greater_than_guard_plus_target,567bca327bafaa672dc60bf5dc362a51f0b7bf0dc142303b7e8f0941a805b6dd,59afbf2923aea4ac6b1375fb3abc602c192b3e789a829b1a0415f50725ce0ef8
swaptions,swaptions-20260731T080931Z,0.20,60,64,0.21548821548821548,True,2650000,2750000,250000,350000,100000,25,25,0,22260,0.2226,25,False,unique_pages_not_strictly_greater_than_guard_plus_target,567bca327bafaa672dc60bf5dc362a51f0b7bf0dc142303b7e8f0941a805b6dd,59afbf2923aea4ac6b1375fb3abc602c192b3e789a829b1a0415f50725ce0ef8
swaptions,swaptions-20260731T080931Z,0.20,60,64,0.21548821548821548,True,2660000,2760000,260000,360000,100000,25,25,0,20369,0.20369,25,False,unique_pages_not_strictly_greater_than_guard_plus_target,567bca327bafaa672dc60bf5dc362a51f0b7bf0dc142303b7e8f0941a805b6dd,59afbf2923aea4ac6b1375fb3abc602c192b3e789a829b1a0415f50725ce0ef8
swaptions,swaptions-20260731T080931Z,0.20,60,64,0.21548821548821548,True,2670000,2770000,270000,370000,100000,25,25,0,18095,0.18095,25,False,unique_pages_not_strictly_greater_than_guard_plus_target,567bca327bafaa672dc60bf5dc362a51f0b7bf0dc142303b7e8f0941a805b6dd,59afbf2923aea4ac6b1375fb3abc602c192b3e789a829b1a0415f50725ce0ef8
swaptions,swaptions-20260731T080931Z,0.20,60,64,0.21548821548821548,True,2680000,2780000,280000,380000,100000,25,25,0,19150,0.1915,25,False,unique_pages_not_strictly_greater_than_guard_plus_target,567bca327bafaa672dc60bf5dc362a51f0b7bf0dc142303b7e8f0941a805b6dd,59afbf2923aea4ac6b1375fb3abc602c192b3e789a829b1a0415f50725ce0ef8
swaptions,swaptions-20260731T080931Z,0.20,60,64,0.21548821548821548,True,2690000,2790000,290000,390000,100000,25,25,0,21914,0.21914,25,False,unique_pages_not_strictly_greater_than_guard_plus_target,567bca327bafaa672dc60bf5dc362a51f0b7bf0dc142303b7e8f0941a805b6dd,59afbf2923aea4ac6b1375fb3abc602c192b3e789a829b1a0415f50725ce0ef8
swaptions,swaptions-20260731T080931Z,0.20,60,64,0.21548821548821548,True,2700000,2800000,300000,400000,100000,25,25,0,22242,0.22242,25,False,unique_pages_not_strictly_greater_than_guard_plus_target,567bca327bafaa672dc60bf5dc362a51f0b7bf0dc142303b7e8f0941a805b6dd,59afbf2923aea4ac6b1375fb3abc602c192b3e789a829b1a0415f50725ce0ef8
swaptions,swaptions-20260731T080931Z,0.20,60,64,0.21548821548821548,True,2710000,2810000,310000,410000,100000,25,25,0,21930,0.2193,25,False,unique_pages_not_strictly_greater_than_guard_plus_target,567bca327bafaa672dc60bf5dc362a51f0b7bf0dc142303b7e8f0941a805b6dd,59afbf2923aea4ac6b1375fb3abc602c192b3e789a829b1a0415f50725ce0ef8
swaptions,swaptions-20260731T080931Z,0.20,60,64,0.21548821548821548,True,2720000,2820000,320000,420000,100000,25,25,0,19879,0.19879,25,False,unique_pages_not_strictly_greater_than_guard_plus_target,567bca327bafaa672dc60bf5dc362a51f0b7bf0dc142303b7e8f0941a805b6dd,59afbf2923aea4ac6b1375fb3abc602c192b3e789a829b1a0415f50725ce0ef8
swaptions,swaptions-20260731T080931Z,0.20,60,64,0.21548821548821548,True,2730000,2830000,330000,430000,100000,25,25,0,18285,0.18285,25,False,unique_pages_not_strictly_greater_than_guard_plus_target,567bca327bafaa672dc60bf5dc362a51f0b7bf0dc142303b7e8f0941a805b6dd,59afbf2923aea4ac6b1375fb3abc602c192b3e789a829b1a0415f50725ce0ef8
swaptions,swaptions-20260731T080931Z,0.20,60,64,0.21548821548821548,True,2740000,2840000,340000,440000,100000,25,25,0,20256,0.20256,25,False,unique_pages_not_strictly_greater_than_guard_plus_target,567bca327bafaa672dc60bf5dc362a51f0b7bf0dc142303b7e8f0941a805b6dd,59afbf2923aea4ac6b1375fb3abc602c192b3e789a829b1a0415f50725ce0ef8
swaptions,swaptions-20260731T080931Z,0.20,60,64,0.21548821548821548,True,2750000,2850000,350000,450000,100000,25,25,0,22024,0.22024,25,False,unique_pages_not_strictly_greater_than_guard_plus_target,567bca327bafaa672dc60bf5dc362a51f0b7bf0dc142303b7e8f0941a805b6dd,59afbf2923aea4ac6b1375fb3abc602c192b3e789a829b1a0415f50725ce0ef8
swaptions,swaptions-20260731T080931Z,0.20,60,64,0.21548821548821548,True,2760000,2860000,360000,460000,100000,25,25,0,22257,0.22257,25,False,unique_pages_not_strictly_greater_than_guard_plus_target,567bca327bafaa672dc60bf5dc362a51f0b7bf0dc142303b7e8f0941a805b6dd,59afbf2923aea4ac6b1375fb3abc602c192b3e789a829b1a0415f50725ce0ef8
swaptions,swaptions-20260731T080931Z,0.20,60,64,0.21548821548821548,True,2770000,2870000,370000,470000,100000,25,25,0,21506,0.21506,25,False,unique_pages_not_strictly_greater_than_guard_plus_target,567bca327bafaa672dc60bf5dc362a51f0b7bf0dc142303b7e8f0941a805b6dd,59afbf2923aea4ac6b1375fb3abc602c192b3e789a829b1a0415f50725ce0ef8
swaptions,swaptions-20260731T080931Z,0.20,60,64,0.21548821548821548,True,2780000,2880000,380000,480000,100000,25,25,0,18970,0.1897,25,False,unique_pages_not_strictly_greater_than_guard_plus_target,567bca327bafaa672dc60bf5dc362a51f0b7bf0dc142303b7e8f0941a805b6dd,59afbf2923aea4ac6b1375fb3abc602c192b3e789a829b1a0415f50725ce0ef8
swaptions,swaptions-20260731T080931Z,0.20,60,64,0.21548821548821548,True,2790000,2890000,390000,490000,100000,25,25,0,17963,0.17963,25,False,unique_pages_not_strictly_greater_than_guard_plus_target,567bca327bafaa672dc60bf5dc362a51f0b7bf0dc142303b7e8f0941a805b6dd,59afbf2923aea4ac6b1375fb3abc602c192b3e789a829b1a0415f50725ce0ef8
swaptions,swaptions-20260731T080931Z,0.20,60,64,0.21548821548821548,True,2800000,2900000,400000,500000,100000,25,25,0,21031,0.21031,25,False,unique_pages_not_strictly_greater_than_guard_plus_target,567bca327bafaa672dc60bf5dc362a51f0b7bf0dc142303b7e8f0941a805b6dd,59afbf2923aea4ac6b1375fb3abc602c192b3e789a829b1a0415f50725ce0ef8
swaptions,swaptions-20260731T080931Z,0.20,60,64,0.21548821548821548,True,2810000,2910000,410000,510000,100000,25,25,0,22107,0.22107,25,False,unique_pages_not_strictly_greater_than_guard_plus_target,567bca327bafaa672dc60bf5dc362a51f0b7bf0dc142303b7e8f0941a805b6dd,59afbf2923aea4ac6b1375fb3abc602c192b3e789a829b1a0415f50725ce0ef8
swaptions,swaptions-20260731T080931Z,0.20,60,64,0.21548821548821548,True,2820000,2920000,420000,520000,100000,25,25,0,22267,0.22267,25,False,unique_pages_not_strictly_greater_than_guard_plus_target,567bca327bafaa672dc60bf5dc362a51f0b7bf0dc142303b7e8f0941a805b6dd,59afbf2923aea4ac6b1375fb3abc602c192b3e789a829b1a0415f50725ce0ef8
swaptions,swaptions-20260731T080931Z,0.20,60,64,0.21548821548821548,True,2830000,2930000,430000,530000,100000,25,25,0,20470,0.2047,25,False,unique_pages_not_strictly_greater_than_guard_plus_target,567bca327bafaa672dc60bf5dc362a51f0b7bf0dc142303b7e8f0941a805b6dd,59afbf2923aea4ac6b1375fb3abc602c192b3e789a829b1a0415f50725ce0ef8
swaptions,swaptions-20260731T080931Z,0.20,60,64,0.21548821548821548,True,2840000,2940000,440000,540000,100000,25,25,0,18129,0.18129,25,False,unique_pages_not_strictly_greater_than_guard_plus_target,567bca327bafaa672dc60bf5dc362a51f0b7bf0dc142303b7e8f0941a805b6dd,59afbf2923aea4ac6b1375fb3abc602c192b3e789a829b1a0415f50725ce0ef8
swaptions,swaptions-20260731T080931Z,0.20,60,64,0.21548821548821548,True,2850000,2950000,450000,550000,100000,25,25,0,18594,0.18594,25,False,unique_pages_not_strictly_greater_than_guard_plus_target,567bca327bafaa672dc60bf5dc362a51f0b7bf0dc142303b7e8f0941a805b6dd,59afbf2923aea4ac6b1375fb3abc602c192b3e789a829b1a0415f50725ce0ef8
swaptions,swaptions-20260731T080931Z,0.20,60,64,0.21548821548821548,True,2860000,2960000,460000,560000,100000,25,25,0,21745,0.21745,25,False,unique_pages_not_strictly_greater_than_guard_plus_target,567bca327bafaa672dc60bf5dc362a51f0b7bf0dc142303b7e8f0941a805b6dd,59afbf2923aea4ac6b1375fb3abc602c192b3e789a829b1a0415f50725ce0ef8
swaptions,swaptions-20260731T080931Z,0.20,60,64,0.21548821548821548,True,2870000,2970000,470000,570000,100000,25,25,0,22191,0.22191,25,False,unique_pages_not_strictly_greater_than_guard_plus_target,567bca327bafaa672dc60bf5dc362a51f0b7bf0dc142303b7e8f0941a805b6dd,59afbf2923aea4ac6b1375fb3abc602c192b3e789a829b1a0415f50725ce0ef8
swaptions,swaptions-20260731T080931Z,0.20,60,64,0.21548821548821548,True,2880000,2980000,480000,580000,100000,25,25,0,22074,0.22074,25,False,unique_pages_not_strictly_greater_than_guard_plus_target,567bca327bafaa672dc60bf5dc362a51f0b7bf0dc142303b7e8f0941a805b6dd,59afbf2923aea4ac6b1375fb3abc602c192b3e789a829b1a0415f50725ce0ef8
swaptions,swaptions-20260731T080931Z,0.20,60,64,0.21548821548821548,True,2890000,2990000,490000,590000,100000,25,25,0,20097,0.20097,25,False,unique_pages_not_strictly_greater_than_guard_plus_target,567bca327bafaa672dc60bf5dc362a51f0b7bf0dc142303b7e8f0941a805b6dd,59afbf2923aea4ac6b1375fb3abc602c192b3e789a829b1a0415f50725ce0ef8
swaptions,swaptions-20260731T080931Z,0.20,60,64,0.21548821548821548,True,2900000,3000000,500000,600000,100000,25,25,0,18049,0.18049,25,False,unique_pages_not_strictly_greater_than_guard_plus_target,567bca327bafaa672dc60bf5dc362a51f0b7bf0dc142303b7e8f0941a805b6dd,59afbf2923aea4ac6b1375fb3abc602c192b3e789a829b1a0415f50725ce0ef8
swaptions,swaptions-20260731T080931Z,0.40,119,119,0.4006734006734007,False,2400000,2500000,0,100000,100000,25,25,0,20576,0.20576,25,False,unique_pages_not_strictly_greater_than_guard_plus_target,567bca327bafaa672dc60bf5dc362a51f0b7bf0dc142303b7e8f0941a805b6dd,59afbf2923aea4ac6b1375fb3abc602c192b3e789a829b1a0415f50725ce0ef8
swaptions,swaptions-20260731T080931Z,0.40,119,119,0.4006734006734007,False,2410000,2510000,10000,110000,100000,25,25,0,22066,0.22066,25,False,unique_pages_not_strictly_greater_than_guard_plus_target,567bca327bafaa672dc60bf5dc362a51f0b7bf0dc142303b7e8f0941a805b6dd,59afbf2923aea4ac6b1375fb3abc602c192b3e789a829b1a0415f50725ce0ef8
swaptions,swaptions-20260731T080931Z,0.40,119,119,0.4006734006734007,False,2420000,2520000,20000,120000,100000,25,25,0,22258,0.22258,25,False,unique_pages_not_strictly_greater_than_guard_plus_target,567bca327bafaa672dc60bf5dc362a51f0b7bf0dc142303b7e8f0941a805b6dd,59afbf2923aea4ac6b1375fb3abc602c192b3e789a829b1a0415f50725ce0ef8
swaptions,swaptions-20260731T080931Z,0.40,119,119,0.4006734006734007,False,2430000,2530000,30000,130000,100000,25,25,0,21094,0.21094,25,False,unique_pages_not_strictly_greater_than_guard_plus_target,567bca327bafaa672dc60bf5dc362a51f0b7bf0dc142303b7e8f0941a805b6dd,59afbf2923aea4ac6b1375fb3abc602c192b3e789a829b1a0415f50725ce0ef8
swaptions,swaptions-20260731T080931Z,0.40,119,119,0.4006734006734007,False,2440000,2540000,40000,140000,100000,25,25,0,18790,0.1879,25,False,unique_pages_not_strictly_greater_than_guard_plus_target,567bca327bafaa672dc60bf5dc362a51f0b7bf0dc142303b7e8f0941a805b6dd,59afbf2923aea4ac6b1375fb3abc602c192b3e789a829b1a0415f50725ce0ef8
swaptions,swaptions-20260731T080931Z,0.40,119,119,0.4006734006734007,False,2450000,2550000,50000,150000,100000,25,25,0,18470,0.1847,25,False,unique_pages_not_strictly_greater_than_guard_plus_target,567bca327bafaa672dc60bf5dc362a51f0b7bf0dc142303b7e8f0941a805b6dd,59afbf2923aea4ac6b1375fb3abc602c192b3e789a829b1a0415f50725ce0ef8
swaptions,swaptions-20260731T080931Z,0.40,119,119,0.4006734006734007,False,2460000,2560000,60000,160000,100000,25,25,0,21474,0.21474,25,False,unique_pages_not_strictly_greater_than_guard_plus_target,567bca327bafaa672dc60bf5dc362a51f0b7bf0dc142303b7e8f0941a805b6dd,59afbf2923aea4ac6b1375fb3abc602c192b3e789a829b1a0415f50725ce0ef8
swaptions,swaptions-20260731T080931Z,0.40,119,119,0.4006734006734007,False,2470000,2570000,70000,170000,100000,25,25,0,22171,0.22171,25,False,unique_pages_not_strictly_greater_than_guard_plus_target,567bca327bafaa672dc60bf5dc362a51f0b7bf0dc142303b7e8f0941a805b6dd,59afbf2923aea4ac6b1375fb3abc602c192b3e789a829b1a0415f50725ce0ef8
swaptions,swaptions-20260731T080931Z,0.40,119,119,0.4006734006734007,False,2480000,2580000,80000,180000,100000,25,25,0,22265,0.22265,25,False,unique_pages_not_strictly_greater_than_guard_plus_target,567bca327bafaa672dc60bf5dc362a51f0b7bf0dc142303b7e8f0941a805b6dd,59afbf2923aea4ac6b1375fb3abc602c192b3e789a829b1a0415f50725ce0ef8
swaptions,swaptions-20260731T080931Z,0.40,119,119,0.4006734006734007,False,2490000,2590000,90000,190000,100000,25,25,0,20309,0.20309,25,False,unique_pages_not_strictly_greater_than_guard_plus_target,567bca327bafaa672dc60bf5dc362a51f0b7bf0dc142303b7e8f0941a805b6dd,59afbf2923aea4ac6b1375fb3abc602c192b3e789a829b1a0415f50725ce0ef8
swaptions,swaptions-20260731T080931Z,0.40,119,119,0.4006734006734007,False,2500000,2600000,100000,200000,100000,25,25,0,18191,0.18191,25,False,unique_pages_not_strictly_greater_than_guard_plus_target,567bca327bafaa672dc60bf5dc362a51f0b7bf0dc142303b7e8f0941a805b6dd,59afbf2923aea4ac6b1375fb3abc602c192b3e789a829b1a0415f50725ce0ef8
swaptions,swaptions-20260731T080931Z,0.40,119,119,0.4006734006734007,False,2510000,2610000,110000,210000,100000,25,25,0,19349,0.19349,25,False,unique_pages_not_strictly_greater_than_guard_plus_target,567bca327bafaa672dc60bf5dc362a51f0b7bf0dc142303b7e8f0941a805b6dd,59afbf2923aea4ac6b1375fb3abc602c192b3e789a829b1a0415f50725ce0ef8
swaptions,swaptions-20260731T080931Z,0.40,119,119,0.4006734006734007,False,2520000,2620000,120000,220000,100000,25,25,0,21943,0.21943,25,False,unique_pages_not_strictly_greater_than_guard_plus_target,567bca327bafaa672dc60bf5dc362a51f0b7bf0dc142303b7e8f0941a805b6dd,59afbf2923aea4ac6b1375fb3abc602c192b3e789a829b1a0415f50725ce0ef8
swaptions,swaptions-20260731T080931Z,0.40,119,119,0.4006734006734007,False,2530000,2630000,130000,230000,100000,25,25,0,22268,0.22268,25,False,unique_pages_not_strictly_greater_than_guard_plus_target,567bca327bafaa672dc60bf5dc362a51f0b7bf0dc142303b7e8f0941a805b6dd,59afbf2923aea4ac6b1375fb3abc602c192b3e789a829b1a0415f50725ce0ef8
swaptions,swaptions-20260731T080931Z,0.40,119,119,0.4006734006734007,False,2540000,2640000,140000,240000,100000,25,25,0,21818,0.21818,25,False,unique_pages_not_strictly_greater_than_guard_plus_target,567bca327bafaa672dc60bf5dc362a51f0b7bf0dc142303b7e8f0941a805b6dd,59afbf2923aea4ac6b1375fb3abc602c192b3e789a829b1a0415f50725ce0ef8
swaptions,swaptions-20260731T080931Z,0.40,119,119,0.4006734006734007,False,2550000,2650000,150000,250000,100000,25,25,0,19542,0.19542,25,False,unique_pages_not_strictly_greater_than_guard_plus_target,567bca327bafaa672dc60bf5dc362a51f0b7bf0dc142303b7e8f0941a805b6dd,59afbf2923aea4ac6b1375fb3abc602c192b3e789a829b1a0415f50725ce0ef8
swaptions,swaptions-20260731T080931Z,0.40,119,119,0.4006734006734007,False,2560000,2660000,160000,260000,100000,25,25,0,18125,0.18125,25,False,unique_pages_not_strictly_greater_than_guard_plus_target,567bca327bafaa672dc60bf5dc362a51f0b7bf0dc142303b7e8f0941a805b6dd,59afbf2923aea4ac6b1375fb3abc602c192b3e789a829b1a0415f50725ce0ef8
swaptions,swaptions-20260731T080931Z,0.40,119,119,0.4006734006734007,False,2570000,2670000,170000,270000,100000,25,25,0,20469,0.20469,25,False,unique_pages_not_strictly_greater_than_guard_plus_target,567bca327bafaa672dc60bf5dc362a51f0b7bf0dc142303b7e8f0941a805b6dd,59afbf2923aea4ac6b1375fb3abc602c192b3e789a829b1a0415f50725ce0ef8
swaptions,swaptions-20260731T080931Z,0.40,119,119,0.4006734006734007,False,2580000,2680000,180000,280000,100000,25,25,0,22035,0.22035,25,False,unique_pages_not_strictly_greater_than_guard_plus_target,567bca327bafaa672dc60bf5dc362a51f0b7bf0dc142303b7e8f0941a805b6dd,59afbf2923aea4ac6b1375fb3abc602c192b3e789a829b1a0415f50725ce0ef8
swaptions,swaptions-20260731T080931Z,0.40,119,119,0.4006734006734007,False,2590000,2690000,190000,290000,100000,25,25,0,22267,0.22267,25,False,unique_pages_not_strictly_greater_than_guard_plus_target,567bca327bafaa672dc60bf5dc362a51f0b7bf0dc142303b7e8f0941a805b6dd,59afbf2923aea4ac6b1375fb3abc602c192b3e789a829b1a0415f50725ce0ef8
swaptions,swaptions-20260731T080931Z,0.40,119,119,0.4006734006734007,False,2600000,2700000,200000,300000,100000,25,25,0,21282,0.21282,25,False,unique_pages_not_strictly_greater_than_guard_plus_target,567bca327bafaa672dc60bf5dc362a51f0b7bf0dc142303b7e8f0941a805b6dd,59afbf2923aea4ac6b1375fb3abc602c192b3e789a829b1a0415f50725ce0ef8
swaptions,swaptions-20260731T080931Z,0.40,119,119,0.4006734006734007,False,2610000,2710000,210000,310000,100000,25,25,0,18886,0.18886,25,False,unique_pages_not_strictly_greater_than_guard_plus_target,567bca327bafaa672dc60bf5dc362a51f0b7bf0dc142303b7e8f0941a805b6dd,59afbf2923aea4ac6b1375fb3abc602c192b3e789a829b1a0415f50725ce0ef8
swaptions,swaptions-20260731T080931Z,0.40,119,119,0.4006734006734007,False,2620000,2720000,220000,320000,100000,25,25,0,18151,0.18151,25,False,unique_pages_not_strictly_greater_than_guard_plus_target,567bca327bafaa672dc60bf5dc362a51f0b7bf0dc142303b7e8f0941a805b6dd,59afbf2923aea4ac6b1375fb3abc602c192b3e789a829b1a0415f50725ce0ef8
swaptions,swaptions-20260731T080931Z,0.40,119,119,0.4006734006734007,False,2630000,2730000,230000,330000,100000,25,25,0,21211,0.21211,25,False,unique_pages_not_strictly_greater_than_guard_plus_target,567bca327bafaa672dc60bf5dc362a51f0b7bf0dc142303b7e8f0941a805b6dd,59afbf2923aea4ac6b1375fb3abc602c192b3e789a829b1a0415f50725ce0ef8
swaptions,swaptions-20260731T080931Z,0.40,119,119,0.4006734006734007,False,2640000,2740000,240000,340000,100000,25,25,0,22146,0.22146,25,False,unique_pages_not_strictly_greater_than_guard_plus_target,567bca327bafaa672dc60bf5dc362a51f0b7bf0dc142303b7e8f0941a805b6dd,59afbf2923aea4ac6b1375fb3abc602c192b3e789a829b1a0415f50725ce0ef8
swaptions,swaptions-20260731T080931Z,0.40,119,119,0.4006734006734007,False,2650000,2750000,250000,350000,100000,25,25,0,22260,0.2226,25,False,unique_pages_not_strictly_greater_than_guard_plus_target,567bca327bafaa672dc60bf5dc362a51f0b7bf0dc142303b7e8f0941a805b6dd,59afbf2923aea4ac6b1375fb3abc602c192b3e789a829b1a0415f50725ce0ef8
swaptions,swaptions-20260731T080931Z,0.40,119,119,0.4006734006734007,False,2660000,2760000,260000,360000,100000,25,25,0,20369,0.20369,25,False,unique_pages_not_strictly_greater_than_guard_plus_target,567bca327bafaa672dc60bf5dc362a51f0b7bf0dc142303b7e8f0941a805b6dd,59afbf2923aea4ac6b1375fb3abc602c192b3e789a829b1a0415f50725ce0ef8
swaptions,swaptions-20260731T080931Z,0.40,119,119,0.4006734006734007,False,2670000,2770000,270000,370000,100000,25,25,0,18095,0.18095,25,False,unique_pages_not_strictly_greater_than_guard_plus_target,567bca327bafaa672dc60bf5dc362a51f0b7bf0dc142303b7e8f0941a805b6dd,59afbf2923aea4ac6b1375fb3abc602c192b3e789a829b1a0415f50725ce0ef8
swaptions,swaptions-20260731T080931Z,0.40,119,119,0.4006734006734007,False,2680000,2780000,280000,380000,100000,25,25,0,19150,0.1915,25,False,unique_pages_not_strictly_greater_than_guard_plus_target,567bca327bafaa672dc60bf5dc362a51f0b7bf0dc142303b7e8f0941a805b6dd,59afbf2923aea4ac6b1375fb3abc602c192b3e789a829b1a0415f50725ce0ef8
swaptions,swaptions-20260731T080931Z,0.40,119,119,0.4006734006734007,False,2690000,2790000,290000,390000,100000,25,25,0,21914,0.21914,25,False,unique_pages_not_strictly_greater_than_guard_plus_target,567bca327bafaa672dc60bf5dc362a51f0b7bf0dc142303b7e8f0941a805b6dd,59afbf2923aea4ac6b1375fb3abc602c192b3e789a829b1a0415f50725ce0ef8
swaptions,swaptions-20260731T080931Z,0.40,119,119,0.4006734006734007,False,2700000,2800000,300000,400000,100000,25,25,0,22242,0.22242,25,False,unique_pages_not_strictly_greater_than_guard_plus_target,567bca327bafaa672dc60bf5dc362a51f0b7bf0dc142303b7e8f0941a805b6dd,59afbf2923aea4ac6b1375fb3abc602c192b3e789a829b1a0415f50725ce0ef8
swaptions,swaptions-20260731T080931Z,0.40,119,119,0.4006734006734007,False,2710000,2810000,310000,410000,100000,25,25,0,21930,0.2193,25,False,unique_pages_not_strictly_greater_than_guard_plus_target,567bca327bafaa672dc60bf5dc362a51f0b7bf0dc142303b7e8f0941a805b6dd,59afbf2923aea4ac6b1375fb3abc602c192b3e789a829b1a0415f50725ce0ef8
swaptions,swaptions-20260731T080931Z,0.40,119,119,0.4006734006734007,False,2720000,2820000,320000,420000,100000,25,25,0,19879,0.19879,25,False,unique_pages_not_strictly_greater_than_guard_plus_target,567bca327bafaa672dc60bf5dc362a51f0b7bf0dc142303b7e8f0941a805b6dd,59afbf2923aea4ac6b1375fb3abc602c192b3e789a829b1a0415f50725ce0ef8
swaptions,swaptions-20260731T080931Z,0.40,119,119,0.4006734006734007,False,2730000,2830000,330000,430000,100000,25,25,0,18285,0.18285,25,False,unique_pages_not_strictly_greater_than_guard_plus_target,567bca327bafaa672dc60bf5dc362a51f0b7bf0dc142303b7e8f0941a805b6dd,59afbf2923aea4ac6b1375fb3abc602c192b3e789a829b1a0415f50725ce0ef8
swaptions,swaptions-20260731T080931Z,0.40,119,119,0.4006734006734007,False,2740000,2840000,340000,440000,100000,25,25,0,20256,0.20256,25,False,unique_pages_not_strictly_greater_than_guard_plus_target,567bca327bafaa672dc60bf5dc362a51f0b7bf0dc142303b7e8f0941a805b6dd,59afbf2923aea4ac6b1375fb3abc602c192b3e789a829b1a0415f50725ce0ef8
swaptions,swaptions-20260731T080931Z,0.40,119,119,0.4006734006734007,False,2750000,2850000,350000,450000,100000,25,25,0,22024,0.22024,25,False,unique_pages_not_strictly_greater_than_guard_plus_target,567bca327bafaa672dc60bf5dc362a51f0b7bf0dc142303b7e8f0941a805b6dd,59afbf2923aea4ac6b1375fb3abc602c192b3e789a829b1a0415f50725ce0ef8
swaptions,swaptions-20260731T080931Z,0.40,119,119,0.4006734006734007,False,2760000,2860000,360000,460000,100000,25,25,0,22257,0.22257,25,False,unique_pages_not_strictly_greater_than_guard_plus_target,567bca327bafaa672dc60bf5dc362a51f0b7bf0dc142303b7e8f0941a805b6dd,59afbf2923aea4ac6b1375fb3abc602c192b3e789a829b1a0415f50725ce0ef8
swaptions,swaptions-20260731T080931Z,0.40,119,119,0.4006734006734007,False,2770000,2870000,370000,470000,100000,25,25,0,21506,0.21506,25,False,unique_pages_not_strictly_greater_than_guard_plus_target,567bca327bafaa672dc60bf5dc362a51f0b7bf0dc142303b7e8f0941a805b6dd,59afbf2923aea4ac6b1375fb3abc602c192b3e789a829b1a0415f50725ce0ef8
swaptions,swaptions-20260731T080931Z,0.40,119,119,0.4006734006734007,False,2780000,2880000,380000,480000,100000,25,25,0,18970,0.1897,25,False,unique_pages_not_strictly_greater_than_guard_plus_target,567bca327bafaa672dc60bf5dc362a51f0b7bf0dc142303b7e8f0941a805b6dd,59afbf2923aea4ac6b1375fb3abc602c192b3e789a829b1a0415f50725ce0ef8
swaptions,swaptions-20260731T080931Z,0.40,119,119,0.4006734006734007,False,2790000,2890000,390000,490000,100000,25,25,0,17963,0.17963,25,False,unique_pages_not_strictly_greater_than_guard_plus_target,567bca327bafaa672dc60bf5dc362a51f0b7bf0dc142303b7e8f0941a805b6dd,59afbf2923aea4ac6b1375fb3abc602c192b3e789a829b1a0415f50725ce0ef8
swaptions,swaptions-20260731T080931Z,0.40,119,119,0.4006734006734007,False,2800000,2900000,400000,500000,100000,25,25,0,21031,0.21031,25,False,unique_pages_not_strictly_greater_than_guard_plus_target,567bca327bafaa672dc60bf5dc362a51f0b7bf0dc142303b7e8f0941a805b6dd,59afbf2923aea4ac6b1375fb3abc602c192b3e789a829b1a0415f50725ce0ef8
swaptions,swaptions-20260731T080931Z,0.40,119,119,0.4006734006734007,False,2810000,2910000,410000,510000,100000,25,25,0,22107,0.22107,25,False,unique_pages_not_strictly_greater_than_guard_plus_target,567bca327bafaa672dc60bf5dc362a51f0b7bf0dc142303b7e8f0941a805b6dd,59afbf2923aea4ac6b1375fb3abc602c192b3e789a829b1a0415f50725ce0ef8
swaptions,swaptions-20260731T080931Z,0.40,119,119,0.4006734006734007,False,2820000,2920000,420000,520000,100000,25,25,0,22267,0.22267,25,False,unique_pages_not_strictly_greater_than_guard_plus_target,567bca327bafaa672dc60bf5dc362a51f0b7bf0dc142303b7e8f0941a805b6dd,59afbf2923aea4ac6b1375fb3abc602c192b3e789a829b1a0415f50725ce0ef8
swaptions,swaptions-20260731T080931Z,0.40,119,119,0.4006734006734007,False,2830000,2930000,430000,530000,100000,25,25,0,20470,0.2047,25,False,unique_pages_not_strictly_greater_than_guard_plus_target,567bca327bafaa672dc60bf5dc362a51f0b7bf0dc142303b7e8f0941a805b6dd,59afbf2923aea4ac6b1375fb3abc602c192b3e789a829b1a0415f50725ce0ef8
swaptions,swaptions-20260731T080931Z,0.40,119,119,0.4006734006734007,False,2840000,2940000,440000,540000,100000,25,25,0,18129,0.18129,25,False,unique_pages_not_strictly_greater_than_guard_plus_target,567bca327bafaa672dc60bf5dc362a51f0b7bf0dc142303b7e8f0941a805b6dd,59afbf2923aea4ac6b1375fb3abc602c192b3e789a829b1a0415f50725ce0ef8
swaptions,swaptions-20260731T080931Z,0.40,119,119,0.4006734006734007,False,2850000,2950000,450000,550000,100000,25,25,0,18594,0.18594,25,False,unique_pages_not_strictly_greater_than_guard_plus_target,567bca327bafaa672dc60bf5dc362a51f0b7bf0dc142303b7e8f0941a805b6dd,59afbf2923aea4ac6b1375fb3abc602c192b3e789a829b1a0415f50725ce0ef8
swaptions,swaptions-20260731T080931Z,0.40,119,119,0.4006734006734007,False,2860000,2960000,460000,560000,100000,25,25,0,21745,0.21745,25,False,unique_pages_not_strictly_greater_than_guard_plus_target,567bca327bafaa672dc60bf5dc362a51f0b7bf0dc142303b7e8f0941a805b6dd,59afbf2923aea4ac6b1375fb3abc602c192b3e789a829b1a0415f50725ce0ef8
swaptions,swaptions-20260731T080931Z,0.40,119,119,0.4006734006734007,False,2870000,2970000,470000,570000,100000,25,25,0,22191,0.22191,25,False,unique_pages_not_strictly_greater_than_guard_plus_target,567bca327bafaa672dc60bf5dc362a51f0b7bf0dc142303b7e8f0941a805b6dd,59afbf2923aea4ac6b1375fb3abc602c192b3e789a829b1a0415f50725ce0ef8
swaptions,swaptions-20260731T080931Z,0.40,119,119,0.4006734006734007,False,2880000,2980000,480000,580000,100000,25,25,0,22074,0.22074,25,False,unique_pages_not_strictly_greater_than_guard_plus_target,567bca327bafaa672dc60bf5dc362a51f0b7bf0dc142303b7e8f0941a805b6dd,59afbf2923aea4ac6b1375fb3abc602c192b3e789a829b1a0415f50725ce0ef8
swaptions,swaptions-20260731T080931Z,0.40,119,119,0.4006734006734007,False,2890000,2990000,490000,590000,100000,25,25,0,20097,0.20097,25,False,unique_pages_not_strictly_greater_than_guard_plus_target,567bca327bafaa672dc60bf5dc362a51f0b7bf0dc142303b7e8f0941a805b6dd,59afbf2923aea4ac6b1375fb3abc602c192b3e789a829b1a0415f50725ce0ef8
swaptions,swaptions-20260731T080931Z,0.40,119,119,0.4006734006734007,False,2900000,3000000,500000,600000,100000,25,25,0,18049,0.18049,25,False,unique_pages_not_strictly_greater_than_guard_plus_target,567bca327bafaa672dc60bf5dc362a51f0b7bf0dc142303b7e8f0941a805b6dd,59afbf2923aea4ac6b1375fb3abc602c192b3e789a829b1a0415f50725ce0ef8
swaptions,swaptions-20260731T080931Z,0.60,179,179,0.6026936026936027,False,2400000,2500000,0,100000,100000,25,25,0,20576,0.20576,25,False,unique_pages_not_strictly_greater_than_guard_plus_target,567bca327bafaa672dc60bf5dc362a51f0b7bf0dc142303b7e8f0941a805b6dd,59afbf2923aea4ac6b1375fb3abc602c192b3e789a829b1a0415f50725ce0ef8
swaptions,swaptions-20260731T080931Z,0.60,179,179,0.6026936026936027,False,2410000,2510000,10000,110000,100000,25,25,0,22066,0.22066,25,False,unique_pages_not_strictly_greater_than_guard_plus_target,567bca327bafaa672dc60bf5dc362a51f0b7bf0dc142303b7e8f0941a805b6dd,59afbf2923aea4ac6b1375fb3abc602c192b3e789a829b1a0415f50725ce0ef8
swaptions,swaptions-20260731T080931Z,0.60,179,179,0.6026936026936027,False,2420000,2520000,20000,120000,100000,25,25,0,22258,0.22258,25,False,unique_pages_not_strictly_greater_than_guard_plus_target,567bca327bafaa672dc60bf5dc362a51f0b7bf0dc142303b7e8f0941a805b6dd,59afbf2923aea4ac6b1375fb3abc602c192b3e789a829b1a0415f50725ce0ef8
swaptions,swaptions-20260731T080931Z,0.60,179,179,0.6026936026936027,False,2430000,2530000,30000,130000,100000,25,25,0,21094,0.21094,25,False,unique_pages_not_strictly_greater_than_guard_plus_target,567bca327bafaa672dc60bf5dc362a51f0b7bf0dc142303b7e8f0941a805b6dd,59afbf2923aea4ac6b1375fb3abc602c192b3e789a829b1a0415f50725ce0ef8
swaptions,swaptions-20260731T080931Z,0.60,179,179,0.6026936026936027,False,2440000,2540000,40000,140000,100000,25,25,0,18790,0.1879,25,False,unique_pages_not_strictly_greater_than_guard_plus_target,567bca327bafaa672dc60bf5dc362a51f0b7bf0dc142303b7e8f0941a805b6dd,59afbf2923aea4ac6b1375fb3abc602c192b3e789a829b1a0415f50725ce0ef8
swaptions,swaptions-20260731T080931Z,0.60,179,179,0.6026936026936027,False,2450000,2550000,50000,150000,100000,25,25,0,18470,0.1847,25,False,unique_pages_not_strictly_greater_than_guard_plus_target,567bca327bafaa672dc60bf5dc362a51f0b7bf0dc142303b7e8f0941a805b6dd,59afbf2923aea4ac6b1375fb3abc602c192b3e789a829b1a0415f50725ce0ef8
swaptions,swaptions-20260731T080931Z,0.60,179,179,0.6026936026936027,False,2460000,2560000,60000,160000,100000,25,25,0,21474,0.21474,25,False,unique_pages_not_strictly_greater_than_guard_plus_target,567bca327bafaa672dc60bf5dc362a51f0b7bf0dc142303b7e8f0941a805b6dd,59afbf2923aea4ac6b1375fb3abc602c192b3e789a829b1a0415f50725ce0ef8
swaptions,swaptions-20260731T080931Z,0.60,179,179,0.6026936026936027,False,2470000,2570000,70000,170000,100000,25,25,0,22171,0.22171,25,False,unique_pages_not_strictly_greater_than_guard_plus_target,567bca327bafaa672dc60bf5dc362a51f0b7bf0dc142303b7e8f0941a805b6dd,59afbf2923aea4ac6b1375fb3abc602c192b3e789a829b1a0415f50725ce0ef8
swaptions,swaptions-20260731T080931Z,0.60,179,179,0.6026936026936027,False,2480000,2580000,80000,180000,100000,25,25,0,22265,0.22265,25,False,unique_pages_not_strictly_greater_than_guard_plus_target,567bca327bafaa672dc60bf5dc362a51f0b7bf0dc142303b7e8f0941a805b6dd,59afbf2923aea4ac6b1375fb3abc602c192b3e789a829b1a0415f50725ce0ef8
swaptions,swaptions-20260731T080931Z,0.60,179,179,0.6026936026936027,False,2490000,2590000,90000,190000,100000,25,25,0,20309,0.20309,25,False,unique_pages_not_strictly_greater_than_guard_plus_target,567bca327bafaa672dc60bf5dc362a51f0b7bf0dc142303b7e8f0941a805b6dd,59afbf2923aea4ac6b1375fb3abc602c192b3e789a829b1a0415f50725ce0ef8
swaptions,swaptions-20260731T080931Z,0.60,179,179,0.6026936026936027,False,2500000,2600000,100000,200000,100000,25,25,0,18191,0.18191,25,False,unique_pages_not_strictly_greater_than_guard_plus_target,567bca327bafaa672dc60bf5dc362a51f0b7bf0dc142303b7e8f0941a805b6dd,59afbf2923aea4ac6b1375fb3abc602c192b3e789a829b1a0415f50725ce0ef8
swaptions,swaptions-20260731T080931Z,0.60,179,179,0.6026936026936027,False,2510000,2610000,110000,210000,100000,25,25,0,19349,0.19349,25,False,unique_pages_not_strictly_greater_than_guard_plus_target,567bca327bafaa672dc60bf5dc362a51f0b7bf0dc142303b7e8f0941a805b6dd,59afbf2923aea4ac6b1375fb3abc602c192b3e789a829b1a0415f50725ce0ef8
swaptions,swaptions-20260731T080931Z,0.60,179,179,0.6026936026936027,False,2520000,2620000,120000,220000,100000,25,25,0,21943,0.21943,25,False,unique_pages_not_strictly_greater_than_guard_plus_target,567bca327bafaa672dc60bf5dc362a51f0b7bf0dc142303b7e8f0941a805b6dd,59afbf2923aea4ac6b1375fb3abc602c192b3e789a829b1a0415f50725ce0ef8
swaptions,swaptions-20260731T080931Z,0.60,179,179,0.6026936026936027,False,2530000,2630000,130000,230000,100000,25,25,0,22268,0.22268,25,False,unique_pages_not_strictly_greater_than_guard_plus_target,567bca327bafaa672dc60bf5dc362a51f0b7bf0dc142303b7e8f0941a805b6dd,59afbf2923aea4ac6b1375fb3abc602c192b3e789a829b1a0415f50725ce0ef8
swaptions,swaptions-20260731T080931Z,0.60,179,179,0.6026936026936027,False,2540000,2640000,140000,240000,100000,25,25,0,21818,0.21818,25,False,unique_pages_not_strictly_greater_than_guard_plus_target,567bca327bafaa672dc60bf5dc362a51f0b7bf0dc142303b7e8f0941a805b6dd,59afbf2923aea4ac6b1375fb3abc602c192b3e789a829b1a0415f50725ce0ef8
swaptions,swaptions-20260731T080931Z,0.60,179,179,0.6026936026936027,False,2550000,2650000,150000,250000,100000,25,25,0,19542,0.19542,25,False,unique_pages_not_strictly_greater_than_guard_plus_target,567bca327bafaa672dc60bf5dc362a51f0b7bf0dc142303b7e8f0941a805b6dd,59afbf2923aea4ac6b1375fb3abc602c192b3e789a829b1a0415f50725ce0ef8
swaptions,swaptions-20260731T080931Z,0.60,179,179,0.6026936026936027,False,2560000,2660000,160000,260000,100000,25,25,0,18125,0.18125,25,False,unique_pages_not_strictly_greater_than_guard_plus_target,567bca327bafaa672dc60bf5dc362a51f0b7bf0dc142303b7e8f0941a805b6dd,59afbf2923aea4ac6b1375fb3abc602c192b3e789a829b1a0415f50725ce0ef8
swaptions,swaptions-20260731T080931Z,0.60,179,179,0.6026936026936027,False,2570000,2670000,170000,270000,100000,25,25,0,20469,0.20469,25,False,unique_pages_not_strictly_greater_than_guard_plus_target,567bca327bafaa672dc60bf5dc362a51f0b7bf0dc142303b7e8f0941a805b6dd,59afbf2923aea4ac6b1375fb3abc602c192b3e789a829b1a0415f50725ce0ef8
swaptions,swaptions-20260731T080931Z,0.60,179,179,0.6026936026936027,False,2580000,2680000,180000,280000,100000,25,25,0,22035,0.22035,25,False,unique_pages_not_strictly_greater_than_guard_plus_target,567bca327bafaa672dc60bf5dc362a51f0b7bf0dc142303b7e8f0941a805b6dd,59afbf2923aea4ac6b1375fb3abc602c192b3e789a829b1a0415f50725ce0ef8
swaptions,swaptions-20260731T080931Z,0.60,179,179,0.6026936026936027,False,2590000,2690000,190000,290000,100000,25,25,0,22267,0.22267,25,False,unique_pages_not_strictly_greater_than_guard_plus_target,567bca327bafaa672dc60bf5dc362a51f0b7bf0dc142303b7e8f0941a805b6dd,59afbf2923aea4ac6b1375fb3abc602c192b3e789a829b1a0415f50725ce0ef8
swaptions,swaptions-20260731T080931Z,0.60,179,179,0.6026936026936027,False,2600000,2700000,200000,300000,100000,25,25,0,21282,0.21282,25,False,unique_pages_not_strictly_greater_than_guard_plus_target,567bca327bafaa672dc60bf5dc362a51f0b7bf0dc142303b7e8f0941a805b6dd,59afbf2923aea4ac6b1375fb3abc602c192b3e789a829b1a0415f50725ce0ef8
swaptions,swaptions-20260731T080931Z,0.60,179,179,0.6026936026936027,False,2610000,2710000,210000,310000,100000,25,25,0,18886,0.18886,25,False,unique_pages_not_strictly_greater_than_guard_plus_target,567bca327bafaa672dc60bf5dc362a51f0b7bf0dc142303b7e8f0941a805b6dd,59afbf2923aea4ac6b1375fb3abc602c192b3e789a829b1a0415f50725ce0ef8
swaptions,swaptions-20260731T080931Z,0.60,179,179,0.6026936026936027,False,2620000,2720000,220000,320000,100000,25,25,0,18151,0.18151,25,False,unique_pages_not_strictly_greater_than_guard_plus_target,567bca327bafaa672dc60bf5dc362a51f0b7bf0dc142303b7e8f0941a805b6dd,59afbf2923aea4ac6b1375fb3abc602c192b3e789a829b1a0415f50725ce0ef8
swaptions,swaptions-20260731T080931Z,0.60,179,179,0.6026936026936027,False,2630000,2730000,230000,330000,100000,25,25,0,21211,0.21211,25,False,unique_pages_not_strictly_greater_than_guard_plus_target,567bca327bafaa672dc60bf5dc362a51f0b7bf0dc142303b7e8f0941a805b6dd,59afbf2923aea4ac6b1375fb3abc602c192b3e789a829b1a0415f50725ce0ef8
swaptions,swaptions-20260731T080931Z,0.60,179,179,0.6026936026936027,False,2640000,2740000,240000,340000,100000,25,25,0,22146,0.22146,25,False,unique_pages_not_strictly_greater_than_guard_plus_target,567bca327bafaa672dc60bf5dc362a51f0b7bf0dc142303b7e8f0941a805b6dd,59afbf2923aea4ac6b1375fb3abc602c192b3e789a829b1a0415f50725ce0ef8
swaptions,swaptions-20260731T080931Z,0.60,179,179,0.6026936026936027,False,2650000,2750000,250000,350000,100000,25,25,0,22260,0.2226,25,False,unique_pages_not_strictly_greater_than_guard_plus_target,567bca327bafaa672dc60bf5dc362a51f0b7bf0dc142303b7e8f0941a805b6dd,59afbf2923aea4ac6b1375fb3abc602c192b3e789a829b1a0415f50725ce0ef8
swaptions,swaptions-20260731T080931Z,0.60,179,179,0.6026936026936027,False,2660000,2760000,260000,360000,100000,25,25,0,20369,0.20369,25,False,unique_pages_not_strictly_greater_than_guard_plus_target,567bca327bafaa672dc60bf5dc362a51f0b7bf0dc142303b7e8f0941a805b6dd,59afbf2923aea4ac6b1375fb3abc602c192b3e789a829b1a0415f50725ce0ef8
swaptions,swaptions-20260731T080931Z,0.60,179,179,0.6026936026936027,False,2670000,2770000,270000,370000,100000,25,25,0,18095,0.18095,25,False,unique_pages_not_strictly_greater_than_guard_plus_target,567bca327bafaa672dc60bf5dc362a51f0b7bf0dc142303b7e8f0941a805b6dd,59afbf2923aea4ac6b1375fb3abc602c192b3e789a829b1a0415f50725ce0ef8
swaptions,swaptions-20260731T080931Z,0.60,179,179,0.6026936026936027,False,2680000,2780000,280000,380000,100000,25,25,0,19150,0.1915,25,False,unique_pages_not_strictly_greater_than_guard_plus_target,567bca327bafaa672dc60bf5dc362a51f0b7bf0dc142303b7e8f0941a805b6dd,59afbf2923aea4ac6b1375fb3abc602c192b3e789a829b1a0415f50725ce0ef8
swaptions,swaptions-20260731T080931Z,0.60,179,179,0.6026936026936027,False,2690000,2790000,290000,390000,100000,25,25,0,21914,0.21914,25,False,unique_pages_not_strictly_greater_than_guard_plus_target,567bca327bafaa672dc60bf5dc362a51f0b7bf0dc142303b7e8f0941a805b6dd,59afbf2923aea4ac6b1375fb3abc602c192b3e789a829b1a0415f50725ce0ef8
swaptions,swaptions-20260731T080931Z,0.60,179,179,0.6026936026936027,False,2700000,2800000,300000,400000,100000,25,25,0,22242,0.22242,25,False,unique_pages_not_strictly_greater_than_guard_plus_target,567bca327bafaa672dc60bf5dc362a51f0b7bf0dc142303b7e8f0941a805b6dd,59afbf2923aea4ac6b1375fb3abc602c192b3e789a829b1a0415f50725ce0ef8
swaptions,swaptions-20260731T080931Z,0.60,179,179,0.6026936026936027,False,2710000,2810000,310000,410000,100000,25,25,0,21930,0.2193,25,False,unique_pages_not_strictly_greater_than_guard_plus_target,567bca327bafaa672dc60bf5dc362a51f0b7bf0dc142303b7e8f0941a805b6dd,59afbf2923aea4ac6b1375fb3abc602c192b3e789a829b1a0415f50725ce0ef8
swaptions,swaptions-20260731T080931Z,0.60,179,179,0.6026936026936027,False,2720000,2820000,320000,420000,100000,25,25,0,19879,0.19879,25,False,unique_pages_not_strictly_greater_than_guard_plus_target,567bca327bafaa672dc60bf5dc362a51f0b7bf0dc142303b7e8f0941a805b6dd,59afbf2923aea4ac6b1375fb3abc602c192b3e789a829b1a0415f50725ce0ef8
swaptions,swaptions-20260731T080931Z,0.60,179,179,0.6026936026936027,False,2730000,2830000,330000,430000,100000,25,25,0,18285,0.18285,25,False,unique_pages_not_strictly_greater_than_guard_plus_target,567bca327bafaa672dc60bf5dc362a51f0b7bf0dc142303b7e8f0941a805b6dd,59afbf2923aea4ac6b1375fb3abc602c192b3e789a829b1a0415f50725ce0ef8
swaptions,swaptions-20260731T080931Z,0.60,179,179,0.6026936026936027,False,2740000,2840000,340000,440000,100000,25,25,0,20256,0.20256,25,False,unique_pages_not_strictly_greater_than_guard_plus_target,567bca327bafaa672dc60bf5dc362a51f0b7bf0dc142303b7e8f0941a805b6dd,59afbf2923aea4ac6b1375fb3abc602c192b3e789a829b1a0415f50725ce0ef8
swaptions,swaptions-20260731T080931Z,0.60,179,179,0.6026936026936027,False,2750000,2850000,350000,450000,100000,25,25,0,22024,0.22024,25,False,unique_pages_not_strictly_greater_than_guard_plus_target,567bca327bafaa672dc60bf5dc362a51f0b7bf0dc142303b7e8f0941a805b6dd,59afbf2923aea4ac6b1375fb3abc602c192b3e789a829b1a0415f50725ce0ef8
swaptions,swaptions-20260731T080931Z,0.60,179,179,0.6026936026936027,False,2760000,2860000,360000,460000,100000,25,25,0,22257,0.22257,25,False,unique_pages_not_strictly_greater_than_guard_plus_target,567bca327bafaa672dc60bf5dc362a51f0b7bf0dc142303b7e8f0941a805b6dd,59afbf2923aea4ac6b1375fb3abc602c192b3e789a829b1a0415f50725ce0ef8
swaptions,swaptions-20260731T080931Z,0.60,179,179,0.6026936026936027,False,2770000,2870000,370000,470000,100000,25,25,0,21506,0.21506,25,False,unique_pages_not_strictly_greater_than_guard_plus_target,567bca327bafaa672dc60bf5dc362a51f0b7bf0dc142303b7e8f0941a805b6dd,59afbf2923aea4ac6b1375fb3abc602c192b3e789a829b1a0415f50725ce0ef8
swaptions,swaptions-20260731T080931Z,0.60,179,179,0.6026936026936027,False,2780000,2880000,380000,480000,100000,25,25,0,18970,0.1897,25,False,unique_pages_not_strictly_greater_than_guard_plus_target,567bca327bafaa672dc60bf5dc362a51f0b7bf0dc142303b7e8f0941a805b6dd,59afbf2923aea4ac6b1375fb3abc602c192b3e789a829b1a0415f50725ce0ef8
swaptions,swaptions-20260731T080931Z,0.60,179,179,0.6026936026936027,False,2790000,2890000,390000,490000,100000,25,25,0,17963,0.17963,25,False,unique_pages_not_strictly_greater_than_guard_plus_target,567bca327bafaa672dc60bf5dc362a51f0b7bf0dc142303b7e8f0941a805b6dd,59afbf2923aea4ac6b1375fb3abc602c192b3e789a829b1a0415f50725ce0ef8
swaptions,swaptions-20260731T080931Z,0.60,179,179,0.6026936026936027,False,2800000,2900000,400000,500000,100000,25,25,0,21031,0.21031,25,False,unique_pages_not_strictly_greater_than_guard_plus_target,567bca327bafaa672dc60bf5dc362a51f0b7bf0dc142303b7e8f0941a805b6dd,59afbf2923aea4ac6b1375fb3abc602c192b3e789a829b1a0415f50725ce0ef8
swaptions,swaptions-20260731T080931Z,0.60,179,179,0.6026936026936027,False,2810000,2910000,410000,510000,100000,25,25,0,22107,0.22107,25,False,unique_pages_not_strictly_greater_than_guard_plus_target,567bca327bafaa672dc60bf5dc362a51f0b7bf0dc142303b7e8f0941a805b6dd,59afbf2923aea4ac6b1375fb3abc602c192b3e789a829b1a0415f50725ce0ef8
swaptions,swaptions-20260731T080931Z,0.60,179,179,0.6026936026936027,False,2820000,2920000,420000,520000,100000,25,25,0,22267,0.22267,25,False,unique_pages_not_strictly_greater_than_guard_plus_target,567bca327bafaa672dc60bf5dc362a51f0b7bf0dc142303b7e8f0941a805b6dd,59afbf2923aea4ac6b1375fb3abc602c192b3e789a829b1a0415f50725ce0ef8
swaptions,swaptions-20260731T080931Z,0.60,179,179,0.6026936026936027,False,2830000,2930000,430000,530000,100000,25,25,0,20470,0.2047,25,False,unique_pages_not_strictly_greater_than_guard_plus_target,567bca327bafaa672dc60bf5dc362a51f0b7bf0dc142303b7e8f0941a805b6dd,59afbf2923aea4ac6b1375fb3abc602c192b3e789a829b1a0415f50725ce0ef8
swaptions,swaptions-20260731T080931Z,0.60,179,179,0.6026936026936027,False,2840000,2940000,440000,540000,100000,25,25,0,18129,0.18129,25,False,unique_pages_not_strictly_greater_than_guard_plus_target,567bca327bafaa672dc60bf5dc362a51f0b7bf0dc142303b7e8f0941a805b6dd,59afbf2923aea4ac6b1375fb3abc602c192b3e789a829b1a0415f50725ce0ef8
swaptions,swaptions-20260731T080931Z,0.60,179,179,0.6026936026936027,False,2850000,2950000,450000,550000,100000,25,25,0,18594,0.18594,25,False,unique_pages_not_strictly_greater_than_guard_plus_target,567bca327bafaa672dc60bf5dc362a51f0b7bf0dc142303b7e8f0941a805b6dd,59afbf2923aea4ac6b1375fb3abc602c192b3e789a829b1a0415f50725ce0ef8
swaptions,swaptions-20260731T080931Z,0.60,179,179,0.6026936026936027,False,2860000,2960000,460000,560000,100000,25,25,0,21745,0.21745,25,False,unique_pages_not_strictly_greater_than_guard_plus_target,567bca327bafaa672dc60bf5dc362a51f0b7bf0dc142303b7e8f0941a805b6dd,59afbf2923aea4ac6b1375fb3abc602c192b3e789a829b1a0415f50725ce0ef8
swaptions,swaptions-20260731T080931Z,0.60,179,179,0.6026936026936027,False,2870000,2970000,470000,570000,100000,25,25,0,22191,0.22191,25,False,unique_pages_not_strictly_greater_than_guard_plus_target,567bca327bafaa672dc60bf5dc362a51f0b7bf0dc142303b7e8f0941a805b6dd,59afbf2923aea4ac6b1375fb3abc602c192b3e789a829b1a0415f50725ce0ef8
swaptions,swaptions-20260731T080931Z,0.60,179,179,0.6026936026936027,False,2880000,2980000,480000,580000,100000,25,25,0,22074,0.22074,25,False,unique_pages_not_strictly_greater_than_guard_plus_target,567bca327bafaa672dc60bf5dc362a51f0b7bf0dc142303b7e8f0941a805b6dd,59afbf2923aea4ac6b1375fb3abc602c192b3e789a829b1a0415f50725ce0ef8
swaptions,swaptions-20260731T080931Z,0.60,179,179,0.6026936026936027,False,2890000,2990000,490000,590000,100000,25,25,0,20097,0.20097,25,False,unique_pages_not_strictly_greater_than_guard_plus_target,567bca327bafaa672dc60bf5dc362a51f0b7bf0dc142303b7e8f0941a805b6dd,59afbf2923aea4ac6b1375fb3abc602c192b3e789a829b1a0415f50725ce0ef8
swaptions,swaptions-20260731T080931Z,0.60,179,179,0.6026936026936027,False,2900000,3000000,500000,600000,100000,25,25,0,18049,0.18049,25,False,unique_pages_not_strictly_greater_than_guard_plus_target,567bca327bafaa672dc60bf5dc362a51f0b7bf0dc142303b7e8f0941a805b6dd,59afbf2923aea4ac6b1375fb3abc602c192b3e789a829b1a0415f50725ce0ef8
fluidanimate,fluidanimate-20260731T081336Z,0.20,5544,5544,0.2,False,2400000,2500000,0,100000,100000,3,3,0,8580,0.0858,3,False,unique_pages_not_strictly_greater_than_guard_plus_target,b6c4ce90a042afae8f824e78acef2b0f53d6442e89ac37544f119facaddb43d6,598d8dffb4be589ab8bd035f707141a58894db8347051b9beba9358e046df88d
fluidanimate,fluidanimate-20260731T081336Z,0.20,5544,5544,0.2,False,2410000,2510000,10000,110000,100000,3,3,0,8575,0.08575,3,False,unique_pages_not_strictly_greater_than_guard_plus_target,b6c4ce90a042afae8f824e78acef2b0f53d6442e89ac37544f119facaddb43d6,598d8dffb4be589ab8bd035f707141a58894db8347051b9beba9358e046df88d
fluidanimate,fluidanimate-20260731T081336Z,0.20,5544,5544,0.2,False,2420000,2520000,20000,120000,100000,3,3,0,8581,0.08581,3,False,unique_pages_not_strictly_greater_than_guard_plus_target,b6c4ce90a042afae8f824e78acef2b0f53d6442e89ac37544f119facaddb43d6,598d8dffb4be589ab8bd035f707141a58894db8347051b9beba9358e046df88d
fluidanimate,fluidanimate-20260731T081336Z,0.20,5544,5544,0.2,False,2430000,2530000,30000,130000,100000,3,3,0,8581,0.08581,3,False,unique_pages_not_strictly_greater_than_guard_plus_target,b6c4ce90a042afae8f824e78acef2b0f53d6442e89ac37544f119facaddb43d6,598d8dffb4be589ab8bd035f707141a58894db8347051b9beba9358e046df88d
fluidanimate,fluidanimate-20260731T081336Z,0.20,5544,5544,0.2,False,2440000,2540000,40000,140000,100000,3,3,0,8576,0.08576,3,False,unique_pages_not_strictly_greater_than_guard_plus_target,b6c4ce90a042afae8f824e78acef2b0f53d6442e89ac37544f119facaddb43d6,598d8dffb4be589ab8bd035f707141a58894db8347051b9beba9358e046df88d
fluidanimate,fluidanimate-20260731T081336Z,0.20,5544,5544,0.2,False,2450000,2550000,50000,150000,100000,3,3,0,8576,0.08576,3,False,unique_pages_not_strictly_greater_than_guard_plus_target,b6c4ce90a042afae8f824e78acef2b0f53d6442e89ac37544f119facaddb43d6,598d8dffb4be589ab8bd035f707141a58894db8347051b9beba9358e046df88d
fluidanimate,fluidanimate-20260731T081336Z,0.20,5544,5544,0.2,False,2460000,2560000,60000,160000,100000,3,3,0,8581,0.08581,3,False,unique_pages_not_strictly_greater_than_guard_plus_target,b6c4ce90a042afae8f824e78acef2b0f53d6442e89ac37544f119facaddb43d6,598d8dffb4be589ab8bd035f707141a58894db8347051b9beba9358e046df88d
fluidanimate,fluidanimate-20260731T081336Z,0.20,5544,5544,0.2,False,2470000,2570000,70000,170000,100000,3,3,0,8581,0.08581,3,False,unique_pages_not_strictly_greater_than_guard_plus_target,b6c4ce90a042afae8f824e78acef2b0f53d6442e89ac37544f119facaddb43d6,598d8dffb4be589ab8bd035f707141a58894db8347051b9beba9358e046df88d
fluidanimate,fluidanimate-20260731T081336Z,0.20,5544,5544,0.2,False,2480000,2580000,80000,180000,100000,3,3,0,8576,0.08576,3,False,unique_pages_not_strictly_greater_than_guard_plus_target,b6c4ce90a042afae8f824e78acef2b0f53d6442e89ac37544f119facaddb43d6,598d8dffb4be589ab8bd035f707141a58894db8347051b9beba9358e046df88d
fluidanimate,fluidanimate-20260731T081336Z,0.20,5544,5544,0.2,False,2490000,2590000,90000,190000,100000,3,3,0,8576,0.08576,3,False,unique_pages_not_strictly_greater_than_guard_plus_target,b6c4ce90a042afae8f824e78acef2b0f53d6442e89ac37544f119facaddb43d6,598d8dffb4be589ab8bd035f707141a58894db8347051b9beba9358e046df88d
fluidanimate,fluidanimate-20260731T081336Z,0.20,5544,5544,0.2,False,2500000,2600000,100000,200000,100000,3,3,0,8581,0.08581,3,False,unique_pages_not_strictly_greater_than_guard_plus_target,b6c4ce90a042afae8f824e78acef2b0f53d6442e89ac37544f119facaddb43d6,598d8dffb4be589ab8bd035f707141a58894db8347051b9beba9358e046df88d
fluidanimate,fluidanimate-20260731T081336Z,0.20,5544,5544,0.2,False,2510000,2610000,110000,210000,100000,3,3,0,8584,0.08584,3,False,unique_pages_not_strictly_greater_than_guard_plus_target,b6c4ce90a042afae8f824e78acef2b0f53d6442e89ac37544f119facaddb43d6,598d8dffb4be589ab8bd035f707141a58894db8347051b9beba9358e046df88d
fluidanimate,fluidanimate-20260731T081336Z,0.20,5544,5544,0.2,False,2520000,2620000,120000,220000,100000,3,3,0,8575,0.08575,3,False,unique_pages_not_strictly_greater_than_guard_plus_target,b6c4ce90a042afae8f824e78acef2b0f53d6442e89ac37544f119facaddb43d6,598d8dffb4be589ab8bd035f707141a58894db8347051b9beba9358e046df88d
fluidanimate,fluidanimate-20260731T081336Z,0.20,5544,5544,0.2,False,2530000,2630000,130000,230000,100000,3,3,0,8576,0.08576,3,False,unique_pages_not_strictly_greater_than_guard_plus_target,b6c4ce90a042afae8f824e78acef2b0f53d6442e89ac37544f119facaddb43d6,598d8dffb4be589ab8bd035f707141a58894db8347051b9beba9358e046df88d
fluidanimate,fluidanimate-20260731T081336Z,0.20,5544,5544,0.2,False,2540000,2640000,140000,240000,100000,3,3,0,8581,0.08581,3,False,unique_pages_not_strictly_greater_than_guard_plus_target,b6c4ce90a042afae8f824e78acef2b0f53d6442e89ac37544f119facaddb43d6,598d8dffb4be589ab8bd035f707141a58894db8347051b9beba9358e046df88d
fluidanimate,fluidanimate-20260731T081336Z,0.20,5544,5544,0.2,False,2550000,2650000,150000,250000,100000,3,3,0,8580,0.0858,3,False,unique_pages_not_strictly_greater_than_guard_plus_target,b6c4ce90a042afae8f824e78acef2b0f53d6442e89ac37544f119facaddb43d6,598d8dffb4be589ab8bd035f707141a58894db8347051b9beba9358e046df88d
fluidanimate,fluidanimate-20260731T081336Z,0.20,5544,5544,0.2,False,2560000,2660000,160000,260000,100000,3,3,0,8575,0.08575,3,False,unique_pages_not_strictly_greater_than_guard_plus_target,b6c4ce90a042afae8f824e78acef2b0f53d6442e89ac37544f119facaddb43d6,598d8dffb4be589ab8bd035f707141a58894db8347051b9beba9358e046df88d
fluidanimate,fluidanimate-20260731T081336Z,0.20,5544,5544,0.2,False,2570000,2670000,170000,270000,100000,3,3,0,8576,0.08576,3,False,unique_pages_not_strictly_greater_than_guard_plus_target,b6c4ce90a042afae8f824e78acef2b0f53d6442e89ac37544f119facaddb43d6,598d8dffb4be589ab8bd035f707141a58894db8347051b9beba9358e046df88d
fluidanimate,fluidanimate-20260731T081336Z,0.20,5544,5544,0.2,False,2580000,2680000,180000,280000,100000,3,3,0,8580,0.0858,3,False,unique_pages_not_strictly_greater_than_guard_plus_target,b6c4ce90a042afae8f824e78acef2b0f53d6442e89ac37544f119facaddb43d6,598d8dffb4be589ab8bd035f707141a58894db8347051b9beba9358e046df88d
fluidanimate,fluidanimate-20260731T081336Z,0.20,5544,5544,0.2,False,2590000,2690000,190000,290000,100000,3,3,0,8580,0.0858,3,False,unique_pages_not_strictly_greater_than_guard_plus_target,b6c4ce90a042afae8f824e78acef2b0f53d6442e89ac37544f119facaddb43d6,598d8dffb4be589ab8bd035f707141a58894db8347051b9beba9358e046df88d
fluidanimate,fluidanimate-20260731T081336Z,0.20,5544,5544,0.2,False,2600000,2700000,200000,300000,100000,3,3,0,8575,0.08575,3,False,unique_pages_not_strictly_greater_than_guard_plus_target,b6c4ce90a042afae8f824e78acef2b0f53d6442e89ac37544f119facaddb43d6,598d8dffb4be589ab8bd035f707141a58894db8347051b9beba9358e046df88d
fluidanimate,fluidanimate-20260731T081336Z,0.20,5544,5544,0.2,False,2610000,2710000,210000,310000,100000,3,3,0,8576,0.08576,3,False,unique_pages_not_strictly_greater_than_guard_plus_target,b6c4ce90a042afae8f824e78acef2b0f53d6442e89ac37544f119facaddb43d6,598d8dffb4be589ab8bd035f707141a58894db8347051b9beba9358e046df88d
fluidanimate,fluidanimate-20260731T081336Z,0.20,5544,5544,0.2,False,2620000,2720000,220000,320000,100000,3,3,0,8585,0.08585,3,False,unique_pages_not_strictly_greater_than_guard_plus_target,b6c4ce90a042afae8f824e78acef2b0f53d6442e89ac37544f119facaddb43d6,598d8dffb4be589ab8bd035f707141a58894db8347051b9beba9358e046df88d
fluidanimate,fluidanimate-20260731T081336Z,0.20,5544,5544,0.2,False,2630000,2730000,230000,330000,100000,3,3,0,8584,0.08584,3,False,unique_pages_not_strictly_greater_than_guard_plus_target,b6c4ce90a042afae8f824e78acef2b0f53d6442e89ac37544f119facaddb43d6,598d8dffb4be589ab8bd035f707141a58894db8347051b9beba9358e046df88d
fluidanimate,fluidanimate-20260731T081336Z,0.20,5544,5544,0.2,False,2640000,2740000,240000,340000,100000,3,3,0,8575,0.08575,3,False,unique_pages_not_strictly_greater_than_guard_plus_target,b6c4ce90a042afae8f824e78acef2b0f53d6442e89ac37544f119facaddb43d6,598d8dffb4be589ab8bd035f707141a58894db8347051b9beba9358e046df88d
fluidanimate,fluidanimate-20260731T081336Z,0.20,5544,5544,0.2,False,2650000,2750000,250000,350000,100000,3,3,0,8576,0.08576,3,False,unique_pages_not_strictly_greater_than_guard_plus_target,b6c4ce90a042afae8f824e78acef2b0f53d6442e89ac37544f119facaddb43d6,598d8dffb4be589ab8bd035f707141a58894db8347051b9beba9358e046df88d
fluidanimate,fluidanimate-20260731T081336Z,0.20,5544,5544,0.2,False,2660000,2760000,260000,360000,100000,3,3,0,8581,0.08581,3,False,unique_pages_not_strictly_greater_than_guard_plus_target,b6c4ce90a042afae8f824e78acef2b0f53d6442e89ac37544f119facaddb43d6,598d8dffb4be589ab8bd035f707141a58894db8347051b9beba9358e046df88d
fluidanimate,fluidanimate-20260731T081336Z,0.20,5544,5544,0.2,False,2670000,2770000,270000,370000,100000,3,3,0,8580,0.0858,3,False,unique_pages_not_strictly_greater_than_guard_plus_target,b6c4ce90a042afae8f824e78acef2b0f53d6442e89ac37544f119facaddb43d6,598d8dffb4be589ab8bd035f707141a58894db8347051b9beba9358e046df88d
fluidanimate,fluidanimate-20260731T081336Z,0.20,5544,5544,0.2,False,2680000,2780000,280000,380000,100000,3,3,0,8576,0.08576,3,False,unique_pages_not_strictly_greater_than_guard_plus_target,b6c4ce90a042afae8f824e78acef2b0f53d6442e89ac37544f119facaddb43d6,598d8dffb4be589ab8bd035f707141a58894db8347051b9beba9358e046df88d
fluidanimate,fluidanimate-20260731T081336Z,0.20,5544,5544,0.2,False,2690000,2790000,290000,390000,100000,3,3,0,8576,0.08576,3,False,unique_pages_not_strictly_greater_than_guard_plus_target,b6c4ce90a042afae8f824e78acef2b0f53d6442e89ac37544f119facaddb43d6,598d8dffb4be589ab8bd035f707141a58894db8347051b9beba9358e046df88d
fluidanimate,fluidanimate-20260731T081336Z,0.20,5544,5544,0.2,False,2700000,2800000,300000,400000,100000,3,3,0,8580,0.0858,3,False,unique_pages_not_strictly_greater_than_guard_plus_target,b6c4ce90a042afae8f824e78acef2b0f53d6442e89ac37544f119facaddb43d6,598d8dffb4be589ab8bd035f707141a58894db8347051b9beba9358e046df88d
fluidanimate,fluidanimate-20260731T081336Z,0.20,5544,5544,0.2,False,2710000,2810000,310000,410000,100000,3,3,0,8580,0.0858,3,False,unique_pages_not_strictly_greater_than_guard_plus_target,b6c4ce90a042afae8f824e78acef2b0f53d6442e89ac37544f119facaddb43d6,598d8dffb4be589ab8bd035f707141a58894db8347051b9beba9358e046df88d
fluidanimate,fluidanimate-20260731T081336Z,0.20,5544,5544,0.2,False,2720000,2820000,320000,420000,100000,3,3,0,8576,0.08576,3,False,unique_pages_not_strictly_greater_than_guard_plus_target,b6c4ce90a042afae8f824e78acef2b0f53d6442e89ac37544f119facaddb43d6,598d8dffb4be589ab8bd035f707141a58894db8347051b9beba9358e046df88d
fluidanimate,fluidanimate-20260731T081336Z,0.20,5544,5544,0.2,False,2730000,2830000,330000,430000,100000,3,3,0,8576,0.08576,3,False,unique_pages_not_strictly_greater_than_guard_plus_target,b6c4ce90a042afae8f824e78acef2b0f53d6442e89ac37544f119facaddb43d6,598d8dffb4be589ab8bd035f707141a58894db8347051b9beba9358e046df88d
fluidanimate,fluidanimate-20260731T081336Z,0.20,5544,5544,0.2,False,2740000,2840000,340000,440000,100000,3,3,0,8581,0.08581,3,False,unique_pages_not_strictly_greater_than_guard_plus_target,b6c4ce90a042afae8f824e78acef2b0f53d6442e89ac37544f119facaddb43d6,598d8dffb4be589ab8bd035f707141a58894db8347051b9beba9358e046df88d
fluidanimate,fluidanimate-20260731T081336Z,0.20,5544,5544,0.2,False,2750000,2850000,350000,450000,100000,3,3,0,8580,0.0858,3,False,unique_pages_not_strictly_greater_than_guard_plus_target,b6c4ce90a042afae8f824e78acef2b0f53d6442e89ac37544f119facaddb43d6,598d8dffb4be589ab8bd035f707141a58894db8347051b9beba9358e046df88d
fluidanimate,fluidanimate-20260731T081336Z,0.20,5544,5544,0.2,False,2760000,2860000,360000,460000,100000,3,3,0,8576,0.08576,3,False,unique_pages_not_strictly_greater_than_guard_plus_target,b6c4ce90a042afae8f824e78acef2b0f53d6442e89ac37544f119facaddb43d6,598d8dffb4be589ab8bd035f707141a58894db8347051b9beba9358e046df88d
fluidanimate,fluidanimate-20260731T081336Z,0.20,5544,5544,0.2,False,2770000,2870000,370000,470000,100000,3,3,0,8576,0.08576,3,False,unique_pages_not_strictly_greater_than_guard_plus_target,b6c4ce90a042afae8f824e78acef2b0f53d6442e89ac37544f119facaddb43d6,598d8dffb4be589ab8bd035f707141a58894db8347051b9beba9358e046df88d
fluidanimate,fluidanimate-20260731T081336Z,0.20,5544,5544,0.2,False,2780000,2880000,380000,480000,100000,3,3,0,8576,0.08576,3,False,unique_pages_not_strictly_greater_than_guard_plus_target,b6c4ce90a042afae8f824e78acef2b0f53d6442e89ac37544f119facaddb43d6,598d8dffb4be589ab8bd035f707141a58894db8347051b9beba9358e046df88d
fluidanimate,fluidanimate-20260731T081336Z,0.20,5544,5544,0.2,False,2790000,2890000,390000,490000,100000,3,3,0,8580,0.0858,3,False,unique_pages_not_strictly_greater_than_guard_plus_target,b6c4ce90a042afae8f824e78acef2b0f53d6442e89ac37544f119facaddb43d6,598d8dffb4be589ab8bd035f707141a58894db8347051b9beba9358e046df88d
fluidanimate,fluidanimate-20260731T081336Z,0.20,5544,5544,0.2,False,2800000,2900000,400000,500000,100000,3,3,0,8576,0.08576,3,False,unique_pages_not_strictly_greater_than_guard_plus_target,b6c4ce90a042afae8f824e78acef2b0f53d6442e89ac37544f119facaddb43d6,598d8dffb4be589ab8bd035f707141a58894db8347051b9beba9358e046df88d
fluidanimate,fluidanimate-20260731T081336Z,0.20,5544,5544,0.2,False,2810000,2910000,410000,510000,100000,3,3,0,8577,0.08577,3,False,unique_pages_not_strictly_greater_than_guard_plus_target,b6c4ce90a042afae8f824e78acef2b0f53d6442e89ac37544f119facaddb43d6,598d8dffb4be589ab8bd035f707141a58894db8347051b9beba9358e046df88d
fluidanimate,fluidanimate-20260731T081336Z,0.20,5544,5544,0.2,False,2820000,2920000,420000,520000,100000,3,3,0,8575,0.08575,3,False,unique_pages_not_strictly_greater_than_guard_plus_target,b6c4ce90a042afae8f824e78acef2b0f53d6442e89ac37544f119facaddb43d6,598d8dffb4be589ab8bd035f707141a58894db8347051b9beba9358e046df88d
fluidanimate,fluidanimate-20260731T081336Z,0.20,5544,5544,0.2,False,2830000,2930000,430000,530000,100000,3,3,0,8580,0.0858,3,False,unique_pages_not_strictly_greater_than_guard_plus_target,b6c4ce90a042afae8f824e78acef2b0f53d6442e89ac37544f119facaddb43d6,598d8dffb4be589ab8bd035f707141a58894db8347051b9beba9358e046df88d
fluidanimate,fluidanimate-20260731T081336Z,0.20,5544,5544,0.2,False,2840000,2940000,440000,540000,100000,3,3,0,8579,0.08579,3,False,unique_pages_not_strictly_greater_than_guard_plus_target,b6c4ce90a042afae8f824e78acef2b0f53d6442e89ac37544f119facaddb43d6,598d8dffb4be589ab8bd035f707141a58894db8347051b9beba9358e046df88d
fluidanimate,fluidanimate-20260731T081336Z,0.20,5544,5544,0.2,False,2850000,2950000,450000,550000,100000,3,3,0,8581,0.08581,3,False,unique_pages_not_strictly_greater_than_guard_plus_target,b6c4ce90a042afae8f824e78acef2b0f53d6442e89ac37544f119facaddb43d6,598d8dffb4be589ab8bd035f707141a58894db8347051b9beba9358e046df88d
fluidanimate,fluidanimate-20260731T081336Z,0.20,5544,5544,0.2,False,2860000,2960000,460000,560000,100000,3,3,0,8579,0.08579,3,False,unique_pages_not_strictly_greater_than_guard_plus_target,b6c4ce90a042afae8f824e78acef2b0f53d6442e89ac37544f119facaddb43d6,598d8dffb4be589ab8bd035f707141a58894db8347051b9beba9358e046df88d
fluidanimate,fluidanimate-20260731T081336Z,0.20,5544,5544,0.2,False,2870000,2970000,470000,570000,100000,3,3,0,8580,0.0858,3,False,unique_pages_not_strictly_greater_than_guard_plus_target,b6c4ce90a042afae8f824e78acef2b0f53d6442e89ac37544f119facaddb43d6,598d8dffb4be589ab8bd035f707141a58894db8347051b9beba9358e046df88d
fluidanimate,fluidanimate-20260731T081336Z,0.20,5544,5544,0.2,False,2880000,2980000,480000,580000,100000,3,3,0,8580,0.0858,3,False,unique_pages_not_strictly_greater_than_guard_plus_target,b6c4ce90a042afae8f824e78acef2b0f53d6442e89ac37544f119facaddb43d6,598d8dffb4be589ab8bd035f707141a58894db8347051b9beba9358e046df88d
fluidanimate,fluidanimate-20260731T081336Z,0.20,5544,5544,0.2,False,2890000,2990000,490000,590000,100000,3,3,0,8577,0.08577,3,False,unique_pages_not_strictly_greater_than_guard_plus_target,b6c4ce90a042afae8f824e78acef2b0f53d6442e89ac37544f119facaddb43d6,598d8dffb4be589ab8bd035f707141a58894db8347051b9beba9358e046df88d
fluidanimate,fluidanimate-20260731T081336Z,0.20,5544,5544,0.2,False,2900000,3000000,500000,600000,100000,3,3,0,8576,0.08576,3,False,unique_pages_not_strictly_greater_than_guard_plus_target,b6c4ce90a042afae8f824e78acef2b0f53d6442e89ac37544f119facaddb43d6,598d8dffb4be589ab8bd035f707141a58894db8347051b9beba9358e046df88d
fluidanimate,fluidanimate-20260731T081336Z,0.40,11088,11088,0.4,False,2400000,2500000,0,100000,100000,3,3,0,8580,0.0858,3,False,unique_pages_not_strictly_greater_than_guard_plus_target,b6c4ce90a042afae8f824e78acef2b0f53d6442e89ac37544f119facaddb43d6,598d8dffb4be589ab8bd035f707141a58894db8347051b9beba9358e046df88d
fluidanimate,fluidanimate-20260731T081336Z,0.40,11088,11088,0.4,False,2410000,2510000,10000,110000,100000,3,3,0,8575,0.08575,3,False,unique_pages_not_strictly_greater_than_guard_plus_target,b6c4ce90a042afae8f824e78acef2b0f53d6442e89ac37544f119facaddb43d6,598d8dffb4be589ab8bd035f707141a58894db8347051b9beba9358e046df88d
fluidanimate,fluidanimate-20260731T081336Z,0.40,11088,11088,0.4,False,2420000,2520000,20000,120000,100000,3,3,0,8581,0.08581,3,False,unique_pages_not_strictly_greater_than_guard_plus_target,b6c4ce90a042afae8f824e78acef2b0f53d6442e89ac37544f119facaddb43d6,598d8dffb4be589ab8bd035f707141a58894db8347051b9beba9358e046df88d
fluidanimate,fluidanimate-20260731T081336Z,0.40,11088,11088,0.4,False,2430000,2530000,30000,130000,100000,3,3,0,8581,0.08581,3,False,unique_pages_not_strictly_greater_than_guard_plus_target,b6c4ce90a042afae8f824e78acef2b0f53d6442e89ac37544f119facaddb43d6,598d8dffb4be589ab8bd035f707141a58894db8347051b9beba9358e046df88d
fluidanimate,fluidanimate-20260731T081336Z,0.40,11088,11088,0.4,False,2440000,2540000,40000,140000,100000,3,3,0,8576,0.08576,3,False,unique_pages_not_strictly_greater_than_guard_plus_target,b6c4ce90a042afae8f824e78acef2b0f53d6442e89ac37544f119facaddb43d6,598d8dffb4be589ab8bd035f707141a58894db8347051b9beba9358e046df88d
fluidanimate,fluidanimate-20260731T081336Z,0.40,11088,11088,0.4,False,2450000,2550000,50000,150000,100000,3,3,0,8576,0.08576,3,False,unique_pages_not_strictly_greater_than_guard_plus_target,b6c4ce90a042afae8f824e78acef2b0f53d6442e89ac37544f119facaddb43d6,598d8dffb4be589ab8bd035f707141a58894db8347051b9beba9358e046df88d
fluidanimate,fluidanimate-20260731T081336Z,0.40,11088,11088,0.4,False,2460000,2560000,60000,160000,100000,3,3,0,8581,0.08581,3,False,unique_pages_not_strictly_greater_than_guard_plus_target,b6c4ce90a042afae8f824e78acef2b0f53d6442e89ac37544f119facaddb43d6,598d8dffb4be589ab8bd035f707141a58894db8347051b9beba9358e046df88d
fluidanimate,fluidanimate-20260731T081336Z,0.40,11088,11088,0.4,False,2470000,2570000,70000,170000,100000,3,3,0,8581,0.08581,3,False,unique_pages_not_strictly_greater_than_guard_plus_target,b6c4ce90a042afae8f824e78acef2b0f53d6442e89ac37544f119facaddb43d6,598d8dffb4be589ab8bd035f707141a58894db8347051b9beba9358e046df88d
fluidanimate,fluidanimate-20260731T081336Z,0.40,11088,11088,0.4,False,2480000,2580000,80000,180000,100000,3,3,0,8576,0.08576,3,False,unique_pages_not_strictly_greater_than_guard_plus_target,b6c4ce90a042afae8f824e78acef2b0f53d6442e89ac37544f119facaddb43d6,598d8dffb4be589ab8bd035f707141a58894db8347051b9beba9358e046df88d
fluidanimate,fluidanimate-20260731T081336Z,0.40,11088,11088,0.4,False,2490000,2590000,90000,190000,100000,3,3,0,8576,0.08576,3,False,unique_pages_not_strictly_greater_than_guard_plus_target,b6c4ce90a042afae8f824e78acef2b0f53d6442e89ac37544f119facaddb43d6,598d8dffb4be589ab8bd035f707141a58894db8347051b9beba9358e046df88d
fluidanimate,fluidanimate-20260731T081336Z,0.40,11088,11088,0.4,False,2500000,2600000,100000,200000,100000,3,3,0,8581,0.08581,3,False,unique_pages_not_strictly_greater_than_guard_plus_target,b6c4ce90a042afae8f824e78acef2b0f53d6442e89ac37544f119facaddb43d6,598d8dffb4be589ab8bd035f707141a58894db8347051b9beba9358e046df88d
fluidanimate,fluidanimate-20260731T081336Z,0.40,11088,11088,0.4,False,2510000,2610000,110000,210000,100000,3,3,0,8584,0.08584,3,False,unique_pages_not_strictly_greater_than_guard_plus_target,b6c4ce90a042afae8f824e78acef2b0f53d6442e89ac37544f119facaddb43d6,598d8dffb4be589ab8bd035f707141a58894db8347051b9beba9358e046df88d
fluidanimate,fluidanimate-20260731T081336Z,0.40,11088,11088,0.4,False,2520000,2620000,120000,220000,100000,3,3,0,8575,0.08575,3,False,unique_pages_not_strictly_greater_than_guard_plus_target,b6c4ce90a042afae8f824e78acef2b0f53d6442e89ac37544f119facaddb43d6,598d8dffb4be589ab8bd035f707141a58894db8347051b9beba9358e046df88d
fluidanimate,fluidanimate-20260731T081336Z,0.40,11088,11088,0.4,False,2530000,2630000,130000,230000,100000,3,3,0,8576,0.08576,3,False,unique_pages_not_strictly_greater_than_guard_plus_target,b6c4ce90a042afae8f824e78acef2b0f53d6442e89ac37544f119facaddb43d6,598d8dffb4be589ab8bd035f707141a58894db8347051b9beba9358e046df88d
fluidanimate,fluidanimate-20260731T081336Z,0.40,11088,11088,0.4,False,2540000,2640000,140000,240000,100000,3,3,0,8581,0.08581,3,False,unique_pages_not_strictly_greater_than_guard_plus_target,b6c4ce90a042afae8f824e78acef2b0f53d6442e89ac37544f119facaddb43d6,598d8dffb4be589ab8bd035f707141a58894db8347051b9beba9358e046df88d
fluidanimate,fluidanimate-20260731T081336Z,0.40,11088,11088,0.4,False,2550000,2650000,150000,250000,100000,3,3,0,8580,0.0858,3,False,unique_pages_not_strictly_greater_than_guard_plus_target,b6c4ce90a042afae8f824e78acef2b0f53d6442e89ac37544f119facaddb43d6,598d8dffb4be589ab8bd035f707141a58894db8347051b9beba9358e046df88d
fluidanimate,fluidanimate-20260731T081336Z,0.40,11088,11088,0.4,False,2560000,2660000,160000,260000,100000,3,3,0,8575,0.08575,3,False,unique_pages_not_strictly_greater_than_guard_plus_target,b6c4ce90a042afae8f824e78acef2b0f53d6442e89ac37544f119facaddb43d6,598d8dffb4be589ab8bd035f707141a58894db8347051b9beba9358e046df88d
fluidanimate,fluidanimate-20260731T081336Z,0.40,11088,11088,0.4,False,2570000,2670000,170000,270000,100000,3,3,0,8576,0.08576,3,False,unique_pages_not_strictly_greater_than_guard_plus_target,b6c4ce90a042afae8f824e78acef2b0f53d6442e89ac37544f119facaddb43d6,598d8dffb4be589ab8bd035f707141a58894db8347051b9beba9358e046df88d
fluidanimate,fluidanimate-20260731T081336Z,0.40,11088,11088,0.4,False,2580000,2680000,180000,280000,100000,3,3,0,8580,0.0858,3,False,unique_pages_not_strictly_greater_than_guard_plus_target,b6c4ce90a042afae8f824e78acef2b0f53d6442e89ac37544f119facaddb43d6,598d8dffb4be589ab8bd035f707141a58894db8347051b9beba9358e046df88d
fluidanimate,fluidanimate-20260731T081336Z,0.40,11088,11088,0.4,False,2590000,2690000,190000,290000,100000,3,3,0,8580,0.0858,3,False,unique_pages_not_strictly_greater_than_guard_plus_target,b6c4ce90a042afae8f824e78acef2b0f53d6442e89ac37544f119facaddb43d6,598d8dffb4be589ab8bd035f707141a58894db8347051b9beba9358e046df88d
fluidanimate,fluidanimate-20260731T081336Z,0.40,11088,11088,0.4,False,2600000,2700000,200000,300000,100000,3,3,0,8575,0.08575,3,False,unique_pages_not_strictly_greater_than_guard_plus_target,b6c4ce90a042afae8f824e78acef2b0f53d6442e89ac37544f119facaddb43d6,598d8dffb4be589ab8bd035f707141a58894db8347051b9beba9358e046df88d
fluidanimate,fluidanimate-20260731T081336Z,0.40,11088,11088,0.4,False,2610000,2710000,210000,310000,100000,3,3,0,8576,0.08576,3,False,unique_pages_not_strictly_greater_than_guard_plus_target,b6c4ce90a042afae8f824e78acef2b0f53d6442e89ac37544f119facaddb43d6,598d8dffb4be589ab8bd035f707141a58894db8347051b9beba9358e046df88d
fluidanimate,fluidanimate-20260731T081336Z,0.40,11088,11088,0.4,False,2620000,2720000,220000,320000,100000,3,3,0,8585,0.08585,3,False,unique_pages_not_strictly_greater_than_guard_plus_target,b6c4ce90a042afae8f824e78acef2b0f53d6442e89ac37544f119facaddb43d6,598d8dffb4be589ab8bd035f707141a58894db8347051b9beba9358e046df88d
fluidanimate,fluidanimate-20260731T081336Z,0.40,11088,11088,0.4,False,2630000,2730000,230000,330000,100000,3,3,0,8584,0.08584,3,False,unique_pages_not_strictly_greater_than_guard_plus_target,b6c4ce90a042afae8f824e78acef2b0f53d6442e89ac37544f119facaddb43d6,598d8dffb4be589ab8bd035f707141a58894db8347051b9beba9358e046df88d
fluidanimate,fluidanimate-20260731T081336Z,0.40,11088,11088,0.4,False,2640000,2740000,240000,340000,100000,3,3,0,8575,0.08575,3,False,unique_pages_not_strictly_greater_than_guard_plus_target,b6c4ce90a042afae8f824e78acef2b0f53d6442e89ac37544f119facaddb43d6,598d8dffb4be589ab8bd035f707141a58894db8347051b9beba9358e046df88d
fluidanimate,fluidanimate-20260731T081336Z,0.40,11088,11088,0.4,False,2650000,2750000,250000,350000,100000,3,3,0,8576,0.08576,3,False,unique_pages_not_strictly_greater_than_guard_plus_target,b6c4ce90a042afae8f824e78acef2b0f53d6442e89ac37544f119facaddb43d6,598d8dffb4be589ab8bd035f707141a58894db8347051b9beba9358e046df88d
fluidanimate,fluidanimate-20260731T081336Z,0.40,11088,11088,0.4,False,2660000,2760000,260000,360000,100000,3,3,0,8581,0.08581,3,False,unique_pages_not_strictly_greater_than_guard_plus_target,b6c4ce90a042afae8f824e78acef2b0f53d6442e89ac37544f119facaddb43d6,598d8dffb4be589ab8bd035f707141a58894db8347051b9beba9358e046df88d
fluidanimate,fluidanimate-20260731T081336Z,0.40,11088,11088,0.4,False,2670000,2770000,270000,370000,100000,3,3,0,8580,0.0858,3,False,unique_pages_not_strictly_greater_than_guard_plus_target,b6c4ce90a042afae8f824e78acef2b0f53d6442e89ac37544f119facaddb43d6,598d8dffb4be589ab8bd035f707141a58894db8347051b9beba9358e046df88d
fluidanimate,fluidanimate-20260731T081336Z,0.40,11088,11088,0.4,False,2680000,2780000,280000,380000,100000,3,3,0,8576,0.08576,3,False,unique_pages_not_strictly_greater_than_guard_plus_target,b6c4ce90a042afae8f824e78acef2b0f53d6442e89ac37544f119facaddb43d6,598d8dffb4be589ab8bd035f707141a58894db8347051b9beba9358e046df88d
fluidanimate,fluidanimate-20260731T081336Z,0.40,11088,11088,0.4,False,2690000,2790000,290000,390000,100000,3,3,0,8576,0.08576,3,False,unique_pages_not_strictly_greater_than_guard_plus_target,b6c4ce90a042afae8f824e78acef2b0f53d6442e89ac37544f119facaddb43d6,598d8dffb4be589ab8bd035f707141a58894db8347051b9beba9358e046df88d
fluidanimate,fluidanimate-20260731T081336Z,0.40,11088,11088,0.4,False,2700000,2800000,300000,400000,100000,3,3,0,8580,0.0858,3,False,unique_pages_not_strictly_greater_than_guard_plus_target,b6c4ce90a042afae8f824e78acef2b0f53d6442e89ac37544f119facaddb43d6,598d8dffb4be589ab8bd035f707141a58894db8347051b9beba9358e046df88d
fluidanimate,fluidanimate-20260731T081336Z,0.40,11088,11088,0.4,False,2710000,2810000,310000,410000,100000,3,3,0,8580,0.0858,3,False,unique_pages_not_strictly_greater_than_guard_plus_target,b6c4ce90a042afae8f824e78acef2b0f53d6442e89ac37544f119facaddb43d6,598d8dffb4be589ab8bd035f707141a58894db8347051b9beba9358e046df88d
fluidanimate,fluidanimate-20260731T081336Z,0.40,11088,11088,0.4,False,2720000,2820000,320000,420000,100000,3,3,0,8576,0.08576,3,False,unique_pages_not_strictly_greater_than_guard_plus_target,b6c4ce90a042afae8f824e78acef2b0f53d6442e89ac37544f119facaddb43d6,598d8dffb4be589ab8bd035f707141a58894db8347051b9beba9358e046df88d
fluidanimate,fluidanimate-20260731T081336Z,0.40,11088,11088,0.4,False,2730000,2830000,330000,430000,100000,3,3,0,8576,0.08576,3,False,unique_pages_not_strictly_greater_than_guard_plus_target,b6c4ce90a042afae8f824e78acef2b0f53d6442e89ac37544f119facaddb43d6,598d8dffb4be589ab8bd035f707141a58894db8347051b9beba9358e046df88d
fluidanimate,fluidanimate-20260731T081336Z,0.40,11088,11088,0.4,False,2740000,2840000,340000,440000,100000,3,3,0,8581,0.08581,3,False,unique_pages_not_strictly_greater_than_guard_plus_target,b6c4ce90a042afae8f824e78acef2b0f53d6442e89ac37544f119facaddb43d6,598d8dffb4be589ab8bd035f707141a58894db8347051b9beba9358e046df88d
fluidanimate,fluidanimate-20260731T081336Z,0.40,11088,11088,0.4,False,2750000,2850000,350000,450000,100000,3,3,0,8580,0.0858,3,False,unique_pages_not_strictly_greater_than_guard_plus_target,b6c4ce90a042afae8f824e78acef2b0f53d6442e89ac37544f119facaddb43d6,598d8dffb4be589ab8bd035f707141a58894db8347051b9beba9358e046df88d
fluidanimate,fluidanimate-20260731T081336Z,0.40,11088,11088,0.4,False,2760000,2860000,360000,460000,100000,3,3,0,8576,0.08576,3,False,unique_pages_not_strictly_greater_than_guard_plus_target,b6c4ce90a042afae8f824e78acef2b0f53d6442e89ac37544f119facaddb43d6,598d8dffb4be589ab8bd035f707141a58894db8347051b9beba9358e046df88d
fluidanimate,fluidanimate-20260731T081336Z,0.40,11088,11088,0.4,False,2770000,2870000,370000,470000,100000,3,3,0,8576,0.08576,3,False,unique_pages_not_strictly_greater_than_guard_plus_target,b6c4ce90a042afae8f824e78acef2b0f53d6442e89ac37544f119facaddb43d6,598d8dffb4be589ab8bd035f707141a58894db8347051b9beba9358e046df88d
fluidanimate,fluidanimate-20260731T081336Z,0.40,11088,11088,0.4,False,2780000,2880000,380000,480000,100000,3,3,0,8576,0.08576,3,False,unique_pages_not_strictly_greater_than_guard_plus_target,b6c4ce90a042afae8f824e78acef2b0f53d6442e89ac37544f119facaddb43d6,598d8dffb4be589ab8bd035f707141a58894db8347051b9beba9358e046df88d
fluidanimate,fluidanimate-20260731T081336Z,0.40,11088,11088,0.4,False,2790000,2890000,390000,490000,100000,3,3,0,8580,0.0858,3,False,unique_pages_not_strictly_greater_than_guard_plus_target,b6c4ce90a042afae8f824e78acef2b0f53d6442e89ac37544f119facaddb43d6,598d8dffb4be589ab8bd035f707141a58894db8347051b9beba9358e046df88d
fluidanimate,fluidanimate-20260731T081336Z,0.40,11088,11088,0.4,False,2800000,2900000,400000,500000,100000,3,3,0,8576,0.08576,3,False,unique_pages_not_strictly_greater_than_guard_plus_target,b6c4ce90a042afae8f824e78acef2b0f53d6442e89ac37544f119facaddb43d6,598d8dffb4be589ab8bd035f707141a58894db8347051b9beba9358e046df88d
fluidanimate,fluidanimate-20260731T081336Z,0.40,11088,11088,0.4,False,2810000,2910000,410000,510000,100000,3,3,0,8577,0.08577,3,False,unique_pages_not_strictly_greater_than_guard_plus_target,b6c4ce90a042afae8f824e78acef2b0f53d6442e89ac37544f119facaddb43d6,598d8dffb4be589ab8bd035f707141a58894db8347051b9beba9358e046df88d
fluidanimate,fluidanimate-20260731T081336Z,0.40,11088,11088,0.4,False,2820000,2920000,420000,520000,100000,3,3,0,8575,0.08575,3,False,unique_pages_not_strictly_greater_than_guard_plus_target,b6c4ce90a042afae8f824e78acef2b0f53d6442e89ac37544f119facaddb43d6,598d8dffb4be589ab8bd035f707141a58894db8347051b9beba9358e046df88d
fluidanimate,fluidanimate-20260731T081336Z,0.40,11088,11088,0.4,False,2830000,2930000,430000,530000,100000,3,3,0,8580,0.0858,3,False,unique_pages_not_strictly_greater_than_guard_plus_target,b6c4ce90a042afae8f824e78acef2b0f53d6442e89ac37544f119facaddb43d6,598d8dffb4be589ab8bd035f707141a58894db8347051b9beba9358e046df88d
fluidanimate,fluidanimate-20260731T081336Z,0.40,11088,11088,0.4,False,2840000,2940000,440000,540000,100000,3,3,0,8579,0.08579,3,False,unique_pages_not_strictly_greater_than_guard_plus_target,b6c4ce90a042afae8f824e78acef2b0f53d6442e89ac37544f119facaddb43d6,598d8dffb4be589ab8bd035f707141a58894db8347051b9beba9358e046df88d
fluidanimate,fluidanimate-20260731T081336Z,0.40,11088,11088,0.4,False,2850000,2950000,450000,550000,100000,3,3,0,8581,0.08581,3,False,unique_pages_not_strictly_greater_than_guard_plus_target,b6c4ce90a042afae8f824e78acef2b0f53d6442e89ac37544f119facaddb43d6,598d8dffb4be589ab8bd035f707141a58894db8347051b9beba9358e046df88d
fluidanimate,fluidanimate-20260731T081336Z,0.40,11088,11088,0.4,False,2860000,2960000,460000,560000,100000,3,3,0,8579,0.08579,3,False,unique_pages_not_strictly_greater_than_guard_plus_target,b6c4ce90a042afae8f824e78acef2b0f53d6442e89ac37544f119facaddb43d6,598d8dffb4be589ab8bd035f707141a58894db8347051b9beba9358e046df88d
fluidanimate,fluidanimate-20260731T081336Z,0.40,11088,11088,0.4,False,2870000,2970000,470000,570000,100000,3,3,0,8580,0.0858,3,False,unique_pages_not_strictly_greater_than_guard_plus_target,b6c4ce90a042afae8f824e78acef2b0f53d6442e89ac37544f119facaddb43d6,598d8dffb4be589ab8bd035f707141a58894db8347051b9beba9358e046df88d
fluidanimate,fluidanimate-20260731T081336Z,0.40,11088,11088,0.4,False,2880000,2980000,480000,580000,100000,3,3,0,8580,0.0858,3,False,unique_pages_not_strictly_greater_than_guard_plus_target,b6c4ce90a042afae8f824e78acef2b0f53d6442e89ac37544f119facaddb43d6,598d8dffb4be589ab8bd035f707141a58894db8347051b9beba9358e046df88d
fluidanimate,fluidanimate-20260731T081336Z,0.40,11088,11088,0.4,False,2890000,2990000,490000,590000,100000,3,3,0,8577,0.08577,3,False,unique_pages_not_strictly_greater_than_guard_plus_target,b6c4ce90a042afae8f824e78acef2b0f53d6442e89ac37544f119facaddb43d6,598d8dffb4be589ab8bd035f707141a58894db8347051b9beba9358e046df88d
fluidanimate,fluidanimate-20260731T081336Z,0.40,11088,11088,0.4,False,2900000,3000000,500000,600000,100000,3,3,0,8576,0.08576,3,False,unique_pages_not_strictly_greater_than_guard_plus_target,b6c4ce90a042afae8f824e78acef2b0f53d6442e89ac37544f119facaddb43d6,598d8dffb4be589ab8bd035f707141a58894db8347051b9beba9358e046df88d
fluidanimate,fluidanimate-20260731T081336Z,0.60,16632,16632,0.6,False,2400000,2500000,0,100000,100000,3,3,0,8580,0.0858,3,False,unique_pages_not_strictly_greater_than_guard_plus_target,b6c4ce90a042afae8f824e78acef2b0f53d6442e89ac37544f119facaddb43d6,598d8dffb4be589ab8bd035f707141a58894db8347051b9beba9358e046df88d
fluidanimate,fluidanimate-20260731T081336Z,0.60,16632,16632,0.6,False,2410000,2510000,10000,110000,100000,3,3,0,8575,0.08575,3,False,unique_pages_not_strictly_greater_than_guard_plus_target,b6c4ce90a042afae8f824e78acef2b0f53d6442e89ac37544f119facaddb43d6,598d8dffb4be589ab8bd035f707141a58894db8347051b9beba9358e046df88d
fluidanimate,fluidanimate-20260731T081336Z,0.60,16632,16632,0.6,False,2420000,2520000,20000,120000,100000,3,3,0,8581,0.08581,3,False,unique_pages_not_strictly_greater_than_guard_plus_target,b6c4ce90a042afae8f824e78acef2b0f53d6442e89ac37544f119facaddb43d6,598d8dffb4be589ab8bd035f707141a58894db8347051b9beba9358e046df88d
fluidanimate,fluidanimate-20260731T081336Z,0.60,16632,16632,0.6,False,2430000,2530000,30000,130000,100000,3,3,0,8581,0.08581,3,False,unique_pages_not_strictly_greater_than_guard_plus_target,b6c4ce90a042afae8f824e78acef2b0f53d6442e89ac37544f119facaddb43d6,598d8dffb4be589ab8bd035f707141a58894db8347051b9beba9358e046df88d
fluidanimate,fluidanimate-20260731T081336Z,0.60,16632,16632,0.6,False,2440000,2540000,40000,140000,100000,3,3,0,8576,0.08576,3,False,unique_pages_not_strictly_greater_than_guard_plus_target,b6c4ce90a042afae8f824e78acef2b0f53d6442e89ac37544f119facaddb43d6,598d8dffb4be589ab8bd035f707141a58894db8347051b9beba9358e046df88d
fluidanimate,fluidanimate-20260731T081336Z,0.60,16632,16632,0.6,False,2450000,2550000,50000,150000,100000,3,3,0,8576,0.08576,3,False,unique_pages_not_strictly_greater_than_guard_plus_target,b6c4ce90a042afae8f824e78acef2b0f53d6442e89ac37544f119facaddb43d6,598d8dffb4be589ab8bd035f707141a58894db8347051b9beba9358e046df88d
fluidanimate,fluidanimate-20260731T081336Z,0.60,16632,16632,0.6,False,2460000,2560000,60000,160000,100000,3,3,0,8581,0.08581,3,False,unique_pages_not_strictly_greater_than_guard_plus_target,b6c4ce90a042afae8f824e78acef2b0f53d6442e89ac37544f119facaddb43d6,598d8dffb4be589ab8bd035f707141a58894db8347051b9beba9358e046df88d
fluidanimate,fluidanimate-20260731T081336Z,0.60,16632,16632,0.6,False,2470000,2570000,70000,170000,100000,3,3,0,8581,0.08581,3,False,unique_pages_not_strictly_greater_than_guard_plus_target,b6c4ce90a042afae8f824e78acef2b0f53d6442e89ac37544f119facaddb43d6,598d8dffb4be589ab8bd035f707141a58894db8347051b9beba9358e046df88d
fluidanimate,fluidanimate-20260731T081336Z,0.60,16632,16632,0.6,False,2480000,2580000,80000,180000,100000,3,3,0,8576,0.08576,3,False,unique_pages_not_strictly_greater_than_guard_plus_target,b6c4ce90a042afae8f824e78acef2b0f53d6442e89ac37544f119facaddb43d6,598d8dffb4be589ab8bd035f707141a58894db8347051b9beba9358e046df88d
fluidanimate,fluidanimate-20260731T081336Z,0.60,16632,16632,0.6,False,2490000,2590000,90000,190000,100000,3,3,0,8576,0.08576,3,False,unique_pages_not_strictly_greater_than_guard_plus_target,b6c4ce90a042afae8f824e78acef2b0f53d6442e89ac37544f119facaddb43d6,598d8dffb4be589ab8bd035f707141a58894db8347051b9beba9358e046df88d
fluidanimate,fluidanimate-20260731T081336Z,0.60,16632,16632,0.6,False,2500000,2600000,100000,200000,100000,3,3,0,8581,0.08581,3,False,unique_pages_not_strictly_greater_than_guard_plus_target,b6c4ce90a042afae8f824e78acef2b0f53d6442e89ac37544f119facaddb43d6,598d8dffb4be589ab8bd035f707141a58894db8347051b9beba9358e046df88d
fluidanimate,fluidanimate-20260731T081336Z,0.60,16632,16632,0.6,False,2510000,2610000,110000,210000,100000,3,3,0,8584,0.08584,3,False,unique_pages_not_strictly_greater_than_guard_plus_target,b6c4ce90a042afae8f824e78acef2b0f53d6442e89ac37544f119facaddb43d6,598d8dffb4be589ab8bd035f707141a58894db8347051b9beba9358e046df88d
fluidanimate,fluidanimate-20260731T081336Z,0.60,16632,16632,0.6,False,2520000,2620000,120000,220000,100000,3,3,0,8575,0.08575,3,False,unique_pages_not_strictly_greater_than_guard_plus_target,b6c4ce90a042afae8f824e78acef2b0f53d6442e89ac37544f119facaddb43d6,598d8dffb4be589ab8bd035f707141a58894db8347051b9beba9358e046df88d
fluidanimate,fluidanimate-20260731T081336Z,0.60,16632,16632,0.6,False,2530000,2630000,130000,230000,100000,3,3,0,8576,0.08576,3,False,unique_pages_not_strictly_greater_than_guard_plus_target,b6c4ce90a042afae8f824e78acef2b0f53d6442e89ac37544f119facaddb43d6,598d8dffb4be589ab8bd035f707141a58894db8347051b9beba9358e046df88d
fluidanimate,fluidanimate-20260731T081336Z,0.60,16632,16632,0.6,False,2540000,2640000,140000,240000,100000,3,3,0,8581,0.08581,3,False,unique_pages_not_strictly_greater_than_guard_plus_target,b6c4ce90a042afae8f824e78acef2b0f53d6442e89ac37544f119facaddb43d6,598d8dffb4be589ab8bd035f707141a58894db8347051b9beba9358e046df88d
fluidanimate,fluidanimate-20260731T081336Z,0.60,16632,16632,0.6,False,2550000,2650000,150000,250000,100000,3,3,0,8580,0.0858,3,False,unique_pages_not_strictly_greater_than_guard_plus_target,b6c4ce90a042afae8f824e78acef2b0f53d6442e89ac37544f119facaddb43d6,598d8dffb4be589ab8bd035f707141a58894db8347051b9beba9358e046df88d
fluidanimate,fluidanimate-20260731T081336Z,0.60,16632,16632,0.6,False,2560000,2660000,160000,260000,100000,3,3,0,8575,0.08575,3,False,unique_pages_not_strictly_greater_than_guard_plus_target,b6c4ce90a042afae8f824e78acef2b0f53d6442e89ac37544f119facaddb43d6,598d8dffb4be589ab8bd035f707141a58894db8347051b9beba9358e046df88d
fluidanimate,fluidanimate-20260731T081336Z,0.60,16632,16632,0.6,False,2570000,2670000,170000,270000,100000,3,3,0,8576,0.08576,3,False,unique_pages_not_strictly_greater_than_guard_plus_target,b6c4ce90a042afae8f824e78acef2b0f53d6442e89ac37544f119facaddb43d6,598d8dffb4be589ab8bd035f707141a58894db8347051b9beba9358e046df88d
fluidanimate,fluidanimate-20260731T081336Z,0.60,16632,16632,0.6,False,2580000,2680000,180000,280000,100000,3,3,0,8580,0.0858,3,False,unique_pages_not_strictly_greater_than_guard_plus_target,b6c4ce90a042afae8f824e78acef2b0f53d6442e89ac37544f119facaddb43d6,598d8dffb4be589ab8bd035f707141a58894db8347051b9beba9358e046df88d
fluidanimate,fluidanimate-20260731T081336Z,0.60,16632,16632,0.6,False,2590000,2690000,190000,290000,100000,3,3,0,8580,0.0858,3,False,unique_pages_not_strictly_greater_than_guard_plus_target,b6c4ce90a042afae8f824e78acef2b0f53d6442e89ac37544f119facaddb43d6,598d8dffb4be589ab8bd035f707141a58894db8347051b9beba9358e046df88d
fluidanimate,fluidanimate-20260731T081336Z,0.60,16632,16632,0.6,False,2600000,2700000,200000,300000,100000,3,3,0,8575,0.08575,3,False,unique_pages_not_strictly_greater_than_guard_plus_target,b6c4ce90a042afae8f824e78acef2b0f53d6442e89ac37544f119facaddb43d6,598d8dffb4be589ab8bd035f707141a58894db8347051b9beba9358e046df88d
fluidanimate,fluidanimate-20260731T081336Z,0.60,16632,16632,0.6,False,2610000,2710000,210000,310000,100000,3,3,0,8576,0.08576,3,False,unique_pages_not_strictly_greater_than_guard_plus_target,b6c4ce90a042afae8f824e78acef2b0f53d6442e89ac37544f119facaddb43d6,598d8dffb4be589ab8bd035f707141a58894db8347051b9beba9358e046df88d
fluidanimate,fluidanimate-20260731T081336Z,0.60,16632,16632,0.6,False,2620000,2720000,220000,320000,100000,3,3,0,8585,0.08585,3,False,unique_pages_not_strictly_greater_than_guard_plus_target,b6c4ce90a042afae8f824e78acef2b0f53d6442e89ac37544f119facaddb43d6,598d8dffb4be589ab8bd035f707141a58894db8347051b9beba9358e046df88d
fluidanimate,fluidanimate-20260731T081336Z,0.60,16632,16632,0.6,False,2630000,2730000,230000,330000,100000,3,3,0,8584,0.08584,3,False,unique_pages_not_strictly_greater_than_guard_plus_target,b6c4ce90a042afae8f824e78acef2b0f53d6442e89ac37544f119facaddb43d6,598d8dffb4be589ab8bd035f707141a58894db8347051b9beba9358e046df88d
fluidanimate,fluidanimate-20260731T081336Z,0.60,16632,16632,0.6,False,2640000,2740000,240000,340000,100000,3,3,0,8575,0.08575,3,False,unique_pages_not_strictly_greater_than_guard_plus_target,b6c4ce90a042afae8f824e78acef2b0f53d6442e89ac37544f119facaddb43d6,598d8dffb4be589ab8bd035f707141a58894db8347051b9beba9358e046df88d
fluidanimate,fluidanimate-20260731T081336Z,0.60,16632,16632,0.6,False,2650000,2750000,250000,350000,100000,3,3,0,8576,0.08576,3,False,unique_pages_not_strictly_greater_than_guard_plus_target,b6c4ce90a042afae8f824e78acef2b0f53d6442e89ac37544f119facaddb43d6,598d8dffb4be589ab8bd035f707141a58894db8347051b9beba9358e046df88d
fluidanimate,fluidanimate-20260731T081336Z,0.60,16632,16632,0.6,False,2660000,2760000,260000,360000,100000,3,3,0,8581,0.08581,3,False,unique_pages_not_strictly_greater_than_guard_plus_target,b6c4ce90a042afae8f824e78acef2b0f53d6442e89ac37544f119facaddb43d6,598d8dffb4be589ab8bd035f707141a58894db8347051b9beba9358e046df88d
fluidanimate,fluidanimate-20260731T081336Z,0.60,16632,16632,0.6,False,2670000,2770000,270000,370000,100000,3,3,0,8580,0.0858,3,False,unique_pages_not_strictly_greater_than_guard_plus_target,b6c4ce90a042afae8f824e78acef2b0f53d6442e89ac37544f119facaddb43d6,598d8dffb4be589ab8bd035f707141a58894db8347051b9beba9358e046df88d
fluidanimate,fluidanimate-20260731T081336Z,0.60,16632,16632,0.6,False,2680000,2780000,280000,380000,100000,3,3,0,8576,0.08576,3,False,unique_pages_not_strictly_greater_than_guard_plus_target,b6c4ce90a042afae8f824e78acef2b0f53d6442e89ac37544f119facaddb43d6,598d8dffb4be589ab8bd035f707141a58894db8347051b9beba9358e046df88d
fluidanimate,fluidanimate-20260731T081336Z,0.60,16632,16632,0.6,False,2690000,2790000,290000,390000,100000,3,3,0,8576,0.08576,3,False,unique_pages_not_strictly_greater_than_guard_plus_target,b6c4ce90a042afae8f824e78acef2b0f53d6442e89ac37544f119facaddb43d6,598d8dffb4be589ab8bd035f707141a58894db8347051b9beba9358e046df88d
fluidanimate,fluidanimate-20260731T081336Z,0.60,16632,16632,0.6,False,2700000,2800000,300000,400000,100000,3,3,0,8580,0.0858,3,False,unique_pages_not_strictly_greater_than_guard_plus_target,b6c4ce90a042afae8f824e78acef2b0f53d6442e89ac37544f119facaddb43d6,598d8dffb4be589ab8bd035f707141a58894db8347051b9beba9358e046df88d
fluidanimate,fluidanimate-20260731T081336Z,0.60,16632,16632,0.6,False,2710000,2810000,310000,410000,100000,3,3,0,8580,0.0858,3,False,unique_pages_not_strictly_greater_than_guard_plus_target,b6c4ce90a042afae8f824e78acef2b0f53d6442e89ac37544f119facaddb43d6,598d8dffb4be589ab8bd035f707141a58894db8347051b9beba9358e046df88d
fluidanimate,fluidanimate-20260731T081336Z,0.60,16632,16632,0.6,False,2720000,2820000,320000,420000,100000,3,3,0,8576,0.08576,3,False,unique_pages_not_strictly_greater_than_guard_plus_target,b6c4ce90a042afae8f824e78acef2b0f53d6442e89ac37544f119facaddb43d6,598d8dffb4be589ab8bd035f707141a58894db8347051b9beba9358e046df88d
fluidanimate,fluidanimate-20260731T081336Z,0.60,16632,16632,0.6,False,2730000,2830000,330000,430000,100000,3,3,0,8576,0.08576,3,False,unique_pages_not_strictly_greater_than_guard_plus_target,b6c4ce90a042afae8f824e78acef2b0f53d6442e89ac37544f119facaddb43d6,598d8dffb4be589ab8bd035f707141a58894db8347051b9beba9358e046df88d
fluidanimate,fluidanimate-20260731T081336Z,0.60,16632,16632,0.6,False,2740000,2840000,340000,440000,100000,3,3,0,8581,0.08581,3,False,unique_pages_not_strictly_greater_than_guard_plus_target,b6c4ce90a042afae8f824e78acef2b0f53d6442e89ac37544f119facaddb43d6,598d8dffb4be589ab8bd035f707141a58894db8347051b9beba9358e046df88d
fluidanimate,fluidanimate-20260731T081336Z,0.60,16632,16632,0.6,False,2750000,2850000,350000,450000,100000,3,3,0,8580,0.0858,3,False,unique_pages_not_strictly_greater_than_guard_plus_target,b6c4ce90a042afae8f824e78acef2b0f53d6442e89ac37544f119facaddb43d6,598d8dffb4be589ab8bd035f707141a58894db8347051b9beba9358e046df88d
fluidanimate,fluidanimate-20260731T081336Z,0.60,16632,16632,0.6,False,2760000,2860000,360000,460000,100000,3,3,0,8576,0.08576,3,False,unique_pages_not_strictly_greater_than_guard_plus_target,b6c4ce90a042afae8f824e78acef2b0f53d6442e89ac37544f119facaddb43d6,598d8dffb4be589ab8bd035f707141a58894db8347051b9beba9358e046df88d
fluidanimate,fluidanimate-20260731T081336Z,0.60,16632,16632,0.6,False,2770000,2870000,370000,470000,100000,3,3,0,8576,0.08576,3,False,unique_pages_not_strictly_greater_than_guard_plus_target,b6c4ce90a042afae8f824e78acef2b0f53d6442e89ac37544f119facaddb43d6,598d8dffb4be589ab8bd035f707141a58894db8347051b9beba9358e046df88d
fluidanimate,fluidanimate-20260731T081336Z,0.60,16632,16632,0.6,False,2780000,2880000,380000,480000,100000,3,3,0,8576,0.08576,3,False,unique_pages_not_strictly_greater_than_guard_plus_target,b6c4ce90a042afae8f824e78acef2b0f53d6442e89ac37544f119facaddb43d6,598d8dffb4be589ab8bd035f707141a58894db8347051b9beba9358e046df88d
fluidanimate,fluidanimate-20260731T081336Z,0.60,16632,16632,0.6,False,2790000,2890000,390000,490000,100000,3,3,0,8580,0.0858,3,False,unique_pages_not_strictly_greater_than_guard_plus_target,b6c4ce90a042afae8f824e78acef2b0f53d6442e89ac37544f119facaddb43d6,598d8dffb4be589ab8bd035f707141a58894db8347051b9beba9358e046df88d
fluidanimate,fluidanimate-20260731T081336Z,0.60,16632,16632,0.6,False,2800000,2900000,400000,500000,100000,3,3,0,8576,0.08576,3,False,unique_pages_not_strictly_greater_than_guard_plus_target,b6c4ce90a042afae8f824e78acef2b0f53d6442e89ac37544f119facaddb43d6,598d8dffb4be589ab8bd035f707141a58894db8347051b9beba9358e046df88d
fluidanimate,fluidanimate-20260731T081336Z,0.60,16632,16632,0.6,False,2810000,2910000,410000,510000,100000,3,3,0,8577,0.08577,3,False,unique_pages_not_strictly_greater_than_guard_plus_target,b6c4ce90a042afae8f824e78acef2b0f53d6442e89ac37544f119facaddb43d6,598d8dffb4be589ab8bd035f707141a58894db8347051b9beba9358e046df88d
fluidanimate,fluidanimate-20260731T081336Z,0.60,16632,16632,0.6,False,2820000,2920000,420000,520000,100000,3,3,0,8575,0.08575,3,False,unique_pages_not_strictly_greater_than_guard_plus_target,b6c4ce90a042afae8f824e78acef2b0f53d6442e89ac37544f119facaddb43d6,598d8dffb4be589ab8bd035f707141a58894db8347051b9beba9358e046df88d
fluidanimate,fluidanimate-20260731T081336Z,0.60,16632,16632,0.6,False,2830000,2930000,430000,530000,100000,3,3,0,8580,0.0858,3,False,unique_pages_not_strictly_greater_than_guard_plus_target,b6c4ce90a042afae8f824e78acef2b0f53d6442e89ac37544f119facaddb43d6,598d8dffb4be589ab8bd035f707141a58894db8347051b9beba9358e046df88d
fluidanimate,fluidanimate-20260731T081336Z,0.60,16632,16632,0.6,False,2840000,2940000,440000,540000,100000,3,3,0,8579,0.08579,3,False,unique_pages_not_strictly_greater_than_guard_plus_target,b6c4ce90a042afae8f824e78acef2b0f53d6442e89ac37544f119facaddb43d6,598d8dffb4be589ab8bd035f707141a58894db8347051b9beba9358e046df88d
fluidanimate,fluidanimate-20260731T081336Z,0.60,16632,16632,0.6,False,2850000,2950000,450000,550000,100000,3,3,0,8581,0.08581,3,False,unique_pages_not_strictly_greater_than_guard_plus_target,b6c4ce90a042afae8f824e78acef2b0f53d6442e89ac37544f119facaddb43d6,598d8dffb4be589ab8bd035f707141a58894db8347051b9beba9358e046df88d
fluidanimate,fluidanimate-20260731T081336Z,0.60,16632,16632,0.6,False,2860000,2960000,460000,560000,100000,3,3,0,8579,0.08579,3,False,unique_pages_not_strictly_greater_than_guard_plus_target,b6c4ce90a042afae8f824e78acef2b0f53d6442e89ac37544f119facaddb43d6,598d8dffb4be589ab8bd035f707141a58894db8347051b9beba9358e046df88d
fluidanimate,fluidanimate-20260731T081336Z,0.60,16632,16632,0.6,False,2870000,2970000,470000,570000,100000,3,3,0,8580,0.0858,3,False,unique_pages_not_strictly_greater_than_guard_plus_target,b6c4ce90a042afae8f824e78acef2b0f53d6442e89ac37544f119facaddb43d6,598d8dffb4be589ab8bd035f707141a58894db8347051b9beba9358e046df88d
fluidanimate,fluidanimate-20260731T081336Z,0.60,16632,16632,0.6,False,2880000,2980000,480000,580000,100000,3,3,0,8580,0.0858,3,False,unique_pages_not_strictly_greater_than_guard_plus_target,b6c4ce90a042afae8f824e78acef2b0f53d6442e89ac37544f119facaddb43d6,598d8dffb4be589ab8bd035f707141a58894db8347051b9beba9358e046df88d
fluidanimate,fluidanimate-20260731T081336Z,0.60,16632,16632,0.6,False,2890000,2990000,490000,590000,100000,3,3,0,8577,0.08577,3,False,unique_pages_not_strictly_greater_than_guard_plus_target,b6c4ce90a042afae8f824e78acef2b0f53d6442e89ac37544f119facaddb43d6,598d8dffb4be589ab8bd035f707141a58894db8347051b9beba9358e046df88d
fluidanimate,fluidanimate-20260731T081336Z,0.60,16632,16632,0.6,False,2900000,3000000,500000,600000,100000,3,3,0,8576,0.08576,3,False,unique_pages_not_strictly_greater_than_guard_plus_target,b6c4ce90a042afae8f824e78acef2b0f53d6442e89ac37544f119facaddb43d6,598d8dffb4be589ab8bd035f707141a58894db8347051b9beba9358e046df88d
