PC,Address,RW
0x400100,0x100000000,W
0x400104,0x100000000,W
0x400108,0x100001000,W
0x400100,0x100001000,W
0x400104,0x100002000,W
0x400108,0x100002000,R
0x401100,0x100066000,R
0x401104,0x100067000,R
0x401108,0x100068000,R
0x401100,0x100069000,R
0x401104,0x10006a000,R
0x401108,0x10006b000,R
0x402100,0x1000c3000,R
0x402104,0x1000c3000,R
0x402100,0x1000c3000,R
0x402104,0x1000c3000,R
0x403100,0x100190000,R
0x403104,0x100191000,R
0x403100,0x100192000,R
0x403104,0x100193000,R
0x404100,0x100120000,R
0x404104,0x100120000,R
0x404108,0x100120000,R
0x40410c,0x100120000,R
0x400100,0x10000c000,W
0x400104,0x10000c000,W
0x400108,0x10000d000,W
0x400100,0x10000d000,W
0x400104,0x10000e000,W
0x400108,0x10000e000,R
0x401100,0x10007e000,R
0x401104,0x10007f000,R
0x401108,0x100080000,R
0x401100,0x100081000,R
0x401104,0x100082000,R
0x401108,0x100083000,R
0x402100,0x1000c9000,R
0x402104,0x1000c9000,R
0x402100,0x1000c9000,R
0x402104,0x1000c9000,R
0x403100,0x1001a8000,R
0x403104,0x1001a9000,R
0x403100,0x1001aa000,R
0x403104,0x1001ab000,R
0x404100,0x100121000,R
0x404104,0x100121000,R
0x404108,0x100121000,R
0x40410c,0x100121000,R
0x400100,0x100018000,W
0x400104,0x100018000,W
0x400108,0x100019000,W
0x400100,0x100019000,W
0x400104,0x10001a000,W
0x400108,0x10001a000,R
0x401100,0x100096000,R
0x401104,0x100097000,R
0x401108,0x100098000,R
0x401100,0x100099000,R
0x401104,0x10009a000,R
0x401108,0x10009b000,R
0x402100,0x1000cf000,R
0x402104,0x1000cf000,R
0x402100,0x1000cf000,R
0x402104,0x1000cf000,R
0x403100,0x1001c0000,R
0x403104,0x1001c1000,R
0x403100,0x1001c2000,R
0x403104,0x1001c3000,R
0x404100,0x100122000,R
0x404104,0x100122000,R
0x404108,0x100122000,R
0x40410c,0x100122000,R
0x400100,0x100024000,W
0x400104,0x100024000,W
0x400108,0x100025000,W
0x400100,0x100025000,W
0x400104,0x100026000,W
0x400108,0x100026000,R
0x401100,0x1000ae000,R
0x401104,0x1000af000,R
0x401108,0x1000b0000,R
0x401100,0x1000b1000,R
0x401104,0x1000b2000,R
0x401108,0x1000b3000,R
0x402100,0x1000d5000,R
0x402104,0x1000d5000,R
0x402100,0x1000d5000,R
0x402104,0x1000d5000,R
0x403100,0x1001d8000,R
0x403104,0x1001d9000,R
0x403100,0x1001da000,R
0x403104,0x1001db000,R
0x404100,0x100123000,R
0x404104,0x100123000,R
0x404108,0x100123000,R
0x40410c,0x100123000,R
0x400100,0x100030000,W
0x400104,0x100030000,W
0x400108,0x100031000,W
0x400100,0x100031000,W
0x400104,0x100032000,W
0x400108,0x100032000,R
0x401100,0x100066000,R
0x401104,0x100067000,R
0x401108,0x100068000,R
0x401100,0x100069000,R
0x401104,0x10006a000,R
0x401108,0x10006b000,R
0x402100,0x1000db000,R
0x402104,0x1000db000,R
0x402100,0x1000db000,R
0x402104,0x1000db000,R
0x403100,0x1001f0000,R
0x403104,0x1001f1000,R
0x403100,0x1001f2000,R
0x403104,0x1001f3000,R
0x404100,0x100124000,R
0x404104,0x100124000,R
0x404108,0x100124000,R
0x40410c,0x100124000,R
0x400100,0x10003c000,W
0x400104,0x10003c000,W
0x400108,0x10003d000,W
0x400100,0x10003d000,W
0x400104,0x10003e000,W
0x400108,0x10003e000,R
0x401100,0x10007e000,R
0x401104,0x10007f000,R
0x401108,0x100080000,R
0x401100,0x100081000,R
0x401104,0x100082000,R
0x401108,0x100083000,R
0x402100,0x1000e1000,R
0x402104,0x1000e1000,R
0x402100,0x1000e1000,R
0x402104,0x1000e1000,R
0x403100,0x100208000,R
0x403104,0x100209000,R
0x403100,0x10020a000,R
0x403104,0x10020b000,R
0x404100,0x100125000,R
0x404104,0x100125000,R
0x404108,0x100125000,R
0x40410c,0x100125000,R
0x400100,0x100048000,W
0x400104,0x100048000,W
0x400108,0x100049000,W
0x400100,0x100049000,W
0x400104,0x10004a000,W
0x400108,0x10004a000,R
0x401100,0x100096000,R
0x401104,0x100097000,R
0x401108,0x100098000,R
0x401100,0x100099000,R
0x401104,0x10009a000,R
0x401108,0x10009b000,R
0x402100,0x1000e7000,R
0x402104,0x1000e7000,R
0x402100,0x1000e7000,R
0x402104,0x1000e7000,R
0x403100,0x100220000,R
0x403104,0x100221000,R
0x403100,0x100222000,R
0x403104,0x100223000,R
0x404100,0x100126000,R
0x404104,0x100126000,R
0x404108,0x100126000,R
0x40410c,0x100126000,R
0x400100,0x100054000,W
0x400104,0x100054000,W
0x400108,0x100055000,W
0x400100,0x100055000,W
0x400104,0x100056000,W
0x400108,0x100056000,R
0x401100,0x1000ae000,R
0x401104,0x1000af000,R
0x401108,0x1000b0000,R
0x401100,0x1000b1000,R
0x401104,0x1000b2000,R
0x401108,0x1000b3000,R
0x402100,0x1000ed000,R
0x402104,0x1000ed000,R
0x402100,0x1000ed000,R
0x402104,0x1000ed000,R
0x403100,0x100238000,R
0x403104,0x100239000,R
0x403100,0x10023a000,R
0x403104,0x10023b000,R
0x404100,0x100127000,R
0x404104,0x100127000,R
0x404108,0x100127000,R
0x40410c,0x100127000,R
0x400100,0x100000000,W
0x400104,0x100000000,W
0x400108,0x100001000,W
0x400100,0x100001000,W
0x400104,0x100002000,W
0x400108,0x100002000,R
0x401100,0x100066000,R
0x401104,0x100067000,R
0x401108,0x100068000,R
0x401100,0x100069000,R
0x401104,0x10006a000,R
0x401108,0x10006b000,R
0x402100,0x1000f3000,R
0x402104,0x1000f3000,R
0x402100,0x1000f3000,R
0x402104,0x1000f3000,R
0x403100,0x100250000,R
0x403104,0x100251000,R
0x403100,0x100252000,R
0x403104,0x100253000,R
0x404100,0x100128000,R
0x404104,0x100128000,R
0x404108,0x100128000,R
0x40410c,0x100128000,R
0x400100,0x10000c000,W
0x400104,0x10000c000,W
0x400108,0x10000d000,W
0x400100,0x10000d000,W
0x400104,0x10000e000,W
0x400108,0x10000e000,R
0x401100,0x10007e000,R
0x401104,0x10007f000,R
0x401108,0x100080000,R
0x401100,0x100081000,R
0x401104,0x100082000,R
0x401108,0x100083000,R
0x402100,0x1000f9000,R
0x402104,0x1000f9000,R
0x402100,0x1000f9000,R
0x402104,0x1000f9000,R
0x403100,0x100268000,R
0x403104,0x100269000,R
0x403100,0x10026a000,R
0x403104,0x10026b000,R
0x404100,0x100129000,R
0x404104,0x100129000,R
0x404108,0x100129000,R
0x40410c,0x100129000,R
0x400100,0x100018000,W
0x400104,0x100018000,W
0x400108,0x100019000,W
0x400100,0x100019000,W
0x400104,0x10001a000,W
0x400108,0x10001a000,R
0x401100,0x100096000,R
0x401104,0x100097000,R
0x401108,0x100098000,R
0x401100,0x100099000,R
0x401104,0x10009a000,R
0x401108,0x10009b000,R
0x402100,0x1000ff000,R
0x402104,0x1000ff000,R
0x402100,0x1000ff000,R
0x402104,0x1000ff000,R
0x403100,0x100280000,R
0x403104,0x100281000,R
0x403100,0x100282000,R
0x403104,0x100283000,R
0x404100,0x10012a000,R
0x404104,0x10012a000,R
0x404108,0x10012a000,R
0x40410c,0x10012a000,R
0x400100,0x100024000,W
0x400104,0x100024000,W
0x400108,0x100025000,W
0x400100,0x100025000,W
0x400104,0x100026000,W
0x400108,0x100026000,R
0x401100,0x1000ae000,R
0x401104,0x1000af000,R
0x401108,0x1000b0000,R
0x401100,0x1000b1000,R
0x401104,0x1000b2000,R
0x401108,0x1000b3000,R
0x402100,0x100105000,R
0x402104,0x100105000,R
0x402100,0x100105000,R
0x402104,0x100105000,R
0x403100,0x100298000,R
0x403104,0x100299000,R
0x403100,0x10029a000,R
0x403104,0x10029b000,R
0x404100,0x10012b000,R
0x404104,0x10012b000,R
0x404108,0x10012b000,R
0x40410c,0x10012b000,R
0x400100,0x100030000,W
0x400104,0x100030000,W
0x400108,0x100031000,W
0x400100,0x100031000,W
0x400104,0x100032000,W
0x400108,0x100032000,R
0x401100,0x100066000,R
0x401104,0x100067000,R
0x401108,0x100068000,R
0x401100,0x100069000,R
0x401104,0x10006a000,R
0x401108,0x10006b000,R
0x402100,0x10010b000,R
0x402104,0x10010b000,R
0x402100,0x10010b000,R
0x402104,0x10010b000,R
0x403100,0x1002b0000,R
0x403104,0x1002b1000,R
0x403100,0x1002b2000,R
0x403104,0x1002b3000,R
0x404100,0x10012c000,R
0x404104,0x10012c000,R
0x404108,0x10012c000,R
0x40410c,0x10012c000,R
0x400100,0x10003c000,W
0x400104,0x10003c000,W
0x400108,0x10003d000,W
0x400100,0x10003d000,W
0x400104,0x10003e000,W
0x400108,0x10003e000,R
0x401100,0x10007e000,R
0x401104,0x10007f000,R
0x401108,0x100080000,R
0x401100,0x100081000,R
0x401104,0x100082000,R
0x401108,0x100083000,R
0x402100,0x100111000,R
0x402104,0x100111000,R
0x402100,0x100111000,R
0x402104,0x100111000,R
0x403100,0x1002c8000,R
0x403104,0x1002c9000,R
0x403100,0x1002ca000,R
0x403104,0x1002cb000,R
0x404100,0x10012d000,R
0x404104,0x10012d000,R
0x404108,0x10012d000,R
0x40410c,0x10012d000,R
0x400100,0x100048000,W
0x400104,0x100048000,W
0x400108,0x100049000,W
0x400100,0x100049000,W
0x400104,0x10004a000,W
0x400108,0x10004a000,R
0x401100,0x100096000,R
0x401104,0x100097000,R
0x401108,0x100098000,R
0x401100,0x100099000,R
0x401104,0x10009a000,R
0x401108,0x10009b000,R
0x402100,0x100117000,R
0x402104,0x100117000,R
0x402100,0x100117000,R
0x402104,0x100117000,R
0x403100,0x1002e0000,R
0x403104,0x1002e1000,R
0x403100,0x1002e2000,R
0x403104,0x1002e3000,R
0x404100,0x10012e000,R
0x404104,0x10012e000,R
0x404108,0x10012e000,R
0x40410c,0x10012e000,R
0x400100,0x100054000,W
0x400104,0x100054000,W
0x400108,0x100055000,W
0x400100,0x100055000,W
0x400104,0x100056000,W
0x400108,0x100056000,R
0x401100,0x1000ae000,R
0x401104,0x1000af000,R
0x401108,0x1000b0000,R
0x401100,0x1000b1000,R
0x401104,0x1000b2000,R
0x401108,0x1000b3000,R
0x402100,0x10011d000,R
0x402104,0x10011d000,R
0x402100,0x10011d000,R
0x402104,0x10011d000,R
0x403100,0x1002f8000,R
0x403104,0x1002f9000,R
0x403100,0x1002fa000,R
0x403104,0x1002fb000,R
0x404100,0x10012f000,R
0x404104,0x10012f000,R
0x404108,0x10012f000,R
0x40410c,0x10012f000,R
0x400100,0x100000000,W
0x400104,0x100000000,W
0x400108,0x100001000,W
0x400100,0x100001000,W
0x400104,0x100002000,W
0x400108,0x100002000,R
0x401100,0x100066000,R
0x401104,0x100067000,R
0x401108,0x100068000,R
0x401100,0x100069000,R
0x401104,0x10006a000,R
0x401108,0x10006b000,R
0x402100,0x1000c3000,R
0x402104,0x1000c3000,R
0x402100,0x1000c3000,R
0x402104,0x1000c3000,R
0x403100,0x100310000,R
0x403104,0x100311000,R
0x403100,0x100312000,R
0x403104,0x100313000,R
0x404100,0x100130000,R
0x404104,0x100130000,R
0x404108,0x100130000,R
0x40410c,0x100130000,R
0x400100,0x10000c000,W
0x400104,0x10000c000,W
0x400108,0x10000d000,W
0x400100,0x10000d000,W
0x400104,0x10000e000,W
0x400108,0x10000e000,R
0x401100,0x10007e000,R
0x401104,0x10007f000,R
0x401108,0x100080000,R
0x401100,0x100081000,R
0x401104,0x100082000,R
0x401108,0x100083000,R
0x402100,0x1000c9000,R
0x402104,0x1000c9000,R
0x402100,0x1000c9000,R
0x402104,0x1000c9000,R
0x403100,0x100328000,R
0x403104,0x100329000,R
0x403100,0x10032a000,R
0x403104,0x10032b000,R
0x404100,0x100131000,R
0x404104,0x100131000,R
0x404108,0x100131000,R
0x40410c,0x100131000,R
0x400100,0x100018000,W
0x400104,0x100018000,W
0x400108,0x100019000,W
0x400100,0x100019000,W
0x400104,0x10001a000,W
0x400108,0x10001a000,R
0x401100,0x100096000,R
0x401104,0x100097000,R
0x401108,0x100098000,R
0x401100,0x100099000,R
0x401104,0x10009a000,R
0x401108,0x10009b000,R
0x402100,0x1000cf000,R
0x402104,0x1000cf000,R
0x402100,0x1000cf000,R
0x402104,0x1000cf000,R
0x403100,0x100340000,R
0x403104,0x100341000,R
0x403100,0x100342000,R
0x403104,0x100343000,R
0x404100,0x100132000,R
0x404104,0x100132000,R
0x404108,0x100132000,R
0x40410c,0x100132000,R
0x400100,0x100024000,W
0x400104,0x100024000,W
0x400108,0x100025000,W
0x400100,0x100025000,W
0x400104,0x100026000,W
0x400108,0x100026000,R
0x401100,0x1000ae000,R
0x401104,0x1000af000,R
0x401108,0x1000b0000,R
0x401100,0x1000b1000,R
0x401104,0x1000b2000,R
0x401108,0x1000b3000,R
0x402100,0x1000d5000,R
0x402104,0x1000d5000,R
0x402100,0x1000d5000,R
0x402104,0x1000d5000,R
0x403100,0x100358000,R
0x403104,0x100359000,R
0x403100,0x10035a000,R
0x403104,0x10035b000,R
0x404100,0x100133000,R
0x404104,0x100133000,R
0x404108,0x100133000,R
0x40410c,0x100133000,R
0x400100,0x100030000,W
0x400104,0x100030000,W
0x400108,0x100031000,W
0x400100,0x100031000,W
0x400104,0x100032000,W
0x400108,0x100032000,R
0x401100,0x100066000,R
0x401104,0x100067000,R
0x401108,0x100068000,R
0x401100,0x100069000,R
0x401104,0x10006a000,R
0x401108,0x10006b000,R
0x402100,0x1000db000,R
0x402104,0x1000db000,R
0x402100,0x1000db000,R
0x402104,0x1000db000,R
0x403100,0x100370000,R
0x403104,0x100371000,R
0x403100,0x100372000,R
0x403104,0x100373000,R
0x404100,0x100134000,R
0x404104,0x100134000,R
0x404108,0x100134000,R
0x40410c,0x100134000,R
0x400100,0x10003c000,W
0x400104,0x10003c000,W
0x400108,0x10003d000,W
0x400100,0x10003d000,W
0x400104,0x10003e000,W
0x400108,0x10003e000,R
0x401100,0x10007e000,R
0x401104,0x10007f000,R
0x401108,0x100080000,R
0x401100,0x100081000,R
0x401104,0x100082000,R
0x401108,0x100083000,R
0x402100,0x1000e1000,R
0x402104,0x1000e1000,R
0x402100,0x1000e1000,R
0x402104,0x1000e1000,R
0x403100,0x100388000,R
0x403104,0x100389000,R
0x403100,0x10038a000,R
0x403104,0x10038b000,R
0x404100,0x100135000,R
0x404104,0x100135000,R
0x404108,0x100135000,R
0x40410c,0x100135000,R
0x400100,0x100048000,W
0x400104,0x100048000,W
0x400108,0x100049000,W
0x400100,0x100049000,W
0x400104,0x10004a000,W
0x400108,0x10004a000,R
0x401100,0x100096000,R
0x401104,0x100097000,R
0x401108,0x100098000,R
0x401100,0x100099000,R
0x401104,0x10009a000,R
0x401108,0x10009b000,R
0x402100,0x1000e7000,R
0x402104,0x1000e7000,R
0x402100,0x1000e7000,R
0x402104,0x1000e7000,R
0x403100,0x1003a0000,R
0x403104,0x1003a1000,R
0x403100,0x1003a2000,R
0x403104,0x1003a3000,R
0x404100,0x100136000,R
0x404104,0x100136000,R
0x404108,0x100136000,R
0x40410c,0x100136000,R
0x400100,0x100054000,W
0x400104,0x100054000,W
0x400108,0x100055000,W
0x400100,0x100055000,W
0x400104,0x100056000,W
0x400108,0x100056000,R
0x401100,0x1000ae000,R
0x401104,0x1000af000,R
0x401108,0x1000b0000,R
0x401100,0x1000b1000,R
0x401104,0x1000b2000,R
0x401108,0x1000b3000,R
0x402100,0x1000ed000,R
0x402104,0x1000ed000,R
0x402100,0x1000ed000,R
0x402104,0x1000ed000,R
0x403100,0x1003b8000,R
0x403104,0x1003b9000,R
0x403100,0x1003ba000,R
0x403104,0x1003bb000,R
0x404100,0x100137000,R
0x404104,0x100137000,R
0x404108,0x100137000,R
0x40410c,0x100137000,R
0x400100,0x100000000,W
0x400104,0x100000000,W
0x400108,0x100001000,W
0x400100,0x100001000,W
0x400104,0x100002000,W
0x400108,0x100002000,R
0x401100,0x100066000,R
0x401104,0x100067000,R
0x401108,0x100068000,R
0x401100,0x100069000,R
0x401104,0x10006a000,R
0x401108,0x10006b000,R
0x402100,0x1000f3000,R
0x402104,0x1000f3000,R
0x402100,0x1000f3000,R
0x402104,0x1000f3000,R
0x403100,0x1003d0000,R
0x403104,0x1003d1000,R
0x403100,0x1003d2000,R
0x403104,0x1003d3000,R
0x404100,0x100138000,R
0x404104,0x100138000,R
0x404108,0x100138000,R
0x40410c,0x100138000,R
0x400100,0x10000c000,W
0x400104,0x10000c000,W
0x400108,0x10000d000,W
0x400100,0x10000d000,W
0x400104,0x10000e000,W
0x400108,0x10000e000,R
0x401100,0x10007e000,R
0x401104,0x10007f000,R
0x401108,0x100080000,R
0x401100,0x100081000,R
0x401104,0x100082000,R
0x401108,0x100083000,R
0x402100,0x1000f9000,R
0x402104,0x1000f9000,R
0x402100,0x1000f9000,R
0x402104,0x1000f9000,R
0x403100,0x1003e8000,R
0x403104,0x1003e9000,R
0x403100,0x1003ea000,R
0x403104,0x1003eb000,R
0x404100,0x100139000,R
0x404104,0x100139000,R
0x404108,0x100139000,R
0x40410c,0x100139000,R
0x400100,0x100018000,W
0x400104,0x100018000,W
0x400108,0x100019000,W
0x400100,0x100019000,W
0x400104,0x10001a000,W
0x400108,0x10001a000,R
0x401100,0x100096000,R
0x401104,0x100097000,R
0x401108,0x100098000,R
0x401100,0x100099000,R
0x401104,0x10009a000,R
0x401108,0x10009b000,R
0x402100,0x1000ff000,R
0x402104,0x1000ff000,R
0x402100,0x1000ff000,R
0x402104,0x1000ff000,R
0x403100,0x100400000,R
0x403104,0x100401000,R
0x403100,0x100402000,R
0x403104,0x100403000,R
0x404100,0x10013a000,R
0x404104,0x10013a000,R
0x404108,0x10013a000,R
0x40410c,0x10013a000,R
0x400100,0x100024000,W
0x400104,0x100024000,W
0x400108,0x100025000,W
0x400100,0x100025000,W
0x400104,0x100026000,W
0x400108,0x100026000,R
0x401100,0x1000ae000,R
0x401104,0x1000af000,R
0x401108,0x1000b0000,R
0x401100,0x1000b1000,R
0x401104,0x1000b2000,R
0x401108,0x1000b3000,R
0x402100,0x100105000,R
0x402104,0x100105000,R
0x402100,0x100105000,R
0x402104,0x100105000,R
0x403100,0x100418000,R
0x403104,0x100419000,R
0x403100,0x10041a000,R
0x403104,0x10041b000,R
0x404100,0x10013b000,R
0x404104,0x10013b000,R
0x404108,0x10013b000,R
0x40410c,0x10013b000,R
0x400100,0x100030000,W
0x400104,0x100030000,W
0x400108,0x100031000,W
0x400100,0x100031000,W
0x400104,0x100032000,W
0x400108,0x100032000,R
0x401100,0x100066000,R
0x401104,0x100067000,R
0x401108,0x100068000,R
0x401100,0x100069000,R
0x401104,0x10006a000,R
0x401108,0x10006b000,R
0x402100,0x10010b000,R
0x402104,0x10010b000,R
0x402100,0x10010b000,R
0x402104,0x10010b000,R
0x403100,0x100430000,R
0x403104,0x100431000,R
0x403100,0x100432000,R
0x403104,0x100433000,R
0x404100,0x10013c000,R
0x404104,0x10013c000,R
0x404108,0x10013c000,R
0x40410c,0x10013c000,R
0x400100,0x10003c000,W
0x400104,0x10003c000,W
0x400108,0x10003d000,W
0x400100,0x10003d000,W
0x400104,0x10003e000,W
0x400108,0x10003e000,R
0x401100,0x10007e000,R
0x401104,0x10007f000,R
0x401108,0x100080000,R
0x401100,0x100081000,R
0x401104,0x100082000,R
0x401108,0x100083000,R
0x402100,0x100111000,R
0x402104,0x100111000,R
0x402100,0x100111000,R
0x402104,0x100111000,R
0x403100,0x100448000,R
0x403104,0x100449000,R
0x403100,0x10044a000,R
0x403104,0x10044b000,R
0x404100,0x10013d000,R
0x404104,0x10013d000,R
0x404108,0x10013d000,R
0x40410c,0x10013d000,R
0x400100,0x100048000,W
0x400104,0x100048000,W
0x400108,0x100049000,W
0x400100,0x100049000,W
0x400104,0x10004a000,W
0x400108,0x10004a000,R
0x401100,0x100096000,R
0x401104,0x100097000,R
0x401108,0x100098000,R
0x401100,0x100099000,R
0x401104,0x10009a000,R
0x401108,0x10009b000,R
0x402100,0x100117000,R
0x402104,0x100117000,R
0x402100,0x100117000,R
0x402104,0x100117000,R
0x403100,0x100460000,R
0x403104,0x100461000,R
0x403100,0x100462000,R
0x403104,0x100463000,R
0x404100,0x10013e000,R
0x404104,0x10013e000,R
0x404108,0x10013e000,R
0x40410c,0x10013e000,R
0x400100,0x100054000,W
0x400104,0x100054000,W
0x400108,0x100055000,W
0x400100,0x100055000,W
0x400104,0x100056000,W
0x400108,0x100056000,R
0x401100,0x1000ae000,R
0x401104,0x1000af000,R
0x401108,0x1000b0000,R
0x401100,0x1000b1000,R
0x401104,0x1000b2000,R
0x401108,0x1000b3000,R
0x402100,0x10011d000,R
0x402104,0x10011d000,R
0x402100,0x10011d000,R
0x402104,0x10011d000,R
0x403100,0x100478000,R
0x403104,0x100479000,R
0x403100,0x10047a000,R
0x403104,0x10047b000,R
0x404100,0x10013f000,R
0x404104,0x10013f000,R
0x404108,0x10013f000,R
0x40410c,0x10013f000,R
0x400100,0x100000000,W
0x400104,0x100000000,W
0x400108,0x100001000,W
0x400100,0x100001000,W
0x400104,0x100002000,W
0x400108,0x100002000,R
0x401100,0x100066000,R
0x401104,0x100067000,R
0x401108,0x100068000,R
0x401100,0x100069000,R
0x401104,0x10006a000,R
0x401108,0x10006b000,R
0x402100,0x1000c3000,R
0x402104,0x1000c3000,R
0x402100,0x1000c3000,R
0x402104,0x1000c3000,R
0x403100,0x100490000,R
0x403104,0x100491000,R
0x403100,0x100492000,R
0x403104,0x100493000,R
0x404100,0x100140000,R
0x404104,0x100140000,R
0x404108,0x100140000,R
0x40410c,0x100140000,R
0x400100,0x10000c000,W
0x400104,0x10000c000,W
0x400108,0x10000d000,W
0x400100,0x10000d000,W
0x400104,0x10000e000,W
0x400108,0x10000e000,R
0x401100,0x10007e000,R
0x401104,0x10007f000,R
0x401108,0x100080000,R
0x401100,0x100081000,R
0x401104,0x100082000,R
0x401108,0x100083000,R
0x402100,0x1000c9000,R
0x402104,0x1000c9000,R
0x402100,0x1000c9000,R
0x402104,0x1000c9000,R
0x403100,0x1004a8000,R
0x403104,0x1004a9000,R
0x403100,0x1004aa000,R
0x403104,0x1004ab000,R
0x404100,0x100141000,R
0x404104,0x100141000,R
0x404108,0x100141000,R
0x40410c,0x100141000,R
0x400100,0x100018000,W
0x400104,0x100018000,W
0x400108,0x100019000,W
0x400100,0x100019000,W
0x400104,0x10001a000,W
0x400108,0x10001a000,R
0x401100,0x100096000,R
0x401104,0x100097000,R
0x401108,0x100098000,R
0x401100,0x100099000,R
0x401104,0x10009a000,R
0x401108,0x10009b000,R
0x402100,0x1000cf000,R
0x402104,0x1000cf000,R
0x402100,0x1000cf000,R
0x402104,0x1000cf000,R
0x403100,0x1004c0000,R
0x403104,0x1004c1000,R
0x403100,0x1004c2000,R
0x403104,0x1004c3000,R
0x404100,0x100142000,R
0x404104,0x100142000,R
0x404108,0x100142000,R
0x40410c,0x100142000,R
0x400100,0x100024000,W
0x400104,0x100024000,W
0x400108,0x100025000,W
0x400100,0x100025000,W
0x400104,0x100026000,W
0x400108,0x100026000,R
0x401100,0x1000ae000,R
0x401104,0x1000af000,R
0x401108,0x1000b0000,R
0x401100,0x1000b1000,R
0x401104,0x1000b2000,R
0x401108,0x1000b3000,R
0x402100,0x1000d5000,R
0x402104,0x1000d5000,R
0x402100,0x1000d5000,R
0x402104,0x1000d5000,R
0x403100,0x1004d8000,R
0x403104,0x1004d9000,R
0x403100,0x1004da000,R
0x403104,0x1004db000,R
0x404100,0x100143000,R
0x404104,0x100143000,R
0x404108,0x100143000,R
0x40410c,0x100143000,R
0x400100,0x100030000,W
0x400104,0x100030000,W
0x400108,0x100031000,W
0x400100,0x100031000,W
0x400104,0x100032000,W
0x400108,0x100032000,R
0x401100,0x100066000,R
0x401104,0x100067000,R
0x401108,0x100068000,R
0x401100,0x100069000,R
0x401104,0x10006a000,R
0x401108,0x10006b000,R
0x402100,0x1000db000,R
0x402104,0x1000db000,R
0x402100,0x1000db000,R
0x402104,0x1000db000,R
0x403100,0x1004f0000,R
0x403104,0x1004f1000,R
0x403100,0x1004f2000,R
0x403104,0x1004f3000,R
0x404100,0x100144000,R
0x404104,0x100144000,R
0x404108,0x100144000,R
0x40410c,0x100144000,R
0x400100,0x10003c000,W
0x400104,0x10003c000,W
0x400108,0x10003d000,W
0x400100,0x10003d000,W
0x400104,0x10003e000,W
0x400108,0x10003e000,R
0x401100,0x10007e000,R
0x401104,0x10007f000,R
0x401108,0x100080000,R
0x401100,0x100081000,R
0x401104,0x100082000,R
0x401108,0x100083000,R
0x402100,0x1000e1000,R
0x402104,0x1000e1000,R
0x402100,0x1000e1000,R
0x402104,0x1000e1000,R
0x403100,0x100508000,R
0x403104,0x100509000,R
0x403100,0x10050a000,R
0x403104,0x10050b000,R
0x404100,0x100145000,R
0x404104,0x100145000,R
0x404108,0x100145000,R
0x40410c,0x100145000,R
0x400100,0x100048000,W
0x400104,0x100048000,W
0x400108,0x100049000,W
0x400100,0x100049000,W
0x400104,0x10004a000,W
0x400108,0x10004a000,R
0x401100,0x100096000,R
0x401104,0x100097000,R
0x401108,0x100098000,R
0x401100,0x100099000,R
0x401104,0x10009a000,R
0x401108,0x10009b000,R
0x402100,0x1000e7000,R
0x402104,0x1000e7000,R
0x402100,0x1000e7000,R
0x402104,0x1000e7000,R
0x403100,0x100520000,R
0x403104,0x100521000,R
0x403100,0x100522000,R
0x403104,0x100523000,R
0x404100,0x100146000,R
0x404104,0x100146000,R
0x404108,0x100146000,R
0x40410c,0x100146000,R
0x400100,0x100054000,W
0x400104,0x100054000,W
0x400108,0x100055000,W
0x400100,0x100055000,W
0x400104,0x100056000,W
0x400108,0x100056000,R
0x401100,0x1000ae000,R
0x401104,0x1000af000,R
0x401108,0x1000b0000,R
0x401100,0x1000b1000,R
0x401104,0x1000b2000,R
0x401108,0x1000b3000,R
0x402100,0x1000ed000,R
0x402104,0x1000ed000,R
0x402100,0x1000ed000,R
0x402104,0x1000ed000,R
0x403100,0x100538000,R
0x403104,0x100539000,R
0x403100,0x10053a000,R
0x403104,0x10053b000,R
0x404100,0x100147000,R
0x404104,0x100147000,R
0x404108,0x100147000,R
0x40410c,0x100147000,R
0x400100,0x100000000,W
0x400104,0x100000000,W
0x400108,0x100001000,W
0x400100,0x100001000,W
0x400104,0x100002000,W
0x400108,0x100002000,R
0x401100,0x100066000,R
0x401104,0x100067000,R
0x401108,0x100068000,R
0x401100,0x100069000,R
0x401104,0x10006a000,R
0x401108,0x10006b000,R
0x402100,0x1000f3000,R
0x402104,0x1000f3000,R
0x402100,0x1000f3000,R
0x402104,0x1000f3000,R
0x403100,0x100550000,R
0x403104,0x100551000,R
0x403100,0x100552000,R
0x403104,0x100553000,R
0x404100,0x100148000,R
0x404104,0x100148000,R
0x404108,0x100148000,R
0x40410c,0x100148000,R
0x400100,0x10000c000,W
0x400104,0x10000c000,W
0x400108,0x10000d000,W
0x400100,0x10000d000,W
0x400104,0x10000e000,W
0x400108,0x10000e000,R
0x401100,0x10007e000,R
0x401104,0x10007f000,R
0x401108,0x100080000,R
0x401100,0x100081000,R
0x401104,0x100082000,R
0x401108,0x100083000,R
0x402100,0x1000f9000,R
0x402104,0x1000f9000,R
0x402100,0x1000f9000,R
0x402104,0x1000f9000,R
0x403100,0x100568000,R
0x403104,0x100569000,R
0x403100,0x10056a000,R
0x403104,0x10056b000,R
0x404100,0x100149000,R
0x404104,0x100149000,R
0x404108,0x100149000,R
0x40410c,0x100149000,R
0x400100,0x100018000,W
0x400104,0x100018000,W
0x400108,0x100019000,W
0x400100,0x100019000,W
0x400104,0x10001a000,W
0x400108,0x10001a000,R
0x401100,0x100096000,R
0x401104,0x100097000,R
0x401108,0x100098000,R
0x401100,0x100099000,R
0x401104,0x10009a000,R
0x401108,0x10009b000,R
0x402100,0x1000ff000,R
0x402104,0x1000ff000,R
0x402100,0x1000ff000,R
0x402104,0x1000ff000,R
0x403100,0x100580000,R
0x403104,0x100581000,R
0x403100,0x100582000,R
0x403104,0x100583000,R
0x404100,0x10014a000,R
0x404104,0x10014a000,R
0x404108,0x10014a000,R
0x40410c,0x10014a000,R
0x400100,0x100024000,W
0x400104,0x100024000,W
0x400108,0x100025000,W
0x400100,0x100025000,W
0x400104,0x100026000,W
0x400108,0x100026000,R
0x401100,0x1000ae000,R
0x401104,0x1000af000,R
0x401108,0x1000b0000,R
0x401100,0x1000b1000,R
0x401104,0x1000b2000,R
0x401108,0x1000b3000,R
0x402100,0x100105000,R
0x402104,0x100105000,R
0x402100,0x100105000,R
0x402104,0x100105000,R
0x403100,0x100598000,R
0x403104,0x100599000,R
0x403100,0x10059a000,R
0x403104,0x10059b000,R
0x404100,0x10014b000,R
0x404104,0x10014b000,R
0x404108,0x10014b000,R
0x40410c,0x10014b000,R
0x400100,0x100030000,W
0x400104,0x100030000,W
0x400108,0x100031000,W
0x400100,0x100031000,W
0x400104,0x100032000,W
0x400108,0x100032000,R
0x401100,0x100066000,R
0x401104,0x100067000,R
0x401108,0x100068000,R
0x401100,0x100069000,R
0x401104,0x10006a000,R
0x401108,0x10006b000,R
0x402100,0x10010b000,R
0x402104,0x10010b000,R
0x402100,0x10010b000,R
0x402104,0x10010b000,R
0x403100,0x1005b0000,R
0x403104,0x1005b1000,R
0x403100,0x1005b2000,R
0x403104,0x1005b3000,R
0x404100,0x10014c000,R
0x404104,0x10014c000,R
0x404108,0x10014c000,R
0x40410c,0x10014c000,R
0x400100,0x10003c000,W
0x400104,0x10003c000,W
0x400108,0x10003d000,W
0x400100,0x10003d000,W
0x400104,0x10003e000,W
0x400108,0x10003e000,R
0x401100,0x10007e000,R
0x401104,0x10007f000,R
0x401108,0x100080000,R
0x401100,0x100081000,R
0x401104,0x100082000,R
0x401108,0x100083000,R
0x402100,0x100111000,R
0x402104,0x100111000,R
0x402100,0x100111000,R
0x402104,0x100111000,R
0x403100,0x1005c8000,R
0x403104,0x1005c9000,R
0x403100,0x1005ca000,R
0x403104,0x1005cb000,R
0x404100,0x10014d000,R
0x404104,0x10014d000,R
0x404108,0x10014d000,R
0x40410c,0x10014d000,R
0x400100,0x100048000,W
0x400104,0x100048000,W
0x400108,0x100049000,W
0x400100,0x100049000,W
0x400104,0x10004a000,W
0x400108,0x10004a000,R
0x401100,0x100096000,R
0x401104,0x100097000,R
0x401108,0x100098000,R
0x401100,0x100099000,R
0x401104,0x10009a000,R
0x401108,0x10009b000,R
0x402100,0x100117000,R
0x402104,0x100117000,R
0x402100,0x100117000,R
0x402104,0x100117000,R
0x403100,0x1005e0000,R
0x403104,0x1005e1000,R
0x403100,0x1005e2000,R
0x403104,0x1005e3000,R
0x404100,0x10014e000,R
0x404104,0x10014e000,R
0x404108,0x10014e000,R
0x40410c,0x10014e000,R
0x400100,0x100054000,W
0x400104,0x100054000,W
0x400108,0x100055000,W
0x400100,0x100055000,W
0x400104,0x100056000,W
0x400108,0x100056000,R
0x401100,0x1000ae000,R
0x401104,0x1000af000,R
0x401108,0x1000b0000,R
0x401100,0x1000b1000,R
0x401104,0x1000b2000,R
0x401108,0x1000b3000,R
0x402100,0x10011d000,R
0x402104,0x10011d000,R
0x402100,0x10011d000,R
0x402104,0x10011d000,R
0x403100,0x1005f8000,R
0x403104,0x1005f9000,R
0x403100,0x1005fa000,R
0x403104,0x1005fb000,R
0x404100,0x10014f000,R
0x404104,0x10014f000,R
0x404108,0x10014f000,R
0x40410c,0x10014f000,R
0x400100,0x100000000,W
0x400104,0x100000000,W
0x400108,0x100001000,W
0x400100,0x100001000,W
0x400104,0x100002000,W
0x400108,0x100002000,R
0x401100,0x100066000,R
0x401104,0x100067000,R
0x401108,0x100068000,R
0x401100,0x100069000,R
0x401104,0x10006a000,R
0x401108,0x10006b000,R
0x402100,0x1000c3000,R
0x402104,0x1000c3000,R
0x402100,0x1000c3000,R
0x402104,0x1000c3000,R
0x403100,0x100190000,R
0x403104,0x100191000,R
0x403100,0x100192000,R
0x403104,0x100193000,R
0x404100,0x100150000,R
0x404104,0x100150000,R
0x404108,0x100150000,R
0x40410c,0x100150000,R
0x400100,0x10000c000,W
0x400104,0x10000c000,W
0x400108,0x10000d000,W
0x400100,0x10000d000,W
0x400104,0x10000e000,W
0x400108,0x10000e000,R
0x401100,0x10007e000,R
0x401104,0x10007f000,R
0x401108,0x100080000,R
0x401100,0x100081000,R
0x401104,0x100082000,R
0x401108,0x100083000,R
0x402100,0x1000c9000,R
0x402104,0x1000c9000,R
0x402100,0x1000c9000,R
0x402104,0x1000c9000,R
0x403100,0x1001a8000,R
0x403104,0x1001a9000,R
0x403100,0x1001aa000,R
0x403104,0x1001ab000,R
0x404100,0x100151000,R
0x404104,0x100151000,R
0x404108,0x100151000,R
0x40410c,0x100151000,R
0x400100,0x100018000,W
0x400104,0x100018000,W
0x400108,0x100019000,W
0x400100,0x100019000,W
0x400104,0x10001a000,W
0x400108,0x10001a000,R
0x401100,0x100096000,R
0x401104,0x100097000,R
0x401108,0x100098000,R
0x401100,0x100099000,R
0x401104,0x10009a000,R
0x401108,0x10009b000,R
0x402100,0x1000cf000,R
0x402104,0x1000cf000,R
0x402100,0x1000cf000,R
0x402104,0x1000cf000,R
0x403100,0x1001c0000,R
0x403104,0x1001c1000,R
0x403100,0x1001c2000,R
0x403104,0x1001c3000,R
0x404100,0x100152000,R
0x404104,0x100152000,R
0x404108,0x100152000,R
0x40410c,0x100152000,R
0x400100,0x100024000,W
0x400104,0x100024000,W
0x400108,0x100025000,W
0x400100,0x100025000,W
0x400104,0x100026000,W
0x400108,0x100026000,R
0x401100,0x1000ae000,R
0x401104,0x1000af000,R
0x401108,0x1000b0000,R
0x401100,0x1000b1000,R
0x401104,0x1000b2000,R
0x401108,0x1000b3000,R
0x402100,0x1000d5000,R
0x402104,0x1000d5000,R
0x402100,0x1000d5000,R
0x402104,0x1000d5000,R
0x403100,0x1001d8000,R
0x403104,0x1001d9000,R
0x403100,0x1001da000,R
0x403104,0x1001db000,R
0x404100,0x100153000,R
0x404104,0x100153000,R
0x404108,0x100153000,R
0x40410c,0x100153000,R
0x400100,0x100030000,W
0x400104,0x100030000,W
0x400108,0x100031000,W
0x400100,0x100031000,W
0x400104,0x100032000,W
0x400108,0x100032000,R
0x401100,0x100066000,R
0x401104,0x100067000,R
0x401108,0x100068000,R
0x401100,0x100069000,R
0x401104,0x10006a000,R
0x401108,0x10006b000,R
0x402100,0x1000db000,R
0x402104,0x1000db000,R
0x402100,0x1000db000,R
0x402104,0x1000db000,R
0x403100,0x1001f0000,R
0x403104,0x1001f1000,R
0x403100,0x1001f2000,R
0x403104,0x1001f3000,R
0x404100,0x100154000,R
0x404104,0x100154000,R
0x404108,0x100154000,R
0x40410c,0x100154000,R
0x400100,0x10003c000,W
0x400104,0x10003c000,W
0x400108,0x10003d000,W
0x400100,0x10003d000,W
0x400104,0x10003e000,W
0x400108,0x10003e000,R
0x401100,0x10007e000,R
0x401104,0x10007f000,R
0x401108,0x100080000,R
0x401100,0x100081000,R
0x401104,0x100082000,R
0x401108,0x100083000,R
0x402100,0x1000e1000,R
0x402104,0x1000e1000,R
0x402100,0x1000e1000,R
0x402104,0x1000e1000,R
0x403100,0x100208000,R
0x403104,0x100209000,R
0x403100,0x10020a000,R
0x403104,0x10020b000,R
0x404100,0x100155000,R
0x404104,0x100155000,R
0x404108,0x100155000,R
0x40410c,0x100155000,R
0x400100,0x100048000,W
0x400104,0x100048000,W
0x400108,0x100049000,W
0x400100,0x100049000,W
0x400104,0x10004a000,W
0x400108,0x10004a000,R
0x401100,0x100096000,R
0x401104,0x100097000,R
0x401108,0x100098000,R
0x401100,0x100099000,R
0x401104,0x10009a000,R
0x401108,0x10009b000,R
0x402100,0x1000e7000,R
0x402104,0x1000e7000,R
0x402100,0x1000e7000,R
0x402104,0x1000e7000,R
0x403100,0x100220000,R
0x403104,0x100221000,R
0x403100,0x100222000,R
0x403104,0x100223000,R
0x404100,0x100156000,R
0x404104,0x100156000,R
0x404108,0x100156000,R
0x40410c,0x100156000,R
0x400100,0x100054000,W
0x400104,0x100054000,W
0x400108,0x100055000,W
0x400100,0x100055000,W
0x400104,0x100056000,W
0x400108,0x100056000,R
0x401100,0x1000ae000,R
0x401104,0x1000af000,R
0x401108,0x1000b0000,R
0x401100,0x1000b1000,R
0x401104,0x1000b2000,R
0x401108,0x1000b3000,R
0x402100,0x1000ed000,R
0x402104,0x1000ed000,R
0x402100,0x1000ed000,R
0x402104,0x1000ed000,R
0x403100,0x100238000,R
0x403104,0x100239000,R
0x403100,0x10023a000,R
0x403104,0x10023b000,R
0x404100,0x100157000,R
0x404104,0x100157000,R
0x404108,0x100157000,R
0x40410c,0x100157000,R
0x400100,0x100000000,W
0x400104,0x100000000,W
0x400108,0x100001000,W
0x400100,0x100001000,W
0x400104,0x100002000,W
0x400108,0x100002000,R
0x401100,0x100066000,R
0x401104,0x100067000,R
0x401108,0x100068000,R
0x401100,0x100069000,R
0x401104,0x10006a000,R
0x401108,0x10006b000,R
0x402100,0x1000f3000,R
0x402104,0x1000f3000,R
0x402100,0x1000f3000,R
0x402104,0x1000f3000,R
0x403100,0x100250000,R
0x403104,0x100251000,R
0x403100,0x100252000,R
0x403104,0x100253000,R
0x404100,0x100158000,R
0x404104,0x100158000,R
0x404108,0x100158000,R
0x40410c,0x100158000,R
0x400100,0x10000c000,W
0x400104,0x10000c000,W
0x400108,0x10000d000,W
0x400100,0x10000d000,W
0x400104,0x10000e000,W
0x400108,0x10000e000,R
0x401100,0x10007e000,R
0x401104,0x10007f000,R
0x401108,0x100080000,R
0x401100,0x100081000,R
0x401104,0x100082000,R
0x401108,0x100083000,R
0x402100,0x1000f9000,R
0x402104,0x1000f9000,R
0x402100,0x1000f9000,R
0x402104,0x1000f9000,R
0x403100,0x100268000,R
0x403104,0x100269000,R
0x403100,0x10026a000,R
0x403104,0x10026b000,R
0x404100,0x100159000,R
0x404104,0x100159000,R
0x404108,0x100159000,R
0x40410c,0x100159000,R
0x400100,0x100018000,W
0x400104,0x100018000,W
0x400108,0x100019000,W
0x400100,0x100019000,W
0x400104,0x10001a000,W
0x400108,0x10001a000,R
0x401100,0x100096000,R
0x401104,0x100097000,R
0x401108,0x100098000,R
0x401100,0x100099000,R
0x401104,0x10009a000,R
0x401108,0x10009b000,R
0x402100,0x1000ff000,R
0x402104,0x1000ff000,R
0x402100,0x1000ff000,R
0x402104,0x1000ff000,R
0x403100,0x100280000,R
0x403104,0x100281000,R
0x403100,0x100282000,R
0x403104,0x100283000,R
0x404100,0x10015a000,R
0x404104,0x10015a000,R
0x404108,0x10015a000,R
0x40410c,0x10015a000,R
0x400100,0x100024000,W
0x400104,0x100024000,W
0x400108,0x100025000,W
0x400100,0x100025000,W
0x400104,0x100026000,W
0x400108,0x100026000,R
0x401100,0x1000ae000,R
0x401104,0x1000af000,R
0x401108,0x1000b0000,R
0x401100,0x1000b1000,R
0x401104,0x1000b2000,R
0x401108,0x1000b3000,R
0x402100,0x100105000,R
0x402104,0x100105000,R
0x402100,0x100105000,R
0x402104,0x100105000,R
0x403100,0x100298000,R
0x403104,0x100299000,R
0x403100,0x10029a000,R
0x403104,0x10029b000,R
0x404100,0x10015b000,R
0x404104,0x10015b000,R
0x404108,0x10015b000,R
0x40410c,0x10015b000,R
0x400100,0x100030000,W
0x400104,0x100030000,W
0x400108,0x100031000,W
0x400100,0x100031000,W
0x400104,0x100032000,W
0x400108,0x100032000,R
0x401100,0x100066000,R
0x401104,0x100067000,R
0x401108,0x100068000,R
0x401100,0x100069000,R
0x401104,0x10006a000,R
0x401108,0x10006b000,R
0x402100,0x10010b000,R
0x402104,0x10010b000,R
0x402100,0x10010b000,R
0x402104,0x10010b000,R
0x403100,0x1002b0000,R
0x403104,0x1002b1000,R
0x403100,0x1002b2000,R
0x403104,0x1002b3000,R
0x404100,0x10015c000,R
0x404104,0x10015c000,R
0x404108,0x10015c000,R
0x40410c,0x10015c000,R
0x400100,0x10003c000,W
0x400104,0x10003c000,W
0x400108,0x10003d000,W
0x400100,0x10003d000,W
0x400104,0x10003e000,W
0x400108,0x10003e000,R
0x401100,0x10007e000,R
0x401104,0x10007f000,R
0x401108,0x100080000,R
0x401100,0x100081000,R
0x401104,0x100082000,R
0x401108,0x100083000,R
0x402100,0x100111000,R
0x402104,0x100111000,R
0x402100,0x100111000,R
0x402104,0x100111000,R
0x403100,0x1002c8000,R
0x403104,0x1002c9000,R
0x403100,0x1002ca000,R
0x403104,0x1002cb000,R
0x404100,0x10015d000,R
0x404104,0x10015d000,R
0x404108,0x10015d000,R
0x40410c,0x10015d000,R
0x400100,0x100048000,W
0x400104,0x100048000,W
0x400108,0x100049000,W
0x400100,0x100049000,W
0x400104,0x10004a000,W
0x400108,0x10004a000,R
0x401100,0x100096000,R
0x401104,0x100097000,R
0x401108,0x100098000,R
0x401100,0x100099000,R
0x401104,0x10009a000,R
0x401108,0x10009b000,R
0x402100,0x100117000,R
0x402104,0x100117000,R
0x402100,0x100117000,R
0x402104,0x100117000,R
0x403100,0x1002e0000,R
0x403104,0x1002e1000,R
0x403100,0x1002e2000,R
0x403104,0x1002e3000,R
0x404100,0x10015e000,R
0x404104,0x10015e000,R
0x404108,0x10015e000,R
0x40410c,0x10015e000,R
0x400100,0x100054000,W
0x400104,0x100054000,W
0x400108,0x100055000,W
0x400100,0x100055000,W
0x400104,0x100056000,W
0x400108,0x100056000,R
0x401100,0x1000ae000,R
0x401104,0x1000af000,R
0x401108,0x1000b0000,R
0x401100,0x1000b1000,R
0x401104,0x1000b2000,R
0x401108,0x1000b3000,R
0x402100,0x10011d000,R
0x402104,0x10011d000,R
0x402100,0x10011d000,R
0x402104,0x10011d000,R
0x403100,0x1002f8000,R
0x403104,0x1002f9000,R
0x403100,0x1002fa000,R
0x403104,0x1002fb000,R
0x404100,0x10015f000,R
0x404104,0x10015f000,R
0x404108,0x10015f000,R
0x40410c,0x10015f000,R
0x400100,0x100000000,W
0x400104,0x100000000,W
0x400108,0x100001000,W
0x400100,0x100001000,W
0x400104,0x100002000,W
0x400108,0x100002000,R
0x401100,0x100066000,R
0x401104,0x100067000,R
0x401108,0x100068000,R
0x401100,0x100069000,R
0x401104,0x10006a000,R
0x401108,0x10006b000,R
0x402100,0x1000c3000,R
0x402104,0x1000c3000,R
0x402100,0x1000c3000,R
0x402104,0x1000c3000,R
0x403100,0x100310000,R
0x403104,0x100311000,R
0x403100,0x100312000,R
0x403104,0x100313000,R
0x404100,0x100160000,R
0x404104,0x100160000,R
0x404108,0x100160000,R
0x40410c,0x100160000,R
0x400100,0x10000c000,W
0x400104,0x10000c000,W
0x400108,0x10000d000,W
0x400100,0x10000d000,W
0x400104,0x10000e000,W
0x400108,0x10000e000,R
0x401100,0x10007e000,R
0x401104,0x10007f000,R
0x401108,0x100080000,R
0x401100,0x100081000,R
0x401104,0x100082000,R
0x401108,0x100083000,R
0x402100,0x1000c9000,R
0x402104,0x1000c9000,R
0x402100,0x1000c9000,R
0x402104,0x1000c9000,R
0x403100,0x100328000,R
0x403104,0x100329000,R
0x403100,0x10032a000,R
0x403104,0x10032b000,R
0x404100,0x100161000,R
0x404104,0x100161000,R
0x404108,0x100161000,R
0x40410c,0x100161000,R
0x400100,0x100018000,W
0x400104,0x100018000,W
0x400108,0x100019000,W
0x400100,0x100019000,W
0x400104,0x10001a000,W
0x400108,0x10001a000,R
0x401100,0x100096000,R
0x401104,0x100097000,R
0x401108,0x100098000,R
0x401100,0x100099000,R
0x401104,0x10009a000,R
0x401108,0x10009b000,R
0x402100,0x1000cf000,R
0x402104,0x1000cf000,R
0x402100,0x1000cf000,R
0x402104,0x1000cf000,R
0x403100,0x100340000,R
0x403104,0x100341000,R
0x403100,0x100342000,R
0x403104,0x100343000,R
0x404100,0x100162000,R
0x404104,0x100162000,R
0x404108,0x100162000,R
0x40410c,0x100162000,R
0x400100,0x100024000,W
0x400104,0x100024000,W
0x400108,0x100025000,W
0x400100,0x100025000,W
0x400104,0x100026000,W
0x400108,0x100026000,R
0x401100,0x1000ae000,R
0x401104,0x1000af000,R
0x401108,0x1000b0000,R
0x401100,0x1000b1000,R
0x401104,0x1000b2000,R
0x401108,0x1000b3000,R
0x402100,0x1000d5000,R
0x402104,0x1000d5000,R
0x402100,0x1000d5000,R
0x402104,0x1000d5000,R
0x403100,0x100358000,R
0x403104,0x100359000,R
0x403100,0x10035a000,R
0x403104,0x10035b000,R
0x404100,0x100163000,R
0x404104,0x100163000,R
0x404108,0x100163000,R
0x40410c,0x100163000,R
0x400100,0x100030000,W
0x400104,0x100030000,W
0x400108,0x100031000,W
0x400100,0x100031000,W
0x400104,0x100032000,W
0x400108,0x100032000,R
0x401100,0x100066000,R
0x401104,0x100067000,R
0x401108,0x100068000,R
0x401100,0x100069000,R
0x401104,0x10006a000,R
0x401108,0x10006b000,R
0x402100,0x1000db000,R
0x402104,0x1000db000,R
0x402100,0x1000db000,R
0x402104,0x1000db000,R
0x403100,0x100370000,R
0x403104,0x100371000,R
0x403100,0x100372000,R
0x403104,0x100373000,R
0x404100,0x100164000,R
0x404104,0x100164000,R
0x404108,0x100164000,R
0x40410c,0x100164000,R
0x400100,0x10003c000,W
0x400104,0x10003c000,W
0x400108,0x10003d000,W
0x400100,0x10003d000,W
0x400104,0x10003e000,W
0x400108,0x10003e000,R
0x401100,0x10007e000,R
0x401104,0x10007f000,R
0x401108,0x100080000,R
0x401100,0x100081000,R
0x401104,0x100082000,R
0x401108,0x100083000,R
0x402100,0x1000e1000,R
0x402104,0x1000e1000,R
0x402100,0x1000e1000,R
0x402104,0x1000e1000,R
0x403100,0x100388000,R
0x403104,0x100389000,R
0x403100,0x10038a000,R
0x403104,0x10038b000,R
0x404100,0x100165000,R
0x404104,0x100165000,R
0x404108,0x100165000,R
0x40410c,0x100165000,R
0x400100,0x100048000,W
0x400104,0x100048000,W
0x400108,0x100049000,W
0x400100,0x100049000,W
0x400104,0x10004a000,W
0x400108,0x10004a000,R
0x401100,0x100096000,R
0x401104,0x100097000,R
0x401108,0x100098000,R
0x401100,0x100099000,R
0x401104,0x10009a000,R
0x401108,0x10009b000,R
0x402100,0x1000e7000,R
0x402104,0x1000e7000,R
0x402100,0x1000e7000,R
0x402104,0x1000e7000,R
0x403100,0x1003a0000,R
0x403104,0x1003a1000,R
0x403100,0x1003a2000,R
0x403104,0x1003a3000,R
0x404100,0x100166000,R
0x404104,0x100166000,R
0x404108,0x100166000,R
0x40410c,0x100166000,R
0x400100,0x100054000,W
0x400104,0x100054000,W
0x400108,0x100055000,W
0x400100,0x100055000,W
0x400104,0x100056000,W
0x400108,0x100056000,R
0x401100,0x1000ae000,R
0x401104,0x1000af000,R
0x401108,0x1000b0000,R
0x401100,0x1000b1000,R
0x401104,0x1000b2000,R
0x401108,0x1000b3000,R
0x402100,0x1000ed000,R
0x402104,0x1000ed000,R
0x402100,0x1000ed000,R
0x402104,0x1000ed000,R
0x403100,0x1003b8000,R
0x403104,0x1003b9000,R
0x403100,0x1003ba000,R
0x403104,0x1003bb000,R
0x404100,0x100167000,R
0x404104,0x100167000,R
0x404108,0x100167000,R
0x40410c,0x100167000,R
0x400100,0x100000000,W
0x400104,0x100000000,W
0x400108,0x100001000,W
0x400100,0x100001000,W
0x400104,0x100002000,W
0x400108,0x100002000,R
0x401100,0x100066000,R
0x401104,0x100067000,R
0x401108,0x100068000,R
0x401100,0x100069000,R
0x401104,0x10006a000,R
0x401108,0x10006b000,R
0x402100,0x1000f3000,R
0x402104,0x1000f3000,R
0x402100,0x1000f3000,R
0x402104,0x1000f3000,R
0x403100,0x1003d0000,R
0x403104,0x1003d1000,R
0x403100,0x1003d2000,R
0x403104,0x1003d3000,R
0x404100,0x100168000,R
0x404104,0x100168000,R
0x404108,0x100168000,R
0x40410c,0x100168000,R
0x400100,0x10000c000,W
0x400104,0x10000c000,W
0x400108,0x10000d000,W
0x400100,0x10000d000,W
0x400104,0x10000e000,W
0x400108,0x10000e000,R
0x401100,0x10007e000,R
0x401104,0x10007f000,R
0x401108,0x100080000,R
0x401100,0x100081000,R
0x401104,0x100082000,R
0x401108,0x100083000,R
0x402100,0x1000f9000,R
0x402104,0x1000f9000,R
0x402100,0x1000f9000,R
0x402104,0x1000f9000,R
0x403100,0x1003e8000,R
0x403104,0x1003e9000,R
0x403100,0x1003ea000,R
0x403104,0x1003eb000,R
0x404100,0x100169000,R
0x404104,0x100169000,R
0x404108,0x100169000,R
0x40410c,0x100169000,R
0x400100,0x100018000,W
0x400104,0x100018000,W
0x400108,0x100019000,W
0x400100,0x100019000,W
0x400104,0x10001a000,W
0x400108,0x10001a000,R
0x401100,0x100096000,R
0x401104,0x100097000,R
0x401108,0x100098000,R
0x401100,0x100099000,R
0x401104,0x10009a000,R
0x401108,0x10009b000,R
0x402100,0x1000ff000,R
0x402104,0x1000ff000,R
0x402100,0x1000ff000,R
0x402104,0x1000ff000,R
0x403100,0x100400000,R
0x403104,0x100401000,R
0x403100,0x100402000,R
0x403104,0x100403000,R
0x404100,0x10016a000,R
0x404104,0x10016a000,R
0x404108,0x10016a000,R
0x40410c,0x10016a000,R
0x400100,0x100024000,W
0x400104,0x100024000,W
0x400108,0x100025000,W
0x400100,0x100025000,W
0x400104,0x100026000,W
0x400108,0x100026000,R
0x401100,0x1000ae000,R
0x401104,0x1000af000,R
0x401108,0x1000b0000,R
0x401100,0x1000b1000,R
0x401104,0x1000b2000,R
0x401108,0x1000b3000,R
0x402100,0x100105000,R
0x402104,0x100105000,R
0x402100,0x100105000,R
0x402104,0x100105000,R
0x403100,0x100418000,R
0x403104,0x100419000,R
0x403100,0x10041a000,R
0x403104,0x10041b000,R
0x404100,0x10016b000,R
0x404104,0x10016b000,R
0x404108,0x10016b000,R
0x40410c,0x10016b000,R
0x400100,0x100030000,W
0x400104,0x100030000,W
0x400108,0x100031000,W
0x400100,0x100031000,W
0x400104,0x100032000,W
0x400108,0x100032000,R
0x401100,0x100066000,R
0x401104,0x100067000,R
0x401108,0x100068000,R
0x401100,0x100069000,R
0x401104,0x10006a000,R
0x401108,0x10006b000,R
0x402100,0x10010b000,R
0x402104,0x10010b000,R
0x402100,0x10010b000,R
0x402104,0x10010b000,R
0x403100,0x100430000,R
0x403104,0x100431000,R
0x403100,0x100432000,R
0x403104,0x100433000,R
0x404100,0x10016c000,R
0x404104,0x10016c000,R
0x404108,0x10016c000,R
0x40410c,0x10016c000,R
0x400100,0x10003c000,W
0x400104,0x10003c000,W
0x400108,0x10003d000,W
0x400100,0x10003d000,W
0x400104,0x10003e000,W
0x400108,0x10003e000,R
0x401100,0x10007e000,R
0x401104,0x10007f000,R
0x401108,0x100080000,R
0x401100,0x100081000,R
0x401104,0x100082000,R
0x401108,0x100083000,R
0x402100,0x100111000,R
0x402104,0x100111000,R
0x402100,0x100111000,R
0x402104,0x100111000,R
0x403100,0x100448000,R
0x403104,0x100449000,R
0x403100,0x10044a000,R
0x403104,0x10044b000,R
0x404100,0x10016d000,R
0x404104,0x10016d000,R
0x404108,0x10016d000,R
0x40410c,0x10016d000,R
0x400100,0x100048000,W
0x400104,0x100048000,W
0x400108,0x100049000,W
0x400100,0x100049000,W
0x400104,0x10004a000,W
0x400108,0x10004a000,R
0x401100,0x100096000,R
0x401104,0x100097000,R
0x401108,0x100098000,R
0x401100,0x100099000,R
0x401104,0x10009a000,R
0x401108,0x10009b000,R
0x402100,0x100117000,R
0x402104,0x100117000,R
0x402100,0x100117000,R
0x402104,0x100117000,R
0x403100,0x100460000,R
0x403104,0x100461000,R
0x403100,0x100462000,R
0x403104,0x100463000,R
0x404100,0x10016e000,R
0x404104,0x10016e000,R
0x404108,0x10016e000,R
0x40410c,0x10016e000,R
0x400100,0x100054000,W
0x400104,0x100054000,W
0x400108,0x100055000,W
0x400100,0x100055000,W
0x400104,0x100056000,W
0x400108,0x100056000,R
0x401100,0x1000ae000,R
0x401104,0x1000af000,R
0x401108,0x1000b0000,R
0x401100,0x1000b1000,R
0x401104,0x1000b2000,R
0x401108,0x1000b3000,R
0x402100,0x10011d000,R
0x402104,0x10011d000,R
0x402100,0x10011d000,R
0x402104,0x10011d000,R
0x403100,0x100478000,R
0x403104,0x100479000,R
0x403100,0x10047a000,R
0x403104,0x10047b000,R
0x404100,0x10016f000,R
0x404104,0x10016f000,R
0x404108,0x10016f000,R
0x40410c,0x10016f000,R
0x400100,0x100000000,W
0x400104,0x100000000,W
0x400108,0x100001000,W
0x400100,0x100001000,W
0x400104,0x100002000,W
0x400108,0x100002000,R
0x401100,0x100066000,R
0x401104,0x100067000,R
0x401108,0x100068000,R
0x401100,0x100069000,R
0x401104,0x10006a000,R
0x401108,0x10006b000,R
0x402100,0x1000c3000,R
0x402104,0x1000c3000,R
0x402100,0x1000c3000,R
0x402104,0x1000c3000,R
0x403100,0x100490000,R
0x403104,0x100491000,R
0x403100,0x100492000,R
0x403104,0x100493000,R
0x404100,0x100170000,R
0x404104,0x100170000,R
0x404108,0x100170000,R
0x40410c,0x100170000,R
0x400100,0x10000c000,W
0x400104,0x10000c000,W
0x400108,0x10000d000,W
0x400100,0x10000d000,W
0x400104,0x10000e000,W
0x400108,0x10000e000,R
0x401100,0x10007e000,R
0x401104,0x10007f000,R
0x401108,0x100080000,R
0x401100,0x100081000,R
0x401104,0x100082000,R
0x401108,0x100083000,R
0x402100,0x1000c9000,R
0x402104,0x1000c9000,R
0x402100,0x1000c9000,R
0x402104,0x1000c9000,R
0x403100,0x1004a8000,R
0x403104,0x1004a9000,R
0x403100,0x1004aa000,R
0x403104,0x1004ab000,R
0x404100,0x100171000,R
0x404104,0x100171000,R
0x404108,0x100171000,R
0x40410c,0x100171000,R
0x400100,0x100018000,W
0x400104,0x100018000,W
0x400108,0x100019000,W
0x400100,0x100019000,W
0x400104,0x10001a000,W
0x400108,0x10001a000,R
0x401100,0x100096000,R
0x401104,0x100097000,R
0x401108,0x100098000,R
0x401100,0x100099000,R
0x401104,0x10009a000,R
0x401108,0x10009b000,R
0x402100,0x1000cf000,R
0x402104,0x1000cf000,R
0x402100,0x1000cf000,R
0x402104,0x1000cf000,R
0x403100,0x1004c0000,R
0x403104,0x1004c1000,R
0x403100,0x1004c2000,R
0x403104,0x1004c3000,R
0x404100,0x100172000,R
0x404104,0x100172000,R
0x404108,0x100172000,R
0x40410c,0x100172000,R
0x400100,0x100024000,W
0x400104,0x100024000,W
0x400108,0x100025000,W
0x400100,0x100025000,W
0x400104,0x100026000,W
0x400108,0x100026000,R
0x401100,0x1000ae000,R
0x401104,0x1000af000,R
0x401108,0x1000b0000,R
0x401100,0x1000b1000,R
0x401104,0x1000b2000,R
0x401108,0x1000b3000,R
0x402100,0x1000d5000,R
0x402104,0x1000d5000,R
0x402100,0x1000d5000,R
0x402104,0x1000d5000,R
0x403100,0x1004d8000,R
0x403104,0x1004d9000,R
0x403100,0x1004da000,R
0x403104,0x1004db000,R
0x404100,0x100173000,R
0x404104,0x100173000,R
0x404108,0x100173000,R
0x40410c,0x100173000,R
0x400100,0x100030000,W
0x400104,0x100030000,W
0x400108,0x100031000,W
0x400100,0x100031000,W
0x400104,0x100032000,W
0x400108,0x100032000,R
0x401100,0x100066000,R
0x401104,0x100067000,R
0x401108,0x100068000,R
0x401100,0x100069000,R
0x401104,0x10006a000,R
0x401108,0x10006b000,R
0x402100,0x1000db000,R
0x402104,0x1000db000,R
0x402100,0x1000db000,R
0x402104,0x1000db000,R
0x403100,0x1004f0000,R
0x403104,0x1004f1000,R
0x403100,0x1004f2000,R
0x403104,0x1004f3000,R
0x404100,0x100174000,R
0x404104,0x100174000,R
0x404108,0x100174000,R
0x40410c,0x100174000,R
0x400100,0x10003c000,W
0x400104,0x10003c000,W
0x400108,0x10003d000,W
0x400100,0x10003d000,W
0x400104,0x10003e000,W
0x400108,0x10003e000,R
0x401100,0x10007e000,R
0x401104,0x10007f000,R
0x401108,0x100080000,R
0x401100,0x100081000,R
0x401104,0x100082000,R
0x401108,0x100083000,R
0x402100,0x1000e1000,R
0x402104,0x1000e1000,R
0x402100,0x1000e1000,R
0x402104,0x1000e1000,R
0x403100,0x100508000,R
0x403104,0x100509000,R
0x403100,0x10050a000,R
0x403104,0x10050b000,R
0x404100,0x100175000,R
0x404104,0x100175000,R
0x404108,0x100175000,R
0x40410c,0x100175000,R
0x400100,0x100048000,W
0x400104,0x100048000,W
0x400108,0x100049000,W
0x400100,0x100049000,W
0x400104,0x10004a000,W
0x400108,0x10004a000,R
0x401100,0x100096000,R
0x401104,0x100097000,R
0x401108,0x100098000,R
0x401100,0x100099000,R
0x401104,0x10009a000,R
0x401108,0x10009b000,R
0x402100,0x1000e7000,R
0x402104,0x1000e7000,R
0x402100,0x1000e7000,R
0x402104,0x1000e7000,R
0x403100,0x100520000,R
0x403104,0x100521000,R
0x403100,0x100522000,R
0x403104,0x100523000,R
0x404100,0x100176000,R
0x404104,0x100176000,R
0x404108,0x100176000,R
0x40410c,0x100176000,R
0x400100,0x100054000,W
0x400104,0x100054000,W
0x400108,0x100055000,W
0x400100,0x100055000,W
0x400104,0x100056000,W
0x400108,0x100056000,R
0x401100,0x1000ae000,R
0x401104,0x1000af000,R
0x401108,0x1000b0000,R
0x401100,0x1000b1000,R
0x401104,0x1000b2000,R
0x401108,0x1000b3000,R
0x402100,0x1000ed000,R
0x402104,0x1000ed000,R
0x402100,0x1000ed000,R
0x402104,0x1000ed000,R
0x403100,0x100538000,R
0x403104,0x100539000,R
0x403100,0x10053a000,R
0x403104,0x10053b000,R
0x404100,0x100177000,R
0x404104,0x100177000,R
0x404108,0x100177000,R
0x40410c,0x100177000,R
0x400100,0x100000000,W
0x400104,0x100000000,W
0x400108,0x100001000,W
0x400100,0x100001000,W
0x400104,0x100002000,W
0x400108,0x100002000,R
0x401100,0x100066000,R
0x401104,0x100067000,R
0x401108,0x100068000,R
0x401100,0x100069000,R
0x401104,0x10006a000,R
0x401108,0x10006b000,R
0x402100,0x1000f3000,R
0x402104,0x1000f3000,R
0x402100,0x1000f3000,R
0x402104,0x1000f3000,R
0x403100,0x100550000,R
0x403104,0x100551000,R
0x403100,0x100552000,R
0x403104,0x100553000,R
0x404100,0x100178000,R
0x404104,0x100178000,R
0x404108,0x100178000,R
0x40410c,0x100178000,R
0x400100,0x10000c000,W
0x400104,0x10000c000,W
0x400108,0x10000d000,W
0x400100,0x10000d000,W
0x400104,0x10000e000,W
0x400108,0x10000e000,R
0x401100,0x10007e000,R
0x401104,0x10007f000,R
0x401108,0x100080000,R
0x401100,0x100081000,R
0x401104,0x100082000,R
0x401108,0x100083000,R
0x402100,0x1000f9000,R
0x402104,0x1000f9000,R
0x402100,0x1000f9000,R
0x402104,0x1000f9000,R
0x403100,0x100568000,R
0x403104,0x100569000,R
0x403100,0x10056a000,R
0x403104,0x10056b000,R
0x404100,0x100179000,R
0x404104,0x100179000,R
0x404108,0x100179000,R
0x40410c,0x100179000,R
0x400100,0x100018000,W
0x400104,0x100018000,W
0x400108,0x100019000,W
0x400100,0x100019000,W
0x400104,0x10001a000,W
0x400108,0x10001a000,R
0x401100,0x100096000,R
0x401104,0x100097000,R
0x401108,0x100098000,R
0x401100,0x100099000,R
0x401104,0x10009a000,R
0x401108,0x10009b000,R
0x402100,0x1000ff000,R
0x402104,0x1000ff000,R
0x402100,0x1000ff000,R
0x402104,0x1000ff000,R
0x403100,0x100580000,R
0x403104,0x100581000,R
0x403100,0x100582000,R
0x403104,0x100583000,R
0x404100,0x10017a000,R
0x404104,0x10017a000,R
0x404108,0x10017a000,R
0x40410c,0x10017a000,R
0x400100,0x100024000,W
0x400104,0x100024000,W
0x400108,0x100025000,W
0x400100,0x100025000,W
0x400104,0x100026000,W
0x400108,0x100026000,R
0x401100,0x1000ae000,R
0x401104,0x1000af000,R
0x401108,0x1000b0000,R
0x401100,0x1000b1000,R
0x401104,0x1000b2000,R
0x401108,0x1000b3000,R
0x402100,0x100105000,R
0x402104,0x100105000,R
0x402100,0x100105000,R
0x402104,0x100105000,R
0x403100,0x100598000,R
0x403104,0x100599000,R
0x403100,0x10059a000,R
0x403104,0x10059b000,R
0x404100,0x10017b000,R
0x404104,0x10017b000,R
0x404108,0x10017b000,R
0x40410c,0x10017b000,R
0x400100,0x100030000,W
0x400104,0x100030000,W
0x400108,0x100031000,W
0x400100,0x100031000,W
0x400104,0x100032000,W
0x400108,0x100032000,R
0x401100,0x100066000,R
0x401104,0x100067000,R
0x401108,0x100068000,R
0x401100,0x100069000,R
0x401104,0x10006a000,R
0x401108,0x10006b000,R
0x402100,0x10010b000,R
0x402104,0x10010b000,R
0x402100,0x10010b000,R
0x402104,0x10010b000,R
0x403100,0x1005b0000,R
0x403104,0x1005b1000,R
0x403100,0x1005b2000,R
0x403104,0x1005b3000,R
0x404100,0x10017c000,R
0x404104,0x10017c000,R
0x404108,0x10017c000,R
0x40410c,0x10017c000,R
0x400100,0x10003c000,W
0x400104,0x10003c000,W
0x400108,0x10003d000,W
0x400100,0x10003d000,W
0x400104,0x10003e000,W
0x400108,0x10003e000,R
0x401100,0x10007e000,R
0x401104,0x10007f000,R
0x401108,0x100080000,R
0x401100,0x100081000,R
0x401104,0x100082000,R
0x401108,0x100083000,R
0x402100,0x100111000,R
0x402104,0x100111000,R
0x402100,0x100111000,R
0x402104,0x100111000,R
0x403100,0x1005c8000,R
0x403104,0x1005c9000,R
0x403100,0x1005ca000,R
0x403104,0x1005cb000,R
0x404100,0x10017d000,R
0x404104,0x10017d000,R
0x404108,0x10017d000,R
0x40410c,0x10017d000,R
0x400100,0x100048000,W
0x400104,0x100048000,W
0x400108,0x100049000,W
0x400100,0x100049000,W
0x400104,0x10004a000,W
0x400108,0x10004a000,R
0x401100,0x100096000,R
0x401104,0x100097000,R
0x401108,0x100098000,R
0x401100,0x100099000,R
0x401104,0x10009a000,R
0x401108,0x10009b000,R
0x402100,0x100117000,R
0x402104,0x100117000,R
0x402100,0x100117000,R
0x402104,0x100117000,R
0x403100,0x1005e0000,R
0x403104,0x1005e1000,R
0x403100,0x1005e2000,R
0x403104,0x1005e3000,R
0x404100,0x10017e000,R
0x404104,0x10017e000,R
0x404108,0x10017e000,R
0x40410c,0x10017e000,R
0x400100,0x100054000,W
0x400104,0x100054000,W
0x400108,0x100055000,W
0x400100,0x100055000,W
0x400104,0x100056000,W
0x400108,0x100056000,R
0x401100,0x1000ae000,R
0x401104,0x1000af000,R
0x401108,0x1000b0000,R
0x401100,0x1000b1000,R
0x401104,0x1000b2000,R
0x401108,0x1000b3000,R
0x402100,0x10011d000,R
0x402104,0x10011d000,R
0x402100,0x10011d000,R
0x402104,0x10011d000,R
0x403100,0x1005f8000,R
0x403104,0x1005f9000,R
0x403100,0x1005fa000,R
0x403104,0x1005fb000,R
0x404100,0x10017f000,R
0x404104,0x10017f000,R
0x404108,0x10017f000,R
0x40410c,0x10017f000,R
0x400100,0x100000000,W
0x400104,0x100000000,W
0x400108,0x100001000,W
0x400100,0x100001000,W
0x400104,0x100002000,W
0x400108,0x100002000,R
0x401100,0x100066000,R
0x401104,0x100067000,R
0x401108,0x100068000,R
0x401100,0x100069000,R
0x401104,0x10006a000,R
0x401108,0x10006b000,R
0x402100,0x1000c3000,R
0x402104,0x1000c3000,R
0x402100,0x1000c3000,R
0x402104,0x1000c3000,R
0x403100,0x100190000,R
0x403104,0x100191000,R
0x403100,0x100192000,R
0x403104,0x100193000,R
0x404100,0x100120000,R
0x404104,0x100120000,R
0x404108,0x100120000,R
0x40410c,0x100120000,R
0x400100,0x10000c000,W
0x400104,0x10000c000,W
0x400108,0x10000d000,W
0x400100,0x10000d000,W
0x400104,0x10000e000,W
0x400108,0x10000e000,R
0x401100,0x10007e000,R
0x401104,0x10007f000,R
0x401108,0x100080000,R
0x401100,0x100081000,R
0x401104,0x100082000,R
0x401108,0x100083000,R
0x402100,0x1000c9000,R
0x402104,0x1000c9000,R
0x402100,0x1000c9000,R
0x402104,0x1000c9000,R
0x403100,0x1001a8000,R
0x403104,0x1001a9000,R
0x403100,0x1001aa000,R
0x403104,0x1001ab000,R
0x404100,0x100121000,R
0x404104,0x100121000,R
0x404108,0x100121000,R
0x40410c,0x100121000,R
0x400100,0x100018000,W
0x400104,0x100018000,W
0x400108,0x100019000,W
0x400100,0x100019000,W
0x400104,0x10001a000,W
0x400108,0x10001a000,R
0x401100,0x100096000,R
0x401104,0x100097000,R
0x401108,0x100098000,R
0x401100,0x100099000,R
0x401104,0x10009a000,R
0x401108,0x10009b000,R
0x402100,0x1000cf000,R
0x402104,0x1000cf000,R
0x402100,0x1000cf000,R
0x402104,0x1000cf000,R
0x403100,0x1001c0000,R
0x403104,0x1001c1000,R
0x403100,0x1001c2000,R
0x403104,0x1001c3000,R
0x404100,0x100122000,R
0x404104,0x100122000,R
0x404108,0x100122000,R
0x40410c,0x100122000,R
0x400100,0x100024000,W
0x400104,0x100024000,W
0x400108,0x100025000,W
0x400100,0x100025000,W
0x400104,0x100026000,W
0x400108,0x100026000,R
0x401100,0x1000ae000,R
0x401104,0x1000af000,R
0x401108,0x1000b0000,R
0x401100,0x1000b1000,R
0x401104,0x1000b2000,R
0x401108,0x1000b3000,R
0x402100,0x1000d5000,R
0x402104,0x1000d5000,R
0x402100,0x1000d5000,R
0x402104,0x1000d5000,R
0x403100,0x1001d8000,R
0x403104,0x1001d9000,R
0x403100,0x1001da000,R
0x403104,0x1001db000,R
0x404100,0x100123000,R
0x404104,0x100123000,R
0x404108,0x100123000,R
0x40410c,0x100123000,R
0x400100,0x100030000,W
0x400104,0x100030000,W
0x400108,0x100031000,W
0x400100,0x100031000,W
0x400104,0x100032000,W
0x400108,0x100032000,R
0x401100,0x100066000,R
0x401104,0x100067000,R
0x401108,0x100068000,R
0x401100,0x100069000,R
0x401104,0x10006a000,R
0x401108,0x10006b000,R
0x402100,0x1000db000,R
0x402104,0x1000db000,R
0x402100,0x1000db000,R
0x402104,0x1000db000,R
0x403100,0x1001f0000,R
0x403104,0x1001f1000,R
0x403100,0x1001f2000,R
0x403104,0x1001f3000,R
0x404100,0x100124000,R
0x404104,0x100124000,R
0x404108,0x100124000,R
0x40410c,0x100124000,R
0x400100,0x10003c000,W
0x400104,0x10003c000,W
0x400108,0x10003d000,W
0x400100,0x10003d000,W
0x400104,0x10003e000,W
0x400108,0x10003e000,R
0x401100,0x10007e000,R
0x401104,0x10007f000,R
0x401108,0x100080000,R
0x401100,0x100081000,R
0x401104,0x100082000,R
0x401108,0x100083000,R
0x402100,0x1000e1000,R
0x402104,0x1000e1000,R
0x402100,0x1000e1000,R
0x402104,0x1000e1000,R
0x403100,0x100208000,R
0x403104,0x100209000,R
0x403100,0x10020a000,R
0x403104,0x10020b000,R
0x404100,0x100125000,R
0x404104,0x100125000,R
0x404108,0x100125000,R
0x40410c,0x100125000,R
0x400100,0x100048000,W
0x400104,0x100048000,W
0x400108,0x100049000,W
0x400100,0x100049000,W
0x400104,0x10004a000,W
0x400108,0x10004a000,R
0x401100,0x100096000,R
0x401104,0x100097000,R
0x401108,0x100098000,R
0x401100,0x100099000,R
0x401104,0x10009a000,R
0x401108,0x10009b000,R
0x402100,0x1000e7000,R
0x402104,0x1000e7000,R
0x402100,0x1000e7000,R
0x402104,0x1000e7000,R
0x403100,0x100220000,R
0x403104,0x100221000,R
0x403100,0x100222000,R
0x403104,0x100223000,R
0x404100,0x100126000,R
0x404104,0x100126000,R
0x404108,0x100126000,R
0x40410c,0x100126000,R
0x400100,0x100054000,W
0x400104,0x100054000,W
0x400108,0x100055000,W
0x400100,0x100055000,W
0x400104,0x100056000,W
0x400108,0x100056000,R
0x401100,0x1000ae000,R
0x401104,0x1000af000,R
0x401108,0x1000b0000,R
0x401100,0x1000b1000,R
0x401104,0x1000b2000,R
0x401108,0x1000b3000,R
0x402100,0x1000ed000,R
0x402104,0x1000ed000,R
0x402100,0x1000ed000,R
0x402104,0x1000ed000,R
0x403100,0x100238000,R
0x403104,0x100239000,R
0x403100,0x10023a000,R
0x403104,0x10023b000,R
0x404100,0x100127000,R
0x404104,0x100127000,R
0x404108,0x100127000,R
0x40410c,0x100127000,R
0x400100,0x100000000,W
0x400104,0x100000000,W
0x400108,0x100001000,W
0x400100,0x100001000,W
0x400104,0x100063000,W
0x400108,0x100063000,R
0x401100,0x100009000,R
0x401104,0x10000a000,R
0x401108,0x10000b000,R
0x401100,0x10000c000,R
0x401104,0x10000d000,R
0x401108,0x10000e000,R
0x402100,0x1000f8000,R
0x402104,0x1000f8000,R
0x402100,0x1000f8000,R
0x402104,0x1000f8000,R
0x403100,0x1002b1000,R
0x403104,0x1002b2000,R
0x403100,0x1002b3000,R
0x403104,0x1002b4000,R
0x404100,0x10012f000,R
0x404104,0x10012f000,R
0x404108,0x10012f000,R
0x40410c,0x10012f000,R
0x400100,0x10006d000,W
0x400104,0x10006d000,W
0x400108,0x10006e000,W
0x400100,0x10006e000,W
0x400104,0x10006f000,W
0x400108,0x10006f000,R
0x401100,0x100021000,R
0x401104,0x100022000,R
0x401108,0x100023000,R
0x401100,0x100024000,R
0x401104,0x100025000,R
0x401108,0x100026000,R
0x402100,0x1000fe000,R
0x402104,0x1000fe000,R
0x402100,0x1000fe000,R
0x402104,0x1000fe000,R
0x403100,0x1002c9000,R
0x403104,0x1002ca000,R
0x403100,0x1002cb000,R
0x403104,0x1002cc000,R
0x404100,0x100130000,R
0x404104,0x100130000,R
0x404108,0x100130000,R
0x40410c,0x100130000,R
0x400100,0x100079000,W
0x400104,0x100079000,W
0x400108,0x10007a000,W
0x400100,0x10007a000,W
0x400104,0x10007b000,W
0x400108,0x10007b000,R
0x401100,0x100039000,R
0x401104,0x10003a000,R
0x401108,0x10003b000,R
0x401100,0x10003c000,R
0x401104,0x10003d000,R
0x401108,0x10003e000,R
0x402100,0x100104000,R
0x402104,0x100104000,R
0x402100,0x100104000,R
0x402104,0x100104000,R
0x403100,0x1002e1000,R
0x403104,0x1002e2000,R
0x403100,0x1002e3000,R
0x403104,0x1002e4000,R
0x404100,0x100131000,R
0x404104,0x100131000,R
0x404108,0x100131000,R
0x40410c,0x100131000,R
0x400100,0x100085000,W
0x400104,0x100085000,W
0x400108,0x100086000,W
0x400100,0x100086000,W
0x400104,0x100087000,W
0x400108,0x100087000,R
0x401100,0x100051000,R
0x401104,0x100052000,R
0x401108,0x100053000,R
0x401100,0x100054000,R
0x401104,0x100055000,R
0x401108,0x100056000,R
0x402100,0x10010a000,R
0x402104,0x10010a000,R
0x402100,0x10010a000,R
0x402104,0x10010a000,R
0x403100,0x1002f9000,R
0x403104,0x1002fa000,R
0x403100,0x1002fb000,R
0x403104,0x1002fc000,R
0x404100,0x100132000,R
0x404104,0x100132000,R
0x404108,0x100132000,R
0x40410c,0x100132000,R
0x400100,0x100091000,W
0x400104,0x100091000,W
0x400108,0x100092000,W
0x400100,0x100092000,W
0x400104,0x100093000,W
0x400108,0x100093000,R
0x401100,0x100009000,R
0x401104,0x10000a000,R
0x401108,0x10000b000,R
0x401100,0x10000c000,R
0x401104,0x10000d000,R
0x401108,0x10000e000,R
0x402100,0x100110000,R
0x402104,0x100110000,R
0x402100,0x100110000,R
0x402104,0x100110000,R
0x403100,0x100311000,R
0x403104,0x100312000,R
0x403100,0x100313000,R
0x403104,0x100314000,R
0x404100,0x100133000,R
0x404104,0x100133000,R
0x404108,0x100133000,R
0x40410c,0x100133000,R
0x400100,0x10009d000,W
0x400104,0x10009d000,W
0x400108,0x10009e000,W
0x400100,0x10009e000,W
0x400104,0x10009f000,W
0x400108,0x10009f000,R
0x401100,0x100021000,R
0x401104,0x100022000,R
0x401108,0x100023000,R
0x401100,0x100024000,R
0x401104,0x100025000,R
0x401108,0x100026000,R
0x402100,0x100116000,R
0x402104,0x100116000,R
0x402100,0x100116000,R
0x402104,0x100116000,R
0x403100,0x100329000,R
0x403104,0x10032a000,R
0x403100,0x10032b000,R
0x403104,0x10032c000,R
0x404100,0x100134000,R
0x404104,0x100134000,R
0x404108,0x100134000,R
0x40410c,0x100134000,R
0x400100,0x1000a9000,W
0x400104,0x1000a9000,W
0x400108,0x1000aa000,W
0x400100,0x1000aa000,W
0x400104,0x1000ab000,W
0x400108,0x1000ab000,R
0x401100,0x100039000,R
0x401104,0x10003a000,R
0x401108,0x10003b000,R
0x401100,0x10003c000,R
0x401104,0x10003d000,R
0x401108,0x10003e000,R
0x402100,0x10011c000,R
0x402104,0x10011c000,R
0x402100,0x10011c000,R
0x402104,0x10011c000,R
0x403100,0x100341000,R
0x403104,0x100342000,R
0x403100,0x100343000,R
0x403104,0x100344000,R
0x404100,0x100135000,R
0x404104,0x100135000,R
0x404108,0x100135000,R
0x40410c,0x100135000,R
0x400100,0x1000b5000,W
0x400104,0x1000b5000,W
0x400108,0x1000b6000,W
0x400100,0x1000b6000,W
0x400104,0x1000b7000,W
0x400108,0x1000b7000,R
0x401100,0x100051000,R
0x401104,0x100052000,R
0x401108,0x100053000,R
0x401100,0x100054000,R
0x401104,0x100055000,R
0x401108,0x100056000,R
0x402100,0x1000c2000,R
0x402104,0x1000c2000,R
0x402100,0x1000c2000,R
0x402104,0x1000c2000,R
0x403100,0x100359000,R
0x403104,0x10035a000,R
0x403100,0x10035b000,R
0x403104,0x10035c000,R
0x404100,0x100136000,R
0x404104,0x100136000,R
0x404108,0x100136000,R
0x40410c,0x100136000,R
0x400100,0x100061000,W
0x400104,0x100061000,W
0x400108,0x100062000,W
0x400100,0x100062000,W
0x400104,0x100063000,W
0x400108,0x100063000,R
0x401100,0x100009000,R
0x401104,0x10000a000,R
0x401108,0x10000b000,R
0x401100,0x10000c000,R
0x401104,0x10000d000,R
0x401108,0x10000e000,R
0x402100,0x1000c8000,R
0x402104,0x1000c8000,R
0x402100,0x1000c8000,R
0x402104,0x1000c8000,R
0x403100,0x100371000,R
0x403104,0x100372000,R
0x403100,0x100373000,R
0x403104,0x100374000,R
0x404100,0x100137000,R
0x404104,0x100137000,R
0x404108,0x100137000,R
0x40410c,0x100137000,R
0x400100,0x10006d000,W
0x400104,0x10006d000,W
0x400108,0x10006e000,W
0x400100,0x10006e000,W
0x400104,0x10006f000,W
0x400108,0x10006f000,R
0x401100,0x100021000,R
0x401104,0x100022000,R
0x401108,0x100023000,R
0x401100,0x100024000,R
0x401104,0x100025000,R
0x401108,0x100026000,R
0x402100,0x1000ce000,R
0x402104,0x1000ce000,R
0x402100,0x1000ce000,R
0x402104,0x1000ce000,R
0x403100,0x100389000,R
0x403104,0x10038a000,R
0x403100,0x10038b000,R
0x403104,0x10038c000,R
0x404100,0x100138000,R
0x404104,0x100138000,R
0x404108,0x100138000,R
0x40410c,0x100138000,R
0x400100,0x100079000,W
0x400104,0x100079000,W
0x400108,0x10007a000,W
0x400100,0x10007a000,W
0x400104,0x10007b000,W
0x400108,0x10007b000,R
0x401100,0x100039000,R
0x401104,0x10003a000,R
0x401108,0x10003b000,R
0x401100,0x10003c000,R
0x401104,0x10003d000,R
0x401108,0x10003e000,R
0x402100,0x1000d4000,R
0x402104,0x1000d4000,R
0x402100,0x1000d4000,R
0x402104,0x1000d4000,R
0x403100,0x1003a1000,R
0x403104,0x1003a2000,R
0x403100,0x1003a3000,R
0x403104,0x1003a4000,R
0x404100,0x100139000,R
0x404104,0x100139000,R
0x404108,0x100139000,R
0x40410c,0x100139000,R
0x400100,0x100085000,W
0x400104,0x100085000,W
0x400108,0x100086000,W
0x400100,0x100086000,W
0x400104,0x100087000,W
0x400108,0x100087000,R
0x401100,0x100051000,R
0x401104,0x100052000,R
0x401108,0x100053000,R
0x401100,0x100054000,R
0x401104,0x100055000,R
0x401108,0x100056000,R
0x402100,0x1000da000,R
0x402104,0x1000da000,R
0x402100,0x1000da000,R
0x402104,0x1000da000,R
0x403100,0x1003b9000,R
0x403104,0x1003ba000,R
0x403100,0x1003bb000,R
0x403104,0x1003bc000,R
0x404100,0x10013a000,R
0x404104,0x10013a000,R
0x404108,0x10013a000,R
0x40410c,0x10013a000,R
0x400100,0x100091000,W
0x400104,0x100091000,W
0x400108,0x100092000,W
0x400100,0x100092000,W
0x400104,0x100093000,W
0x400108,0x100093000,R
0x401100,0x100009000,R
0x401104,0x10000a000,R
0x401108,0x10000b000,R
0x401100,0x10000c000,R
0x401104,0x10000d000,R
0x401108,0x10000e000,R
0x402100,0x1000e0000,R
0x402104,0x1000e0000,R
0x402100,0x1000e0000,R
0x402104,0x1000e0000,R
0x403100,0x1003d1000,R
0x403104,0x1003d2000,R
0x403100,0x1003d3000,R
0x403104,0x1003d4000,R
0x404100,0x10013b000,R
0x404104,0x10013b000,R
0x404108,0x10013b000,R
0x40410c,0x10013b000,R
0x400100,0x10009d000,W
0x400104,0x10009d000,W
0x400108,0x10009e000,W
0x400100,0x10009e000,W
0x400104,0x10009f000,W
0x400108,0x10009f000,R
0x401100,0x100021000,R
0x401104,0x100022000,R
0x401108,0x100023000,R
0x401100,0x100024000,R
0x401104,0x100025000,R
0x401108,0x100026000,R
0x402100,0x1000e6000,R
0x402104,0x1000e6000,R
0x402100,0x1000e6000,R
0x402104,0x1000e6000,R
0x403100,0x1003e9000,R
0x403104,0x1003ea000,R
0x403100,0x1003eb000,R
0x403104,0x1003ec000,R
0x404100,0x10013c000,R
0x404104,0x10013c000,R
0x404108,0x10013c000,R
0x40410c,0x10013c000,R
0x400100,0x1000a9000,W
0x400104,0x1000a9000,W
0x400108,0x1000aa000,W
0x400100,0x1000aa000,W
0x400104,0x1000ab000,W
0x400108,0x1000ab000,R
0x401100,0x100039000,R
0x401104,0x10003a000,R
0x401108,0x10003b000,R
0x401100,0x10003c000,R
0x401104,0x10003d000,R
0x401108,0x10003e000,R
0x402100,0x1000ec000,R
0x402104,0x1000ec000,R
0x402100,0x1000ec000,R
0x402104,0x1000ec000,R
0x403100,0x100401000,R
0x403104,0x100402000,R
0x403100,0x100403000,R
0x403104,0x100404000,R
0x404100,0x10013d000,R
0x404104,0x10013d000,R
0x404108,0x10013d000,R
0x40410c,0x10013d000,R
0x400100,0x1000b5000,W
0x400104,0x1000b5000,W
0x400108,0x1000b6000,W
0x400100,0x1000b6000,W
0x400104,0x1000b7000,W
0x400108,0x1000b7000,R
0x401100,0x100051000,R
0x401104,0x100052000,R
0x401108,0x100053000,R
0x401100,0x100054000,R
0x401104,0x100055000,R
0x401108,0x100056000,R
0x402100,0x1000f2000,R
0x402104,0x1000f2000,R
0x402100,0x1000f2000,R
0x402104,0x1000f2000,R
0x403100,0x100419000,R
0x403104,0x10041a000,R
0x403100,0x10041b000,R
0x403104,0x10041c000,R
0x404100,0x10013e000,R
0x404104,0x10013e000,R
0x404108,0x10013e000,R
0x40410c,0x10013e000,R
0x400100,0x100061000,W
0x400104,0x100061000,W
0x400108,0x100062000,W
0x400100,0x100062000,W
0x400104,0x100063000,W
0x400108,0x100063000,R
0x401100,0x100009000,R
0x401104,0x10000a000,R
0x401108,0x10000b000,R
0x401100,0x10000c000,R
0x401104,0x10000d000,R
0x401108,0x10000e000,R
0x402100,0x1000f8000,R
0x402104,0x1000f8000,R
0x402100,0x1000f8000,R
0x402104,0x1000f8000,R
0x403100,0x100431000,R
0x403104,0x100432000,R
0x403100,0x100433000,R
0x403104,0x100434000,R
0x404100,0x10013f000,R
0x404104,0x10013f000,R
0x404108,0x10013f000,R
0x40410c,0x10013f000,R
0x400100,0x10006d000,W
0x400104,0x10006d000,W
0x400108,0x10006e000,W
0x400100,0x10006e000,W
0x400104,0x10006f000,W
0x400108,0x10006f000,R
0x401100,0x100021000,R
0x401104,0x100022000,R
0x401108,0x100023000,R
0x401100,0x100024000,R
0x401104,0x100025000,R
0x401108,0x100026000,R
0x402100,0x1000fe000,R
0x402104,0x1000fe000,R
0x402100,0x1000fe000,R
0x402104,0x1000fe000,R
0x403100,0x100449000,R
0x403104,0x10044a000,R
0x403100,0x10044b000,R
0x403104,0x10044c000,R
0x404100,0x100140000,R
0x404104,0x100140000,R
0x404108,0x100140000,R
0x40410c,0x100140000,R
0x400100,0x100079000,W
0x400104,0x100079000,W
0x400108,0x10007a000,W
0x400100,0x10007a000,W
0x400104,0x10007b000,W
0x400108,0x10007b000,R
0x401100,0x100039000,R
0x401104,0x10003a000,R
0x401108,0x10003b000,R
0x401100,0x10003c000,R
0x401104,0x10003d000,R
0x401108,0x10003e000,R
0x402100,0x100104000,R
0x402104,0x100104000,R
0x402100,0x100104000,R
0x402104,0x100104000,R
0x403100,0x100461000,R
0x403104,0x100462000,R
0x403100,0x100463000,R
0x403104,0x100464000,R
0x404100,0x100141000,R
0x404104,0x100141000,R
0x404108,0x100141000,R
0x40410c,0x100141000,R
0x400100,0x100085000,W
0x400104,0x100085000,W
0x400108,0x100086000,W
0x400100,0x100086000,W
0x400104,0x100087000,W
0x400108,0x100087000,R
0x401100,0x100051000,R
0x401104,0x100052000,R
0x401108,0x100053000,R
0x401100,0x100054000,R
0x401104,0x100055000,R
0x401108,0x100056000,R
0x402100,0x10010a000,R
0x402104,0x10010a000,R
0x402100,0x10010a000,R
0x402104,0x10010a000,R
0x403100,0x100479000,R
0x403104,0x10047a000,R
0x403100,0x10047b000,R
0x403104,0x10047c000,R
0x404100,0x100142000,R
0x404104,0x100142000,R
0x404108,0x100142000,R
0x40410c,0x100142000,R
0x400100,0x100091000,W
0x400104,0x100091000,W
0x400108,0x100092000,W
0x400100,0x100092000,W
0x400104,0x100093000,W
0x400108,0x100093000,R
0x401100,0x100009000,R
0x401104,0x10000a000,R
0x401108,0x10000b000,R
0x401100,0x10000c000,R
0x401104,0x10000d000,R
0x401108,0x10000e000,R
0x402100,0x100110000,R
0x402104,0x100110000,R
0x402100,0x100110000,R
0x402104,0x100110000,R
0x403100,0x100491000,R
0x403104,0x100492000,R
0x403100,0x100493000,R
0x403104,0x100494000,R
0x404100,0x100143000,R
0x404104,0x100143000,R
0x404108,0x100143000,R
0x40410c,0x100143000,R
0x400100,0x10009d000,W
0x400104,0x10009d000,W
0x400108,0x10009e000,W
0x400100,0x10009e000,W
0x400104,0x10009f000,W
0x400108,0x10009f000,R
0x401100,0x100021000,R
0x401104,0x100022000,R
0x401108,0x100023000,R
0x401100,0x100024000,R
0x401104,0x100025000,R
0x401108,0x100026000,R
0x402100,0x100116000,R
0x402104,0x100116000,R
0x402100,0x100116000,R
0x402104,0x100116000,R
0x403100,0x1004a9000,R
0x403104,0x1004aa000,R
0x403100,0x1004ab000,R
0x403104,0x1004ac000,R
0x404100,0x100144000,R
0x404104,0x100144000,R
0x404108,0x100144000,R
0x40410c,0x100144000,R
0x400100,0x1000a9000,W
0x400104,0x1000a9000,W
0x400108,0x1000aa000,W
0x400100,0x1000aa000,W
0x400104,0x1000ab000,W
0x400108,0x1000ab000,R
0x401100,0x100039000,R
0x401104,0x10003a000,R
0x401108,0x10003b000,R
0x401100,0x10003c000,R
0x401104,0x10003d000,R
0x401108,0x10003e000,R
0x402100,0x10011c000,R
0x402104,0x10011c000,R
0x402100,0x10011c000,R
0x402104,0x10011c000,R
0x403100,0x1004c1000,R
0x403104,0x1004c2000,R
0x403100,0x1004c3000,R
0x403104,0x1004c4000,R
0x404100,0x100145000,R
0x404104,0x100145000,R
0x404108,0x100145000,R
0x40410c,0x100145000,R
0x400100,0x1000b5000,W
0x400104,0x1000b5000,W
0x400108,0x1000b6000,W
0x400100,0x1000b6000,W
0x400104,0x1000b7000,W
0x400108,0x1000b7000,R
0x401100,0x100051000,R
0x401104,0x100052000,R
0x401108,0x100053000,R
0x401100,0x100054000,R
0x401104,0x100055000,R
0x401108,0x100056000,R
0x402100,0x1000c2000,R
0x402104,0x1000c2000,R
0x402100,0x1000c2000,R
0x402104,0x1000c2000,R
0x403100,0x1004d9000,R
0x403104,0x1004da000,R
0x403100,0x1004db000,R
0x403104,0x1004dc000,R
0x404100,0x100146000,R
0x404104,0x100146000,R
0x404108,0x100146000,R
0x40410c,0x100146000,R
0x400100,0x100061000,W
0x400104,0x100061000,W
0x400108,0x100062000,W
0x400100,0x100062000,W
0x400104,0x100063000,W
0x400108,0x100063000,R
0x401100,0x100009000,R
0x401104,0x10000a000,R
0x401108,0x10000b000,R
0x401100,0x10000c000,R
0x401104,0x10000d000,R
0x401108,0x10000e000,R
0x402100,0x1000c8000,R
0x402104,0x1000c8000,R
0x402100,0x1000c8000,R
0x402104,0x1000c8000,R
0x403100,0x1004f1000,R
0x403104,0x1004f2000,R
0x403100,0x1004f3000,R
0x403104,0x1004f4000,R
0x404100,0x100147000,R
0x404104,0x100147000,R
0x404108,0x100147000,R
0x40410c,0x100147000,R
0x400100,0x10006d000,W
0x400104,0x10006d000,W
0x400108,0x10006e000,W
0x400100,0x10006e000,W
0x400104,0x10006f000,W
0x400108,0x10006f000,R
0x401100,0x100021000,R
0x401104,0x100022000,R
0x401108,0x100023000,R
0x401100,0x100024000,R
0x401104,0x100025000,R
0x401108,0x100026000,R
0x402100,0x1000ce000,R
0x402104,0x1000ce000,R
0x402100,0x1000ce000,R
0x402104,0x1000ce000,R
0x403100,0x100509000,R
0x403104,0x10050a000,R
0x403100,0x10050b000,R
0x403104,0x10050c000,R
0x404100,0x100148000,R
0x404104,0x100148000,R
0x404108,0x100148000,R
0x40410c,0x100148000,R
0x400100,0x100079000,W
0x400104,0x100079000,W
0x400108,0x10007a000,W
0x400100,0x10007a000,W
0x400104,0x10007b000,W
0x400108,0x10007b000,R
0x401100,0x100039000,R
0x401104,0x10003a000,R
0x401108,0x10003b000,R
0x401100,0x10003c000,R
0x401104,0x10003d000,R
0x401108,0x10003e000,R
0x402100,0x1000d4000,R
0x402104,0x1000d4000,R
0x402100,0x1000d4000,R
0x402104,0x1000d4000,R
0x403100,0x100521000,R
0x403104,0x100522000,R
0x403100,0x100523000,R
0x403104,0x100524000,R
0x404100,0x100149000,R
0x404104,0x100149000,R
0x404108,0x100149000,R
0x40410c,0x100149000,R
0x400100,0x100085000,W
0x400104,0x100085000,W
0x400108,0x100086000,W
0x400100,0x100086000,W
0x400104,0x100087000,W
0x400108,0x100087000,R
0x401100,0x100051000,R
0x401104,0x100052000,R
0x401108,0x100053000,R
0x401100,0x100054000,R
0x401104,0x100055000,R
0x401108,0x100056000,R
0x402100,0x1000da000,R
0x402104,0x1000da000,R
0x402100,0x1000da000,R
0x402104,0x1000da000,R
0x403100,0x100539000,R
0x403104,0x10053a000,R
0x403100,0x10053b000,R
0x403104,0x10053c000,R
0x404100,0x10014a000,R
0x404104,0x10014a000,R
0x404108,0x10014a000,R
0x40410c,0x10014a000,R
0x400100,0x100091000,W
0x400104,0x100091000,W
0x400108,0x100092000,W
0x400100,0x100092000,W
0x400104,0x100093000,W
0x400108,0x100093000,R
0x401100,0x100009000,R
0x401104,0x10000a000,R
0x401108,0x10000b000,R
0x401100,0x10000c000,R
0x401104,0x10000d000,R
0x401108,0x10000e000,R
0x402100,0x1000e0000,R
0x402104,0x1000e0000,R
0x402100,0x1000e0000,R
0x402104,0x1000e0000,R
0x403100,0x100551000,R
0x403104,0x100552000,R
0x403100,0x100553000,R
0x403104,0x100554000,R
0x404100,0x10014b000,R
0x404104,0x10014b000,R
0x404108,0x10014b000,R
0x40410c,0x10014b000,R
0x400100,0x10009d000,W
0x400104,0x10009d000,W
0x400108,0x10009e000,W
0x400100,0x10009e000,W
0x400104,0x10009f000,W
0x400108,0x10009f000,R
0x401100,0x100021000,R
0x401104,0x100022000,R
0x401108,0x100023000,R
0x401100,0x100024000,R
0x401104,0x100025000,R
0x401108,0x100026000,R
0x402100,0x1000e6000,R
0x402104,0x1000e6000,R
0x402100,0x1000e6000,R
0x402104,0x1000e6000,R
0x403100,0x100569000,R
0x403104,0x10056a000,R
0x403100,0x10056b000,R
0x403104,0x10056c000,R
0x404100,0x10014c000,R
0x404104,0x10014c000,R
0x404108,0x10014c000,R
0x40410c,0x10014c000,R
0x400100,0x1000a9000,W
0x400104,0x1000a9000,W
0x400108,0x1000aa000,W
0x400100,0x1000aa000,W
0x400104,0x1000ab000,W
0x400108,0x1000ab000,R
0x401100,0x100039000,R
0x401104,0x10003a000,R
0x401108,0x10003b000,R
0x401100,0x10003c000,R
0x401104,0x10003d000,R
0x401108,0x10003e000,R
0x402100,0x1000ec000,R
0x402104,0x1000ec000,R
0x402100,0x1000ec000,R
0x402104,0x1000ec000,R
0x403100,0x100581000,R
0x403104,0x100582000,R
0x403100,0x100583000,R
0x403104,0x100584000,R
0x404100,0x10014d000,R
0x404104,0x10014d000,R
0x404108,0x10014d000,R
0x40410c,0x10014d000,R
0x400100,0x1000b5000,W
0x400104,0x1000b5000,W
0x400108,0x1000b6000,W
0x400100,0x1000b6000,W
0x400104,0x1000b7000,W
0x400108,0x1000b7000,R
0x401100,0x100051000,R
0x401104,0x100052000,R
0x401108,0x100053000,R
0x401100,0x100054000,R
0x401104,0x100055000,R
0x401108,0x100056000,R
0x402100,0x1000f2000,R
0x402104,0x1000f2000,R
0x402100,0x1000f2000,R
0x402104,0x1000f2000,R
0x403100,0x100599000,R
0x403104,0x10059a000,R
0x403100,0x10059b000,R
0x403104,0x10059c000,R
0x404100,0x10014e000,R
0x404104,0x10014e000,R
0x404108,0x10014e000,R
0x40410c,0x10014e000,R
0x400100,0x100061000,W
0x400104,0x100061000,W
0x400108,0x100062000,W
0x400100,0x100062000,W
0x400104,0x100063000,W
0x400108,0x100063000,R
0x401100,0x100009000,R
0x401104,0x10000a000,R
0x401108,0x10000b000,R
0x401100,0x10000c000,R
0x401104,0x10000d000,R
0x401108,0x10000e000,R
0x402100,0x1000f8000,R
0x402104,0x1000f8000,R
0x402100,0x1000f8000,R
0x402104,0x1000f8000,R
0x403100,0x1005b1000,R
0x403104,0x1005b2000,R
0x403100,0x1005b3000,R
0x403104,0x1005b4000,R
0x404100,0x10014f000,R
0x404104,0x10014f000,R
0x404108,0x10014f000,R
0x40410c,0x10014f000,R
0x400100,0x10006d000,W
0x400104,0x10006d000,W
0x400108,0x10006e000,W
0x400100,0x10006e000,W
0x400104,0x10006f000,W
0x400108,0x10006f000,R
0x401100,0x100021000,R
0x401104,0x100022000,R
0x401108,0x100023000,R
0x401100,0x100024000,R
0x401104,0x100025000,R
0x401108,0x100026000,R
0x402100,0x1000fe000,R
0x402104,0x1000fe000,R
0x402100,0x1000fe000,R
0x402104,0x1000fe000,R
0x403100,0x1005c9000,R
0x403104,0x1005ca000,R
0x403100,0x1005cb000,R
0x403104,0x1005cc000,R
0x404100,0x100150000,R
0x404104,0x100150000,R
0x404108,0x100150000,R
0x40410c,0x100150000,R
0x400100,0x100079000,W
0x400104,0x100079000,W
0x400108,0x10007a000,W
0x400100,0x10007a000,W
0x400104,0x10007b000,W
0x400108,0x10007b000,R
0x401100,0x100039000,R
0x401104,0x10003a000,R
0x401108,0x10003b000,R
0x401100,0x10003c000,R
0x401104,0x10003d000,R
0x401108,0x10003e000,R
0x402100,0x100104000,R
0x402104,0x100104000,R
0x402100,0x100104000,R
0x402104,0x100104000,R
0x403100,0x1005e1000,R
0x403104,0x1005e2000,R
0x403100,0x1005e3000,R
0x403104,0x1005e4000,R
0x404100,0x100151000,R
0x404104,0x100151000,R
0x404108,0x100151000,R
0x40410c,0x100151000,R
0x400100,0x100085000,W
0x400104,0x100085000,W
0x400108,0x100086000,W
0x400100,0x100086000,W
0x400104,0x100087000,W
0x400108,0x100087000,R
0x401100,0x100051000,R
0x401104,0x100052000,R
0x401108,0x100053000,R
0x401100,0x100054000,R
0x401104,0x100055000,R
0x401108,0x100056000,R
0x402100,0x10010a000,R
0x402104,0x10010a000,R
0x402100,0x10010a000,R
0x402104,0x10010a000,R
0x403100,0x1005f9000,R
0x403104,0x1005fa000,R
0x403100,0x1005fb000,R
0x403104,0x1005fc000,R
0x404100,0x100152000,R
0x404104,0x100152000,R
0x404108,0x100152000,R
0x40410c,0x100152000,R
0x400100,0x100091000,W
0x400104,0x100091000,W
0x400108,0x100092000,W
0x400100,0x100092000,W
0x400104,0x100093000,W
0x400108,0x100093000,R
0x401100,0x100009000,R
0x401104,0x10000a000,R
0x401108,0x10000b000,R
0x401100,0x10000c000,R
0x401104,0x10000d000,R
0x401108,0x10000e000,R
0x402100,0x100110000,R
0x402104,0x100110000,R
0x402100,0x100110000,R
0x402104,0x100110000,R
0x403100,0x100191000,R
0x403104,0x100192000,R
0x403100,0x100193000,R
0x403104,0x100194000,R
0x404100,0x100153000,R
0x404104,0x100153000,R
0x404108,0x100153000,R
0x40410c,0x100153000,R
0x400100,0x10009d000,W
0x400104,0x10009d000,W
0x400108,0x10009e000,W
0x400100,0x10009e000,W
0x400104,0x10009f000,W
0x400108,0x10009f000,R
0x401100,0x100021000,R
0x401104,0x100022000,R
0x401108,0x100023000,R
0x401100,0x100024000,R
0x401104,0x100025000,R
0x401108,0x100026000,R
0x402100,0x100116000,R
0x402104,0x100116000,R
0x402100,0x100116000,R
0x402104,0x100116000,R
0x403100,0x1001a9000,R
0x403104,0x1001aa000,R
0x403100,0x1001ab000,R
0x403104,0x1001ac000,R
0x404100,0x100154000,R
0x404104,0x100154000,R
0x404108,0x100154000,R
0x40410c,0x100154000,R
0x400100,0x1000a9000,W
0x400104,0x1000a9000,W
0x400108,0x1000aa000,W
0x400100,0x1000aa000,W
0x400104,0x1000ab000,W
0x400108,0x1000ab000,R
0x401100,0x100039000,R
0x401104,0x10003a000,R
0x401108,0x10003b000,R
0x401100,0x10003c000,R
0x401104,0x10003d000,R
0x401108,0x10003e000,R
0x402100,0x10011c000,R
0x402104,0x10011c000,R
0x402100,0x10011c000,R
0x402104,0x10011c000,R
0x403100,0x1001c1000,R
0x403104,0x1001c2000,R
0x403100,0x1001c3000,R
0x403104,0x1001c4000,R
0x404100,0x100155000,R
0x404104,0x100155000,R
0x404108,0x100155000,R
0x40410c,0x100155000,R
0x400100,0x1000b5000,W
0x400104,0x1000b5000,W
0x400108,0x1000b6000,W
0x400100,0x1000b6000,W
0x400104,0x1000b7000,W
0x400108,0x1000b7000,R
0x401100,0x100051000,R
0x401104,0x100052000,R
0x401108,0x100053000,R
0x401100,0x100054000,R
0x401104,0x100055000,R
0x401108,0x100056000,R
0x402100,0x1000c2000,R
0x402104,0x1000c2000,R
0x402100,0x1000c2000,R
0x402104,0x1000c2000,R
0x403100,0x1001d9000,R
0x403104,0x1001da000,R
0x403100,0x1001db000,R
0x403104,0x1001dc000,R
0x404100,0x100156000,R
0x404104,0x100156000,R
0x404108,0x100156000,R
0x40410c,0x100156000,R
0x400100,0x100061000,W
0x400104,0x100061000,W
0x400108,0x100062000,W
0x400100,0x100062000,W
0x400104,0x100063000,W
0x400108,0x100063000,R
0x401100,0x100009000,R
0x401104,0x10000a000,R
0x401108,0x10000b000,R
0x401100,0x10000c000,R
0x401104,0x10000d000,R
0x401108,0x10000e000,R
0x402100,0x1000c8000,R
0x402104,0x1000c8000,R
0x402100,0x1000c8000,R
0x402104,0x1000c8000,R
0x403100,0x1001f1000,R
0x403104,0x1001f2000,R
0x403100,0x1001f3000,R
0x403104,0x1001f4000,R
0x404100,0x100157000,R
0x404104,0x100157000,R
0x404108,0x100157000,R
0x40410c,0x100157000,R
0x400100,0x10006d000,W
0x400104,0x10006d000,W
0x400108,0x10006e000,W
0x400100,0x10006e000,W
0x400104,0x10006f000,W
0x400108,0x10006f000,R
0x401100,0x100021000,R
0x401104,0x100022000,R
0x401108,0x100023000,R
0x401100,0x100024000,R
0x401104,0x100025000,R
0x401108,0x100026000,R
0x402100,0x1000ce000,R
0x402104,0x1000ce000,R
0x402100,0x1000ce000,R
0x402104,0x1000ce000,R
0x403100,0x100209000,R
0x403104,0x10020a000,R
0x403100,0x10020b000,R
0x403104,0x10020c000,R
0x404100,0x100158000,R
0x404104,0x100158000,R
0x404108,0x100158000,R
0x40410c,0x100158000,R
0x400100,0x100079000,W
0x400104,0x100079000,W
0x400108,0x10007a000,W
0x400100,0x10007a000,W
0x400104,0x10007b000,W
0x400108,0x10007b000,R
0x401100,0x100039000,R
0x401104,0x10003a000,R
0x401108,0x10003b000,R
0x401100,0x10003c000,R
0x401104,0x10003d000,R
0x401108,0x10003e000,R
0x402100,0x1000d4000,R
0x402104,0x1000d4000,R
0x402100,0x1000d4000,R
0x402104,0x1000d4000,R
0x403100,0x100221000,R
0x403104,0x100222000,R
0x403100,0x100223000,R
0x403104,0x100224000,R
0x404100,0x100159000,R
0x404104,0x100159000,R
0x404108,0x100159000,R
0x40410c,0x100159000,R
0x400100,0x100085000,W
0x400104,0x100085000,W
0x400108,0x100086000,W
0x400100,0x100086000,W
0x400104,0x100087000,W
0x400108,0x100087000,R
0x401100,0x100051000,R
0x401104,0x100052000,R
0x401108,0x100053000,R
0x401100,0x100054000,R
0x401104,0x100055000,R
0x401108,0x100056000,R
0x402100,0x1000da000,R
0x402104,0x1000da000,R
0x402100,0x1000da000,R
0x402104,0x1000da000,R
0x403100,0x100239000,R
0x403104,0x10023a000,R
0x403100,0x10023b000,R
0x403104,0x10023c000,R
0x404100,0x10015a000,R
0x404104,0x10015a000,R
0x404108,0x10015a000,R
0x40410c,0x10015a000,R
0x400100,0x100091000,W
0x400104,0x100091000,W
0x400108,0x100092000,W
0x400100,0x100092000,W
0x400104,0x100093000,W
0x400108,0x100093000,R
0x401100,0x100009000,R
0x401104,0x10000a000,R
0x401108,0x10000b000,R
0x401100,0x10000c000,R
0x401104,0x10000d000,R
0x401108,0x10000e000,R
0x402100,0x1000e0000,R
0x402104,0x1000e0000,R
0x402100,0x1000e0000,R
0x402104,0x1000e0000,R
0x403100,0x100251000,R
0x403104,0x100252000,R
0x403100,0x100253000,R
0x403104,0x100254000,R
0x404100,0x10015b000,R
0x404104,0x10015b000,R
0x404108,0x10015b000,R
0x40410c,0x10015b000,R
0x400100,0x10009d000,W
0x400104,0x10009d000,W
0x400108,0x10009e000,W
0x400100,0x10009e000,W
0x400104,0x10009f000,W
0x400108,0x10009f000,R
0x401100,0x100021000,R
0x401104,0x100022000,R
0x401108,0x100023000,R
0x401100,0x100024000,R
0x401104,0x100025000,R
0x401108,0x100026000,R
0x402100,0x1000e6000,R
0x402104,0x1000e6000,R
0x402100,0x1000e6000,R
0x402104,0x1000e6000,R
0x403100,0x100269000,R
0x403104,0x10026a000,R
0x403100,0x10026b000,R
0x403104,0x10026c000,R
0x404100,0x10015c000,R
0x404104,0x10015c000,R
0x404108,0x10015c000,R
0x40410c,0x10015c000,R
0x400100,0x1000a9000,W
0x400104,0x1000a9000,W
0x400108,0x1000aa000,W
0x400100,0x1000aa000,W
0x400104,0x1000ab000,W
0x400108,0x1000ab000,R
0x401100,0x100039000,R
0x401104,0x10003a000,R
0x401108,0x10003b000,R
0x401100,0x10003c000,R
0x401104,0x10003d000,R
0x401108,0x10003e000,R
0x402100,0x1000ec000,R
0x402104,0x1000ec000,R
0x402100,0x1000ec000,R
0x402104,0x1000ec000,R
0x403100,0x100281000,R
0x403104,0x100282000,R
0x403100,0x100283000,R
0x403104,0x100284000,R
0x404100,0x10015d000,R
0x404104,0x10015d000,R
0x404108,0x10015d000,R
0x40410c,0x10015d000,R
0x400100,0x1000b5000,W
0x400104,0x1000b5000,W
0x400108,0x1000b6000,W
0x400100,0x1000b6000,W
0x400104,0x1000b7000,W
0x400108,0x1000b7000,R
0x401100,0x100051000,R
0x401104,0x100052000,R
0x401108,0x100053000,R
0x401100,0x100054000,R
0x401104,0x100055000,R
0x401108,0x100056000,R
0x402100,0x1000f2000,R
0x402104,0x1000f2000,R
0x402100,0x1000f2000,R
0x402104,0x1000f2000,R
0x403100,0x100299000,R
0x403104,0x10029a000,R
0x403100,0x10029b000,R
0x403104,0x10029c000,R
0x404100,0x10015e000,R
0x404104,0x10015e000,R
0x404108,0x10015e000,R
0x40410c,0x10015e000,R
0x400100,0x100061000,W
0x400104,0x100061000,W
0x400108,0x100062000,W
0x400100,0x100062000,W
0x400104,0x100063000,W
0x400108,0x100063000,R
0x401100,0x100009000,R
0x401104,0x10000a000,R
0x401108,0x10000b000,R
0x401100,0x10000c000,R
0x401104,0x10000d000,R
0x401108,0x10000e000,R
0x402100,0x1000f8000,R
0x402104,0x1000f8000,R
0x402100,0x1000f8000,R
0x402104,0x1000f8000,R
0x403100,0x1002b1000,R
0x403104,0x1002b2000,R
0x403100,0x1002b3000,R
0x403104,0x1002b4000,R
0x404100,0x10015f000,R
0x404104,0x10015f000,R
0x404108,0x10015f000,R
0x40410c,0x10015f000,R
0x400100,0x10006d000,W
0x400104,0x10006d000,W
0x400108,0x10006e000,W
0x400100,0x10006e000,W
0x400104,0x10006f000,W
0x400108,0x10006f000,R
0x401100,0x100021000,R
0x401104,0x100022000,R
0x401108,0x100023000,R
0x401100,0x100024000,R
0x401104,0x100025000,R
0x401108,0x100026000,R
0x402100,0x1000fe000,R
0x402104,0x1000fe000,R
0x402100,0x1000fe000,R
0x402104,0x1000fe000,R
0x403100,0x1002c9000,R
0x403104,0x1002ca000,R
0x403100,0x1002cb000,R
0x403104,0x1002cc000,R
0x404100,0x100160000,R
0x404104,0x100160000,R
0x404108,0x100160000,R
0x40410c,0x100160000,R
0x400100,0x100079000,W
0x400104,0x100079000,W
0x400108,0x10007a000,W
0x400100,0x10007a000,W
0x400104,0x10007b000,W
0x400108,0x10007b000,R
0x401100,0x100039000,R
0x401104,0x10003a000,R
0x401108,0x10003b000,R
0x401100,0x10003c000,R
0x401104,0x10003d000,R
0x401108,0x10003e000,R
0x402100,0x100104000,R
0x402104,0x100104000,R
0x402100,0x100104000,R
0x402104,0x100104000,R
0x403100,0x1002e1000,R
0x403104,0x1002e2000,R
0x403100,0x1002e3000,R
0x403104,0x1002e4000,R
0x404100,0x100161000,R
0x404104,0x100161000,R
0x404108,0x100161000,R
0x40410c,0x100161000,R
0x400100,0x100085000,W
0x400104,0x100085000,W
0x400108,0x100086000,W
0x400100,0x100086000,W
0x400104,0x100087000,W
0x400108,0x100087000,R
0x401100,0x100051000,R
0x401104,0x100052000,R
0x401108,0x100053000,R
0x401100,0x100054000,R
0x401104,0x100055000,R
0x401108,0x100056000,R
0x402100,0x10010a000,R
0x402104,0x10010a000,R
0x402100,0x10010a000,R
0x402104,0x10010a000,R
0x403100,0x1002f9000,R
0x403104,0x1002fa000,R
0x403100,0x1002fb000,R
0x403104,0x1002fc000,R
0x404100,0x100162000,R
0x404104,0x100162000,R
0x404108,0x100162000,R
0x40410c,0x100162000,R
0x400100,0x100091000,W
0x400104,0x100091000,W
0x400108,0x100092000,W
0x400100,0x100092000,W
0x400104,0x100093000,W
0x400108,0x100093000,R
0x401100,0x100009000,R
0x401104,0x10000a000,R
0x401108,0x10000b000,R
0x401100,0x10000c000,R
0x401104,0x10000d000,R
0x401108,0x10000e000,R
0x402100,0x100110000,R
0x402104,0x100110000,R
0x402100,0x100110000,R
0x402104,0x100110000,R
0x403100,0x100311000,R
0x403104,0x100312000,R
0x403100,0x100313000,R
0x403104,0x100314000,R
0x404100,0x100163000,R
0x404104,0x100163000,R
0x404108,0x100163000,R
0x40410c,0x100163000,R
0x400100,0x10009d000,W
0x400104,0x10009d000,W
0x400108,0x10009e000,W
0x400100,0x10009e000,W
0x400104,0x10009f000,W
0x400108,0x10009f000,R
0x401100,0x100021000,R
0x401104,0x100022000,R
0x401108,0x100023000,R
0x401100,0x100024000,R
0x401104,0x100025000,R
0x401108,0x100026000,R
0x402100,0x100116000,R
0x402104,0x100116000,R
0x402100,0x100116000,R
0x402104,0x100116000,R
0x403100,0x100329000,R
0x403104,0x10032a000,R
0x403100,0x10032b000,R
0x403104,0x10032c000,R
0x404100,0x100164000,R
0x404104,0x100164000,R
0x404108,0x100164000,R
0x40410c,0x100164000,R
0x400100,0x1000a9000,W
0x400104,0x1000a9000,W
0x400108,0x1000aa000,W
0x400100,0x1000aa000,W
0x400104,0x1000ab000,W
0x400108,0x1000ab000,R
0x401100,0x100039000,R
0x401104,0x10003a000,R
0x401108,0x10003b000,R
0x401100,0x10003c000,R
0x401104,0x10003d000,R
0x401108,0x10003e000,R
0x402100,0x10011c000,R
0x402104,0x10011c000,R
0x402100,0x10011c000,R
0x402104,0x10011c000,R
0x403100,0x100341000,R
0x403104,0x100342000,R
0x403100,0x100343000,R
0x403104,0x100344000,R
0x404100,0x100165000,R
0x404104,0x100165000,R
0x404108,0x100165000,R
0x40410c,0x100165000,R
0x400100,0x1000b5000,W
0x400104,0x1000b5000,W
0x400108,0x1000b6000,W
0x400100,0x1000b6000,W
0x400104,0x1000b7000,W
0x400108,0x1000b7000,R
0x401100,0x100051000,R
0x401104,0x100052000,R
0x401108,0x100053000,R
0x401100,0x100054000,R
0x401104,0x100055000,R
0x401108,0x100056000,R
0x402100,0x1000c2000,R
0x402104,0x1000c2000,R
0x402100,0x1000c2000,R
0x402104,0x1000c2000,R
0x403100,0x100359000,R
0x403104,0x10035a000,R
0x403100,0x10035b000,R
0x403104,0x10035c000,R
0x404100,0x100166000,R
0x404104,0x100166000,R
0x404108,0x100166000,R
0x40410c,0x100166000,R
0x400100,0x100061000,W
0x400104,0x100061000,W
0x400108,0x100062000,W
0x400100,0x100062000,W
0x400104,0x100063000,W
0x400108,0x100063000,R
0x401100,0x100009000,R
0x401104,0x10000a000,R
0x401108,0x10000b000,R
0x401100,0x10000c000,R
0x401104,0x10000d000,R
0x401108,0x10000e000,R
0x402100,0x1000c8000,R
0x402104,0x1000c8000,R
0x402100,0x1000c8000,R
0x402104,0x1000c8000,R
0x403100,0x100371000,R
0x403104,0x100372000,R
0x403100,0x100373000,R
0x403104,0x100374000,R
0x404100,0x100167000,R
0x404104,0x100167000,R
0x404108,0x100167000,R
0x40410c,0x100167000,R
0x400100,0x10006d000,W
0x400104,0x10006d000,W
0x400108,0x10006e000,W
0x400100,0x10006e000,W
0x400104,0x10006f000,W
0x400108,0x10006f000,R
0x401100,0x100021000,R
0x401104,0x100022000,R
0x401108,0x100023000,R
0x401100,0x100024000,R
0x401104,0x100025000,R
0x401108,0x100026000,R
0x402100,0x1000ce000,R
0x402104,0x1000ce000,R
0x402100,0x1000ce000,R
0x402104,0x1000ce000,R
0x403100,0x100389000,R
0x403104,0x10038a000,R
0x403100,0x10038b000,R
0x403104,0x10038c000,R
0x404100,0x100168000,R
0x404104,0x100168000,R
0x404108,0x100168000,R
0x40410c,0x100168000,R
0x400100,0x100079000,W
0x400104,0x100079000,W
0x400108,0x10007a000,W
0x400100,0x10007a000,W
0x400104,0x10007b000,W
0x400108,0x10007b000,R
0x401100,0x100039000,R
0x401104,0x10003a000,R
0x401108,0x10003b000,R
0x401100,0x10003c000,R
0x401104,0x10003d000,R
0x401108,0x10003e000,R
0x402100,0x1000d4000,R
0x402104,0x1000d4000,R
0x402100,0x1000d4000,R
0x402104,0x1000d4000,R
0x403100,0x1003a1000,R
0x403104,0x1003a2000,R
0x403100,0x1003a3000,R
0x403104,0x1003a4000,R
0x404100,0x100169000,R
0x404104,0x100169000,R
0x404108,0x100169000,R
0x40410c,0x100169000,R
0x400100,0x100085000,W
0x400104,0x100085000,W
0x400108,0x100086000,W
0x400100,0x100086000,W
0x400104,0x100087000,W
0x400108,0x100087000,R
0x401100,0x100051000,R
0x401104,0x100052000,R
0x401108,0x100053000,R
0x401100,0x100054000,R
0x401104,0x100055000,R
0x401108,0x100056000,R
0x402100,0x1000da000,R
0x402104,0x1000da000,R
0x402100,0x1000da000,R
0x402104,0x1000da000,R
0x403100,0x1003b9000,R
0x403104,0x1003ba000,R
0x403100,0x1003bb000,R
0x403104,0x1003bc000,R
0x404100,0x10016a000,R
0x404104,0x10016a000,R
0x404108,0x10016a000,R
0x40410c,0x10016a000,R
0x400100,0x100091000,W
0x400104,0x100091000,W
0x400108,0x100092000,W
0x400100,0x100092000,W
0x400104,0x100093000,W
0x400108,0x100093000,R
0x401100,0x100009000,R
0x401104,0x10000a000,R
0x401108,0x10000b000,R
0x401100,0x10000c000,R
0x401104,0x10000d000,R
0x401108,0x10000e000,R
0x402100,0x1000e0000,R
0x402104,0x1000e0000,R
0x402100,0x1000e0000,R
0x402104,0x1000e0000,R
0x403100,0x1003d1000,R
0x403104,0x1003d2000,R
0x403100,0x1003d3000,R
0x403104,0x1003d4000,R
0x404100,0x10016b000,R
0x404104,0x10016b000,R
0x404108,0x10016b000,R
0x40410c,0x10016b000,R
0x400100,0x10009d000,W
0x400104,0x10009d000,W
0x400108,0x10009e000,W
0x400100,0x10009e000,W
0x400104,0x10009f000,W
0x400108,0x10009f000,R
0x401100,0x100021000,R
0x401104,0x100022000,R
0x401108,0x100023000,R
0x401100,0x100024000,R
0x401104,0x100025000,R
0x401108,0x100026000,R
0x402100,0x1000e6000,R
0x402104,0x1000e6000,R
0x402100,0x1000e6000,R
0x402104,0x1000e6000,R
0x403100,0x1003e9000,R
0x403104,0x1003ea000,R
0x403100,0x1003eb000,R
0x403104,0x1003ec000,R
0x404100,0x10016c000,R
0x404104,0x10016c000,R
0x404108,0x10016c000,R
0x40410c,0x10016c000,R
0x400100,0x1000a9000,W
0x400104,0x1000a9000,W
0x400108,0x1000aa000,W
0x400100,0x1000aa000,W
0x400104,0x1000ab000,W
0x400108,0x1000ab000,R
0x401100,0x100039000,R
0x401104,0x10003a000,R
0x401108,0x10003b000,R
0x401100,0x10003c000,R
0x401104,0x10003d000,R
0x401108,0x10003e000,R
0x402100,0x1000ec000,R
0x402104,0x1000ec000,R
0x402100,0x1000ec000,R
0x402104,0x1000ec000,R
0x403100,0x100401000,R
0x403104,0x100402000,R
0x403100,0x100403000,R
0x403104,0x100404000,R
0x404100,0x10016d000,R
0x404104,0x10016d000,R
0x404108,0x10016d000,R
0x40410c,0x10016d000,R
0x400100,0x1000b5000,W
0x400104,0x1000b5000,W
0x400108,0x1000b6000,W
0x400100,0x1000b6000,W
0x400104,0x1000b7000,W
0x400108,0x1000b7000,R
0x401100,0x100051000,R
0x401104,0x100052000,R
0x401108,0x100053000,R
0x401100,0x100054000,R
0x401104,0x100055000,R
0x401108,0x100056000,R
0x402100,0x1000f2000,R
0x402104,0x1000f2000,R
0x402100,0x1000f2000,R
0x402104,0x1000f2000,R
0x403100,0x100419000,R
0x403104,0x10041a000,R
0x403100,0x10041b000,R
0x403104,0x10041c000,R
0x404100,0x10016e000,R
0x404104,0x10016e000,R
0x404108,0x10016e000,R
0x40410c,0x10016e000,R
0x400100,0x100061000,W
0x400104,0x100061000,W
0x400108,0x100062000,W
0x400100,0x100062000,W
0x400104,0x100063000,W
0x400108,0x100063000,R
0x401100,0x100009000,R
0x401104,0x10000a000,R
0x401108,0x10000b000,R
0x401100,0x10000c000,R
0x401104,0x10000d000,R
0x401108,0x10000e000,R
0x402100,0x1000f8000,R
0x402104,0x1000f8000,R
0x402100,0x1000f8000,R
0x402104,0x1000f8000,R
0x403100,0x100431000,R
0x403104,0x100432000,R
0x403100,0x100433000,R
0x403104,0x100434000,R
0x404100,0x10016f000,R
0x404104,0x10016f000,R
0x404108,0x10016f000,R
0x40410c,0x10016f000,R
0x400100,0x10006d000,W
0x400104,0x10006d000,W
0x400108,0x10006e000,W
0x400100,0x10006e000,W
0x400104,0x10006f000,W
0x400108,0x10006f000,R
0x401100,0x100021000,R
0x401104,0x100022000,R
0x401108,0x100023000,R
0x401100,0x100024000,R
0x401104,0x100025000,R
0x401108,0x100026000,R
0x402100,0x1000fe000,R
0x402104,0x1000fe000,R
0x402100,0x1000fe000,R
0x402104,0x1000fe000,R
0x403100,0x100449000,R
0x403104,0x10044a000,R
0x403100,0x10044b000,R
0x403104,0x10044c000,R
0x404100,0x100170000,R
0x404104,0x100170000,R
0x404108,0x100170000,R
0x40410c,0x100170000,R
0x400100,0x100079000,W
0x400104,0x100079000,W
0x400108,0x10007a000,W
0x400100,0x10007a000,W
0x400104,0x10007b000,W
0x400108,0x10007b000,R
0x401100,0x100039000,R
0x401104,0x10003a000,R
0x401108,0x10003b000,R
0x401100,0x10003c000,R
0x401104,0x10003d000,R
0x401108,0x10003e000,R
0x402100,0x100104000,R
0x402104,0x100104000,R
0x402100,0x100104000,R
0x402104,0x100104000,R
0x403100,0x100461000,R
0x403104,0x100462000,R
0x403100,0x100463000,R
0x403104,0x100464000,R
0x404100,0x100171000,R
0x404104,0x100171000,R
0x404108,0x100171000,R
0x40410c,0x100171000,R
0x400100,0x100085000,W
0x400104,0x100085000,W
0x400108,0x100086000,W
0x400100,0x100086000,W
0x400104,0x100087000,W
0x400108,0x100087000,R
0x401100,0x100051000,R
0x401104,0x100052000,R
0x401108,0x100053000,R
0x401100,0x100054000,R
0x401104,0x100055000,R
0x401108,0x100056000,R
0x402100,0x10010a000,R
0x402104,0x10010a000,R
0x402100,0x10010a000,R
0x402104,0x10010a000,R
0x403100,0x100479000,R
0x403104,0x10047a000,R
0x403100,0x10047b000,R
0x403104,0x10047c000,R
0x404100,0x100172000,R
0x404104,0x100172000,R
0x404108,0x100172000,R
0x40410c,0x100172000,R
0x400100,0x100091000,W
0x400104,0x100091000,W
0x400108,0x100092000,W
0x400100,0x100092000,W
0x400104,0x100093000,W
0x400108,0x100093000,R
0x401100,0x100009000,R
0x401104,0x10000a000,R
0x401108,0x10000b000,R
0x401100,0x10000c000,R
0x401104,0x10000d000,R
0x401108,0x10000e000,R
0x402100,0x100110000,R
0x402104,0x100110000,R
0x402100,0x100110000,R
0x402104,0x100110000,R
0x403100,0x100491000,R
0x403104,0x100492000,R
0x403100,0x100493000,R
0x403104,0x100494000,R
0x404100,0x100173000,R
0x404104,0x100173000,R
0x404108,0x100173000,R
0x40410c,0x100173000,R
0x400100,0x10009d000,W
0x400104,0x10009d000,W
0x400108,0x10009e000,W
0x400100,0x10009e000,W
0x400104,0x10009f000,W
0x400108,0x10009f000,R
0x401100,0x100021000,R
0x401104,0x100022000,R
0x401108,0x100023000,R
0x401100,0x100024000,R
0x401104,0x100025000,R
0x401108,0x100026000,R
0x402100,0x100116000,R
0x402104,0x100116000,R
0x402100,0x100116000,R
0x402104,0x100116000,R
0x403100,0x1004a9000,R
0x403104,0x1004aa000,R
0x403100,0x1004ab000,R
0x403104,0x1004ac000,R
0x404100,0x100174000,R
0x404104,0x100174000,R
0x404108,0x100174000,R
0x40410c,0x100174000,R
0x400100,0x1000a9000,W
0x400104,0x1000a9000,W
0x400108,0x1000aa000,W
0x400100,0x1000aa000,W
0x400104,0x1000ab000,W
0x400108,0x1000ab000,R
0x401100,0x100039000,R
0x401104,0x10003a000,R
0x401108,0x10003b000,R
0x401100,0x10003c000,R
0x401104,0x10003d000,R
0x401108,0x10003e000,R
0x402100,0x10011c000,R
0x402104,0x10011c000,R
0x402100,0x10011c000,R
0x402104,0x10011c000,R
0x403100,0x1004c1000,R
0x403104,0x1004c2000,R
0x403100,0x1004c3000,R
0x403104,0x1004c4000,R
0x404100,0x100175000,R
0x404104,0x100175000,R
0x404108,0x100175000,R
0x40410c,0x100175000,R
0x400100,0x1000b5000,W
0x400104,0x1000b5000,W
0x400108,0x1000b6000,W
0x400100,0x1000b6000,W
0x400104,0x1000b7000,W
0x400108,0x1000b7000,R
0x401100,0x100051000,R
0x401104,0x100052000,R
0x401108,0x100053000,R
0x401100,0x100054000,R
0x401104,0x100055000,R
0x401108,0x100056000,R
0x402100,0x1000c2000,R
0x402104,0x1000c2000,R
0x402100,0x1000c2000,R
0x402104,0x1000c2000,R
0x403100,0x1004d9000,R
0x403104,0x1004da000,R
0x403100,0x1004db000,R
0x403104,0x1004dc000,R
0x404100,0x100176000,R
0x404104,0x100176000,R
0x404108,0x100176000,R
0x40410c,0x100176000,R
0x400100,0x100061000,W
0x400104,0x100061000,W
0x400108,0x100062000,W
0x400100,0x100062000,W
0x400104,0x100063000,W
0x400108,0x100063000,R
0x401100,0x100009000,R
0x401104,0x10000a000,R
0x401108,0x10000b000,R
0x401100,0x10000c000,R
0x401104,0x10000d000,R
0x401108,0x10000e000,R
0x402100,0x1000c8000,R
0x402104,0x1000c8000,R
0x402100,0x1000c8000,R
0x402104,0x1000c8000,R
0x403100,0x1004f1000,R
0x403104,0x1004f2000,R
0x403100,0x1004f3000,R
0x403104,0x1004f4000,R
0x404100,0x100177000,R
0x404104,0x100177000,R
0x404108,0x100177000,R
0x40410c,0x100177000,R
0x400100,0x10006d000,W
0x400104,0x10006d000,W
0x400108,0x10006e000,W
0x400100,0x10006e000,W
0x400104,0x10006f000,W
0x400108,0x10006f000,R
0x401100,0x100021000,R
0x401104,0x100022000,R
0x401108,0x100023000,R
0x401100,0x100024000,R
0x401104,0x100025000,R
0x401108,0x100026000,R
0x402100,0x1000ce000,R
0x402104,0x1000ce000,R
0x402100,0x1000ce000,R
0x402104,0x1000ce000,R
0x403100,0x100509000,R
0x403104,0x10050a000,R
0x403100,0x10050b000,R
0x403104,0x10050c000,R
0x404100,0x100178000,R
0x404104,0x100178000,R
0x404108,0x100178000,R
0x40410c,0x100178000,R
0x400100,0x100079000,W
0x400104,0x100079000,W
0x400108,0x10007a000,W
0x400100,0x10007a000,W
0x400104,0x10007b000,W
0x400108,0x10007b000,R
0x401100,0x100039000,R
0x401104,0x10003a000,R
0x401108,0x10003b000,R
0x401100,0x10003c000,R
0x401104,0x10003d000,R
0x401108,0x10003e000,R
0x402100,0x1000d4000,R
0x402104,0x1000d4000,R
0x402100,0x1000d4000,R
0x402104,0x1000d4000,R
0x403100,0x100521000,R
0x403104,0x100522000,R
0x403100,0x100523000,R
0x403104,0x100524000,R
0x404100,0x100179000,R
0x404104,0x100179000,R
0x404108,0x100179000,R
0x40410c,0x100179000,R
0x400100,0x100085000,W
0x400104,0x100085000,W
0x400108,0x100086000,W
0x400100,0x100086000,W
0x400104,0x100087000,W
0x400108,0x100087000,R
0x401100,0x100051000,R
0x401104,0x100052000,R
0x401108,0x100053000,R
0x401100,0x100054000,R
0x401104,0x100055000,R
0x401108,0x100056000,R
0x402100,0x1000da000,R
0x402104,0x1000da000,R
0x402100,0x1000da000,R
0x402104,0x1000da000,R
0x403100,0x100539000,R
0x403104,0x10053a000,R
0x403100,0x10053b000,R
0x403104,0x10053c000,R
0x404100,0x10017a000,R
0x404104,0x10017a000,R
0x404108,0x10017a000,R
0x40410c,0x10017a000,R
0x400100,0x100091000,W
0x400104,0x100091000,W
0x400108,0x100092000,W
0x400100,0x100092000,W
0x400104,0x100093000,W
0x400108,0x100093000,R
0x401100,0x100009000,R
0x401104,0x10000a000,R
0x401108,0x10000b000,R
0x401100,0x10000c000,R
0x401104,0x10000d000,R
0x401108,0x10000e000,R
0x402100,0x1000e0000,R
0x402104,0x1000e0000,R
0x402100,0x1000e0000,R
0x402104,0x1000e0000,R
0x403100,0x100551000,R
0x403104,0x100552000,R
0x403100,0x100553000,R
0x403104,0x100554000,R
0x404100,0x10017b000,R
0x404104,0x10017b000,R
0x404108,0x10017b000,R
0x40410c,0x10017b000,R
0x400100,0x10009d000,W
0x400104,0x10009d000,W
0x400108,0x10009e000,W
0x400100,0x10009e000,W
0x400104,0x10009f000,W
0x400108,0x10009f000,R
0x401100,0x100021000,R
0x401104,0x100022000,R
0x401108,0x100023000,R
0x401100,0x100024000,R
0x401104,0x100025000,R
0x401108,0x100026000,R
0x402100,0x1000e6000,R
0x402104,0x1000e6000,R
0x402100,0x1000e6000,R
0x402104,0x1000e6000,R
0x403100,0x100569000,R
0x403104,0x10056a000,R
0x403100,0x10056b000,R
0x403104,0x10056c000,R
0x404100,0x10017c000,R
0x404104,0x10017c000,R
0x404108,0x10017c000,R
0x40410c,0x10017c000,R
0x400100,0x1000a9000,W
0x400104,0x1000a9000,W
0x400108,0x1000aa000,W
0x400100,0x1000aa000,W
0x400104,0x1000ab000,W
0x400108,0x1000ab000,R
0x401100,0x100039000,R
0x401104,0x10003a000,R
0x401108,0x10003b000,R
0x401100,0x10003c000,R
0x401104,0x10003d000,R
0x401108,0x10003e000,R
0x402100,0x1000ec000,R
0x402104,0x1000ec000,R
0x402100,0x1000ec000,R
0x402104,0x1000ec000,R
0x403100,0x100581000,R
0x403104,0x100582000,R
0x403100,0x100583000,R
0x403104,0x100584000,R
0x404100,0x10017d000,R
0x404104,0x10017d000,R
0x404108,0x10017d000,R
0x40410c,0x10017d000,R
0x400100,0x1000b5000,W
0x400104,0x1000b5000,W
0x400108,0x1000b6000,W
0x400100,0x1000b6000,W
0x400104,0x1000b7000,W
0x400108,0x1000b7000,R
0x401100,0x100051000,R
0x401104,0x100052000,R
0x401108,0x100053000,R
0x401100,0x100054000,R
0x401104,0x100055000,R
0x401108,0x100056000,R
0x402100,0x1000f2000,R
0x402104,0x1000f2000,R
0x402100,0x1000f2000,R
0x402104,0x1000f2000,R
0x403100,0x100599000,R
0x403104,0x10059a000,R
0x403100,0x10059b000,R
0x403104,0x10059c000,R
0x404100,0x10017e000,R
0x404104,0x10017e000,R
0x404108,0x10017e000,R
0x40410c,0x10017e000,R
0x400100,0x100061000,W
0x400104,0x100061000,W
0x400108,0x100062000,W
0x400100,0x100062000,W
0x400104,0x100063000,W
0x400108,0x100063000,R
0x401100,0x100009000,R
0x401104,0x10000a000,R
0x401108,0x10000b000,R
0x401100,0x10000c000,R
0x401104,0x10000d000,R
0x401108,0x10000e000,R
0x402100,0x1000f8000,R
0x402104,0x1000f8000,R
0x402100,0x1000f8000,R
0x402104,0x1000f8000,R
0x403100,0x1005b1000,R
0x403104,0x1005b2000,R
0x403100,0x1005b3000,R
0x403104,0x1005b4000,R
0x404100,0x10017f000,R
0x404104,0x10017f000,R
0x404108,0x10017f000,R
0x40410c,0x10017f000,R
0x400100,0x10006d000,W
0x400104,0x10006d000,W
0x400108,0x10006e000,W
0x400100,0x10006e000,W
0x400104,0x10006f000,W
0x400108,0x10006f000,R
0x401100,0x100021000,R
0x401104,0x100022000,R
0x401108,0x100023000,R
0x401100,0x100024000,R
0x401104,0x100025000,R
0x401108,0x100026000,R
0x402100,0x1000fe000,R
0x402104,0x1000fe000,R
0x402100,0x1000fe000,R
0x402104,0x1000fe000,R
0x403100,0x1005c9000,R
0x403104,0x1005ca000,R
0x403100,0x1005cb000,R
0x403104,0x1005cc000,R
0x404100,0x100120000,R
0x404104,0x100120000,R
0x404108,0x100120000,R
0x40410c,0x100120000,R
0x400100,0x100079000,W
0x400104,0x100079000,W
0x400108,0x10007a000,W
0x400100,0x10007a000,W
0x400104,0x10007b000,W
0x400108,0x10007b000,R
0x401100,0x100039000,R
0x401104,0x10003a000,R
0x401108,0x10003b000,R
0x401100,0x10003c000,R
0x401104,0x10003d000,R
0x401108,0x10003e000,R
0x402100,0x100104000,R
0x402104,0x100104000,R
0x402100,0x100104000,R
0x402104,0x100104000,R
0x403100,0x1005e1000,R
0x403104,0x1005e2000,R
0x403100,0x1005e3000,R
0x403104,0x1005e4000,R
0x404100,0x100121000,R
0x404104,0x100121000,R
0x404108,0x100121000,R
0x40410c,0x100121000,R
0x400100,0x100085000,W
0x400104,0x100085000,W
0x400108,0x100086000,W
0x400100,0x100086000,W
0x400104,0x100087000,W
0x400108,0x100087000,R
0x401100,0x100051000,R
0x401104,0x100052000,R
0x401108,0x100053000,R
0x401100,0x100054000,R
0x401104,0x100055000,R
0x401108,0x100056000,R
0x402100,0x10010a000,R
0x402104,0x10010a000,R
0x402100,0x10010a000,R
0x402104,0x10010a000,R
0x403100,0x1005f9000,R
0x403104,0x1005fa000,R
0x403100,0x1005fb000,R
0x403104,0x1005fc000,R
0x404100,0x100122000,R
0x404104,0x100122000,R
0x404108,0x100122000,R
0x40410c,0x100122000,R
0x400100,0x100091000,W
0x400104,0x100091000,W
0x400108,0x100092000,W
0x400100,0x100092000,W
0x400104,0x100093000,W
0x400108,0x100093000,R
0x401100,0x100009000,R
0x401104,0x10000a000,R
0x401108,0x10000b000,R
0x401100,0x10000c000,R
0x401104,0x10000d000,R
0x401108,0x10000e000,R
0x402100,0x100110000,R
0x402104,0x100110000,R
0x402100,0x100110000,R
0x402104,0x100110000,R
0x403100,0x100191000,R
0x403104,0x100192000,R
0x403100,0x100193000,R
0x403104,0x100194000,R
0x404100,0x100123000,R
0x404104,0x100123000,R
0x404108,0x100123000,R
0x40410c,0x100123000,R
0x400100,0x10009d000,W
0x400104,0x10009d000,W
0x400108,0x10009e000,W
0x400100,0x10009e000,W
0x400104,0x10009f000,W
0x400108,0x10009f000,R
0x401100,0x100021000,R
0x401104,0x100022000,R
0x401108,0x100023000,R
0x401100,0x100024000,R
0x401104,0x100025000,R
0x401108,0x100026000,R
0x402100,0x100116000,R
0x402104,0x100116000,R
0x402100,0x100116000,R
0x402104,0x100116000,R
0x403100,0x1001a9000,R
0x403104,0x1001aa000,R
0x403100,0x1001ab000,R
0x403104,0x1001ac000,R
0x404100,0x100124000,R
0x404104,0x100124000,R
0x404108,0x100124000,R
0x40410c,0x100124000,R
0x400100,0x1000a9000,W
0x400104,0x1000a9000,W
0x400108,0x1000aa000,W
0x400100,0x1000aa000,W
0x400104,0x1000ab000,W
0x400108,0x1000ab000,R
0x401100,0x100039000,R
0x401104,0x10003a000,R
0x401108,0x10003b000,R
0x401100,0x10003c000,R
0x401104,0x10003d000,R
0x401108,0x10003e000,R
0x402100,0x10011c000,R
0x402104,0x10011c000,R
0x402100,0x10011c000,R
0x402104,0x10011c000,R
0x403100,0x1001c1000,R
0x403104,0x1001c2000,R
0x403100,0x1001c3000,R
0x403104,0x1001c4000,R
0x404100,0x100125000,R
0x404104,0x100125000,R
0x404108,0x100125000,R
0x40410c,0x100125000,R
0x400100,0x1000b5000,W
0x400104,0x1000b5000,W
0x400108,0x1000b6000,W
0x400100,0x1000b6000,W
0x400104,0x1000b7000,W
0x400108,0x1000b7000,R
0x401100,0x100051000,R
0x401104,0x100052000,R
0x401108,0x100053000,R
0x401100,0x100054000,R
0x401104,0x100055000,R
0x401108,0x100056000,R
0x402100,0x1000c2000,R
0x402104,0x1000c2000,R
0x402100,0x1000c2000,R
0x402104,0x1000c2000,R
0x403100,0x1001d9000,R
0x403104,0x1001da000,R
0x403100,0x1001db000,R
0x403104,0x1001dc000,R
0x404100,0x100126000,R
0x404104,0x100126000,R
0x404108,0x100126000,R
0x40410c,0x100126000,R
0x400100,0x100061000,W
0x400104,0x100061000,W
0x400108,0x100062000,W
0x400100,0x100062000,W
0x400104,0x100063000,W
0x400108,0x100063000,R
0x401100,0x100009000,R
0x401104,0x10000a000,R
0x401108,0x10000b000,R
0x401100,0x10000c000,R
0x401104,0x10000d000,R
0x401108,0x10000e000,R
0x402100,0x1000c8000,R
0x402104,0x1000c8000,R
0x402100,0x1000c8000,R
0x402104,0x1000c8000,R
0x403100,0x1001f1000,R
0x403104,0x1001f2000,R
0x403100,0x1001f3000,R
0x403104,0x1001f4000,R
0x404100,0x100127000,R
0x404104,0x100127000,R
0x404108,0x100127000,R
0x40410c,0x100127000,R
0x400100,0x10006d000,W
0x400104,0x10006d000,W
0x400108,0x10006e000,W
0x400100,0x10006e000,W
0x400104,0x10006f000,W
0x400108,0x10006f000,R
0x401100,0x100021000,R
0x401104,0x100022000,R
0x401108,0x100023000,R
0x401100,0x100024000,R
0x401104,0x100025000,R
0x401108,0x100026000,R
0x402100,0x1000ce000,R
0x402104,0x1000ce000,R
0x402100,0x1000ce000,R
0x402104,0x1000ce000,R
0x403100,0x100209000,R
0x403104,0x10020a000,R
0x403100,0x10020b000,R
0x403104,0x10020c000,R
0x404100,0x100128000,R
0x404104,0x100128000,R
0x404108,0x100128000,R
0x40410c,0x100128000,R
0x400100,0x100079000,W
0x400104,0x100079000,W
0x400108,0x10007a000,W
0x400100,0x10007a000,W
0x400104,0x10007b000,W
0x400108,0x10007b000,R
0x401100,0x100039000,R
0x401104,0x10003a000,R
0x401108,0x10003b000,R
0x401100,0x10003c000,R
0x401104,0x10003d000,R
0x401108,0x10003e000,R
0x402100,0x1000d4000,R
0x402104,0x1000d4000,R
0x402100,0x1000d4000,R
0x402104,0x1000d4000,R
0x403100,0x100221000,R
0x403104,0x100222000,R
0x403100,0x100223000,R
0x403104,0x100224000,R
0x404100,0x100129000,R
0x404104,0x100129000,R
0x404108,0x100129000,R
0x40410c,0x100129000,R
0x400100,0x100085000,W
0x400104,0x100085000,W
0x400108,0x100086000,W
0x400100,0x100086000,W
0x400104,0x100087000,W
0x400108,0x100087000,R
0x401100,0x100051000,R
0x401104,0x100052000,R
0x401108,0x100053000,R
0x401100,0x100054000,R
0x401104,0x100055000,R
0x401108,0x100056000,R
0x402100,0x1000da000,R
0x402104,0x1000da000,R
0x402100,0x1000da000,R
0x402104,0x1000da000,R
0x403100,0x100239000,R
0x403104,0x10023a000,R
0x403100,0x10023b000,R
0x403104,0x10023c000,R
0x404100,0x10012a000,R
0x404104,0x10012a000,R
0x404108,0x10012a000,R
0x40410c,0x10012a000,R
0x400100,0x100091000,W
0x400104,0x100091000,W
0x400108,0x100092000,W
0x400100,0x100092000,W
0x400104,0x100093000,W
0x400108,0x100093000,R
0x401100,0x100009000,R
0x401104,0x10000a000,R
0x401108,0x10000b000,R
0x401100,0x10000c000,R
0x401104,0x10000d000,R
0x401108,0x10000e000,R
0x402100,0x1000e0000,R
0x402104,0x1000e0000,R
0x402100,0x1000e0000,R
0x402104,0x1000e0000,R
0x403100,0x100251000,R
0x403104,0x100252000,R
0x403100,0x100253000,R
0x403104,0x100254000,R
0x404100,0x10012b000,R
0x404104,0x10012b000,R
0x404108,0x10012b000,R
0x40410c,0x10012b000,R
0x400100,0x10009d000,W
0x400104,0x10009d000,W
0x400108,0x10009e000,W
0x400100,0x10009e000,W
0x400104,0x10009f000,W
0x400108,0x10009f000,R
0x401100,0x100021000,R
0x401104,0x100022000,R
0x401108,0x100023000,R
0x401100,0x100024000,R
0x401104,0x100025000,R
0x401108,0x100026000,R
0x402100,0x1000e6000,R
0x402104,0x1000e6000,R
0x402100,0x1000e6000,R
0x402104,0x1000e6000,R
0x403100,0x100269000,R
0x403104,0x10026a000,R
0x403100,0x10026b000,R
0x403104,0x10026c000,R
0x404100,0x10012c000,R
0x404104,0x10012c000,R
0x404108,0x10012c000,R
0x40410c,0x10012c000,R
0x400100,0x1000a9000,W
0x400104,0x1000a9000,W
0x400108,0x1000aa000,W
0x400100,0x1000aa000,W
0x400104,0x1000ab000,W
0x400108,0x1000ab000,R
0x401100,0x100039000,R
0x401104,0x10003a000,R
0x401108,0x10003b000,R
0x401100,0x10003c000,R
0x401104,0x10003d000,R
0x401108,0x10003e000,R
0x402100,0x1000ec000,R
0x402104,0x1000ec000,R
0x402100,0x1000ec000,R
0x402104,0x1000ec000,R
0x403100,0x100281000,R
0x403104,0x100282000,R
0x403100,0x100283000,R
0x403104,0x100284000,R
0x404100,0x10012d000,R
0x404104,0x10012d000,R
0x404108,0x10012d000,R
0x40410c,0x10012d000,R
0x400100,0x1000b5000,W
0x400104,0x1000b5000,W
0x400108,0x1000b6000,W
0x400100,0x1000b6000,W
0x400104,0x1000b7000,W
0x400108,0x1000b7000,R
0x401100,0x100051000,R
0x401104,0x100052000,R
0x401108,0x100053000,R
0x401100,0x100054000,R
0x401104,0x100055000,R
0x401108,0x100056000,R
0x402100,0x1000f2000,R
0x402104,0x1000f2000,R
0x402100,0x1000f2000,R
0x402104,0x1000f2000,R
0x403100,0x100299000,R
0x403104,0x10029a000,R
0x403100,0x10029b000,R
0x403104,0x10029c000,R
0x404100,0x10012e000,R
0x404104,0x10012e000,R
0x404108,0x10012e000,R
0x40410c,0x10012e000,R
0x400100,0x100061000,W
0x400104,0x100061000,W
0x400108,0x100062000,W
0x400100,0x100062000,W
0x400104,0x100063000,W
0x400108,0x100063000,R
0x401100,0x100009000,R
0x401104,0x10000a000,R
0x401108,0x10000b000,R
0x401100,0x10000c000,R
0x401104,0x10000d000,R
0x401108,0x10000e000,R
0x402100,0x1000f8000,R
0x402104,0x1000f8000,R
0x402100,0x1000f8000,R
0x402104,0x1000f8000,R
0x403100,0x1002b1000,R
0x403104,0x1002b2000,R
0x403100,0x1002b3000,R
0x403104,0x1002b4000,R
0x404100,0x10012f000,R
0x404104,0x10012f000,R
0x404108,0x10012f000,R
0x40410c,0x10012f000,R
0x400100,0x10006d000,W
0x400104,0x10006d000,W
0x400108,0x10006e000,W
0x400100,0x10006e000,W
0x400104,0x10006f000,W
0x400108,0x10006f000,R
0x401100,0x100021000,R
0x401104,0x100022000,R
0x401108,0x100023000,R
0x401100,0x100024000,R
0x401104,0x100025000,R
0x401108,0x100026000,R
0x402100,0x1000fe000,R
0x402104,0x1000fe000,R
0x402100,0x1000fe000,R
0x402104,0x1000fe000,R
0x403100,0x1002c9000,R
0x403104,0x1002ca000,R
0x403100,0x1002cb000,R
0x403104,0x1002cc000,R
0x404100,0x100130000,R
0x404104,0x100130000,R
0x404108,0x100130000,R
0x40410c,0x100130000,R
0x400100,0x100079000,W
0x400104,0x100079000,W
0x400108,0x10007a000,W
0x400100,0x10007a000,W
0x400104,0x10007b000,W
0x400108,0x10007b000,R
0x401100,0x100039000,R
0x401104,0x10003a000,R
0x401108,0x10003b000,R
0x401100,0x10003c000,R
0x401104,0x10003d000,R
0x401108,0x10003e000,R
0x402100,0x100104000,R
0x402104,0x100104000,R
0x402100,0x100104000,R
0x402104,0x100104000,R
0x403100,0x1002e1000,R
0x403104,0x1002e2000,R
0x403100,0x1002e3000,R
0x403104,0x1002e4000,R
0x404100,0x100131000,R
0x404104,0x100131000,R
0x404108,0x100131000,R
0x40410c,0x100131000,R
0x400100,0x100085000,W
0x400104,0x100085000,W
0x400108,0x100086000,W
0x400100,0x100086000,W
0x400104,0x100087000,W
0x400108,0x100087000,R
0x401100,0x100051000,R
0x401104,0x100052000,R
0x401108,0x100053000,R
0x401100,0x100054000,R
0x401104,0x100055000,R
0x401108,0x100056000,R
0x402100,0x10010a000,R
0x402104,0x10010a000,R
0x402100,0x10010a000,R
0x402104,0x10010a000,R
0x403100,0x1002f9000,R
0x403104,0x1002fa000,R
0x403100,0x1002fb000,R
0x403104,0x1002fc000,R
0x404100,0x100132000,R
0x404104,0x100132000,R
0x404108,0x100132000,R
0x40410c,0x100132000,R
0x400100,0x100091000,W
0x400104,0x100091000,W
0x400108,0x100092000,W
0x400100,0x100092000,W
0x400104,0x100093000,W
0x400108,0x100093000,R
0x401100,0x100009000,R
0x401104,0x10000a000,R
0x401108,0x10000b000,R
0x401100,0x10000c000,R
0x401104,0x10000d000,R
0x401108,0x10000e000,R
0x402100,0x100110000,R
0x402104,0x100110000,R
0x402100,0x100110000,R
0x402104,0x100110000,R
0x403100,0x100311000,R
0x403104,0x100312000,R
0x403100,0x100313000,R
0x403104,0x100314000,R
0x404100,0x100133000,R
0x404104,0x100133000,R
0x404108,0x100133000,R
0x40410c,0x100133000,R
0x400100,0x10009d000,W
0x400104,0x10009d000,W
0x400108,0x10009e000,W
0x400100,0x10009e000,W
0x400104,0x10009f000,W
0x400108,0x10009f000,R
0x401100,0x100021000,R
0x401104,0x100022000,R
0x401108,0x100023000,R
0x401100,0x100024000,R
0x401104,0x100025000,R
0x401108,0x100026000,R
0x402100,0x100116000,R
0x402104,0x100116000,R
0x402100,0x100116000,R
0x402104,0x100116000,R
0x403100,0x100329000,R
0x403104,0x10032a000,R
0x403100,0x10032b000,R
0x403104,0x10032c000,R
0x404100,0x100134000,R
0x404104,0x100134000,R
0x404108,0x100134000,R
0x40410c,0x100134000,R
0x400100,0x1000a9000,W
0x400104,0x1000a9000,W
0x400108,0x1000aa000,W
0x400100,0x1000aa000,W
0x400104,0x1000ab000,W
0x400108,0x1000ab000,R
0x401100,0x100039000,R
0x401104,0x10003a000,R
0x401108,0x10003b000,R
0x401100,0x10003c000,R
0x401104,0x10003d000,R
0x401108,0x10003e000,R
0x402100,0x10011c000,R
0x402104,0x10011c000,R
0x402100,0x10011c000,R
0x402104,0x10011c000,R
0x403100,0x100341000,R
0x403104,0x100342000,R
0x403100,0x100343000,R
0x403104,0x100344000,R
0x404100,0x100135000,R
0x404104,0x100135000,R
0x404108,0x100135000,R
0x40410c,0x100135000,R
0x400100,0x1000b5000,W
0x400104,0x1000b5000,W
0x400108,0x1000b6000,W
0x400100,0x1000b6000,W
0x400104,0x1000b7000,W
0x400108,0x1000b7000,R
0x401100,0x100051000,R
0x401104,0x100052000,R
0x401108,0x100053000,R
0x401100,0x100054000,R
0x401104,0x100055000,R
0x401108,0x100056000,R
0x402100,0x1000c2000,R
0x402104,0x1000c2000,R
0x402100,0x1000c2000,R
0x402104,0x1000c2000,R
0x403100,0x100359000,R
0x403104,0x10035a000,R
0x403100,0x10035b000,R
0x403104,0x10035c000,R
0x404100,0x100136000,R
0x404104,0x100136000,R
0x404108,0x100136000,R
0x40410c,0x100136000,R
0x400100,0x100061000,W
0x400104,0x100061000,W
0x400108,0x100062000,W
0x400100,0x100062000,W
0x400104,0x100063000,W
0x400108,0x100063000,R
0x401100,0x100009000,R
0x401104,0x10000a000,R
0x401108,0x10000e000,R
0x401100,0x10000f000,R
0x401104,0x100010000,R
0x401108,0x100011000,R
0x402100,0x1000cd000,R
0x402104,0x1000cd000,R
0x402100,0x1000cd000,R
0x402104,0x1000cd000,W
0x403100,0x1003d2000,R
0x403104,0x1003d3000,R
0x403100,0x1003d4000,R
0x403104,0x1003d5000,R
0x404100,0x10013e000,R
0x404104,0x10013e000,R
0x404108,0x10013e000,R
0x40410c,0x10013e000,R
0x400100,0x10006e000,W
0x400104,0x10006e000,W
0x400108,0x10006f000,W
0x400100,0x10006f000,W
0x400104,0x100070000,W
0x400108,0x100070000,R
0x401100,0x100024000,R
0x401104,0x100025000,R
0x401108,0x100026000,R
0x401100,0x100027000,R
0x401104,0x100028000,R
0x401108,0x100029000,R
0x402100,0x1000d3000,R
0x402104,0x1000d3000,R
0x402100,0x1000d3000,R
0x402104,0x1000d3000,W
0x403100,0x1003ea000,R
0x403104,0x1003eb000,R
0x403100,0x1003ec000,R
0x403104,0x1003ed000,R
0x404100,0x10013f000,R
0x404104,0x10013f000,R
0x404108,0x10013f000,R
0x40410c,0x10013f000,R
0x400100,0x10007a000,W
0x400104,0x10007a000,W
0x400108,0x10007b000,W
0x400100,0x10007b000,W
0x400104,0x10007c000,W
0x400108,0x10007c000,R
0x401100,0x10003c000,R
0x401104,0x10003d000,R
0x401108,0x10003e000,R
0x401100,0x10003f000,R
0x401104,0x100040000,R
0x401108,0x100041000,R
0x402100,0x1000d9000,R
0x402104,0x1000d9000,R
0x402100,0x1000d9000,R
0x402104,0x1000d9000,W
0x403100,0x100402000,R
0x403104,0x100403000,R
0x403100,0x100404000,R
0x403104,0x100405000,R
0x404100,0x100140000,R
0x404104,0x100140000,R
0x404108,0x100140000,R
0x40410c,0x100140000,R
0x400100,0x100086000,W
0x400104,0x100086000,W
0x400108,0x100087000,W
0x400100,0x100087000,W
0x400104,0x100088000,W
0x400108,0x100088000,R
0x401100,0x100054000,R
0x401104,0x100055000,R
0x401108,0x100056000,R
0x401100,0x100057000,R
0x401104,0x100058000,R
0x401108,0x100059000,R
0x402100,0x1000df000,R
0x402104,0x1000df000,R
0x402100,0x1000df000,R
0x402104,0x1000df000,W
0x403100,0x10041a000,R
0x403104,0x10041b000,R
0x403100,0x10041c000,R
0x403104,0x10041d000,R
0x404100,0x100141000,R
0x404104,0x100141000,R
0x404108,0x100141000,R
0x40410c,0x100141000,R
0x400100,0x100092000,W
0x400104,0x100092000,W
0x400108,0x100093000,W
0x400100,0x100093000,W
0x400104,0x100094000,W
0x400108,0x100094000,R
0x401100,0x10000c000,R
0x401104,0x10000d000,R
0x401108,0x10000e000,R
0x401100,0x10000f000,R
0x401104,0x100010000,R
0x401108,0x100011000,R
0x402100,0x1000e5000,R
0x402104,0x1000e5000,R
0x402100,0x1000e5000,R
0x402104,0x1000e5000,W
0x403100,0x100432000,R
0x403104,0x100433000,R
0x403100,0x100434000,R
0x403104,0x100435000,R
0x404100,0x100142000,R
0x404104,0x100142000,R
0x404108,0x100142000,R
0x40410c,0x100142000,R
0x400100,0x10009e000,W
0x400104,0x10009e000,W
0x400108,0x10009f000,W
0x400100,0x10009f000,W
0x400104,0x1000a0000,W
0x400108,0x1000a0000,R
0x401100,0x100024000,R
0x401104,0x100025000,R
0x401108,0x100026000,R
0x401100,0x100027000,R
0x401104,0x100028000,R
0x401108,0x100029000,R
0x402100,0x1000eb000,R
0x402104,0x1000eb000,R
0x402100,0x1000eb000,R
0x402104,0x1000eb000,W
0x403100,0x10044a000,R
0x403104,0x10044b000,R
0x403100,0x10044c000,R
0x403104,0x10044d000,R
0x404100,0x100143000,R
0x404104,0x100143000,R
0x404108,0x100143000,R
0x40410c,0x100143000,R
0x400100,0x1000aa000,W
0x400104,0x1000aa000,W
0x400108,0x1000ab000,W
0x400100,0x1000ab000,W
0x400104,0x1000ac000,W
0x400108,0x1000ac000,R
0x401100,0x10003c000,R
0x401104,0x10003d000,R
0x401108,0x10003e000,R
0x401100,0x10003f000,R
0x401104,0x100040000,R
0x401108,0x100041000,R
0x402100,0x1000f1000,R
0x402104,0x1000f1000,R
0x402100,0x1000f1000,R
0x402104,0x1000f1000,W
0x403100,0x100462000,R
0x403104,0x100463000,R
0x403100,0x100464000,R
0x403104,0x100465000,R
0x404100,0x100144000,R
0x404104,0x100144000,R
0x404108,0x100144000,R
0x40410c,0x100144000,R
0x400100,0x1000b6000,W
0x400104,0x1000b6000,W
0x400108,0x1000b7000,W
0x400100,0x1000b7000,W
0x400104,0x1000b8000,W
0x400108,0x1000b8000,R
0x401100,0x100054000,R
0x401104,0x100055000,R
0x401108,0x100056000,R
0x401100,0x100057000,R
0x401104,0x100058000,R
0x401108,0x100059000,R
0x402100,0x1000f7000,R
0x402104,0x1000f7000,R
0x402100,0x1000f7000,R
0x402104,0x1000f7000,W
0x403100,0x10047a000,R
0x403104,0x10047b000,R
0x403100,0x10047c000,R
0x403104,0x10047d000,R
0x404100,0x100145000,R
0x404104,0x100145000,R
0x404108,0x100145000,R
0x40410c,0x100145000,R
0x400100,0x100062000,W
0x400104,0x100062000,W
0x400108,0x100063000,W
0x400100,0x100063000,W
0x400104,0x100064000,W
0x400108,0x100064000,R
0x401100,0x10000c000,R
0x401104,0x10000d000,R
0x401108,0x10000e000,R
0x401100,0x10000f000,R
0x401104,0x100010000,R
0x401108,0x100011000,R
0x402100,0x1000fd000,R
0x402104,0x1000fd000,R
0x402100,0x1000fd000,R
0x402104,0x1000fd000,W
0x403100,0x100492000,R
0x403104,0x100493000,R
0x403100,0x100494000,R
0x403104,0x100495000,R
0x404100,0x100146000,R
0x404104,0x100146000,R
0x404108,0x100146000,R
0x40410c,0x100146000,R
0x400100,0x10006e000,W
0x400104,0x10006e000,W
0x400108,0x10006f000,W
0x400100,0x10006f000,W
0x400104,0x100070000,W
0x400108,0x100070000,R
0x401100,0x100024000,R
0x401104,0x100025000,R
0x401108,0x100026000,R
0x401100,0x100027000,R
0x401104,0x100028000,R
0x401108,0x100029000,R
0x402100,0x100103000,R
0x402104,0x100103000,R
0x402100,0x100103000,R
0x402104,0x100103000,W
0x403100,0x1004aa000,R
0x403104,0x1004ab000,R
0x403100,0x1004ac000,R
0x403104,0x1004ad000,R
0x404100,0x100147000,R
0x404104,0x100147000,R
0x404108,0x100147000,R
0x40410c,0x100147000,R
0x400100,0x10007a000,W
0x400104,0x10007a000,W
0x400108,0x10007b000,W
0x400100,0x10007b000,W
0x400104,0x10007c000,W
0x400108,0x10007c000,R
0x401100,0x10003c000,R
0x401104,0x10003d000,R
0x401108,0x10003e000,R
0x401100,0x10003f000,R
0x401104,0x100040000,R
0x401108,0x100041000,R
0x402100,0x100109000,R
0x402104,0x100109000,R
0x402100,0x100109000,R
0x402104,0x100109000,W
0x403100,0x1004c2000,R
0x403104,0x1004c3000,R
0x403100,0x1004c4000,R
0x403104,0x1004c5000,R
0x404100,0x100148000,R
0x404104,0x100148000,R
0x404108,0x100148000,R
0x40410c,0x100148000,R
0x400100,0x100086000,W
0x400104,0x100086000,W
0x400108,0x100087000,W
0x400100,0x100087000,W
0x400104,0x100088000,W
0x400108,0x100088000,R
0x401100,0x100054000,R
0x401104,0x100055000,R
0x401108,0x100056000,R
0x401100,0x100057000,R
0x401104,0x100058000,R
0x401108,0x100059000,R
0x402100,0x10010f000,R
0x402104,0x10010f000,R
0x402100,0x10010f000,R
0x402104,0x10010f000,W
0x403100,0x1004da000,R
0x403104,0x1004db000,R
0x403100,0x1004dc000,R
0x403104,0x1004dd000,R
0x404100,0x100149000,R
0x404104,0x100149000,R
0x404108,0x100149000,R
0x40410c,0x100149000,R
0x400100,0x100092000,W
0x400104,0x100092000,W
0x400108,0x100093000,W
0x400100,0x100093000,W
0x400104,0x100094000,W
0x400108,0x100094000,R
0x401100,0x10000c000,R
0x401104,0x10000d000,R
0x401108,0x10000e000,R
0x401100,0x10000f000,R
0x401104,0x100010000,R
0x401108,0x100011000,R
0x402100,0x100115000,R
0x402104,0x100115000,R
0x402100,0x100115000,R
0x402104,0x100115000,W
0x403100,0x1004f2000,R
0x403104,0x1004f3000,R
0x403100,0x1004f4000,R
0x403104,0x1004f5000,R
0x404100,0x10014a000,R
0x404104,0x10014a000,R
0x404108,0x10014a000,R
0x40410c,0x10014a000,R
0x400100,0x10009e000,W
0x400104,0x10009e000,W
0x400108,0x10009f000,W
0x400100,0x10009f000,W
0x400104,0x1000a0000,W
0x400108,0x1000a0000,R
0x401100,0x100024000,R
0x401104,0x100025000,R
0x401108,0x100026000,R
0x401100,0x100027000,R
0x401104,0x100028000,R
0x401108,0x100029000,R
0x402100,0x10011b000,R
0x402104,0x10011b000,R
0x402100,0x10011b000,R
0x402104,0x10011b000,W
0x403100,0x10050a000,R
0x403104,0x10050b000,R
0x403100,0x10050c000,R
0x403104,0x10050d000,R
0x404100,0x10014b000,R
0x404104,0x10014b000,R
0x404108,0x10014b000,R
0x40410c,0x10014b000,R
0x400100,0x1000aa000,W
0x400104,0x1000aa000,W
0x400108,0x1000ab000,W
0x400100,0x1000ab000,W
0x400104,0x1000ac000,W
0x400108,0x1000ac000,R
0x401100,0x10003c000,R
0x401104,0x10003d000,R
0x401108,0x10003e000,R
0x401100,0x10003f000,R
0x401104,0x100040000,R
0x401108,0x100041000,R
0x402100,0x1000c1000,R
0x402104,0x1000c1000,R
0x402100,0x1000c1000,R
0x402104,0x1000c1000,W
0x403100,0x100522000,R
0x403104,0x100523000,R
0x403100,0x100524000,R
0x403104,0x100525000,R
0x404100,0x10014c000,R
0x404104,0x10014c000,R
0x404108,0x10014c000,R
0x40410c,0x10014c000,R
0x400100,0x1000b6000,W
0x400104,0x1000b6000,W
0x400108,0x1000b7000,W
0x400100,0x1000b7000,W
0x400104,0x1000b8000,W
0x400108,0x1000b8000,R
0x401100,0x100054000,R
0x401104,0x100055000,R
0x401108,0x100056000,R
0x401100,0x100057000,R
0x401104,0x100058000,R
0x401108,0x100059000,R
0x402100,0x1000c7000,R
0x402104,0x1000c7000,R
0x402100,0x1000c7000,R
0x402104,0x1000c7000,W
0x403100,0x10053a000,R
0x403104,0x10053b000,R
0x403100,0x10053c000,R
0x403104,0x10053d000,R
0x404100,0x10014d000,R
0x404104,0x10014d000,R
0x404108,0x10014d000,R
0x40410c,0x10014d000,R
0x400100,0x100062000,W
0x400104,0x100062000,W
0x400108,0x100063000,W
0x400100,0x100063000,W
0x400104,0x100064000,W
0x400108,0x100064000,R
0x401100,0x10000c000,R
0x401104,0x10000d000,R
0x401108,0x10000e000,R
0x401100,0x10000f000,R
0x401104,0x100010000,R
0x401108,0x100011000,R
0x402100,0x1000cd000,R
0x402104,0x1000cd000,R
0x402100,0x1000cd000,R
0x402104,0x1000cd000,W
0x403100,0x100552000,R
0x403104,0x100553000,R
0x403100,0x100554000,R
0x403104,0x100555000,R
0x404100,0x10014e000,R
0x404104,0x10014e000,R
0x404108,0x10014e000,R
0x40410c,0x10014e000,R
0x400100,0x10006e000,W
0x400104,0x10006e000,W
0x400108,0x10006f000,W
0x400100,0x10006f000,W
0x400104,0x100070000,W
0x400108,0x100070000,R
0x401100,0x100024000,R
0x401104,0x100025000,R
0x401108,0x100026000,R
0x401100,0x100027000,R
0x401104,0x100028000,R
0x401108,0x100029000,R
0x402100,0x1000d3000,R
0x402104,0x1000d3000,R
0x402100,0x1000d3000,R
0x402104,0x1000d3000,W
0x403100,0x10056a000,R
0x403104,0x10056b000,R
0x403100,0x10056c000,R
0x403104,0x10056d000,R
0x404100,0x10014f000,R
0x404104,0x10014f000,R
0x404108,0x10014f000,R
0x40410c,0x10014f000,R
0x400100,0x10007a000,W
0x400104,0x10007a000,W
0x400108,0x10007b000,W
0x400100,0x10007b000,W
0x400104,0x10007c000,W
0x400108,0x10007c000,R
0x401100,0x10003c000,R
0x401104,0x10003d000,R
0x401108,0x10003e000,R
0x401100,0x10003f000,R
0x401104,0x100040000,R
0x401108,0x100041000,R
0x402100,0x1000d9000,R
0x402104,0x1000d9000,R
0x402100,0x1000d9000,R
0x402104,0x1000d9000,W
0x403100,0x100582000,R
0x403104,0x100583000,R
0x403100,0x100584000,R
0x403104,0x100585000,R
0x404100,0x100150000,R
0x404104,0x100150000,R
0x404108,0x100150000,R
0x40410c,0x100150000,R
0x400100,0x100086000,W
0x400104,0x100086000,W
0x400108,0x100087000,W
0x400100,0x100087000,W
0x400104,0x100088000,W
0x400108,0x100088000,R
0x401100,0x100054000,R
0x401104,0x100055000,R
0x401108,0x100056000,R
0x401100,0x100057000,R
0x401104,0x100058000,R
0x401108,0x100059000,R
0x402100,0x1000df000,R
0x402104,0x1000df000,R
0x402100,0x1000df000,R
0x402104,0x1000df000,W
0x403100,0x10059a000,R
0x403104,0x10059b000,R
0x403100,0x10059c000,R
0x403104,0x10059d000,R
0x404100,0x100151000,R
0x404104,0x100151000,R
0x404108,0x100151000,R
0x40410c,0x100151000,R
0x400100,0x100092000,W
0x400104,0x100092000,W
0x400108,0x100093000,W
0x400100,0x100093000,W
0x400104,0x100094000,W
0x400108,0x100094000,R
0x401100,0x10000c000,R
0x401104,0x10000d000,R
0x401108,0x10000e000,R
0x401100,0x10000f000,R
0x401104,0x100010000,R
0x401108,0x100011000,R
0x402100,0x1000e5000,R
0x402104,0x1000e5000,R
0x402100,0x1000e5000,R
0x402104,0x1000e5000,W
0x403100,0x1005b2000,R
0x403104,0x1005b3000,R
0x403100,0x1005b4000,R
0x403104,0x1005b5000,R
0x404100,0x100152000,R
0x404104,0x100152000,R
0x404108,0x100152000,R
0x40410c,0x100152000,R
0x400100,0x10009e000,W
0x400104,0x10009e000,W
0x400108,0x10009f000,W
0x400100,0x10009f000,W
0x400104,0x1000a0000,W
0x400108,0x1000a0000,R
0x401100,0x100024000,R
0x401104,0x100025000,R
0x401108,0x100026000,R
0x401100,0x100027000,R
0x401104,0x100028000,R
0x401108,0x100029000,R
0x402100,0x1000eb000,R
0x402104,0x1000eb000,R
0x402100,0x1000eb000,R
0x402104,0x1000eb000,W
0x403100,0x1005ca000,R
0x403104,0x1005cb000,R
0x403100,0x1005cc000,R
0x403104,0x1005cd000,R
0x404100,0x100153000,R
0x404104,0x100153000,R
0x404108,0x100153000,R
0x40410c,0x100153000,R
0x400100,0x1000aa000,W
0x400104,0x1000aa000,W
0x400108,0x1000ab000,W
0x400100,0x1000ab000,W
0x400104,0x1000ac000,W
0x400108,0x1000ac000,R
0x401100,0x10003c000,R
0x401104,0x10003d000,R
0x401108,0x10003e000,R
0x401100,0x10003f000,R
0x401104,0x100040000,R
0x401108,0x100041000,R
0x402100,0x1000f1000,R
0x402104,0x1000f1000,R
0x402100,0x1000f1000,R
0x402104,0x1000f1000,W
0x403100,0x1005e2000,R
0x403104,0x1005e3000,R
0x403100,0x1005e4000,R
0x403104,0x1005e5000,R
0x404100,0x100154000,R
0x404104,0x100154000,R
0x404108,0x100154000,R
0x40410c,0x100154000,R
0x400100,0x1000b6000,W
0x400104,0x1000b6000,W
0x400108,0x1000b7000,W
0x400100,0x1000b7000,W
0x400104,0x1000b8000,W
0x400108,0x1000b8000,R
0x401100,0x100054000,R
0x401104,0x100055000,R
0x401108,0x100056000,R
0x401100,0x100057000,R
0x401104,0x100058000,R
0x401108,0x100059000,R
0x402100,0x1000f7000,R
0x402104,0x1000f7000,R
0x402100,0x1000f7000,R
0x402104,0x1000f7000,W
0x403100,0x1005fa000,R
0x403104,0x1005fb000,R
0x403100,0x1005fc000,R
0x403104,0x1005fd000,R
0x404100,0x100155000,R
0x404104,0x100155000,R
0x404108,0x100155000,R
0x40410c,0x100155000,R
0x400100,0x100062000,W
0x400104,0x100062000,W
0x400108,0x100063000,W
0x400100,0x100063000,W
0x400104,0x100064000,W
0x400108,0x100064000,R
0x401100,0x10000c000,R
0x401104,0x10000d000,R
0x401108,0x10000e000,R
0x401100,0x10000f000,R
0x401104,0x100010000,R
0x401108,0x100011000,R
0x402100,0x1000fd000,R
0x402104,0x1000fd000,R
0x402100,0x1000fd000,R
0x402104,0x1000fd000,W
0x403100,0x100192000,R
0x403104,0x100193000,R
0x403100,0x100194000,R
0x403104,0x100195000,R
0x404100,0x100156000,R
0x404104,0x100156000,R
0x404108,0x100156000,R
0x40410c,0x100156000,R
0x400100,0x10006e000,W
0x400104,0x10006e000,W
0x400108,0x10006f000,W
0x400100,0x10006f000,W
0x400104,0x100070000,W
0x400108,0x100070000,R
0x401100,0x100024000,R
0x401104,0x100025000,R
0x401108,0x100026000,R
0x401100,0x100027000,R
0x401104,0x100028000,R
0x401108,0x100029000,R
0x402100,0x100103000,R
0x402104,0x100103000,R
0x402100,0x100103000,R
0x402104,0x100103000,W
0x403100,0x1001aa000,R
0x403104,0x1001ab000,R
0x403100,0x1001ac000,R
0x403104,0x1001ad000,R
0x404100,0x100157000,R
0x404104,0x100157000,R
0x404108,0x100157000,R
0x40410c,0x100157000,R
0x400100,0x10007a000,W
0x400104,0x10007a000,W
0x400108,0x10007b000,W
0x400100,0x10007b000,W
0x400104,0x10007c000,W
0x400108,0x10007c000,R
0x401100,0x10003c000,R
0x401104,0x10003d000,R
0x401108,0x10003e000,R
0x401100,0x10003f000,R
0x401104,0x100040000,R
0x401108,0x100041000,R
0x402100,0x100109000,R
0x402104,0x100109000,R
0x402100,0x100109000,R
0x402104,0x100109000,W
0x403100,0x1001c2000,R
0x403104,0x1001c3000,R
0x403100,0x1001c4000,R
0x403104,0x1001c5000,R
0x404100,0x100158000,R
0x404104,0x100158000,R
0x404108,0x100158000,R
0x40410c,0x100158000,R
0x400100,0x100086000,W
0x400104,0x100086000,W
0x400108,0x100087000,W
0x400100,0x100087000,W
0x400104,0x100088000,W
0x400108,0x100088000,R
0x401100,0x100054000,R
0x401104,0x100055000,R
0x401108,0x100056000,R
0x401100,0x100057000,R
0x401104,0x100058000,R
0x401108,0x100059000,R
0x402100,0x10010f000,R
0x402104,0x10010f000,R
0x402100,0x10010f000,R
0x402104,0x10010f000,W
0x403100,0x1001da000,R
0x403104,0x1001db000,R
0x403100,0x1001dc000,R
0x403104,0x1001dd000,R
0x404100,0x100159000,R
0x404104,0x100159000,R
0x404108,0x100159000,R
0x40410c,0x100159000,R
0x400100,0x100092000,W
0x400104,0x100092000,W
0x400108,0x100093000,W
0x400100,0x100093000,W
0x400104,0x100094000,W
0x400108,0x100094000,R
0x401100,0x10000c000,R
0x401104,0x10000d000,R
0x401108,0x10000e000,R
0x401100,0x10000f000,R
0x401104,0x100010000,R
0x401108,0x100011000,R
0x402100,0x100115000,R
0x402104,0x100115000,R
0x402100,0x100115000,R
0x402104,0x100115000,W
0x403100,0x1001f2000,R
0x403104,0x1001f3000,R
0x403100,0x1001f4000,R
0x403104,0x1001f5000,R
0x404100,0x10015a000,R
0x404104,0x10015a000,R
0x404108,0x10015a000,R
0x40410c,0x10015a000,R
0x400100,0x10009e000,W
0x400104,0x10009e000,W
0x400108,0x10009f000,W
0x400100,0x10009f000,W
0x400104,0x1000a0000,W
0x400108,0x1000a0000,R
0x401100,0x100024000,R
0x401104,0x100025000,R
0x401108,0x100026000,R
0x401100,0x100027000,R
0x401104,0x100028000,R
0x401108,0x100029000,R
0x402100,0x10011b000,R
0x402104,0x10011b000,R
0x402100,0x10011b000,R
0x402104,0x10011b000,W
0x403100,0x10020a000,R
0x403104,0x10020b000,R
0x403100,0x10020c000,R
0x403104,0x10020d000,R
0x404100,0x10015b000,R
0x404104,0x10015b000,R
0x404108,0x10015b000,R
0x40410c,0x10015b000,R
0x400100,0x1000aa000,W
0x400104,0x1000aa000,W
0x400108,0x1000ab000,W
0x400100,0x1000ab000,W
0x400104,0x1000ac000,W
0x400108,0x1000ac000,R
0x401100,0x10003c000,R
0x401104,0x10003d000,R
0x401108,0x10003e000,R
0x401100,0x10003f000,R
0x401104,0x100040000,R
0x401108,0x100041000,R
0x402100,0x1000c1000,R
0x402104,0x1000c1000,R
0x402100,0x1000c1000,R
0x402104,0x1000c1000,W
0x403100,0x100222000,R
0x403104,0x100223000,R
0x403100,0x100224000,R
0x403104,0x100225000,R
0x404100,0x10015c000,R
0x404104,0x10015c000,R
0x404108,0x10015c000,R
0x40410c,0x10015c000,R
0x400100,0x1000b6000,W
0x400104,0x1000b6000,W
0x400108,0x1000b7000,W
0x400100,0x1000b7000,W
0x400104,0x1000b8000,W
0x400108,0x1000b8000,R
0x401100,0x100054000,R
0x401104,0x100055000,R
0x401108,0x100056000,R
0x401100,0x100057000,R
0x401104,0x100058000,R
0x401108,0x100059000,R
0x402100,0x1000c7000,R
0x402104,0x1000c7000,R
0x402100,0x1000c7000,R
0x402104,0x1000c7000,W
0x403100,0x10023a000,R
0x403104,0x10023b000,R
0x403100,0x10023c000,R
0x403104,0x10023d000,R
0x404100,0x10015d000,R
0x404104,0x10015d000,R
0x404108,0x10015d000,R
0x40410c,0x10015d000,R
0x400100,0x100062000,W
0x400104,0x100062000,W
0x400108,0x100063000,W
0x400100,0x100063000,W
0x400104,0x100064000,W
0x400108,0x100064000,R
0x401100,0x10000c000,R
0x401104,0x10000d000,R
0x401108,0x10000e000,R
0x401100,0x10000f000,R
0x401104,0x100010000,R
0x401108,0x100011000,R
0x402100,0x1000cd000,R
0x402104,0x1000cd000,R
0x402100,0x1000cd000,R
0x402104,0x1000cd000,W
0x403100,0x100252000,R
0x403104,0x100253000,R
0x403100,0x100254000,R
0x403104,0x100255000,R
0x404100,0x10015e000,R
0x404104,0x10015e000,R
0x404108,0x10015e000,R
0x40410c,0x10015e000,R
0x400100,0x10006e000,W
0x400104,0x10006e000,W
0x400108,0x10006f000,W
0x400100,0x10006f000,W
0x400104,0x100070000,W
0x400108,0x100070000,R
0x401100,0x100024000,R
0x401104,0x100025000,R
0x401108,0x100026000,R
0x401100,0x100027000,R
0x401104,0x100028000,R
0x401108,0x100029000,R
0x402100,0x1000d3000,R
0x402104,0x1000d3000,R
0x402100,0x1000d3000,R
0x402104,0x1000d3000,W
0x403100,0x10026a000,R
0x403104,0x10026b000,R
0x403100,0x10026c000,R
0x403104,0x10026d000,R
0x404100,0x10015f000,R
0x404104,0x10015f000,R
0x404108,0x10015f000,R
0x40410c,0x10015f000,R
0x400100,0x10007a000,W
0x400104,0x10007a000,W
0x400108,0x10007b000,W
0x400100,0x10007b000,W
0x400104,0x10007c000,W
0x400108,0x10007c000,R
0x401100,0x10003c000,R
0x401104,0x10003d000,R
0x401108,0x10003e000,R
0x401100,0x10003f000,R
0x401104,0x100040000,R
0x401108,0x100041000,R
0x402100,0x1000d9000,R
0x402104,0x1000d9000,R
0x402100,0x1000d9000,R
0x402104,0x1000d9000,W
0x403100,0x100282000,R
0x403104,0x100283000,R
0x403100,0x100284000,R
0x403104,0x100285000,R
0x404100,0x100160000,R
0x404104,0x100160000,R
0x404108,0x100160000,R
0x40410c,0x100160000,R
0x400100,0x100086000,W
0x400104,0x100086000,W
0x400108,0x100087000,W
0x400100,0x100087000,W
0x400104,0x100088000,W
0x400108,0x100088000,R
0x401100,0x100054000,R
0x401104,0x100055000,R
0x401108,0x100056000,R
0x401100,0x100057000,R
0x401104,0x100058000,R
0x401108,0x100059000,R
0x402100,0x1000df000,R
0x402104,0x1000df000,R
0x402100,0x1000df000,R
0x402104,0x1000df000,W
0x403100,0x10029a000,R
0x403104,0x10029b000,R
0x403100,0x10029c000,R
0x403104,0x10029d000,R
0x404100,0x100161000,R
0x404104,0x100161000,R
0x404108,0x100161000,R
0x40410c,0x100161000,R
0x400100,0x100092000,W
0x400104,0x100092000,W
0x400108,0x100093000,W
0x400100,0x100093000,W
0x400104,0x100094000,W
0x400108,0x100094000,R
0x401100,0x10000c000,R
0x401104,0x10000d000,R
0x401108,0x10000e000,R
0x401100,0x10000f000,R
0x401104,0x100010000,R
0x401108,0x100011000,R
0x402100,0x1000e5000,R
0x402104,0x1000e5000,R
0x402100,0x1000e5000,R
0x402104,0x1000e5000,W
0x403100,0x1002b2000,R
0x403104,0x1002b3000,R
0x403100,0x1002b4000,R
0x403104,0x1002b5000,R
0x404100,0x100162000,R
0x404104,0x100162000,R
0x404108,0x100162000,R
0x40410c,0x100162000,R
0x400100,0x10009e000,W
0x400104,0x10009e000,W
0x400108,0x10009f000,W
0x400100,0x10009f000,W
0x400104,0x1000a0000,W
0x400108,0x1000a0000,R
0x401100,0x100024000,R
0x401104,0x100025000,R
0x401108,0x100026000,R
0x401100,0x100027000,R
0x401104,0x100028000,R
0x401108,0x100029000,R
0x402100,0x1000eb000,R
0x402104,0x1000eb000,R
0x402100,0x1000eb000,R
0x402104,0x1000eb000,W
0x403100,0x1002ca000,R
0x403104,0x1002cb000,R
0x403100,0x1002cc000,R
0x403104,0x1002cd000,R
0x404100,0x100163000,R
0x404104,0x100163000,R
0x404108,0x100163000,R
0x40410c,0x100163000,R
0x400100,0x1000aa000,W
0x400104,0x1000aa000,W
0x400108,0x1000ab000,W
0x400100,0x1000ab000,W
0x400104,0x1000ac000,W
0x400108,0x1000ac000,R
0x401100,0x10003c000,R
0x401104,0x10003d000,R
0x401108,0x10003e000,R
0x401100,0x10003f000,R
0x401104,0x100040000,R
0x401108,0x100041000,R
0x402100,0x1000f1000,R
0x402104,0x1000f1000,R
0x402100,0x1000f1000,R
0x402104,0x1000f1000,W
0x403100,0x1002e2000,R
0x403104,0x1002e3000,R
0x403100,0x1002e4000,R
0x403104,0x1002e5000,R
0x404100,0x100164000,R
0x404104,0x100164000,R
0x404108,0x100164000,R
0x40410c,0x100164000,R
0x400100,0x1000b6000,W
0x400104,0x1000b6000,W
0x400108,0x1000b7000,W
0x400100,0x1000b7000,W
0x400104,0x1000b8000,W
0x400108,0x1000b8000,R
0x401100,0x100054000,R
0x401104,0x100055000,R
0x401108,0x100056000,R
0x401100,0x100057000,R
0x401104,0x100058000,R
0x401108,0x100059000,R
0x402100,0x1000f7000,R
0x402104,0x1000f7000,R
0x402100,0x1000f7000,R
0x402104,0x1000f7000,W
0x403100,0x1002fa000,R
0x403104,0x1002fb000,R
0x403100,0x1002fc000,R
0x403104,0x1002fd000,R
0x404100,0x100165000,R
0x404104,0x100165000,R
0x404108,0x100165000,R
0x40410c,0x100165000,R
0x400100,0x100062000,W
0x400104,0x100062000,W
0x400108,0x100063000,W
0x400100,0x100063000,W
0x400104,0x100064000,W
0x400108,0x100064000,R
0x401100,0x10000c000,R
0x401104,0x10000d000,R
0x401108,0x10000e000,R
0x401100,0x10000f000,R
0x401104,0x100010000,R
0x401108,0x100011000,R
0x402100,0x1000fd000,R
0x402104,0x1000fd000,R
0x402100,0x1000fd000,R
0x402104,0x1000fd000,W
0x403100,0x100312000,R
0x403104,0x100313000,R
0x403100,0x100314000,R
0x403104,0x100315000,R
0x404100,0x100166000,R
0x404104,0x100166000,R
0x404108,0x100166000,R
0x40410c,0x100166000,R
0x400100,0x10006e000,W
0x400104,0x10006e000,W
0x400108,0x10006f000,W
0x400100,0x10006f000,W
0x400104,0x100070000,W
0x400108,0x100070000,R
0x401100,0x100024000,R
0x401104,0x100025000,R
0x401108,0x100026000,R
0x401100,0x100027000,R
0x401104,0x100028000,R
0x401108,0x100029000,R
0x402100,0x100103000,R
0x402104,0x100103000,R
0x402100,0x100103000,R
0x402104,0x100103000,W
0x403100,0x10032a000,R
0x403104,0x10032b000,R
0x403100,0x10032c000,R
0x403104,0x10032d000,R
0x404100,0x100167000,R
0x404104,0x100167000,R
0x404108,0x100167000,R
0x40410c,0x100167000,R
0x400100,0x10007a000,W
0x400104,0x10007a000,W
0x400108,0x10007b000,W
0x400100,0x10007b000,W
0x400104,0x10007c000,W
0x400108,0x10007c000,R
0x401100,0x10003c000,R
0x401104,0x10003d000,R
0x401108,0x10003e000,R
0x401100,0x10003f000,R
0x401104,0x100040000,R
0x401108,0x100041000,R
0x402100,0x100109000,R
0x402104,0x100109000,R
0x402100,0x100109000,R
0x402104,0x100109000,W
0x403100,0x100342000,R
0x403104,0x100343000,R
0x403100,0x100344000,R
0x403104,0x100345000,R
0x404100,0x100168000,R
0x404104,0x100168000,R
0x404108,0x100168000,R
0x40410c,0x100168000,R
0x400100,0x100086000,W
0x400104,0x100086000,W
0x400108,0x100087000,W
0x400100,0x100087000,W
0x400104,0x100088000,W
0x400108,0x100088000,R
0x401100,0x100054000,R
0x401104,0x100055000,R
0x401108,0x100056000,R
0x401100,0x100057000,R
0x401104,0x100058000,R
0x401108,0x100059000,R
0x402100,0x10010f000,R
0x402104,0x10010f000,R
0x402100,0x10010f000,R
0x402104,0x10010f000,W
0x403100,0x10035a000,R
0x403104,0x10035b000,R
0x403100,0x10035c000,R
0x403104,0x10035d000,R
0x404100,0x100169000,R
0x404104,0x100169000,R
0x404108,0x100169000,R
0x40410c,0x100169000,R
0x400100,0x100092000,W
0x400104,0x100092000,W
0x400108,0x100093000,W
0x400100,0x100093000,W
0x400104,0x100094000,W
0x400108,0x100094000,R
0x401100,0x10000c000,R
0x401104,0x10000d000,R
0x401108,0x10000e000,R
0x401100,0x10000f000,R
0x401104,0x100010000,R
0x401108,0x100011000,R
0x402100,0x100115000,R
0x402104,0x100115000,R
0x402100,0x100115000,R
0x402104,0x100115000,W
0x403100,0x100372000,R
0x403104,0x100373000,R
0x403100,0x100374000,R
0x403104,0x100375000,R
0x404100,0x10016a000,R
0x404104,0x10016a000,R
0x404108,0x10016a000,R
0x40410c,0x10016a000,R
0x400100,0x10009e000,W
0x400104,0x10009e000,W
0x400108,0x10009f000,W
0x400100,0x10009f000,W
0x400104,0x1000a0000,W
0x400108,0x1000a0000,R
0x401100,0x100024000,R
0x401104,0x100025000,R
0x401108,0x100026000,R
0x401100,0x100027000,R
0x401104,0x100028000,R
0x401108,0x100029000,R
0x402100,0x10011b000,R
0x402104,0x10011b000,R
0x402100,0x10011b000,R
0x402104,0x10011b000,W
0x403100,0x10038a000,R
0x403104,0x10038b000,R
0x403100,0x10038c000,R
0x403104,0x10038d000,R
0x404100,0x10016b000,R
0x404104,0x10016b000,R
0x404108,0x10016b000,R
0x40410c,0x10016b000,R
0x400100,0x1000aa000,W
0x400104,0x1000aa000,W
0x400108,0x1000ab000,W
0x400100,0x1000ab000,W
0x400104,0x1000ac000,W
0x400108,0x1000ac000,R
0x401100,0x10003c000,R
0x401104,0x10003d000,R
0x401108,0x10003e000,R
0x401100,0x10003f000,R
0x401104,0x100040000,R
0x401108,0x100041000,R
0x402100,0x1000c1000,R
0x402104,0x1000c1000,R
0x402100,0x1000c1000,R
0x402104,0x1000c1000,W
0x403100,0x1003a2000,R
0x403104,0x1003a3000,R
0x403100,0x1003a4000,R
0x403104,0x1003a5000,R
0x404100,0x10016c000,R
0x404104,0x10016c000,R
0x404108,0x10016c000,R
0x40410c,0x10016c000,R
0x400100,0x1000b6000,W
0x400104,0x1000b6000,W
0x400108,0x1000b7000,W
0x400100,0x1000b7000,W
0x400104,0x1000b8000,W
0x400108,0x1000b8000,R
0x401100,0x100054000,R
0x401104,0x100055000,R
0x401108,0x100056000,R
0x401100,0x100057000,R
0x401104,0x100058000,R
0x401108,0x100059000,R
0x402100,0x1000c7000,R
0x402104,0x1000c7000,R
0x402100,0x1000c7000,R
0x402104,0x1000c7000,W
0x403100,0x1003ba000,R
0x403104,0x1003bb000,R
0x403100,0x1003bc000,R
0x403104,0x1003bd000,R
0x404100,0x10016d000,R
0x404104,0x10016d000,R
0x404108,0x10016d000,R
0x40410c,0x10016d000,R
0x400100,0x100062000,W
0x400104,0x100062000,W
0x400108,0x100063000,W
0x400100,0x100063000,W
0x400104,0x100064000,W
0x400108,0x100064000,R
0x401100,0x10000c000,R
0x401104,0x10000d000,R
0x401108,0x10000e000,R
0x401100,0x10000f000,R
0x401104,0x100010000,R
0x401108,0x100011000,R
0x402100,0x1000cd000,R
0x402104,0x1000cd000,R
0x402100,0x1000cd000,R
0x402104,0x1000cd000,W
0x403100,0x1003d2000,R
0x403104,0x1003d3000,R
0x403100,0x1003d4000,R
0x403104,0x1003d5000,R
0x404100,0x10016e000,R
0x404104,0x10016e000,R
0x404108,0x10016e000,R
0x40410c,0x10016e000,R
0x400100,0x10006e000,W
0x400104,0x10006e000,W
0x400108,0x10006f000,W
0x400100,0x10006f000,W
0x400104,0x100070000,W
0x400108,0x100070000,R
0x401100,0x100024000,R
0x401104,0x100025000,R
0x401108,0x100026000,R
0x401100,0x100027000,R
0x401104,0x100028000,R
0x401108,0x100029000,R
0x402100,0x1000d3000,R
0x402104,0x1000d3000,R
0x402100,0x1000d3000,R
0x402104,0x1000d3000,W
0x403100,0x1003ea000,R
0x403104,0x1003eb000,R
0x403100,0x1003ec000,R
0x403104,0x1003ed000,R
0x404100,0x10016f000,R
0x404104,0x10016f000,R
0x404108,0x10016f000,R
0x40410c,0x10016f000,R
0x400100,0x10007a000,W
0x400104,0x10007a000,W
0x400108,0x10007b000,W
0x400100,0x10007b000,W
0x400104,0x10007c000,W
0x400108,0x10007c000,R
0x401100,0x10003c000,R
0x401104,0x10003d000,R
0x401108,0x10003e000,R
0x401100,0x10003f000,R
0x401104,0x100040000,R
0x401108,0x100041000,R
0x402100,0x1000d9000,R
0x402104,0x1000d9000,R
0x402100,0x1000d9000,R
0x402104,0x1000d9000,W
0x403100,0x100402000,R
0x403104,0x100403000,R
0x403100,0x100404000,R
0x403104,0x100405000,R
0x404100,0x100170000,R
0x404104,0x100170000,R
0x404108,0x100170000,R
0x40410c,0x100170000,R
0x400100,0x100086000,W
0x400104,0x100086000,W
0x400108,0x100087000,W
0x400100,0x100087000,W
0x400104,0x100088000,W
0x400108,0x100088000,R
0x401100,0x100054000,R
0x401104,0x100055000,R
0x401108,0x100056000,R
0x401100,0x100057000,R
0x401104,0x100058000,R
0x401108,0x100059000,R
0x402100,0x1000df000,R
0x402104,0x1000df000,R
0x402100,0x1000df000,R
0x402104,0x1000df000,W
0x403100,0x10041a000,R
0x403104,0x10041b000,R
0x403100,0x10041c000,R
0x403104,0x10041d000,R
0x404100,0x100171000,R
0x404104,0x100171000,R
0x404108,0x100171000,R
0x40410c,0x100171000,R
0x400100,0x100092000,W
0x400104,0x100092000,W
0x400108,0x100093000,W
0x400100,0x100093000,W
0x400104,0x100094000,W
0x400108,0x100094000,R
0x401100,0x10000c000,R
0x401104,0x10000d000,R
0x401108,0x10000e000,R
0x401100,0x10000f000,R
0x401104,0x100010000,R
0x401108,0x100011000,R
0x402100,0x1000e5000,R
0x402104,0x1000e5000,R
0x402100,0x1000e5000,R
0x402104,0x1000e5000,W
0x403100,0x100432000,R
0x403104,0x100433000,R
0x403100,0x100434000,R
0x403104,0x100435000,R
0x404100,0x100172000,R
0x404104,0x100172000,R
0x404108,0x100172000,R
0x40410c,0x100172000,R
0x400100,0x10009e000,W
0x400104,0x10009e000,W
0x400108,0x10009f000,W
0x400100,0x10009f000,W
0x400104,0x1000a0000,W
0x400108,0x1000a0000,R
0x401100,0x100024000,R
0x401104,0x100025000,R
0x401108,0x100026000,R
0x401100,0x100027000,R
0x401104,0x100028000,R
0x401108,0x100029000,R
0x402100,0x1000eb000,R
0x402104,0x1000eb000,R
0x402100,0x1000eb000,R
0x402104,0x1000eb000,W
0x403100,0x10044a000,R
0x403104,0x10044b000,R
0x403100,0x10044c000,R
0x403104,0x10044d000,R
0x404100,0x100173000,R
0x404104,0x100173000,R
0x404108,0x100173000,R
0x40410c,0x100173000,R
0x400100,0x1000aa000,W
0x400104,0x1000aa000,W
0x400108,0x1000ab000,W
0x400100,0x1000ab000,W
0x400104,0x1000ac000,W
0x400108,0x1000ac000,R
0x401100,0x10003c000,R
0x401104,0x10003d000,R
0x401108,0x10003e000,R
0x401100,0x10003f000,R
0x401104,0x100040000,R
0x401108,0x100041000,R
0x402100,0x1000f1000,R
0x402104,0x1000f1000,R
0x402100,0x1000f1000,R
0x402104,0x1000f1000,W
0x403100,0x100462000,R
0x403104,0x100463000,R
0x403100,0x100464000,R
0x403104,0x100465000,R
0x404100,0x100174000,R
0x404104,0x100174000,R
0x404108,0x100174000,R
0x40410c,0x100174000,R
0x400100,0x1000b6000,W
0x400104,0x1000b6000,W
0x400108,0x1000b7000,W
0x400100,0x1000b7000,W
0x400104,0x1000b8000,W
0x400108,0x1000b8000,R
0x401100,0x100054000,R
0x401104,0x100055000,R
0x401108,0x100056000,R
0x401100,0x100057000,R
0x401104,0x100058000,R
0x401108,0x100059000,R
0x402100,0x1000f7000,R
0x402104,0x1000f7000,R
0x402100,0x1000f7000,R
0x402104,0x1000f7000,W
0x403100,0x10047a000,R
0x403104,0x10047b000,R
0x403100,0x10047c000,R
0x403104,0x10047d000,R
0x404100,0x100175000,R
0x404104,0x100175000,R
0x404108,0x100175000,R
0x40410c,0x100175000,R
0x400100,0x100062000,W
0x400104,0x100062000,W
0x400108,0x100063000,W
0x400100,0x100063000,W
0x400104,0x100064000,W
0x400108,0x100064000,R
0x401100,0x10000c000,R
0x401104,0x10000d000,R
0x401108,0x10000e000,R
0x401100,0x10000f000,R
0x401104,0x100010000,R
0x401108,0x100011000,R
0x402100,0x1000fd000,R
0x402104,0x1000fd000,R
0x402100,0x1000fd000,R
0x402104,0x1000fd000,W
0x403100,0x100492000,R
0x403104,0x100493000,R
0x403100,0x100494000,R
0x403104,0x100495000,R
0x404100,0x100176000,R
0x404104,0x100176000,R
0x404108,0x100176000,R
0x40410c,0x100176000,R
0x400100,0x10006e000,W
0x400104,0x10006e000,W
0x400108,0x10006f000,W
0x400100,0x10006f000,W
0x400104,0x100070000,W
0x400108,0x100070000,R
0x401100,0x100024000,R
0x401104,0x100025000,R
0x401108,0x100026000,R
0x401100,0x100027000,R
0x401104,0x100028000,R
0x401108,0x100029000,R
0x402100,0x100103000,R
0x402104,0x100103000,R
0x402100,0x100103000,R
0x402104,0x100103000,W
0x403100,0x1004aa000,R
0x403104,0x1004ab000,R
0x403100,0x1004ac000,R
0x403104,0x1004ad000,R
0x404100,0x100177000,R
0x404104,0x100177000,R
0x404108,0x100177000,R
0x40410c,0x100177000,R
0x400100,0x10007a000,W
0x400104,0x10007a000,W
0x400108,0x10007b000,W
0x400100,0x10007b000,W
0x400104,0x10007c000,W
0x400108,0x10007c000,R
0x401100,0x10003c000,R
0x401104,0x10003d000,R
0x401108,0x10003e000,R
0x401100,0x10003f000,R
0x401104,0x100040000,R
0x401108,0x100041000,R
0x402100,0x100109000,R
0x402104,0x100109000,R
0x402100,0x100109000,R
0x402104,0x100109000,W
0x403100,0x1004c2000,R
0x403104,0x1004c3000,R
0x403100,0x1004c4000,R
0x403104,0x1004c5000,R
0x404100,0x100178000,R
0x404104,0x100178000,R
0x404108,0x100178000,R
0x40410c,0x100178000,R
0x400100,0x100086000,W
0x400104,0x100086000,W
0x400108,0x100087000,W
0x400100,0x100087000,W
0x400104,0x100088000,W
0x400108,0x100088000,R
0x401100,0x100054000,R
0x401104,0x100055000,R
0x401108,0x100056000,R
0x401100,0x100057000,R
0x401104,0x100058000,R
0x401108,0x100059000,R
0x402100,0x10010f000,R
0x402104,0x10010f000,R
0x402100,0x10010f000,R
0x402104,0x10010f000,W
0x403100,0x1004da000,R
0x403104,0x1004db000,R
0x403100,0x1004dc000,R
0x403104,0x1004dd000,R
0x404100,0x100179000,R
0x404104,0x100179000,R
0x404108,0x100179000,R
0x40410c,0x100179000,R
0x400100,0x100092000,W
0x400104,0x100092000,W
0x400108,0x100093000,W
0x400100,0x100093000,W
0x400104,0x100094000,W
0x400108,0x100094000,R
0x401100,0x10000c000,R
0x401104,0x10000d000,R
0x401108,0x10000e000,R
0x401100,0x10000f000,R
0x401104,0x100010000,R
0x401108,0x100011000,R
0x402100,0x100115000,R
0x402104,0x100115000,R
0x402100,0x100115000,R
0x402104,0x100115000,W
0x403100,0x1004f2000,R
0x403104,0x1004f3000,R
0x403100,0x1004f4000,R
0x403104,0x1004f5000,R
0x404100,0x10017a000,R
0x404104,0x10017a000,R
0x404108,0x10017a000,R
0x40410c,0x10017a000,R
0x400100,0x10009e000,W
0x400104,0x10009e000,W
0x400108,0x10009f000,W
0x400100,0x10009f000,W
0x400104,0x1000a0000,W
0x400108,0x1000a0000,R
0x401100,0x100024000,R
0x401104,0x100025000,R
0x401108,0x100026000,R
0x401100,0x100027000,R
0x401104,0x100028000,R
0x401108,0x100029000,R
0x402100,0x10011b000,R
0x402104,0x10011b000,R
0x402100,0x10011b000,R
0x402104,0x10011b000,W
0x403100,0x10050a000,R
0x403104,0x10050b000,R
0x403100,0x10050c000,R
0x403104,0x10050d000,R
0x404100,0x10017b000,R
0x404104,0x10017b000,R
0x404108,0x10017b000,R
0x40410c,0x10017b000,R
0x400100,0x1000aa000,W
0x400104,0x1000aa000,W
0x400108,0x1000ab000,W
0x400100,0x1000ab000,W
0x400104,0x1000ac000,W
0x400108,0x1000ac000,R
0x401100,0x10003c000,R
0x401104,0x10003d000,R
0x401108,0x10003e000,R
0x401100,0x10003f000,R
0x401104,0x100040000,R
0x401108,0x100041000,R
0x402100,0x1000c1000,R
0x402104,0x1000c1000,R
0x402100,0x1000c1000,R
0x402104,0x1000c1000,W
0x403100,0x100522000,R
0x403104,0x100523000,R
0x403100,0x100524000,R
0x403104,0x100525000,R
0x404100,0x10017c000,R
0x404104,0x10017c000,R
0x404108,0x10017c000,R
0x40410c,0x10017c000,R
0x400100,0x1000b6000,W
0x400104,0x1000b6000,W
0x400108,0x1000b7000,W
0x400100,0x1000b7000,W
0x400104,0x1000b8000,W
0x400108,0x1000b8000,R
0x401100,0x100054000,R
0x401104,0x100055000,R
0x401108,0x100056000,R
0x401100,0x100057000,R
0x401104,0x100058000,R
0x401108,0x100059000,R
0x402100,0x1000c7000,R
0x402104,0x1000c7000,R
0x402100,0x1000c7000,R
0x402104,0x1000c7000,W
0x403100,0x10053a000,R
0x403104,0x10053b000,R
0x403100,0x10053c000,R
0x403104,0x10053d000,R
0x404100,0x10017d000,R
0x404104,0x10017d000,R
0x404108,0x10017d000,R
0x40410c,0x10017d000,R
0x400100,0x100062000,W
0x400104,0x100062000,W
0x400108,0x100063000,W
0x400100,0x100063000,W
0x400104,0x100064000,W
0x400108,0x100064000,R
0x401100,0x10000c000,R
0x401104,0x10000d000,R
0x401108,0x10000e000,R
0x401100,0x10000f000,R
0x401104,0x100010000,R
0x401108,0x100011000,R
0x402100,0x1000cd000,R
0x402104,0x1000cd000,R
0x402100,0x1000cd000,R
0x402104,0x1000cd000,W
0x403100,0x100552000,R
0x403104,0x100553000,R
0x403100,0x100554000,R
0x403104,0x100555000,R
0x404100,0x10017e000,R
0x404104,0x10017e000,R
0x404108,0x10017e000,R
0x40410c,0x10017e000,R
0x400100,0x10006e000,W
0x400104,0x10006e000,W
0x400108,0x10006f000,W
0x400100,0x10006f000,W
0x400104,0x100070000,W
0x400108,0x100070000,R
0x401100,0x100024000,R
0x401104,0x100025000,R
0x401108,0x100026000,R
0x401100,0x100027000,R
0x401104,0x100028000,R
0x401108,0x100029000,R
0x402100,0x1000d3000,R
0x402104,0x1000d3000,R
0x402100,0x1000d3000,R
0x402104,0x1000d3000,W
0x403100,0x10056a000,R
0x403104,0x10056b000,R
0x403100,0x10056c000,R
0x403104,0x10056d000,R
0x404100,0x10017f000,R
0x404104,0x10017f000,R
0x404108,0x10017f000,R
0x40410c,0x10017f000,R
0x400100,0x10007a000,W
0x400104,0x10007a000,W
0x400108,0x10007b000,W
0x400100,0x10007b000,W
0x400104,0x10007c000,W
0x400108,0x10007c000,R
0x401100,0x10003c000,R
0x401104,0x10003d000,R
0x401108,0x10003e000,R
0x401100,0x10003f000,R
0x401104,0x100040000,R
0x401108,0x100041000,R
0x402100,0x1000d9000,R
0x402104,0x1000d9000,R
0x402100,0x1000d9000,R
0x402104,0x1000d9000,W
0x403100,0x100582000,R
0x403104,0x100583000,R
0x403100,0x100584000,R
0x403104,0x100585000,R
0x404100,0x100120000,R
0x404104,0x100120000,R
0x404108,0x100120000,R
0x40410c,0x100120000,R
0x400100,0x100086000,W
0x400104,0x100086000,W
0x400108,0x100087000,W
0x400100,0x100087000,W
0x400104,0x100088000,W
0x400108,0x100088000,R
0x401100,0x100054000,R
0x401104,0x100055000,R
0x401108,0x100056000,R
0x401100,0x100057000,R
0x401104,0x100058000,R
0x401108,0x100059000,R
0x402100,0x1000df000,R
0x402104,0x1000df000,R
0x402100,0x1000df000,R
0x402104,0x1000df000,W
0x403100,0x10059a000,R
0x403104,0x10059b000,R
0x403100,0x10059c000,R
0x403104,0x10059d000,R
0x404100,0x100121000,R
0x404104,0x100121000,R
0x404108,0x100121000,R
0x40410c,0x100121000,R
0x400100,0x100092000,W
0x400104,0x100092000,W
0x400108,0x100093000,W
0x400100,0x100093000,W
0x400104,0x100094000,W
0x400108,0x100094000,R
0x401100,0x10000c000,R
0x401104,0x10000d000,R
0x401108,0x10000e000,R
0x401100,0x10000f000,R
0x401104,0x100010000,R
0x401108,0x100011000,R
0x402100,0x1000e5000,R
0x402104,0x1000e5000,R
0x402100,0x1000e5000,R
0x402104,0x1000e5000,W
0x403100,0x1005b2000,R
0x403104,0x1005b3000,R
0x403100,0x1005b4000,R
0x403104,0x1005b5000,R
0x404100,0x100122000,R
0x404104,0x100122000,R
0x404108,0x100122000,R
0x40410c,0x100122000,R
0x400100,0x10009e000,W
0x400104,0x10009e000,W
0x400108,0x10009f000,W
0x400100,0x10009f000,W
0x400104,0x1000a0000,W
0x400108,0x1000a0000,R
0x401100,0x100024000,R
0x401104,0x100025000,R
0x401108,0x100026000,R
0x401100,0x100027000,R
0x401104,0x100028000,R
0x401108,0x100029000,R
0x402100,0x1000eb000,R
0x402104,0x1000eb000,R
0x402100,0x1000eb000,R
0x402104,0x1000eb000,W
0x403100,0x1005ca000,R
0x403104,0x1005cb000,R
0x403100,0x1005cc000,R
0x403104,0x1005cd000,R
0x404100,0x100123000,R
0x404104,0x100123000,R
0x404108,0x100123000,R
0x40410c,0x100123000,R
0x400100,0x1000aa000,W
0x400104,0x1000aa000,W
0x400108,0x1000ab000,W
0x400100,0x1000ab000,W
0x400104,0x1000ac000,W
0x400108,0x1000ac000,R
0x401100,0x10003c000,R
0x401104,0x10003d000,R
0x401108,0x10003e000,R
0x401100,0x10003f000,R
0x401104,0x100040000,R
0x401108,0x100041000,R
0x402100,0x1000f1000,R
0x402104,0x1000f1000,R
0x402100,0x1000f1000,R
0x402104,0x1000f1000,W
0x403100,0x1005e2000,R
0x403104,0x1005e3000,R
0x403100,0x1005e4000,R
0x403104,0x1005e5000,R
0x404100,0x100124000,R
0x404104,0x100124000,R
0x404108,0x100124000,R
0x40410c,0x100124000,R
0x400100,0x1000b6000,W
0x400104,0x1000b6000,W
0x400108,0x1000b7000,W
0x400100,0x1000b7000,W
0x400104,0x1000b8000,W
0x400108,0x1000b8000,R
0x401100,0x100054000,R
0x401104,0x100055000,R
0x401108,0x100056000,R
0x401100,0x100057000,R
0x401104,0x100058000,R
0x401108,0x100059000,R
0x402100,0x1000f7000,R
0x402104,0x1000f7000,R
0x402100,0x1000f7000,R
0x402104,0x1000f7000,W
0x403100,0x1005fa000,R
0x403104,0x1005fb000,R
0x403100,0x1005fc000,R
0x403104,0x1005fd000,R
0x404100,0x100125000,R
0x404104,0x100125000,R
0x404108,0x100125000,R
0x40410c,0x100125000,R
0x400100,0x100062000,W
0x400104,0x100062000,W
0x400108,0x100063000,W
0x400100,0x100063000,W
0x400104,0x100064000,W
0x400108,0x100064000,R
0x401100,0x10000c000,R
0x401104,0x10000d000,R
0x401108,0x10000e000,R
0x401100,0x10000f000,R
0x401104,0x100010000,R
0x401108,0x100011000,R
0x402100,0x1000fd000,R
0x402104,0x1000fd000,R
0x402100,0x1000fd000,R
0x402104,0x1000fd000,W
0x403100,0x100192000,R
0x403104,0x100193000,R
0x403100,0x100194000,R
0x403104,0x100195000,R
0x404100,0x100126000,R
0x404104,0x100126000,R
0x404108,0x100126000,R
0x40410c,0x100126000,R
0x400100,0x10006e000,W
0x400104,0x10006e000,W
0x400108,0x10006f000,W
0x400100,0x10006f000,W
0x400104,0x100070000,W
0x400108,0x100070000,R
0x401100,0x100024000,R
0x401104,0x100025000,R
0x401108,0x100026000,R
0x401100,0x100027000,R
0x401104,0x100028000,R
0x401108,0x100029000,R
0x402100,0x100103000,R
0x402104,0x100103000,R
0x402100,0x100103000,R
0x402104,0x100103000,W
0x403100,0x1001aa000,R
0x403104,0x1001ab000,R
0x403100,0x1001ac000,R
0x403104,0x1001ad000,R
0x404100,0x100127000,R
0x404104,0x100127000,R
0x404108,0x100127000,R
0x40410c,0x100127000,R
0x400100,0x10007a000,W
0x400104,0x10007a000,W
0x400108,0x10007b000,W
0x400100,0x10007b000,W
0x400104,0x10007c000,W
0x400108,0x10007c000,R
0x401100,0x10003c000,R
0x401104,0x10003d000,R
0x401108,0x10003e000,R
0x401100,0x10003f000,R
0x401104,0x100040000,R
0x401108,0x100041000,R
0x402100,0x100109000,R
0x402104,0x100109000,R
0x402100,0x100109000,R
0x402104,0x100109000,W
0x403100,0x1001c2000,R
0x403104,0x1001c3000,R
0x403100,0x1001c4000,R
0x403104,0x1001c5000,R
0x404100,0x100128000,R
0x404104,0x100128000,R
0x404108,0x100128000,R
0x40410c,0x100128000,R
0x400100,0x100086000,W
0x400104,0x100086000,W
0x400108,0x100087000,W
0x400100,0x100087000,W
0x400104,0x100088000,W
0x400108,0x100088000,R
0x401100,0x100054000,R
0x401104,0x100055000,R
0x401108,0x100056000,R
0x401100,0x100057000,R
0x401104,0x100058000,R
0x401108,0x100059000,R
0x402100,0x10010f000,R
0x402104,0x10010f000,R
0x402100,0x10010f000,R
0x402104,0x10010f000,W
0x403100,0x1001da000,R
0x403104,0x1001db000,R
0x403100,0x1001dc000,R
0x403104,0x1001dd000,R
0x404100,0x100129000,R
0x404104,0x100129000,R
0x404108,0x100129000,R
0x40410c,0x100129000,R
0x400100,0x100092000,W
0x400104,0x100092000,W
0x400108,0x100093000,W
0x400100,0x100093000,W
0x400104,0x100094000,W
0x400108,0x100094000,R
0x401100,0x10000c000,R
0x401104,0x10000d000,R
0x401108,0x10000e000,R
0x401100,0x10000f000,R
0x401104,0x100010000,R
0x401108,0x100011000,R
0x402100,0x100115000,R
0x402104,0x100115000,R
0x402100,0x100115000,R
0x402104,0x100115000,W
0x403100,0x1001f2000,R
0x403104,0x1001f3000,R
0x403100,0x1001f4000,R
0x403104,0x1001f5000,R
0x404100,0x10012a000,R
0x404104,0x10012a000,R
0x404108,0x10012a000,R
0x40410c,0x10012a000,R
0x400100,0x10009e000,W
0x400104,0x10009e000,W
0x400108,0x10009f000,W
0x400100,0x10009f000,W
0x400104,0x1000a0000,W
0x400108,0x1000a0000,R
0x401100,0x100024000,R
0x401104,0x100025000,R
0x401108,0x100026000,R
0x401100,0x100027000,R
0x401104,0x100028000,R
0x401108,0x100029000,R
0x402100,0x10011b000,R
0x402104,0x10011b000,R
0x402100,0x10011b000,R
0x402104,0x10011b000,W
0x403100,0x10020a000,R
0x403104,0x10020b000,R
0x403100,0x10020c000,R
0x403104,0x10020d000,R
0x404100,0x10012b000,R
0x404104,0x10012b000,R
0x404108,0x10012b000,R
0x40410c,0x10012b000,R
0x400100,0x1000aa000,W
0x400104,0x1000aa000,W
0x400108,0x1000ab000,W
0x400100,0x1000ab000,W
0x400104,0x1000ac000,W
0x400108,0x1000ac000,R
0x401100,0x10003c000,R
0x401104,0x10003d000,R
0x401108,0x10003e000,R
0x401100,0x10003f000,R
0x401104,0x100040000,R
0x401108,0x100041000,R
0x402100,0x1000c1000,R
0x402104,0x1000c1000,R
0x402100,0x1000c1000,R
0x402104,0x1000c1000,W
0x403100,0x100222000,R
0x403104,0x100223000,R
0x403100,0x100224000,R
0x403104,0x100225000,R
0x404100,0x10012c000,R
0x404104,0x10012c000,R
0x404108,0x10012c000,R
0x40410c,0x10012c000,R
0x400100,0x1000b6000,W
0x400104,0x1000b6000,W
0x400108,0x1000b7000,W
0x400100,0x1000b7000,W
0x400104,0x1000b8000,W
0x400108,0x1000b8000,R
0x401100,0x100054000,R
0x401104,0x100055000,R
0x401108,0x100056000,R
0x401100,0x100057000,R
0x401104,0x100058000,R
0x401108,0x100059000,R
0x402100,0x1000c7000,R
0x402104,0x1000c7000,R
0x402100,0x1000c7000,R
0x402104,0x1000c7000,W
0x403100,0x10023a000,R
0x403104,0x10023b000,R
0x403100,0x10023c000,R
0x403104,0x10023d000,R
0x404100,0x10012d000,R
0x404104,0x10012d000,R
0x404108,0x10012d000,R
0x40410c,0x10012d000,R
0x400100,0x100062000,W
0x400104,0x100062000,W
0x400108,0x100063000,W
0x400100,0x100063000,W
0x400104,0x100064000,W
0x400108,0x100064000,R
0x401100,0x10000c000,R
0x401104,0x10000d000,R
0x401108,0x10000e000,R
0x401100,0x10000f000,R
0x401104,0x100010000,R
0x401108,0x100011000,R
0x402100,0x1000cd000,R
0x402104,0x1000cd000,R
0x402100,0x1000cd000,R
0x402104,0x1000cd000,W
0x403100,0x100252000,R
0x403104,0x100253000,R
0x403100,0x100254000,R
0x403104,0x100255000,R
0x404100,0x10012e000,R
0x404104,0x10012e000,R
0x404108,0x10012e000,R
0x40410c,0x10012e000,R
0x400100,0x10006e000,W
0x400104,0x10006e000,W
0x400108,0x10006f000,W
0x400100,0x10006f000,W
0x400104,0x100070000,W
0x400108,0x100070000,R
0x401100,0x100024000,R
0x401104,0x100025000,R
0x401108,0x100026000,R
0x401100,0x100027000,R
0x401104,0x100028000,R
0x401108,0x100029000,R
0x402100,0x1000d3000,R
0x402104,0x1000d3000,R
0x402100,0x1000d3000,R
0x402104,0x1000d3000,W
0x403100,0x10026a000,R
0x403104,0x10026b000,R
0x403100,0x10026c000,R
0x403104,0x10026d000,R
0x404100,0x10012f000,R
0x404104,0x10012f000,R
0x404108,0x10012f000,R
0x40410c,0x10012f000,R
0x400100,0x10007a000,W
0x400104,0x10007a000,W
0x400108,0x10007b000,W
0x400100,0x10007b000,W
0x400104,0x10007c000,W
0x400108,0x10007c000,R
0x401100,0x10003c000,R
0x401104,0x10003d000,R
0x401108,0x10003e000,R
0x401100,0x10003f000,R
0x401104,0x100040000,R
0x401108,0x100041000,R
0x402100,0x1000d9000,R
0x402104,0x1000d9000,R
0x402100,0x1000d9000,R
0x402104,0x1000d9000,W
0x403100,0x100282000,R
0x403104,0x100283000,R
0x403100,0x100284000,R
0x403104,0x100285000,R
0x404100,0x100130000,R
0x404104,0x100130000,R
0x404108,0x100130000,R
0x40410c,0x100130000,R
0x400100,0x100086000,W
0x400104,0x100086000,W
0x400108,0x100087000,W
0x400100,0x100087000,W
0x400104,0x100088000,W
0x400108,0x100088000,R
0x401100,0x100054000,R
0x401104,0x100055000,R
0x401108,0x100056000,R
0x401100,0x100057000,R
0x401104,0x100058000,R
0x401108,0x100059000,R
0x402100,0x1000df000,R
0x402104,0x1000df000,R
0x402100,0x1000df000,R
0x402104,0x1000df000,W
0x403100,0x10029a000,R
0x403104,0x10029b000,R
0x403100,0x10029c000,R
0x403104,0x10029d000,R
0x404100,0x100131000,R
0x404104,0x100131000,R
0x404108,0x100131000,R
0x40410c,0x100131000,R
0x400100,0x100092000,W
0x400104,0x100092000,W
0x400108,0x100093000,W
0x400100,0x100093000,W
0x400104,0x100094000,W
0x400108,0x100094000,R
0x401100,0x10000c000,R
0x401104,0x10000d000,R
0x401108,0x10000e000,R
0x401100,0x10000f000,R
0x401104,0x100010000,R
0x401108,0x100011000,R
0x402100,0x1000e5000,R
0x402104,0x1000e5000,R
0x402100,0x1000e5000,R
0x402104,0x1000e5000,W
0x403100,0x1002b2000,R
0x403104,0x1002b3000,R
0x403100,0x1002b4000,R
0x403104,0x1002b5000,R
0x404100,0x100132000,R
0x404104,0x100132000,R
0x404108,0x100132000,R
0x40410c,0x100132000,R
0x400100,0x10009e000,W
0x400104,0x10009e000,W
0x400108,0x10009f000,W
0x400100,0x10009f000,W
0x400104,0x1000a0000,W
0x400108,0x1000a0000,R
0x401100,0x100024000,R
0x401104,0x100025000,R
0x401108,0x100026000,R
0x401100,0x100027000,R
0x401104,0x100028000,R
0x401108,0x100029000,R
0x402100,0x1000eb000,R
0x402104,0x1000eb000,R
0x402100,0x1000eb000,R
0x402104,0x1000eb000,W
0x403100,0x1002ca000,R
0x403104,0x1002cb000,R
0x403100,0x1002cc000,R
0x403104,0x1002cd000,R
0x404100,0x100133000,R
0x404104,0x100133000,R
0x404108,0x100133000,R
0x40410c,0x100133000,R
0x400100,0x1000aa000,W
0x400104,0x1000aa000,W
0x400108,0x1000ab000,W
0x400100,0x1000ab000,W
0x400104,0x1000ac000,W
0x400108,0x1000ac000,R
0x401100,0x10003c000,R
0x401104,0x10003d000,R
0x401108,0x10003e000,R
0x401100,0x10003f000,R
0x401104,0x100040000,R
0x401108,0x100041000,R
0x402100,0x1000f1000,R
0x402104,0x1000f1000,R
0x402100,0x1000f1000,R
0x402104,0x1000f1000,W
0x403100,0x1002e2000,R
0x403104,0x1002e3000,R
0x403100,0x1002e4000,R
0x403104,0x1002e5000,R
0x404100,0x100134000,R
0x404104,0x100134000,R
0x404108,0x100134000,R
0x40410c,0x100134000,R
0x400100,0x1000b6000,W
0x400104,0x1000b6000,W
0x400108,0x1000b7000,W
0x400100,0x1000b7000,W
0x400104,0x1000b8000,W
0x400108,0x1000b8000,R
0x401100,0x100054000,R
0x401104,0x100055000,R
0x401108,0x100056000,R
0x401100,0x100057000,R
0x401104,0x100058000,R
0x401108,0x100059000,R
0x402100,0x1000f7000,R
0x402104,0x1000f7000,R
0x402100,0x1000f7000,R
0x402104,0x1000f7000,W
0x403100,0x1002fa000,R
0x403104,0x1002fb000,R
0x403100,0x1002fc000,R
0x403104,0x1002fd000,R
0x404100,0x100135000,R
0x404104,0x100135000,R
0x404108,0x100135000,R
0x40410c,0x100135000,R
0x400100,0x100062000,W
0x400104,0x100062000,W
0x400108,0x100063000,W
0x400100,0x100063000,W
0x400104,0x100064000,W
0x400108,0x100064000,R
0x401100,0x10000c000,R
0x401104,0x10000d000,R
0x401108,0x10000e000,R
0x401100,0x10000f000,R
0x401104,0x100010000,R
0x401108,0x100011000,R
0x402100,0x1000fd000,R
0x402104,0x1000fd000,R
0x402100,0x1000fd000,R
0x402104,0x1000fd000,W
0x403100,0x100312000,R
0x403104,0x100313000,R
0x403100,0x100314000,R
0x403104,0x100315000,R
0x404100,0x100136000,R
0x404104,0x100136000,R
0x404108,0x100136000,R
0x40410c,0x100136000,R
0x400100,0x10006e000,W
0x400104,0x10006e000,W
0x400108,0x10006f000,W
0x400100,0x10006f000,W
0x400104,0x100070000,W
0x400108,0x100070000,R
0x401100,0x100024000,R
0x401104,0x100025000,R
0x401108,0x100026000,R
0x401100,0x100027000,R
0x401104,0x100028000,R
0x401108,0x100029000,R
0x402100,0x100103000,R
0x402104,0x100103000,R
0x402100,0x100103000,R
0x402104,0x100103000,W
0x403100,0x10032a000,R
0x403104,0x10032b000,R
0x403100,0x10032c000,R
0x403104,0x10032d000,R
0x404100,0x100137000,R
0x404104,0x100137000,R
0x404108,0x100137000,R
0x40410c,0x100137000,R
0x400100,0x10007a000,W
0x400104,0x10007a000,W
0x400108,0x10007b000,W
0x400100,0x10007b000,W
0x400104,0x10007c000,W
0x400108,0x10007c000,R
0x401100,0x10003c000,R
0x401104,0x10003d000,R
0x401108,0x10003e000,R
0x401100,0x10003f000,R
0x401104,0x100040000,R
0x401108,0x100041000,R
0x402100,0x100109000,R
0x402104,0x100109000,R
0x402100,0x100109000,R
0x402104,0x100109000,W
0x403100,0x100342000,R
0x403104,0x100343000,R
0x403100,0x100344000,R
0x403104,0x100345000,R
0x404100,0x100138000,R
0x404104,0x100138000,R
0x404108,0x100138000,R
0x40410c,0x100138000,R
0x400100,0x100086000,W
0x400104,0x100086000,W
0x400108,0x100087000,W
0x400100,0x100087000,W
0x400104,0x100088000,W
0x400108,0x100088000,R
0x401100,0x100054000,R
0x401104,0x100055000,R
0x401108,0x100056000,R
0x401100,0x100057000,R
0x401104,0x100058000,R
0x401108,0x100059000,R
0x402100,0x10010f000,R
0x402104,0x10010f000,R
0x402100,0x10010f000,R
0x402104,0x10010f000,W
0x403100,0x10035a000,R
0x403104,0x10035b000,R
0x403100,0x10035c000,R
0x403104,0x10035d000,R
0x404100,0x100139000,R
0x404104,0x100139000,R
0x404108,0x100139000,R
0x40410c,0x100139000,R
0x400100,0x100092000,W
0x400104,0x100092000,W
0x400108,0x100093000,W
0x400100,0x100093000,W
0x400104,0x100094000,W
0x400108,0x100094000,R
0x401100,0x10000c000,R
0x401104,0x10000d000,R
0x401108,0x10000e000,R
0x401100,0x10000f000,R
0x401104,0x100010000,R
0x401108,0x100011000,R
0x402100,0x100115000,R
0x402104,0x100115000,R
0x402100,0x100115000,R
0x402104,0x100115000,W
0x403100,0x100372000,R
0x403104,0x100373000,R
0x403100,0x100374000,R
0x403104,0x100375000,R
0x404100,0x10013a000,R
0x404104,0x10013a000,R
0x404108,0x10013a000,R
0x40410c,0x10013a000,R
0x400100,0x10009e000,W
0x400104,0x10009e000,W
0x400108,0x10009f000,W
0x400100,0x10009f000,W
0x400104,0x1000a0000,W
0x400108,0x1000a0000,R
0x401100,0x100024000,R
0x401104,0x100025000,R
0x401108,0x100026000,R
0x401100,0x100027000,R
0x401104,0x100028000,R
0x401108,0x100029000,R
0x402100,0x10011b000,R
0x402104,0x10011b000,R
0x402100,0x10011b000,R
0x402104,0x10011b000,W
0x403100,0x10038a000,R
0x403104,0x10038b000,R
0x403100,0x10038c000,R
0x403104,0x10038d000,R
0x404100,0x10013b000,R
0x404104,0x10013b000,R
0x404108,0x10013b000,R
0x40410c,0x10013b000,R
0x400100,0x1000aa000,W
0x400104,0x1000aa000,W
0x400108,0x1000ab000,W
0x400100,0x1000ab000,W
0x400104,0x1000ac000,W
0x400108,0x1000ac000,R
0x401100,0x10003c000,R
0x401104,0x10003d000,R
0x401108,0x10003e000,R
0x401100,0x10003f000,R
0x401104,0x100040000,R
0x401108,0x100041000,R
0x402100,0x1000c1000,R
0x402104,0x1000c1000,R
0x402100,0x1000c1000,R
0x402104,0x1000c1000,W
0x403100,0x1003a2000,R
0x403104,0x1003a3000,R
0x403100,0x1003a4000,R
0x403104,0x1003a5000,R
0x404100,0x10013c000,R
0x404104,0x10013c000,R
0x404108,0x10013c000,R
0x40410c,0x10013c000,R
0x400100,0x1000b6000,W
0x400104,0x1000b6000,W
0x400108,0x1000b7000,W
0x400100,0x1000b7000,W
0x400104,0x1000b8000,W
0x400108,0x1000b8000,R
0x401100,0x100054000,R
0x401104,0x100055000,R
0x401108,0x100056000,R
0x401100,0x100057000,R
0x401104,0x100058000,R
0x401108,0x100059000,R
0x402100,0x1000c7000,R
0x402104,0x1000c7000,R
0x402100,0x1000c7000,R
0x402104,0x1000c7000,W
0x403100,0x1003ba000,R
0x403104,0x1003bb000,R
0x403100,0x1003bc000,R
0x403104,0x1003bd000,R
0x404100,0x10013d000,R
0x404104,0x10013d000,R
0x404108,0x10013d000,R
0x40410c,0x10013d000,R
0x400100,0x100062000,W
0x400104,0x100062000,W
0x400108,0x100063000,W
0x400100,0x100063000,W
0x400104,0x100064000,W
0x400108,0x100064000,R
0x401100,0x10000c000,R
0x401104,0x10000d000,R
0x401108,0x10000e000,R
0x401100,0x10000f000,R
0x401104,0x100010000,R
0x401108,0x100011000,R
0x402100,0x1000cd000,R
0x402104,0x1000cd000,R
0x402100,0x1000cd000,R
0x402104,0x1000cd000,W
0x403100,0x1003d2000,R
0x403104,0x1003d3000,R
0x403100,0x1003d4000,R
0x403104,0x1003d5000,R
0x404100,0x10013e000,R
0x404104,0x10013e000,R
0x404108,0x10013e000,R
0x40410c,0x10013e000,R
0x400100,0x10006e000,W
0x400104,0x10006e000,W
0x400108,0x10006f000,W
0x400100,0x10006f000,W
0x400104,0x100070000,W
0x400108,0x100070000,R
0x401100,0x100024000,R
0x401104,0x100025000,R
0x401108,0x100026000,R
0x401100,0x100027000,R
0x401104,0x100028000,R
0x401108,0x100029000,R
0x402100,0x1000d3000,R
0x402104,0x1000d3000,R
0x402100,0x1000d3000,R
0x402104,0x1000d3000,W
0x403100,0x1003ea000,R
0x403104,0x1003eb000,R
0x403100,0x1003ec000,R
0x403104,0x1003ed000,R
0x404100,0x10013f000,R
0x404104,0x10013f000,R
0x404108,0x10013f000,R
0x40410c,0x10013f000,R
0x400100,0x10007a000,W
0x400104,0x10007a000,W
0x400108,0x10007b000,W
0x400100,0x10007b000,W
0x400104,0x10007c000,W
0x400108,0x10007c000,R
0x401100,0x10003c000,R
0x401104,0x10003d000,R
0x401108,0x10003e000,R
0x401100,0x10003f000,R
0x401104,0x100040000,R
0x401108,0x100041000,R
0x402100,0x1000d9000,R
0x402104,0x1000d9000,R
0x402100,0x1000d9000,R
0x402104,0x1000d9000,W
0x403100,0x100402000,R
0x403104,0x100403000,R
0x403100,0x100404000,R
0x403104,0x100405000,R
0x404100,0x100140000,R
0x404104,0x100140000,R
0x404108,0x100140000,R
0x40410c,0x100140000,R
0x400100,0x100086000,W
0x400104,0x100086000,W
0x400108,0x100087000,W
0x400100,0x100087000,W
0x400104,0x100088000,W
0x400108,0x100088000,R
0x401100,0x100054000,R
0x401104,0x100055000,R
0x401108,0x100056000,R
0x401100,0x100057000,R
0x401104,0x100058000,R
0x401108,0x100059000,R
0x402100,0x1000df000,R
0x402104,0x1000df000,R
0x402100,0x1000df000,R
0x402104,0x1000df000,W
0x403100,0x10041a000,R
0x403104,0x10041b000,R
0x403100,0x10041c000,R
0x403104,0x10041d000,R
0x404100,0x100141000,R
0x404104,0x100141000,R
0x404108,0x100141000,R
0x40410c,0x100141000,R
0x400100,0x100092000,W
0x400104,0x100092000,W
0x400108,0x100093000,W
0x400100,0x100093000,W
0x400104,0x100094000,W
0x400108,0x100094000,R
0x401100,0x10000c000,R
0x401104,0x10000d000,R
0x401108,0x10000e000,R
0x401100,0x10000f000,R
0x401104,0x100010000,R
0x401108,0x100011000,R
0x402100,0x1000e5000,R
0x402104,0x1000e5000,R
0x402100,0x1000e5000,R
0x402104,0x1000e5000,W
0x403100,0x100432000,R
0x403104,0x100433000,R
0x403100,0x100434000,R
0x403104,0x100435000,R
0x404100,0x100142000,R
0x404104,0x100142000,R
0x404108,0x100142000,R
0x40410c,0x100142000,R
0x400100,0x10009e000,W
0x400104,0x10009e000,W
0x400108,0x10009f000,W
0x400100,0x10009f000,W
0x400104,0x1000a0000,W
0x400108,0x1000a0000,R
0x401100,0x100024000,R
0x401104,0x100025000,R
0x401108,0x100026000,R
0x401100,0x100027000,R
0x401104,0x100028000,R
0x401108,0x100029000,R
0x402100,0x1000eb000,R
0x402104,0x1000eb000,R
0x402100,0x1000eb000,R
0x402104,0x1000eb000,W
0x403100,0x10044a000,R
0x403104,0x10044b000,R
0x403100,0x10044c000,R
0x403104,0x10044d000,R
0x404100,0x100143000,R
0x404104,0x100143000,R
0x404108,0x100143000,R
0x40410c,0x100143000,R
0x400100,0x1000aa000,W
0x400104,0x1000aa000,W
0x400108,0x1000ab000,W
0x400100,0x1000ab000,W
0x400104,0x1000ac000,W
0x400108,0x1000ac000,R
0x401100,0x10003c000,R
0x401104,0x10003d000,R
0x401108,0x10003e000,R
0x401100,0x10003f000,R
0x401104,0x100040000,R
0x401108,0x100041000,R
0x402100,0x1000f1000,R
0x402104,0x1000f1000,R
0x402100,0x1000f1000,R
0x402104,0x1000f1000,W
0x403100,0x100462000,R
0x403104,0x100463000,R
0x403100,0x100464000,R
0x403104,0x100465000,R
0x404100,0x100144000,R
0x404104,0x100144000,R
0x404108,0x100144000,R
0x40410c,0x100144000,R
0x400100,0x1000b6000,W
0x400104,0x1000b6000,W
0x400108,0x1000b7000,W
0x400100,0x1000b7000,W
0x400104,0x1000b8000,W
0x400108,0x1000b8000,R
0x401100,0x100054000,R
0x401104,0x100055000,R
0x401108,0x100056000,R
0x401100,0x100057000,R
0x401104,0x100058000,R
0x401108,0x100059000,R
0x402100,0x1000f7000,R
0x402104,0x1000f7000,R
0x402100,0x1000f7000,R
0x402104,0x1000f7000,W
0x403100,0x10047a000,R
0x403104,0x10047b000,R
0x403100,0x10047c000,R
0x403104,0x10047d000,R
0x404100,0x100145000,R
0x404104,0x100145000,R
0x404108,0x100145000,R
0x40410c,0x100145000,R
0x400100,0x100062000,W
0x400104,0x100062000,W
0x400108,0x100063000,W
0x400100,0x100063000,W
0x400104,0x100064000,W
0x400108,0x100064000,R
0x401100,0x10000c000,R
0x401104,0x10000d000,R
0x401108,0x10000e000,R
0x401100,0x10000f000,R
0x401104,0x100010000,R
0x401108,0x100011000,R
0x402100,0x100102000,R
0x402104,0x100102000,R
0x402100,0x100102000,R
0x402104,0x100102000,R
0x403100,0x100599000,R
0x403104,0x10059e000,R
0x403100,0x1005a3000,R
0x403104,0x1005a8000,R
0x404100,0x10014d000,R
0x404104,0x10014d000,R
0x404108,0x10014d000,R
0x40410c,0x10014d000,W
0x400100,0x10000f000,W
0x400104,0x10000f000,W
0x400108,0x100010000,W
0x400100,0x100010000,W
0x400104,0x100011000,W
0x400108,0x100011000,R
0x401100,0x100087000,R
0x401104,0x100088000,R
0x401108,0x100089000,R
0x401100,0x10008a000,R
0x401104,0x10008b000,R
0x401108,0x10008c000,R
0x402100,0x100108000,R
0x402104,0x100108000,R
0x402100,0x100108000,R
0x402104,0x100108000,R
0x403100,0x100191000,R
0x403104,0x100196000,R
0x403100,0x10019b000,R
0x403104,0x1001a0000,R
0x404100,0x10014e000,R
0x404104,0x10014e000,R
0x404108,0x10014e000,R
0x40410c,0x10014e000,W
0x400100,0x10001b000,W
0x400104,0x10001b000,W
0x400108,0x10001c000,W
0x400100,0x10001c000,W
0x400104,0x10001d000,W
0x400108,0x10001d000,R
0x401100,0x10009f000,R
0x401104,0x1000a0000,R
0x401108,0x1000a1000,R
0x401100,0x1000a2000,R
0x401104,0x1000a3000,R
0x401108,0x1000a4000,R
0x402100,0x10010e000,R
0x402104,0x10010e000,R
0x402100,0x10010e000,R
0x402104,0x10010e000,R
0x403100,0x100209000,R
0x403104,0x10020e000,R
0x403100,0x100213000,R
0x403104,0x100218000,R
0x404100,0x10014f000,R
0x404104,0x10014f000,R
0x404108,0x10014f000,R
0x40410c,0x10014f000,W
0x400100,0x100027000,W
0x400104,0x100027000,W
0x400108,0x100028000,W
0x400100,0x100028000,W
0x400104,0x100029000,W
0x400108,0x100029000,R
0x401100,0x1000b7000,R
0x401104,0x1000b8000,R
0x401108,0x1000b9000,R
0x401100,0x1000ba000,R
0x401104,0x1000bb000,R
0x401108,0x1000bc000,R
0x402100,0x100114000,R
0x402104,0x100114000,R
0x402100,0x100114000,R
0x402104,0x100114000,R
0x403100,0x100281000,R
0x403104,0x100286000,R
0x403100,0x10028b000,R
0x403104,0x100290000,R
0x404100,0x100150000,R
0x404104,0x100150000,R
0x404108,0x100150000,R
0x40410c,0x100150000,W
0x400100,0x100033000,W
0x400104,0x100033000,W
0x400108,0x100034000,W
0x400100,0x100034000,W
0x400104,0x100035000,W
0x400108,0x100035000,R
0x401100,0x10006f000,R
0x401104,0x100070000,R
0x401108,0x100071000,R
0x401100,0x100072000,R
0x401104,0x100073000,R
0x401108,0x100074000,R
0x402100,0x10011a000,R
0x402104,0x10011a000,R
0x402100,0x10011a000,R
0x402104,0x10011a000,R
0x403100,0x1002f9000,R
0x403104,0x1002fe000,R
0x403100,0x100303000,R
0x403104,0x100308000,R
0x404100,0x100151000,R
0x404104,0x100151000,R
0x404108,0x100151000,R
0x40410c,0x100151000,W
0x400100,0x10003f000,W
0x400104,0x10003f000,W
0x400108,0x100040000,W
0x400100,0x100040000,W
0x400104,0x100041000,W
0x400108,0x100041000,R
0x401100,0x100087000,R
0x401104,0x100088000,R
0x401108,0x100089000,R
0x401100,0x10008a000,R
0x401104,0x10008b000,R
0x401108,0x10008c000,R
0x402100,0x1000c0000,R
0x402104,0x1000c0000,R
0x402100,0x1000c0000,R
0x402104,0x1000c0000,R
0x403100,0x100371000,R
0x403104,0x100376000,R
0x403100,0x10037b000,R
0x403104,0x100380000,R
0x404100,0x100152000,R
0x404104,0x100152000,R
0x404108,0x100152000,R
0x40410c,0x100152000,W
0x400100,0x10004b000,W
0x400104,0x10004b000,W
0x400108,0x10004c000,W
0x400100,0x10004c000,W
0x400104,0x10004d000,W
0x400108,0x10004d000,R
0x401100,0x10009f000,R
0x401104,0x1000a0000,R
0x401108,0x1000a1000,R
0x401100,0x1000a2000,R
0x401104,0x1000a3000,R
0x401108,0x1000a4000,R
0x402100,0x1000c6000,R
0x402104,0x1000c6000,R
0x402100,0x1000c6000,R
0x402104,0x1000c6000,R
0x403100,0x1003e9000,R
0x403104,0x1003ee000,R
0x403100,0x1003f3000,R
0x403104,0x1003f8000,R
0x404100,0x100153000,R
0x404104,0x100153000,R
0x404108,0x100153000,R
0x40410c,0x100153000,W
0x400100,0x100057000,W
0x400104,0x100057000,W
0x400108,0x100058000,W
0x400100,0x100058000,W
0x400104,0x100059000,W
0x400108,0x100059000,R
0x401100,0x1000b7000,R
0x401104,0x1000b8000,R
0x401108,0x1000b9000,R
0x401100,0x1000ba000,R
0x401104,0x1000bb000,R
0x401108,0x1000bc000,R
0x402100,0x1000cc000,R
0x402104,0x1000cc000,R
0x402100,0x1000cc000,R
0x402104,0x1000cc000,R
0x403100,0x100461000,R
0x403104,0x100466000,R
0x403100,0x10046b000,R
0x403104,0x100470000,R
0x404100,0x100154000,R
0x404104,0x100154000,R
0x404108,0x100154000,R
0x40410c,0x100154000,W
0x400100,0x100003000,W
0x400104,0x100003000,W
0x400108,0x100004000,W
0x400100,0x100004000,W
0x400104,0x100005000,W
0x400108,0x100005000,R
0x401100,0x10006f000,R
0x401104,0x100070000,R
0x401108,0x100071000,R
0x401100,0x100072000,R
0x401104,0x100073000,R
0x401108,0x100074000,R
0x402100,0x1000d2000,R
0x402104,0x1000d2000,R
0x402100,0x1000d2000,R
0x402104,0x1000d2000,R
0x403100,0x1004d9000,R
0x403104,0x1004de000,R
0x403100,0x1004e3000,R
0x403104,0x1004e8000,R
0x404100,0x100155000,R
0x404104,0x100155000,R
0x404108,0x100155000,R
0x40410c,0x100155000,W
0x400100,0x10000f000,W
0x400104,0x10000f000,W
0x400108,0x100010000,W
0x400100,0x100010000,W
0x400104,0x100011000,W
0x400108,0x100011000,R
0x401100,0x100087000,R
0x401104,0x100088000,R
0x401108,0x100089000,R
0x401100,0x10008a000,R
0x401104,0x10008b000,R
0x401108,0x10008c000,R
0x402100,0x1000d8000,R
0x402104,0x1000d8000,R
0x402100,0x1000d8000,R
0x402104,0x1000d8000,R
0x403100,0x100551000,R
0x403104,0x100556000,R
0x403100,0x10055b000,R
0x403104,0x100560000,R
0x404100,0x100156000,R
0x404104,0x100156000,R
0x404108,0x100156000,R
0x40410c,0x100156000,W
0x400100,0x10001b000,W
0x400104,0x10001b000,W
0x400108,0x10001c000,W
0x400100,0x10001c000,W
0x400104,0x10001d000,W
0x400108,0x10001d000,R
0x401100,0x10009f000,R
0x401104,0x1000a0000,R
0x401108,0x1000a1000,R
0x401100,0x1000a2000,R
0x401104,0x1000a3000,R
0x401108,0x1000a4000,R
0x402100,0x1000de000,R
0x402104,0x1000de000,R
0x402100,0x1000de000,R
0x402104,0x1000de000,R
0x403100,0x1005c9000,R
0x403104,0x1005ce000,R
0x403100,0x1005d3000,R
0x403104,0x1005d8000,R
0x404100,0x100157000,R
0x404104,0x100157000,R
0x404108,0x100157000,R
0x40410c,0x100157000,W
0x400100,0x100027000,W
0x400104,0x100027000,W
0x400108,0x100028000,W
0x400100,0x100028000,W
0x400104,0x100029000,W
0x400108,0x100029000,R
0x401100,0x1000b7000,R
0x401104,0x1000b8000,R
0x401108,0x1000b9000,R
0x401100,0x1000ba000,R
0x401104,0x1000bb000,R
0x401108,0x1000bc000,R
0x402100,0x1000e4000,R
0x402104,0x1000e4000,R
0x402100,0x1000e4000,R
0x402104,0x1000e4000,R
0x403100,0x1001c1000,R
0x403104,0x1001c6000,R
0x403100,0x1001cb000,R
0x403104,0x1001d0000,R
0x404100,0x100158000,R
0x404104,0x100158000,R
0x404108,0x100158000,R
0x40410c,0x100158000,W
0x400100,0x100033000,W
0x400104,0x100033000,W
0x400108,0x100034000,W
0x400100,0x100034000,W
0x400104,0x100035000,W
0x400108,0x100035000,R
0x401100,0x10006f000,R
0x401104,0x100070000,R
0x401108,0x100071000,R
0x401100,0x100072000,R
0x401104,0x100073000,R
0x401108,0x100074000,R
0x402100,0x1000ea000,R
0x402104,0x1000ea000,R
0x402100,0x1000ea000,R
0x402104,0x1000ea000,R
0x403100,0x100239000,R
0x403104,0x10023e000,R
0x403100,0x100243000,R
0x403104,0x100248000,R
0x404100,0x100159000,R
0x404104,0x100159000,R
0x404108,0x100159000,R
0x40410c,0x100159000,W
0x400100,0x10003f000,W
0x400104,0x10003f000,W
0x400108,0x100040000,W
0x400100,0x100040000,W
0x400104,0x100041000,W
0x400108,0x100041000,R
0x401100,0x100087000,R
0x401104,0x100088000,R
0x401108,0x100089000,R
0x401100,0x10008a000,R
0x401104,0x10008b000,R
0x401108,0x10008c000,R
0x402100,0x1000f0000,R
0x402104,0x1000f0000,R
0x402100,0x1000f0000,R
0x402104,0x1000f0000,R
0x403100,0x1002b1000,R
0x403104,0x1002b6000,R
0x403100,0x1002bb000,R
0x403104,0x1002c0000,R
0x404100,0x10015a000,R
0x404104,0x10015a000,R
0x404108,0x10015a000,R
0x40410c,0x10015a000,W
0x400100,0x10004b000,W
0x400104,0x10004b000,W
0x400108,0x10004c000,W
0x400100,0x10004c000,W
0x400104,0x10004d000,W
0x400108,0x10004d000,R
0x401100,0x10009f000,R
0x401104,0x1000a0000,R
0x401108,0x1000a1000,R
0x401100,0x1000a2000,R
0x401104,0x1000a3000,R
0x401108,0x1000a4000,R
0x402100,0x1000f6000,R
0x402104,0x1000f6000,R
0x402100,0x1000f6000,R
0x402104,0x1000f6000,R
0x403100,0x100329000,R
0x403104,0x10032e000,R
0x403100,0x100333000,R
0x403104,0x100338000,R
0x404100,0x10015b000,R
0x404104,0x10015b000,R
0x404108,0x10015b000,R
0x40410c,0x10015b000,W
0x400100,0x100057000,W
0x400104,0x100057000,W
0x400108,0x100058000,W
0x400100,0x100058000,W
0x400104,0x100059000,W
0x400108,0x100059000,R
0x401100,0x1000b7000,R
0x401104,0x1000b8000,R
0x401108,0x1000b9000,R
0x401100,0x1000ba000,R
0x401104,0x1000bb000,R
0x401108,0x1000bc000,R
0x402100,0x1000fc000,R
0x402104,0x1000fc000,R
0x402100,0x1000fc000,R
0x402104,0x1000fc000,R
0x403100,0x1003a1000,R
0x403104,0x1003a6000,R
0x403100,0x1003ab000,R
0x403104,0x1003b0000,R
0x404100,0x10015c000,R
0x404104,0x10015c000,R
0x404108,0x10015c000,R
0x40410c,0x10015c000,W
0x400100,0x100003000,W
0x400104,0x100003000,W
0x400108,0x100004000,W
0x400100,0x100004000,W
0x400104,0x100005000,W
0x400108,0x100005000,R
0x401100,0x10006f000,R
0x401104,0x100070000,R
0x401108,0x100071000,R
0x401100,0x100072000,R
0x401104,0x100073000,R
0x401108,0x100074000,R
0x402100,0x100102000,R
0x402104,0x100102000,R
0x402100,0x100102000,R
0x402104,0x100102000,R
0x403100,0x100419000,R
0x403104,0x10041e000,R
0x403100,0x100423000,R
0x403104,0x100428000,R
0x404100,0x10015d000,R
0x404104,0x10015d000,R
0x404108,0x10015d000,R
0x40410c,0x10015d000,W
0x400100,0x10000f000,W
0x400104,0x10000f000,W
0x400108,0x100010000,W
0x400100,0x100010000,W
0x400104,0x100011000,W
0x400108,0x100011000,R
0x401100,0x100087000,R
0x401104,0x100088000,R
0x401108,0x100089000,R
0x401100,0x10008a000,R
0x401104,0x10008b000,R
0x401108,0x10008c000,R
0x402100,0x100108000,R
0x402104,0x100108000,R
0x402100,0x100108000,R
0x402104,0x100108000,R
0x403100,0x100491000,R
0x403104,0x100496000,R
0x403100,0x10049b000,R
0x403104,0x1004a0000,R
0x404100,0x10015e000,R
0x404104,0x10015e000,R
0x404108,0x10015e000,R
0x40410c,0x10015e000,W
0x400100,0x10001b000,W
0x400104,0x10001b000,W
0x400108,0x10001c000,W
0x400100,0x10001c000,W
0x400104,0x10001d000,W
0x400108,0x10001d000,R
0x401100,0x10009f000,R
0x401104,0x1000a0000,R
0x401108,0x1000a1000,R
0x401100,0x1000a2000,R
0x401104,0x1000a3000,R
0x401108,0x1000a4000,R
0x402100,0x10010e000,R
0x402104,0x10010e000,R
0x402100,0x10010e000,R
0x402104,0x10010e000,R
0x403100,0x100509000,R
0x403104,0x10050e000,R
0x403100,0x100513000,R
0x403104,0x100518000,R
0x404100,0x10015f000,R
0x404104,0x10015f000,R
0x404108,0x10015f000,R
0x40410c,0x10015f000,W
0x400100,0x100027000,W
0x400104,0x100027000,W
0x400108,0x100028000,W
0x400100,0x100028000,W
0x400104,0x100029000,W
0x400108,0x100029000,R
0x401100,0x1000b7000,R
0x401104,0x1000b8000,R
0x401108,0x1000b9000,R
0x401100,0x1000ba000,R
0x401104,0x1000bb000,R
0x401108,0x1000bc000,R
0x402100,0x100114000,R
0x402104,0x100114000,R
0x402100,0x100114000,R
0x402104,0x100114000,R
0x403100,0x100581000,R
0x403104,0x100586000,R
0x403100,0x10058b000,R
0x403104,0x100590000,R
0x404100,0x100160000,R
0x404104,0x100160000,R
0x404108,0x100160000,R
0x40410c,0x100160000,W
0x400100,0x100033000,W
0x400104,0x100033000,W
0x400108,0x100034000,W
0x400100,0x100034000,W
0x400104,0x100035000,W
0x400108,0x100035000,R
0x401100,0x10006f000,R
0x401104,0x100070000,R
0x401108,0x100071000,R
0x401100,0x100072000,R
0x401104,0x100073000,R
0x401108,0x100074000,R
0x402100,0x10011a000,R
0x402104,0x10011a000,R
0x402100,0x10011a000,R
0x402104,0x10011a000,R
0x403100,0x1005f9000,R
0x403104,0x1005fe000,R
0x403100,0x100183000,R
0x403104,0x100188000,R
0x404100,0x100161000,R
0x404104,0x100161000,R
0x404108,0x100161000,R
0x40410c,0x100161000,W
0x400100,0x10003f000,W
0x400104,0x10003f000,W
0x400108,0x100040000,W
0x400100,0x100040000,W
0x400104,0x100041000,W
0x400108,0x100041000,R
0x401100,0x100087000,R
0x401104,0x100088000,R
0x401108,0x100089000,R
0x401100,0x10008a000,R
0x401104,0x10008b000,R
0x401108,0x10008c000,R
0x402100,0x1000c0000,R
0x402104,0x1000c0000,R
0x402100,0x1000c0000,R
0x402104,0x1000c0000,R
0x403100,0x1001f1000,R
0x403104,0x1001f6000,R
0x403100,0x1001fb000,R
0x403104,0x100200000,R
0x404100,0x100162000,R
0x404104,0x100162000,R
0x404108,0x100162000,R
0x40410c,0x100162000,W
0x400100,0x10004b000,W
0x400104,0x10004b000,W
0x400108,0x10004c000,W
0x400100,0x10004c000,W
0x400104,0x10004d000,W
0x400108,0x10004d000,R
0x401100,0x10009f000,R
0x401104,0x1000a0000,R
0x401108,0x1000a1000,R
0x401100,0x1000a2000,R
0x401104,0x1000a3000,R
0x401108,0x1000a4000,R
0x402100,0x1000c6000,R
0x402104,0x1000c6000,R
0x402100,0x1000c6000,R
0x402104,0x1000c6000,R
0x403100,0x100269000,R
0x403104,0x10026e000,R
0x403100,0x100273000,R
0x403104,0x100278000,R
0x404100,0x100163000,R
0x404104,0x100163000,R
0x404108,0x100163000,R
0x40410c,0x100163000,W
0x400100,0x100057000,W
0x400104,0x100057000,W
0x400108,0x100058000,W
0x400100,0x100058000,W
0x400104,0x100059000,W
0x400108,0x100059000,R
0x401100,0x1000b7000,R
0x401104,0x1000b8000,R
0x401108,0x1000b9000,R
0x401100,0x1000ba000,R
0x401104,0x1000bb000,R
0x401108,0x1000bc000,R
0x402100,0x1000cc000,R
0x402104,0x1000cc000,R
0x402100,0x1000cc000,R
0x402104,0x1000cc000,R
0x403100,0x1002e1000,R
0x403104,0x1002e6000,R
0x403100,0x1002eb000,R
0x403104,0x1002f0000,R
0x404100,0x100164000,R
0x404104,0x100164000,R
0x404108,0x100164000,R
0x40410c,0x100164000,W
0x400100,0x100003000,W
0x400104,0x100003000,W
0x400108,0x100004000,W
0x400100,0x100004000,W
0x400104,0x100005000,W
0x400108,0x100005000,R
0x401100,0x10006f000,R
0x401104,0x100070000,R
0x401108,0x100071000,R
0x401100,0x100072000,R
0x401104,0x100073000,R
0x401108,0x100074000,R
0x402100,0x1000d2000,R
0x402104,0x1000d2000,R
0x402100,0x1000d2000,R
0x402104,0x1000d2000,R
0x403100,0x100359000,R
0x403104,0x10035e000,R
0x403100,0x100363000,R
0x403104,0x100368000,R
0x404100,0x100165000,R
0x404104,0x100165000,R
0x404108,0x100165000,R
0x40410c,0x100165000,W
0x400100,0x10000f000,W
0x400104,0x10000f000,W
0x400108,0x100010000,W
0x400100,0x100010000,W
0x400104,0x100011000,W
0x400108,0x100011000,R
0x401100,0x100087000,R
0x401104,0x100088000,R
0x401108,0x100089000,R
0x401100,0x10008a000,R
0x401104,0x10008b000,R
0x401108,0x10008c000,R
0x402100,0x1000d8000,R
0x402104,0x1000d8000,R
0x402100,0x1000d8000,R
0x402104,0x1000d8000,R
0x403100,0x1003d1000,R
0x403104,0x1003d6000,R
0x403100,0x1003db000,R
0x403104,0x1003e0000,R
0x404100,0x100166000,R
0x404104,0x100166000,R
0x404108,0x100166000,R
0x40410c,0x100166000,W
0x400100,0x10001b000,W
0x400104,0x10001b000,W
0x400108,0x10001c000,W
0x400100,0x10001c000,W
0x400104,0x10001d000,W
0x400108,0x10001d000,R
0x401100,0x10009f000,R
0x401104,0x1000a0000,R
0x401108,0x1000a1000,R
0x401100,0x1000a2000,R
0x401104,0x1000a3000,R
0x401108,0x1000a4000,R
0x402100,0x1000de000,R
0x402104,0x1000de000,R
0x402100,0x1000de000,R
0x402104,0x1000de000,R
0x403100,0x100449000,R
0x403104,0x10044e000,R
0x403100,0x100453000,R
0x403104,0x100458000,R
0x404100,0x100167000,R
0x404104,0x100167000,R
0x404108,0x100167000,R
0x40410c,0x100167000,W
0x400100,0x100027000,W
0x400104,0x100027000,W
0x400108,0x100028000,W
0x400100,0x100028000,W
0x400104,0x100029000,W
0x400108,0x100029000,R
0x401100,0x1000b7000,R
0x401104,0x1000b8000,R
0x401108,0x1000b9000,R
0x401100,0x1000ba000,R
0x401104,0x1000bb000,R
0x401108,0x1000bc000,R
0x402100,0x1000e4000,R
0x402104,0x1000e4000,R
0x402100,0x1000e4000,R
0x402104,0x1000e4000,R
0x403100,0x1004c1000,R
0x403104,0x1004c6000,R
0x403100,0x1004cb000,R
0x403104,0x1004d0000,R
0x404100,0x100168000,R
0x404104,0x100168000,R
0x404108,0x100168000,R
0x40410c,0x100168000,W
0x400100,0x100033000,W
0x400104,0x100033000,W
0x400108,0x100034000,W
0x400100,0x100034000,W
0x400104,0x100035000,W
0x400108,0x100035000,R
0x401100,0x10006f000,R
0x401104,0x100070000,R
0x401108,0x100071000,R
0x401100,0x100072000,R
0x401104,0x100073000,R
0x401108,0x100074000,R
0x402100,0x1000ea000,R
0x402104,0x1000ea000,R
0x402100,0x1000ea000,R
0x402104,0x1000ea000,R
0x403100,0x100539000,R
0x403104,0x10053e000,R
0x403100,0x100543000,R
0x403104,0x100548000,R
0x404100,0x100169000,R
0x404104,0x100169000,R
0x404108,0x100169000,R
0x40410c,0x100169000,W
0x400100,0x10003f000,W
0x400104,0x10003f000,W
0x400108,0x100040000,W
0x400100,0x100040000,W
0x400104,0x100041000,W
0x400108,0x100041000,R
0x401100,0x100087000,R
0x401104,0x100088000,R
0x401108,0x100089000,R
0x401100,0x10008a000,R
0x401104,0x10008b000,R
0x401108,0x10008c000,R
0x402100,0x1000f0000,R
0x402104,0x1000f0000,R
0x402100,0x1000f0000,R
0x402104,0x1000f0000,R
0x403100,0x1005b1000,R
0x403104,0x1005b6000,R
0x403100,0x1005bb000,R
0x403104,0x1005c0000,R
0x404100,0x10016a000,R
0x404104,0x10016a000,R
0x404108,0x10016a000,R
0x40410c,0x10016a000,W
0x400100,0x10004b000,W
0x400104,0x10004b000,W
0x400108,0x10004c000,W
0x400100,0x10004c000,W
0x400104,0x10004d000,W
0x400108,0x10004d000,R
0x401100,0x10009f000,R
0x401104,0x1000a0000,R
0x401108,0x1000a1000,R
0x401100,0x1000a2000,R
0x401104,0x1000a3000,R
0x401108,0x1000a4000,R
0x402100,0x1000f6000,R
0x402104,0x1000f6000,R
0x402100,0x1000f6000,R
0x402104,0x1000f6000,R
0x403100,0x1001a9000,R
0x403104,0x1001ae000,R
0x403100,0x1001b3000,R
0x403104,0x1001b8000,R
0x404100,0x10016b000,R
0x404104,0x10016b000,R
0x404108,0x10016b000,R
0x40410c,0x10016b000,W
0x400100,0x100057000,W
0x400104,0x100057000,W
0x400108,0x100058000,W
0x400100,0x100058000,W
0x400104,0x100059000,W
0x400108,0x100059000,R
0x401100,0x1000b7000,R
0x401104,0x1000b8000,R
0x401108,0x1000b9000,R
0x401100,0x1000ba000,R
0x401104,0x1000bb000,R
0x401108,0x1000bc000,R
0x402100,0x1000fc000,R
0x402104,0x1000fc000,R
0x402100,0x1000fc000,R
0x402104,0x1000fc000,R
0x403100,0x100221000,R
0x403104,0x100226000,R
0x403100,0x10022b000,R
0x403104,0x100230000,R
0x404100,0x10016c000,R
0x404104,0x10016c000,R
0x404108,0x10016c000,R
0x40410c,0x10016c000,W
0x400100,0x100003000,W
0x400104,0x100003000,W
0x400108,0x100004000,W
0x400100,0x100004000,W
0x400104,0x100005000,W
0x400108,0x100005000,R
0x401100,0x10006f000,R
0x401104,0x100070000,R
0x401108,0x100071000,R
0x401100,0x100072000,R
0x401104,0x100073000,R
0x401108,0x100074000,R
0x402100,0x100102000,R
0x402104,0x100102000,R
0x402100,0x100102000,R
0x402104,0x100102000,R
0x403100,0x100299000,R
0x403104,0x10029e000,R
0x403100,0x1002a3000,R
0x403104,0x1002a8000,R
0x404100,0x10016d000,R
0x404104,0x10016d000,R
0x404108,0x10016d000,R
0x40410c,0x10016d000,W
0x400100,0x10000f000,W
0x400104,0x10000f000,W
0x400108,0x100010000,W
0x400100,0x100010000,W
0x400104,0x100011000,W
0x400108,0x100011000,R
0x401100,0x100087000,R
0x401104,0x100088000,R
0x401108,0x100089000,R
0x401100,0x10008a000,R
0x401104,0x10008b000,R
0x401108,0x10008c000,R
0x402100,0x100108000,R
0x402104,0x100108000,R
0x402100,0x100108000,R
0x402104,0x100108000,R
0x403100,0x100311000,R
0x403104,0x100316000,R
0x403100,0x10031b000,R
0x403104,0x100320000,R
0x404100,0x10016e000,R
0x404104,0x10016e000,R
0x404108,0x10016e000,R
0x40410c,0x10016e000,W
0x400100,0x10001b000,W
0x400104,0x10001b000,W
0x400108,0x10001c000,W
0x400100,0x10001c000,W
0x400104,0x10001d000,W
0x400108,0x10001d000,R
0x401100,0x10009f000,R
0x401104,0x1000a0000,R
0x401108,0x1000a1000,R
0x401100,0x1000a2000,R
0x401104,0x1000a3000,R
0x401108,0x1000a4000,R
0x402100,0x10010e000,R
0x402104,0x10010e000,R
0x402100,0x10010e000,R
0x402104,0x10010e000,R
0x403100,0x100389000,R
0x403104,0x10038e000,R
0x403100,0x100393000,R
0x403104,0x100398000,R
0x404100,0x10016f000,R
0x404104,0x10016f000,R
0x404108,0x10016f000,R
0x40410c,0x10016f000,W
0x400100,0x100027000,W
0x400104,0x100027000,W
0x400108,0x100028000,W
0x400100,0x100028000,W
0x400104,0x100029000,W
0x400108,0x100029000,R
0x401100,0x1000b7000,R
0x401104,0x1000b8000,R
0x401108,0x1000b9000,R
0x401100,0x1000ba000,R
0x401104,0x1000bb000,R
0x401108,0x1000bc000,R
0x402100,0x100114000,R
0x402104,0x100114000,R
0x402100,0x100114000,R
0x402104,0x100114000,R
0x403100,0x100401000,R
0x403104,0x100406000,R
0x403100,0x10040b000,R
0x403104,0x100410000,R
0x404100,0x100170000,R
0x404104,0x100170000,R
0x404108,0x100170000,R
0x40410c,0x100170000,W
0x400100,0x100033000,W
0x400104,0x100033000,W
0x400108,0x100034000,W
0x400100,0x100034000,W
0x400104,0x100035000,W
0x400108,0x100035000,R
0x401100,0x10006f000,R
0x401104,0x100070000,R
0x401108,0x100071000,R
0x401100,0x100072000,R
0x401104,0x100073000,R
0x401108,0x100074000,R
0x402100,0x10011a000,R
0x402104,0x10011a000,R
0x402100,0x10011a000,R
0x402104,0x10011a000,R
0x403100,0x100479000,R
0x403104,0x10047e000,R
0x403100,0x100483000,R
0x403104,0x100488000,R
0x404100,0x100171000,R
0x404104,0x100171000,R
0x404108,0x100171000,R
0x40410c,0x100171000,W
0x400100,0x10003f000,W
0x400104,0x10003f000,W
0x400108,0x100040000,W
0x400100,0x100040000,W
0x400104,0x100041000,W
0x400108,0x100041000,R
0x401100,0x100087000,R
0x401104,0x100088000,R
0x401108,0x100089000,R
0x401100,0x10008a000,R
0x401104,0x10008b000,R
0x401108,0x10008c000,R
0x402100,0x1000c0000,R
0x402104,0x1000c0000,R
0x402100,0x1000c0000,R
0x402104,0x1000c0000,R
0x403100,0x1004f1000,R
0x403104,0x1004f6000,R
0x403100,0x1004fb000,R
0x403104,0x100500000,R
0x404100,0x100172000,R
0x404104,0x100172000,R
0x404108,0x100172000,R
0x40410c,0x100172000,W
0x400100,0x10004b000,W
0x400104,0x10004b000,W
0x400108,0x10004c000,W
0x400100,0x10004c000,W
0x400104,0x10004d000,W
0x400108,0x10004d000,R
0x401100,0x10009f000,R
0x401104,0x1000a0000,R
0x401108,0x1000a1000,R
0x401100,0x1000a2000,R
0x401104,0x1000a3000,R
0x401108,0x1000a4000,R
0x402100,0x1000c6000,R
0x402104,0x1000c6000,R
0x402100,0x1000c6000,R
0x402104,0x1000c6000,R
0x403100,0x100569000,R
0x403104,0x10056e000,R
0x403100,0x100573000,R
0x403104,0x100578000,R
0x404100,0x100173000,R
0x404104,0x100173000,R
0x404108,0x100173000,R
0x40410c,0x100173000,W
0x400100,0x100057000,W
0x400104,0x100057000,W
0x400108,0x100058000,W
0x400100,0x100058000,W
0x400104,0x100059000,W
0x400108,0x100059000,R
0x401100,0x1000b7000,R
0x401104,0x1000b8000,R
0x401108,0x1000b9000,R
0x401100,0x1000ba000,R
0x401104,0x1000bb000,R
0x401108,0x1000bc000,R
0x402100,0x1000cc000,R
0x402104,0x1000cc000,R
0x402100,0x1000cc000,R
0x402104,0x1000cc000,R
0x403100,0x1005e1000,R
0x403104,0x1005e6000,R
0x403100,0x1005eb000,R
0x403104,0x1005f0000,R
0x404100,0x100174000,R
0x404104,0x100174000,R
0x404108,0x100174000,R
0x40410c,0x100174000,W
0x400100,0x100003000,W
0x400104,0x100003000,W
0x400108,0x100004000,W
0x400100,0x100004000,W
0x400104,0x100005000,W
0x400108,0x100005000,R
0x401100,0x10006f000,R
0x401104,0x100070000,R
0x401108,0x100071000,R
0x401100,0x100072000,R
0x401104,0x100073000,R
0x401108,0x100074000,R
0x402100,0x1000d2000,R
0x402104,0x1000d2000,R
0x402100,0x1000d2000,R
0x402104,0x1000d2000,R
0x403100,0x1001d9000,R
0x403104,0x1001de000,R
0x403100,0x1001e3000,R
0x403104,0x1001e8000,R
0x404100,0x100175000,R
0x404104,0x100175000,R
0x404108,0x100175000,R
0x40410c,0x100175000,W
0x400100,0x10000f000,W
0x400104,0x10000f000,W
0x400108,0x100010000,W
0x400100,0x100010000,W
0x400104,0x100011000,W
0x400108,0x100011000,R
0x401100,0x100087000,R
0x401104,0x100088000,R
0x401108,0x100089000,R
0x401100,0x10008a000,R
0x401104,0x10008b000,R
0x401108,0x10008c000,R
0x402100,0x1000d8000,R
0x402104,0x1000d8000,R
0x402100,0x1000d8000,R
0x402104,0x1000d8000,R
0x403100,0x100251000,R
0x403104,0x100256000,R
0x403100,0x10025b000,R
0x403104,0x100260000,R
0x404100,0x100176000,R
0x404104,0x100176000,R
0x404108,0x100176000,R
0x40410c,0x100176000,W
0x400100,0x10001b000,W
0x400104,0x10001b000,W
0x400108,0x10001c000,W
0x400100,0x10001c000,W
0x400104,0x10001d000,W
0x400108,0x10001d000,R
0x401100,0x10009f000,R
0x401104,0x1000a0000,R
0x401108,0x1000a1000,R
0x401100,0x1000a2000,R
0x401104,0x1000a3000,R
0x401108,0x1000a4000,R
0x402100,0x1000de000,R
0x402104,0x1000de000,R
0x402100,0x1000de000,R
0x402104,0x1000de000,R
0x403100,0x1002c9000,R
0x403104,0x1002ce000,R
0x403100,0x1002d3000,R
0x403104,0x1002d8000,R
0x404100,0x100177000,R
0x404104,0x100177000,R
0x404108,0x100177000,R
0x40410c,0x100177000,W
0x400100,0x100027000,W
0x400104,0x100027000,W
0x400108,0x100028000,W
0x400100,0x100028000,W
0x400104,0x100029000,W
0x400108,0x100029000,R
0x401100,0x1000b7000,R
0x401104,0x1000b8000,R
0x401108,0x1000b9000,R
0x401100,0x1000ba000,R
0x401104,0x1000bb000,R
0x401108,0x1000bc000,R
0x402100,0x1000e4000,R
0x402104,0x1000e4000,R
0x402100,0x1000e4000,R
0x402104,0x1000e4000,R
0x403100,0x100341000,R
0x403104,0x100346000,R
0x403100,0x10034b000,R
0x403104,0x100350000,R
0x404100,0x100178000,R
0x404104,0x100178000,R
0x404108,0x100178000,R
0x40410c,0x100178000,W
0x400100,0x100033000,W
0x400104,0x100033000,W
0x400108,0x100034000,W
0x400100,0x100034000,W
0x400104,0x100035000,W
0x400108,0x100035000,R
0x401100,0x10006f000,R
0x401104,0x100070000,R
0x401108,0x100071000,R
0x401100,0x100072000,R
0x401104,0x100073000,R
0x401108,0x100074000,R
0x402100,0x1000ea000,R
0x402104,0x1000ea000,R
0x402100,0x1000ea000,R
0x402104,0x1000ea000,R
0x403100,0x1003b9000,R
0x403104,0x1003be000,R
0x403100,0x1003c3000,R
0x403104,0x1003c8000,R
0x404100,0x100179000,R
0x404104,0x100179000,R
0x404108,0x100179000,R
0x40410c,0x100179000,W
0x400100,0x10003f000,W
0x400104,0x10003f000,W
0x400108,0x100040000,W
0x400100,0x100040000,W
0x400104,0x100041000,W
0x400108,0x100041000,R
0x401100,0x100087000,R
0x401104,0x100088000,R
0x401108,0x100089000,R
0x401100,0x10008a000,R
0x401104,0x10008b000,R
0x401108,0x10008c000,R
0x402100,0x1000f0000,R
0x402104,0x1000f0000,R
0x402100,0x1000f0000,R
0x402104,0x1000f0000,R
0x403100,0x100431000,R
0x403104,0x100436000,R
0x403100,0x10043b000,R
0x403104,0x100440000,R
0x404100,0x10017a000,R
0x404104,0x10017a000,R
0x404108,0x10017a000,R
0x40410c,0x10017a000,W
0x400100,0x10004b000,W
0x400104,0x10004b000,W
0x400108,0x10004c000,W
0x400100,0x10004c000,W
0x400104,0x10004d000,W
0x400108,0x10004d000,R
0x401100,0x10009f000,R
0x401104,0x1000a0000,R
0x401108,0x1000a1000,R
0x401100,0x1000a2000,R
0x401104,0x1000a3000,R
0x401108,0x1000a4000,R
0x402100,0x1000f6000,R
0x402104,0x1000f6000,R
0x402100,0x1000f6000,R
0x402104,0x1000f6000,R
0x403100,0x1004a9000,R
0x403104,0x1004ae000,R
0x403100,0x1004b3000,R
0x403104,0x1004b8000,R
0x404100,0x10017b000,R
0x404104,0x10017b000,R
0x404108,0x10017b000,R
0x40410c,0x10017b000,W
0x400100,0x100057000,W
0x400104,0x100057000,W
0x400108,0x100058000,W
0x400100,0x100058000,W
0x400104,0x100059000,W
0x400108,0x100059000,R
0x401100,0x1000b7000,R
0x401104,0x1000b8000,R
0x401108,0x1000b9000,R
0x401100,0x1000ba000,R
0x401104,0x1000bb000,R
0x401108,0x1000bc000,R
0x402100,0x1000fc000,R
0x402104,0x1000fc000,R
0x402100,0x1000fc000,R
0x402104,0x1000fc000,R
0x403100,0x100521000,R
0x403104,0x100526000,R
0x403100,0x10052b000,R
0x403104,0x100530000,R
0x404100,0x10017c000,R
0x404104,0x10017c000,R
0x404108,0x10017c000,R
0x40410c,0x10017c000,W
0x400100,0x100003000,W
0x400104,0x100003000,W
0x400108,0x100004000,W
0x400100,0x100004000,W
0x400104,0x100005000,W
0x400108,0x100005000,R
0x401100,0x10006f000,R
0x401104,0x100070000,R
0x401108,0x100071000,R
0x401100,0x100072000,R
0x401104,0x100073000,R
0x401108,0x100074000,R
0x402100,0x100102000,R
0x402104,0x100102000,R
0x402100,0x100102000,R
0x402104,0x100102000,R
0x403100,0x100599000,R
0x403104,0x10059e000,R
0x403100,0x1005a3000,R
0x403104,0x1005a8000,R
0x404100,0x10017d000,R
0x404104,0x10017d000,R
0x404108,0x10017d000,R
0x40410c,0x10017d000,W
0x400100,0x10000f000,W
0x400104,0x10000f000,W
0x400108,0x100010000,W
0x400100,0x100010000,W
0x400104,0x100011000,W
0x400108,0x100011000,R
0x401100,0x100087000,R
0x401104,0x100088000,R
0x401108,0x100089000,R
0x401100,0x10008a000,R
0x401104,0x10008b000,R
0x401108,0x10008c000,R
0x402100,0x100108000,R
0x402104,0x100108000,R
0x402100,0x100108000,R
0x402104,0x100108000,R
0x403100,0x100191000,R
0x403104,0x100196000,R
0x403100,0x10019b000,R
0x403104,0x1001a0000,R
0x404100,0x10017e000,R
0x404104,0x10017e000,R
0x404108,0x10017e000,R
0x40410c,0x10017e000,W
0x400100,0x10001b000,W
0x400104,0x10001b000,W
0x400108,0x10001c000,W
0x400100,0x10001c000,W
0x400104,0x10001d000,W
0x400108,0x10001d000,R
0x401100,0x10009f000,R
0x401104,0x1000a0000,R
0x401108,0x1000a1000,R
0x401100,0x1000a2000,R
0x401104,0x1000a3000,R
0x401108,0x1000a4000,R
0x402100,0x10010e000,R
0x402104,0x10010e000,R
0x402100,0x10010e000,R
0x402104,0x10010e000,R
0x403100,0x100209000,R
0x403104,0x10020e000,R
0x403100,0x100213000,R
0x403104,0x100218000,R
0x404100,0x10017f000,R
0x404104,0x10017f000,R
0x404108,0x10017f000,R
0x40410c,0x10017f000,W
0x400100,0x100027000,W
0x400104,0x100027000,W
0x400108,0x100028000,W
0x400100,0x100028000,W
0x400104,0x100029000,W
0x400108,0x100029000,R
0x401100,0x1000b7000,R
0x401104,0x1000b8000,R
0x401108,0x1000b9000,R
0x401100,0x1000ba000,R
0x401104,0x1000bb000,R
0x401108,0x1000bc000,R
0x402100,0x100114000,R
0x402104,0x100114000,R
0x402100,0x100114000,R
0x402104,0x100114000,R
0x403100,0x100281000,R
0x403104,0x100286000,R
0x403100,0x10028b000,R
0x403104,0x100290000,R
0x404100,0x100120000,R
0x404104,0x100120000,R
0x404108,0x100120000,R
0x40410c,0x100120000,W
0x400100,0x100033000,W
0x400104,0x100033000,W
0x400108,0x100034000,W
0x400100,0x100034000,W
0x400104,0x100035000,W
0x400108,0x100035000,R
0x401100,0x10006f000,R
0x401104,0x100070000,R
0x401108,0x100071000,R
0x401100,0x100072000,R
0x401104,0x100073000,R
0x401108,0x100074000,R
0x402100,0x10011a000,R
0x402104,0x10011a000,R
0x402100,0x10011a000,R
0x402104,0x10011a000,R
0x403100,0x1002f9000,R
0x403104,0x1002fe000,R
0x403100,0x100303000,R
0x403104,0x100308000,R
0x404100,0x100121000,R
0x404104,0x100121000,R
0x404108,0x100121000,R
0x40410c,0x100121000,W
0x400100,0x10003f000,W
0x400104,0x10003f000,W
0x400108,0x100040000,W
0x400100,0x100040000,W
0x400104,0x100041000,W
0x400108,0x100041000,R
0x401100,0x100087000,R
0x401104,0x100088000,R
0x401108,0x100089000,R
0x401100,0x10008a000,R
0x401104,0x10008b000,R
0x401108,0x10008c000,R
0x402100,0x1000c0000,R
0x402104,0x1000c0000,R
0x402100,0x1000c0000,R
0x402104,0x1000c0000,R
0x403100,0x100371000,R
0x403104,0x100376000,R
0x403100,0x10037b000,R
0x403104,0x100380000,R
0x404100,0x100122000,R
0x404104,0x100122000,R
0x404108,0x100122000,R
0x40410c,0x100122000,W
0x400100,0x10004b000,W
0x400104,0x10004b000,W
0x400108,0x10004c000,W
0x400100,0x10004c000,W
0x400104,0x10004d000,W
0x400108,0x10004d000,R
0x401100,0x10009f000,R
0x401104,0x1000a0000,R
0x401108,0x1000a1000,R
0x401100,0x1000a2000,R
0x401104,0x1000a3000,R
0x401108,0x1000a4000,R
0x402100,0x1000c6000,R
0x402104,0x1000c6000,R
0x402100,0x1000c6000,R
0x402104,0x1000c6000,R
0x403100,0x1003e9000,R
0x403104,0x1003ee000,R
0x403100,0x1003f3000,R
0x403104,0x1003f8000,R
0x404100,0x100123000,R
0x404104,0x100123000,R
0x404108,0x100123000,R
0x40410c,0x100123000,W
0x400100,0x100057000,W
0x400104,0x100057000,W
0x400108,0x100058000,W
0x400100,0x100058000,W
0x400104,0x100059000,W
0x400108,0x100059000,R
0x401100,0x1000b7000,R
0x401104,0x1000b8000,R
0x401108,0x1000b9000,R
0x401100,0x1000ba000,R
0x401104,0x1000bb000,R
0x401108,0x1000bc000,R
0x402100,0x1000cc000,R
0x402104,0x1000cc000,R
0x402100,0x1000cc000,R
0x402104,0x1000cc000,R
0x403100,0x100461000,R
0x403104,0x100466000,R
0x403100,0x10046b000,R
0x403104,0x100470000,R
0x404100,0x100124000,R
0x404104,0x100124000,R
0x404108,0x100124000,R
0x40410c,0x100124000,W
0x400100,0x100003000,W
0x400104,0x100003000,W
0x400108,0x100004000,W
0x400100,0x100004000,W
0x400104,0x100005000,W
0x400108,0x100005000,R
0x401100,0x10006f000,R
0x401104,0x100070000,R
0x401108,0x100071000,R
0x401100,0x100072000,R
0x401104,0x100073000,R
0x401108,0x100074000,R
0x402100,0x1000d2000,R
0x402104,0x1000d2000,R
0x402100,0x1000d2000,R
0x402104,0x1000d2000,R
0x403100,0x1004d9000,R
0x403104,0x1004de000,R
0x403100,0x1004e3000,R
0x403104,0x1004e8000,R
0x404100,0x100125000,R
0x404104,0x100125000,R
0x404108,0x100125000,R
0x40410c,0x100125000,W
0x400100,0x10000f000,W
0x400104,0x10000f000,W
0x400108,0x100010000,W
0x400100,0x100010000,W
0x400104,0x100011000,W
0x400108,0x100011000,R
0x401100,0x100087000,R
0x401104,0x100088000,R
0x401108,0x100089000,R
0x401100,0x10008a000,R
0x401104,0x10008b000,R
0x401108,0x10008c000,R
0x402100,0x1000d8000,R
0x402104,0x1000d8000,R
0x402100,0x1000d8000,R
0x402104,0x1000d8000,R
0x403100,0x100551000,R
0x403104,0x100556000,R
0x403100,0x10055b000,R
0x403104,0x100560000,R
0x404100,0x100126000,R
0x404104,0x100126000,R
0x404108,0x100126000,R
0x40410c,0x100126000,W
0x400100,0x10001b000,W
0x400104,0x10001b000,W
0x400108,0x10001c000,W
0x400100,0x10001c000,W
0x400104,0x10001d000,W
0x400108,0x10001d000,R
0x401100,0x10009f000,R
0x401104,0x1000a0000,R
0x401108,0x1000a1000,R
0x401100,0x1000a2000,R
0x401104,0x1000a3000,R
0x401108,0x1000a4000,R
0x402100,0x1000de000,R
0x402104,0x1000de000,R
0x402100,0x1000de000,R
0x402104,0x1000de000,R
0x403100,0x1005c9000,R
0x403104,0x1005ce000,R
0x403100,0x1005d3000,R
0x403104,0x1005d8000,R
0x404100,0x100127000,R
0x404104,0x100127000,R
0x404108,0x100127000,R
0x40410c,0x100127000,W
0x400100,0x100027000,W
0x400104,0x100027000,W
0x400108,0x100028000,W
0x400100,0x100028000,W
0x400104,0x100029000,W
0x400108,0x100029000,R
0x401100,0x1000b7000,R
0x401104,0x1000b8000,R
0x401108,0x1000b9000,R
0x401100,0x1000ba000,R
0x401104,0x1000bb000,R
0x401108,0x1000bc000,R
0x402100,0x1000e4000,R
0x402104,0x1000e4000,R
0x402100,0x1000e4000,R
0x402104,0x1000e4000,R
0x403100,0x1001c1000,R
0x403104,0x1001c6000,R
0x403100,0x1001cb000,R
0x403104,0x1001d0000,R
0x404100,0x100128000,R
0x404104,0x100128000,R
0x404108,0x100128000,R
0x40410c,0x100128000,W
0x400100,0x100033000,W
0x400104,0x100033000,W
0x400108,0x100034000,W
0x400100,0x100034000,W
0x400104,0x100035000,W
0x400108,0x100035000,R
0x401100,0x10006f000,R
0x401104,0x100070000,R
0x401108,0x100071000,R
0x401100,0x100072000,R
0x401104,0x100073000,R
0x401108,0x100074000,R
0x402100,0x1000ea000,R
0x402104,0x1000ea000,R
0x402100,0x1000ea000,R
0x402104,0x1000ea000,R
0x403100,0x100239000,R
0x403104,0x10023e000,R
0x403100,0x100243000,R
0x403104,0x100248000,R
0x404100,0x100129000,R
0x404104,0x100129000,R
0x404108,0x100129000,R
0x40410c,0x100129000,W
0x400100,0x10003f000,W
0x400104,0x10003f000,W
0x400108,0x100040000,W
0x400100,0x100040000,W
0x400104,0x100041000,W
0x400108,0x100041000,R
0x401100,0x100087000,R
0x401104,0x100088000,R
0x401108,0x100089000,R
0x401100,0x10008a000,R
0x401104,0x10008b000,R
0x401108,0x10008c000,R
0x402100,0x1000f0000,R
0x402104,0x1000f0000,R
0x402100,0x1000f0000,R
0x402104,0x1000f0000,R
0x403100,0x1002b1000,R
0x403104,0x1002b6000,R
0x403100,0x1002bb000,R
0x403104,0x1002c0000,R
0x404100,0x10012a000,R
0x404104,0x10012a000,R
0x404108,0x10012a000,R
0x40410c,0x10012a000,W
0x400100,0x10004b000,W
0x400104,0x10004b000,W
0x400108,0x10004c000,W
0x400100,0x10004c000,W
0x400104,0x10004d000,W
0x400108,0x10004d000,R
0x401100,0x10009f000,R
0x401104,0x1000a0000,R
0x401108,0x1000a1000,R
0x401100,0x1000a2000,R
0x401104,0x1000a3000,R
0x401108,0x1000a4000,R
0x402100,0x1000f6000,R
0x402104,0x1000f6000,R
0x402100,0x1000f6000,R
0x402104,0x1000f6000,R
0x403100,0x100329000,R
0x403104,0x10032e000,R
0x403100,0x100333000,R
0x403104,0x100338000,R
0x404100,0x10012b000,R
0x404104,0x10012b000,R
0x404108,0x10012b000,R
0x40410c,0x10012b000,W
0x400100,0x100057000,W
0x400104,0x100057000,W
0x400108,0x100058000,W
0x400100,0x100058000,W
0x400104,0x100059000,W
0x400108,0x100059000,R
0x401100,0x1000b7000,R
0x401104,0x1000b8000,R
0x401108,0x1000b9000,R
0x401100,0x1000ba000,R
0x401104,0x1000bb000,R
0x401108,0x1000bc000,R
0x402100,0x1000fc000,R
0x402104,0x1000fc000,R
0x402100,0x1000fc000,R
0x402104,0x1000fc000,R
0x403100,0x1003a1000,R
0x403104,0x1003a6000,R
0x403100,0x1003ab000,R
0x403104,0x1003b0000,R
0x404100,0x10012c000,R
0x404104,0x10012c000,R
0x404108,0x10012c000,R
0x40410c,0x10012c000,W
0x400100,0x100003000,W
0x400104,0x100003000,W
0x400108,0x100004000,W
0x400100,0x100004000,W
0x400104,0x100005000,W
0x400108,0x100005000,R
0x401100,0x10006f000,R
0x401104,0x100070000,R
0x401108,0x100071000,R
0x401100,0x100072000,R
0x401104,0x100073000,R
0x401108,0x100074000,R
0x402100,0x100102000,R
0x402104,0x100102000,R
0x402100,0x100102000,R
0x402104,0x100102000,R
0x403100,0x100419000,R
0x403104,0x10041e000,R
0x403100,0x100423000,R
0x403104,0x100428000,R
0x404100,0x10012d000,R
0x404104,0x10012d000,R
0x404108,0x10012d000,R
0x40410c,0x10012d000,W
0x400100,0x10000f000,W
0x400104,0x10000f000,W
0x400108,0x100010000,W
0x400100,0x100010000,W
0x400104,0x100011000,W
0x400108,0x100011000,R
0x401100,0x100087000,R
0x401104,0x100088000,R
0x401108,0x100089000,R
0x401100,0x10008a000,R
0x401104,0x10008b000,R
0x401108,0x10008c000,R
0x402100,0x100108000,R
0x402104,0x100108000,R
0x402100,0x100108000,R
0x402104,0x100108000,R
0x403100,0x100491000,R
0x403104,0x100496000,R
0x403100,0x10049b000,R
0x403104,0x1004a0000,R
0x404100,0x10012e000,R
0x404104,0x10012e000,R
0x404108,0x10012e000,R
0x40410c,0x10012e000,W
0x400100,0x10001b000,W
0x400104,0x10001b000,W
0x400108,0x10001c000,W
0x400100,0x10001c000,W
0x400104,0x10001d000,W
0x400108,0x10001d000,R
0x401100,0x10009f000,R
0x401104,0x1000a0000,R
0x401108,0x1000a1000,R
0x401100,0x1000a2000,R
0x401104,0x1000a3000,R
0x401108,0x1000a4000,R
0x402100,0x10010e000,R
0x402104,0x10010e000,R
0x402100,0x10010e000,R
0x402104,0x10010e000,R
0x403100,0x100509000,R
0x403104,0x10050e000,R
0x403100,0x100513000,R
0x403104,0x100518000,R
0x404100,0x10012f000,R
0x404104,0x10012f000,R
0x404108,0x10012f000,R
0x40410c,0x10012f000,W
0x400100,0x100027000,W
0x400104,0x100027000,W
0x400108,0x100028000,W
0x400100,0x100028000,W
0x400104,0x100029000,W
0x400108,0x100029000,R
0x401100,0x1000b7000,R
0x401104,0x1000b8000,R
0x401108,0x1000b9000,R
0x401100,0x1000ba000,R
0x401104,0x1000bb000,R
0x401108,0x1000bc000,R
0x402100,0x100114000,R
0x402104,0x100114000,R
0x402100,0x100114000,R
0x402104,0x100114000,R
0x403100,0x100581000,R
0x403104,0x100586000,R
0x403100,0x10058b000,R
0x403104,0x100590000,R
0x404100,0x100130000,R
0x404104,0x100130000,R
0x404108,0x100130000,R
0x40410c,0x100130000,W
0x400100,0x100033000,W
0x400104,0x100033000,W
0x400108,0x100034000,W
0x400100,0x100034000,W
0x400104,0x100035000,W
0x400108,0x100035000,R
0x401100,0x10006f000,R
0x401104,0x100070000,R
0x401108,0x100071000,R
0x401100,0x100072000,R
0x401104,0x100073000,R
0x401108,0x100074000,R
0x402100,0x10011a000,R
0x402104,0x10011a000,R
0x402100,0x10011a000,R
0x402104,0x10011a000,R
0x403100,0x1005f9000,R
0x403104,0x1005fe000,R
0x403100,0x100183000,R
0x403104,0x100188000,R
0x404100,0x100131000,R
0x404104,0x100131000,R
0x404108,0x100131000,R
0x40410c,0x100131000,W
0x400100,0x10003f000,W
0x400104,0x10003f000,W
0x400108,0x100040000,W
0x400100,0x100040000,W
0x400104,0x100041000,W
0x400108,0x100041000,R
0x401100,0x100087000,R
0x401104,0x100088000,R
0x401108,0x100089000,R
0x401100,0x10008a000,R
0x401104,0x10008b000,R
0x401108,0x10008c000,R
0x402100,0x1000c0000,R
0x402104,0x1000c0000,R
0x402100,0x1000c0000,R
0x402104,0x1000c0000,R
0x403100,0x1001f1000,R
0x403104,0x1001f6000,R
0x403100,0x1001fb000,R
0x403104,0x100200000,R
0x404100,0x100132000,R
0x404104,0x100132000,R
0x404108,0x100132000,R
0x40410c,0x100132000,W
0x400100,0x10004b000,W
0x400104,0x10004b000,W
0x400108,0x10004c000,W
0x400100,0x10004c000,W
0x400104,0x10004d000,W
0x400108,0x10004d000,R
0x401100,0x10009f000,R
0x401104,0x1000a0000,R
0x401108,0x1000a1000,R
0x401100,0x1000a2000,R
0x401104,0x1000a3000,R
0x401108,0x1000a4000,R
0x402100,0x1000c6000,R
0x402104,0x1000c6000,R
0x402100,0x1000c6000,R
0x402104,0x1000c6000,R
0x403100,0x100269000,R
0x403104,0x10026e000,R
0x403100,0x100273000,R
0x403104,0x100278000,R
0x404100,0x100133000,R
0x404104,0x100133000,R
0x404108,0x100133000,R
0x40410c,0x100133000,W
0x400100,0x100057000,W
0x400104,0x100057000,W
0x400108,0x100058000,W
0x400100,0x100058000,W
0x400104,0x100059000,W
0x400108,0x100059000,R
0x401100,0x1000b7000,R
0x401104,0x1000b8000,R
0x401108,0x1000b9000,R
0x401100,0x1000ba000,R
0x401104,0x1000bb000,R
0x401108,0x1000bc000,R
0x402100,0x1000cc000,R
0x402104,0x1000cc000,R
0x402100,0x1000cc000,R
0x402104,0x1000cc000,R
0x403100,0x1002e1000,R
0x403104,0x1002e6000,R
0x403100,0x1002eb000,R
0x403104,0x1002f0000,R
0x404100,0x100134000,R
0x404104,0x100134000,R
0x404108,0x100134000,R
0x40410c,0x100134000,W
0x400100,0x100003000,W
0x400104,0x100003000,W
0x400108,0x100004000,W
0x400100,0x100004000,W
0x400104,0x100005000,W
0x400108,0x100005000,R
0x401100,0x10006f000,R
0x401104,0x100070000,R
0x401108,0x100071000,R
0x401100,0x100072000,R
0x401104,0x100073000,R
0x401108,0x100074000,R
0x402100,0x1000d2000,R
0x402104,0x1000d2000,R
0x402100,0x1000d2000,R
0x402104,0x1000d2000,R
0x403100,0x100359000,R
0x403104,0x10035e000,R
0x403100,0x100363000,R
0x403104,0x100368000,R
0x404100,0x100135000,R
0x404104,0x100135000,R
0x404108,0x100135000,R
0x40410c,0x100135000,W
0x400100,0x10000f000,W
0x400104,0x10000f000,W
0x400108,0x100010000,W
0x400100,0x100010000,W
0x400104,0x100011000,W
0x400108,0x100011000,R
0x401100,0x100087000,R
0x401104,0x100088000,R
0x401108,0x100089000,R
0x401100,0x10008a000,R
0x401104,0x10008b000,R
0x401108,0x10008c000,R
0x402100,0x1000d8000,R
0x402104,0x1000d8000,R
0x402100,0x1000d8000,R
0x402104,0x1000d8000,R
0x403100,0x1003d1000,R
0x403104,0x1003d6000,R
0x403100,0x1003db000,R
0x403104,0x1003e0000,R
0x404100,0x100136000,R
0x404104,0x100136000,R
0x404108,0x100136000,R
0x40410c,0x100136000,W
0x400100,0x10001b000,W
0x400104,0x10001b000,W
0x400108,0x10001c000,W
0x400100,0x10001c000,W
0x400104,0x10001d000,W
0x400108,0x10001d000,R
0x401100,0x10009f000,R
0x401104,0x1000a0000,R
0x401108,0x1000a1000,R
0x401100,0x1000a2000,R
0x401104,0x1000a3000,R
0x401108,0x1000a4000,R
0x402100,0x1000de000,R
0x402104,0x1000de000,R
0x402100,0x1000de000,R
0x402104,0x1000de000,R
0x403100,0x100449000,R
0x403104,0x10044e000,R
0x403100,0x100453000,R
0x403104,0x100458000,R
0x404100,0x100137000,R
0x404104,0x100137000,R
0x404108,0x100137000,R
0x40410c,0x100137000,W
0x400100,0x100027000,W
0x400104,0x100027000,W
0x400108,0x100028000,W
0x400100,0x100028000,W
0x400104,0x100029000,W
0x400108,0x100029000,R
0x401100,0x1000b7000,R
0x401104,0x1000b8000,R
0x401108,0x1000b9000,R
0x401100,0x1000ba000,R
0x401104,0x1000bb000,R
0x401108,0x1000bc000,R
0x402100,0x1000e4000,R
0x402104,0x1000e4000,R
0x402100,0x1000e4000,R
0x402104,0x1000e4000,R
0x403100,0x1004c1000,R
0x403104,0x1004c6000,R
0x403100,0x1004cb000,R
0x403104,0x1004d0000,R
0x404100,0x100138000,R
0x404104,0x100138000,R
0x404108,0x100138000,R
0x40410c,0x100138000,W
0x400100,0x100033000,W
0x400104,0x100033000,W
0x400108,0x100034000,W
0x400100,0x100034000,W
0x400104,0x100035000,W
0x400108,0x100035000,R
0x401100,0x10006f000,R
0x401104,0x100070000,R
0x401108,0x100071000,R
0x401100,0x100072000,R
0x401104,0x100073000,R
0x401108,0x100074000,R
0x402100,0x1000ea000,R
0x402104,0x1000ea000,R
0x402100,0x1000ea000,R
0x402104,0x1000ea000,R
0x403100,0x100539000,R
0x403104,0x10053e000,R
0x403100,0x100543000,R
0x403104,0x100548000,R
0x404100,0x100139000,R
0x404104,0x100139000,R
0x404108,0x100139000,R
0x40410c,0x100139000,W
0x400100,0x10003f000,W
0x400104,0x10003f000,W
0x400108,0x100040000,W
0x400100,0x100040000,W
0x400104,0x100041000,W
0x400108,0x100041000,R
0x401100,0x100087000,R
0x401104,0x100088000,R
0x401108,0x100089000,R
0x401100,0x10008a000,R
0x401104,0x10008b000,R
0x401108,0x10008c000,R
0x402100,0x1000f0000,R
0x402104,0x1000f0000,R
0x402100,0x1000f0000,R
0x402104,0x1000f0000,R
0x403100,0x1005b1000,R
0x403104,0x1005b6000,R
0x403100,0x1005bb000,R
0x403104,0x1005c0000,R
0x404100,0x10013a000,R
0x404104,0x10013a000,R
0x404108,0x10013a000,R
0x40410c,0x10013a000,W
0x400100,0x10004b000,W
0x400104,0x10004b000,W
0x400108,0x10004c000,W
0x400100,0x10004c000,W
0x400104,0x10004d000,W
0x400108,0x10004d000,R
0x401100,0x10009f000,R
0x401104,0x1000a0000,R
0x401108,0x1000a1000,R
0x401100,0x1000a2000,R
0x401104,0x1000a3000,R
0x401108,0x1000a4000,R
0x402100,0x1000f6000,R
0x402104,0x1000f6000,R
0x402100,0x1000f6000,R
0x402104,0x1000f6000,R
0x403100,0x1001a9000,R
0x403104,0x1001ae000,R
0x403100,0x1001b3000,R
0x403104,0x1001b8000,R
0x404100,0x10013b000,R
0x404104,0x10013b000,R
0x404108,0x10013b000,R
0x40410c,0x10013b000,W
0x400100,0x100057000,W
0x400104,0x100057000,W
0x400108,0x100058000,W
0x400100,0x100058000,W
0x400104,0x100059000,W
0x400108,0x100059000,R
0x401100,0x1000b7000,R
0x401104,0x1000b8000,R
0x401108,0x1000b9000,R
0x401100,0x1000ba000,R
0x401104,0x1000bb000,R
0x401108,0x1000bc000,R
0x402100,0x1000fc000,R
0x402104,0x1000fc000,R
0x402100,0x1000fc000,R
0x402104,0x1000fc000,R
0x403100,0x100221000,R
0x403104,0x100226000,R
0x403100,0x10022b000,R
0x403104,0x100230000,R
0x404100,0x10013c000,R
0x404104,0x10013c000,R
0x404108,0x10013c000,R
0x40410c,0x10013c000,W
0x400100,0x100003000,W
0x400104,0x100003000,W
0x400108,0x100004000,W
0x400100,0x100004000,W
0x400104,0x100005000,W
0x400108,0x100005000,R
0x401100,0x10006f000,R
0x401104,0x100070000,R
0x401108,0x100071000,R
0x401100,0x100072000,R
0x401104,0x100073000,R
0x401108,0x100074000,R
0x402100,0x100102000,R
0x402104,0x100102000,R
0x402100,0x100102000,R
0x402104,0x100102000,R
0x403100,0x100299000,R
0x403104,0x10029e000,R
0x403100,0x1002a3000,R
0x403104,0x1002a8000,R
0x404100,0x10013d000,R
0x404104,0x10013d000,R
0x404108,0x10013d000,R
0x40410c,0x10013d000,W
0x400100,0x10000f000,W
0x400104,0x10000f000,W
0x400108,0x100010000,W
0x400100,0x100010000,W
0x400104,0x100011000,W
0x400108,0x100011000,R
0x401100,0x100087000,R
0x401104,0x100088000,R
0x401108,0x100089000,R
0x401100,0x10008a000,R
0x401104,0x10008b000,R
0x401108,0x10008c000,R
0x402100,0x100108000,R
0x402104,0x100108000,R
0x402100,0x100108000,R
0x402104,0x100108000,R
0x403100,0x100311000,R
0x403104,0x100316000,R
0x403100,0x10031b000,R
0x403104,0x100320000,R
0x404100,0x10013e000,R
0x404104,0x10013e000,R
0x404108,0x10013e000,R
0x40410c,0x10013e000,W
0x400100,0x10001b000,W
0x400104,0x10001b000,W
0x400108,0x10001c000,W
0x400100,0x10001c000,W
0x400104,0x10001d000,W
0x400108,0x10001d000,R
0x401100,0x10009f000,R
0x401104,0x1000a0000,R
0x401108,0x1000a1000,R
0x401100,0x1000a2000,R
0x401104,0x1000a3000,R
0x401108,0x1000a4000,R
0x402100,0x10010e000,R
0x402104,0x10010e000,R
0x402100,0x10010e000,R
0x402104,0x10010e000,R
0x403100,0x100389000,R
0x403104,0x10038e000,R
0x403100,0x100393000,R
0x403104,0x100398000,R
0x404100,0x10013f000,R
0x404104,0x10013f000,R
0x404108,0x10013f000,R
0x40410c,0x10013f000,W
0x400100,0x100027000,W
0x400104,0x100027000,W
0x400108,0x100028000,W
0x400100,0x100028000,W
0x400104,0x100029000,W
0x400108,0x100029000,R
0x401100,0x1000b7000,R
0x401104,0x1000b8000,R
0x401108,0x1000b9000,R
0x401100,0x1000ba000,R
0x401104,0x1000bb000,R
0x401108,0x1000bc000,R
0x402100,0x100114000,R
0x402104,0x100114000,R
0x402100,0x100114000,R
0x402104,0x100114000,R
0x403100,0x100401000,R
0x403104,0x100406000,R
0x403100,0x10040b000,R
0x403104,0x100410000,R
0x404100,0x100140000,R
0x404104,0x100140000,R
0x404108,0x100140000,R
0x40410c,0x100140000,W
0x400100,0x100033000,W
0x400104,0x100033000,W
0x400108,0x100034000,W
0x400100,0x100034000,W
0x400104,0x100035000,W
0x400108,0x100035000,R
0x401100,0x10006f000,R
0x401104,0x100070000,R
0x401108,0x100071000,R
0x401100,0x100072000,R
0x401104,0x100073000,R
0x401108,0x100074000,R
0x402100,0x10011a000,R
0x402104,0x10011a000,R
0x402100,0x10011a000,R
0x402104,0x10011a000,R
0x403100,0x100479000,R
0x403104,0x10047e000,R
0x403100,0x100483000,R
0x403104,0x100488000,R
0x404100,0x100141000,R
0x404104,0x100141000,R
0x404108,0x100141000,R
0x40410c,0x100141000,W
0x400100,0x10003f000,W
0x400104,0x10003f000,W
0x400108,0x100040000,W
0x400100,0x100040000,W
0x400104,0x100041000,W
0x400108,0x100041000,R
0x401100,0x100087000,R
0x401104,0x100088000,R
0x401108,0x100089000,R
0x401100,0x10008a000,R
0x401104,0x10008b000,R
0x401108,0x10008c000,R
0x402100,0x1000c0000,R
0x402104,0x1000c0000,R
0x402100,0x1000c0000,R
0x402104,0x1000c0000,R
0x403100,0x1004f1000,R
0x403104,0x1004f6000,R
0x403100,0x1004fb000,R
0x403104,0x100500000,R
0x404100,0x100142000,R
0x404104,0x100142000,R
0x404108,0x100142000,R
0x40410c,0x100142000,W
0x400100,0x10004b000,W
0x400104,0x10004b000,W
0x400108,0x10004c000,W
0x400100,0x10004c000,W
0x400104,0x10004d000,W
0x400108,0x10004d000,R
0x401100,0x10009f000,R
0x401104,0x1000a0000,R
0x401108,0x1000a1000,R
0x401100,0x1000a2000,R
0x401104,0x1000a3000,R
0x401108,0x1000a4000,R
0x402100,0x1000c6000,R
0x402104,0x1000c6000,R
0x402100,0x1000c6000,R
0x402104,0x1000c6000,R
0x403100,0x100569000,R
0x403104,0x10056e000,R
0x403100,0x100573000,R
0x403104,0x100578000,R
0x404100,0x100143000,R
0x404104,0x100143000,R
0x404108,0x100143000,R
0x40410c,0x100143000,W
0x400100,0x100057000,W
0x400104,0x100057000,W
0x400108,0x100058000,W
0x400100,0x100058000,W
0x400104,0x100059000,W
0x400108,0x100059000,R
0x401100,0x1000b7000,R
0x401104,0x1000b8000,R
0x401108,0x1000b9000,R
0x401100,0x1000ba000,R
0x401104,0x1000bb000,R
0x401108,0x1000bc000,R
0x402100,0x1000cc000,R
0x402104,0x1000cc000,R
0x402100,0x1000cc000,R
0x402104,0x1000cc000,R
0x403100,0x1005e1000,R
0x403104,0x1005e6000,R
0x403100,0x1005eb000,R
0x403104,0x1005f0000,R
0x404100,0x100144000,R
0x404104,0x100144000,R
0x404108,0x100144000,R
0x40410c,0x100144000,W
0x400100,0x100003000,W
0x400104,0x100003000,W
0x400108,0x100004000,W
0x400100,0x100004000,W
0x400104,0x100005000,W
0x400108,0x100005000,R
0x401100,0x10006f000,R
0x401104,0x100070000,R
0x401108,0x100071000,R
0x401100,0x100072000,R
0x401104,0x100073000,R
0x401108,0x100074000,R
0x402100,0x1000d2000,R
0x402104,0x1000d2000,R
0x402100,0x1000d2000,R
0x402104,0x1000d2000,R
0x403100,0x1001d9000,R
0x403104,0x1001de000,R
0x403100,0x1001e3000,R
0x403104,0x1001e8000,R
0x404100,0x100145000,R
0x404104,0x100145000,R
0x404108,0x100145000,R
0x40410c,0x100145000,W
0x400100,0x10000f000,W
0x400104,0x10000f000,W
0x400108,0x100010000,W
0x400100,0x100010000,W
0x400104,0x100011000,W
0x400108,0x100011000,R
0x401100,0x100087000,R
0x401104,0x100088000,R
0x401108,0x100089000,R
0x401100,0x10008a000,R
0x401104,0x10008b000,R
0x401108,0x10008c000,R
0x402100,0x1000d8000,R
0x402104,0x1000d8000,R
0x402100,0x1000d8000,R
0x402104,0x1000d8000,R
0x403100,0x100251000,R
0x403104,0x100256000,R
0x403100,0x10025b000,R
0x403104,0x100260000,R
0x404100,0x100146000,R
0x404104,0x100146000,R
0x404108,0x100146000,R
0x40410c,0x100146000,W
0x400100,0x10001b000,W
0x400104,0x10001b000,W
0x400108,0x10001c000,W
0x400100,0x10001c000,W
0x400104,0x10001d000,W
0x400108,0x10001d000,R
0x401100,0x10009f000,R
0x401104,0x1000a0000,R
0x401108,0x1000a1000,R
0x401100,0x1000a2000,R
0x401104,0x1000a3000,R
0x401108,0x1000a4000,R
0x402100,0x1000de000,R
0x402104,0x1000de000,R
0x402100,0x1000de000,R
0x402104,0x1000de000,R
0x403100,0x1002c9000,R
0x403104,0x1002ce000,R
0x403100,0x1002d3000,R
0x403104,0x1002d8000,R
0x404100,0x100147000,R
0x404104,0x100147000,R
0x404108,0x100147000,R
0x40410c,0x100147000,W
0x400100,0x100027000,W
0x400104,0x100027000,W
0x400108,0x100028000,W
0x400100,0x100028000,W
0x400104,0x100029000,W
0x400108,0x100029000,R
0x401100,0x1000b7000,R
0x401104,0x1000b8000,R
0x401108,0x1000b9000,R
0x401100,0x1000ba000,R
0x401104,0x1000bb000,R
0x401108,0x1000bc000,R
0x402100,0x1000e4000,R
0x402104,0x1000e4000,R
0x402100,0x1000e4000,R
0x402104,0x1000e4000,R
0x403100,0x100341000,R
0x403104,0x100346000,R
0x403100,0x10034b000,R
0x403104,0x100350000,R
0x404100,0x100148000,R
0x404104,0x100148000,R
0x404108,0x100148000,R
0x40410c,0x100148000,W
0x400100,0x100033000,W
0x400104,0x100033000,W
0x400108,0x100034000,W
0x400100,0x100034000,W
0x400104,0x100035000,W
0x400108,0x100035000,R
0x401100,0x10006f000,R
0x401104,0x100070000,R
0x401108,0x100071000,R
0x401100,0x100072000,R
0x401104,0x100073000,R
0x401108,0x100074000,R
0x402100,0x1000ea000,R
0x402104,0x1000ea000,R
0x402100,0x1000ea000,R
0x402104,0x1000ea000,R
0x403100,0x1003b9000,R
0x403104,0x1003be000,R
0x403100,0x1003c3000,R
0x403104,0x1003c8000,R
0x404100,0x100149000,R
0x404104,0x100149000,R
0x404108,0x100149000,R
0x40410c,0x100149000,W
0x400100,0x10003f000,W
0x400104,0x10003f000,W
0x400108,0x100040000,W
0x400100,0x100040000,W
0x400104,0x100041000,W
0x400108,0x100041000,R
0x401100,0x100087000,R
0x401104,0x100088000,R
0x401108,0x100089000,R
0x401100,0x10008a000,R
0x401104,0x10008b000,R
0x401108,0x10008c000,R
0x402100,0x1000f0000,R
0x402104,0x1000f0000,R
0x402100,0x1000f0000,R
0x402104,0x1000f0000,R
0x403100,0x100431000,R
0x403104,0x100436000,R
0x403100,0x10043b000,R
0x403104,0x100440000,R
0x404100,0x10014a000,R
0x404104,0x10014a000,R
0x404108,0x10014a000,R
0x40410c,0x10014a000,W
0x400100,0x10004b000,W
0x400104,0x10004b000,W
0x400108,0x10004c000,W
0x400100,0x10004c000,W
0x400104,0x10004d000,W
0x400108,0x10004d000,R
0x401100,0x10009f000,R
0x401104,0x1000a0000,R
0x401108,0x1000a1000,R
0x401100,0x1000a2000,R
0x401104,0x1000a3000,R
0x401108,0x1000a4000,R
0x402100,0x1000f6000,R
0x402104,0x1000f6000,R
0x402100,0x1000f6000,R
0x402104,0x1000f6000,R
0x403100,0x1004a9000,R
0x403104,0x1004ae000,R
0x403100,0x1004b3000,R
0x403104,0x1004b8000,R
0x404100,0x10014b000,R
0x404104,0x10014b000,R
0x404108,0x10014b000,R
0x40410c,0x10014b000,W
0x400100,0x100057000,W
0x400104,0x100057000,W
0x400108,0x100058000,W
0x400100,0x100058000,W
0x400104,0x100059000,W
0x400108,0x100059000,R
0x401100,0x1000b7000,R
0x401104,0x1000b8000,R
0x401108,0x1000b9000,R
0x401100,0x1000ba000,R
0x401104,0x1000bb000,R
0x401108,0x1000bc000,R
0x402100,0x1000fc000,R
0x402104,0x1000fc000,R
0x402100,0x1000fc000,R
0x402104,0x1000fc000,R
0x403100,0x100521000,R
0x403104,0x100526000,R
0x403100,0x10052b000,R
0x403104,0x100530000,R
0x404100,0x10014c000,R
0x404104,0x10014c000,R
0x404108,0x10014c000,R
0x40410c,0x10014c000,W
0x400100,0x100003000,W
0x400104,0x100003000,W
0x400108,0x100004000,W
0x400100,0x100004000,W
0x400104,0x100005000,W
0x400108,0x100005000,R
0x401100,0x10006f000,R
0x401104,0x100070000,R
0x401108,0x100071000,R
0x401100,0x100072000,R
0x401104,0x100073000,R
0x401108,0x100074000,R
0x402100,0x100102000,R
0x402104,0x100102000,R
0x402100,0x100102000,R
0x402104,0x100102000,R
0x403100,0x100599000,R
0x403104,0x10059e000,R
0x403100,0x1005a3000,R
0x403104,0x1005a8000,R
0x404100,0x10014d000,R
0x404104,0x10014d000,R
0x404108,0x10014d000,R
0x40410c,0x10014d000,W
0x400100,0x10000f000,W
0x400104,0x10000f000,W
0x400108,0x100010000,W
0x400100,0x100010000,W
0x400104,0x100011000,W
0x400108,0x100011000,R
0x401100,0x100087000,R
0x401104,0x100088000,R
0x401108,0x100089000,R
0x401100,0x10008a000,R
0x401104,0x10008b000,R
0x401108,0x10008c000,R
0x402100,0x100108000,R
0x402104,0x100108000,R
0x402100,0x100108000,R
0x402104,0x100108000,R
0x403100,0x100191000,R
0x403104,0x100196000,R
0x403100,0x10019b000,R
0x403104,0x1001a0000,R
0x404100,0x10014e000,R
0x404104,0x10014e000,R
0x404108,0x10014e000,R
0x40410c,0x10014e000,W
0x400100,0x10001b000,W
0x400104,0x10001b000,W
0x400108,0x10001c000,W
0x400100,0x10001c000,W
0x400104,0x10001d000,W
0x400108,0x10001d000,R
0x401100,0x10009f000,R
0x401104,0x1000a0000,R
0x401108,0x1000a1000,R
0x401100,0x1000a2000,R
0x401104,0x1000a3000,R
0x401108,0x1000a4000,R
0x402100,0x10010e000,R
0x402104,0x10010e000,R
0x402100,0x10010e000,R
0x402104,0x10010e000,R
0x403100,0x100209000,R
0x403104,0x10020e000,R
0x403100,0x100213000,R
0x403104,0x100218000,R
0x404100,0x10014f000,R
0x404104,0x10014f000,R
0x404108,0x10014f000,R
0x40410c,0x10014f000,W
0x400100,0x100027000,W
0x400104,0x100027000,W
0x400108,0x100028000,W
0x400100,0x100028000,W
0x400104,0x100029000,W
0x400108,0x100029000,R
0x401100,0x1000b7000,R
0x401104,0x1000b8000,R
0x401108,0x1000b9000,R
0x401100,0x1000ba000,R
0x401104,0x1000bb000,R
0x401108,0x1000bc000,R
0x402100,0x100114000,R
0x402104,0x100114000,R
0x402100,0x100114000,R
0x402104,0x100114000,R
0x403100,0x100281000,R
0x403104,0x100286000,R
0x403100,0x10028b000,R
0x403104,0x100290000,R
0x404100,0x100150000,R
0x404104,0x100150000,R
0x404108,0x100150000,R
0x40410c,0x100150000,W
0x400100,0x100033000,W
0x400104,0x100033000,W
0x400108,0x100034000,W
0x400100,0x100034000,W
0x400104,0x100035000,W
0x400108,0x100035000,R
0x401100,0x10006f000,R
0x401104,0x100070000,R
0x401108,0x100071000,R
0x401100,0x100072000,R
0x401104,0x100073000,R
0x401108,0x100074000,R
0x402100,0x10011a000,R
0x402104,0x10011a000,R
0x402100,0x10011a000,R
0x402104,0x10011a000,R
0x403100,0x1002f9000,R
0x403104,0x1002fe000,R
0x403100,0x100303000,R
0x403104,0x100308000,R
0x404100,0x100151000,R
0x404104,0x100151000,R
0x404108,0x100151000,R
0x40410c,0x100151000,W
0x400100,0x10003f000,W
0x400104,0x10003f000,W
0x400108,0x100040000,W
0x400100,0x100040000,W
0x400104,0x100041000,W
0x400108,0x100041000,R
0x401100,0x100087000,R
0x401104,0x100088000,R
0x401108,0x100089000,R
0x401100,0x10008a000,R
0x401104,0x10008b000,R
0x401108,0x10008c000,R
0x402100,0x1000c0000,R
0x402104,0x1000c0000,R
0x402100,0x1000c0000,R
0x402104,0x1000c0000,R
0x403100,0x100371000,R
0x403104,0x100376000,R
0x403100,0x10037b000,R
0x403104,0x100380000,R
0x404100,0x100152000,R
0x404104,0x100152000,R
0x404108,0x100152000,R
0x40410c,0x100152000,W
0x400100,0x10004b000,W
0x400104,0x10004b000,W
0x400108,0x10004c000,W
0x400100,0x10004c000,W
0x400104,0x10004d000,W
0x400108,0x10004d000,R
0x401100,0x10009f000,R
0x401104,0x1000a0000,R
0x401108,0x1000a1000,R
0x401100,0x1000a2000,R
0x401104,0x1000a3000,R
0x401108,0x1000a4000,R
0x402100,0x1000c6000,R
0x402104,0x1000c6000,R
0x402100,0x1000c6000,R
0x402104,0x1000c6000,R
0x403100,0x1003e9000,R
0x403104,0x1003ee000,R
0x403100,0x1003f3000,R
0x403104,0x1003f8000,R
0x404100,0x100153000,R
0x404104,0x100153000,R
0x404108,0x100153000,R
0x40410c,0x100153000,W
0x400100,0x100057000,W
0x400104,0x100057000,W
0x400108,0x100058000,W
0x400100,0x100058000,W
0x400104,0x100059000,W
0x400108,0x100059000,R
0x401100,0x1000b7000,R
0x401104,0x1000b8000,R
0x401108,0x1000b9000,R
0x401100,0x1000ba000,R
0x401104,0x1000bb000,R
0x401108,0x1000bc000,R
0x402100,0x1000cc000,R
0x402104,0x1000cc000,R
0x402100,0x1000cc000,R
0x402104,0x1000cc000,R
0x403100,0x100461000,R
0x403104,0x100466000,R
0x403100,0x10046b000,R
0x403104,0x100470000,R
0x404100,0x100154000,R
0x404104,0x100154000,R
0x404108,0x100154000,R
0x40410c,0x100154000,W
0x400100,0x100003000,W
0x400104,0x100003000,W
0x400108,0x100004000,W
0x400100,0x100004000,W
0x400104,0x100005000,W
0x400108,0x100005000,R
0x401100,0x10006f000,R
0x401104,0x100070000,R
0x401108,0x100071000,R
0x401100,0x100072000,R
0x401104,0x100073000,R
0x401108,0x100074000,R
0x402100,0x1000d2000,R
0x402104,0x1000d2000,R
0x402100,0x1000d2000,R
0x402104,0x1000d2000,R
0x403100,0x100194000,R
0x403104,0x100195000,R
0x403100,0x100196000,R
0x403104,0x100197000,R
0x404100,0x10015c000,R
0x404104,0x10015c000,R
0x404108,0x10015c000,R
0x40410c,0x10015c000,R
0x400100,0x100010000,W
0x400104,0x100010000,W
0x400108,0x100011000,W
0x400100,0x100011000,W
0x400104,0x100012000,W
0x400108,0x100012000,R
0x401100,0x10008a000,R
0x401104,0x10008b000,R
0x401108,0x10008c000,R
0x401100,0x10008d000,R
0x401104,0x10008e000,R
0x401108,0x10008f000,R
0x402100,0x1000dd000,R
0x402104,0x1000dd000,R
0x402100,0x1000dd000,R
0x402104,0x1000dd000,R
0x403100,0x1001ac000,R
0x403104,0x1001ad000,R
0x403100,0x1001ae000,R
0x403104,0x1001af000,R
0x404100,0x10015d000,R
0x404104,0x10015d000,R
0x404108,0x10015d000,R
0x40410c,0x10015d000,R
0x400100,0x10001c000,W
0x400104,0x10001c000,W
0x400108,0x10001d000,W
0x400100,0x10001d000,W
0x400104,0x10001e000,W
0x400108,0x10001e000,R
0x401100,0x1000a2000,R
0x401104,0x1000a3000,R
0x401108,0x1000a4000,R
0x401100,0x1000a5000,R
0x401104,0x1000a6000,R
0x401108,0x1000a7000,R
0x402100,0x1000e3000,R
0x402104,0x1000e3000,R
0x402100,0x1000e3000,R
0x402104,0x1000e3000,R
0x403100,0x1001c4000,R
0x403104,0x1001c5000,R
0x403100,0x1001c6000,R
0x403104,0x1001c7000,R
0x404100,0x10015e000,R
0x404104,0x10015e000,R
0x404108,0x10015e000,R
0x40410c,0x10015e000,R
0x400100,0x100028000,W
0x400104,0x100028000,W
0x400108,0x100029000,W
0x400100,0x100029000,W
0x400104,0x10002a000,W
0x400108,0x10002a000,R
0x401100,0x1000ba000,R
0x401104,0x1000bb000,R
0x401108,0x1000bc000,R
0x401100,0x1000bd000,R
0x401104,0x1000be000,R
0x401108,0x1000bf000,R
0x402100,0x1000e9000,R
0x402104,0x1000e9000,R
0x402100,0x1000e9000,R
0x402104,0x1000e9000,R
0x403100,0x1001dc000,R
0x403104,0x1001dd000,R
0x403100,0x1001de000,R
0x403104,0x1001df000,R
0x404100,0x10015f000,R
0x404104,0x10015f000,R
0x404108,0x10015f000,R
0x40410c,0x10015f000,R
0x400100,0x100034000,W
0x400104,0x100034000,W
0x400108,0x100035000,W
0x400100,0x100035000,W
0x400104,0x100036000,W
0x400108,0x100036000,R
0x401100,0x100072000,R
0x401104,0x100073000,R
0x401108,0x100074000,R
0x401100,0x100075000,R
0x401104,0x100076000,R
0x401108,0x100077000,R
0x402100,0x1000ef000,R
0x402104,0x1000ef000,R
0x402100,0x1000ef000,R
0x402104,0x1000ef000,R
0x403100,0x1001f4000,R
0x403104,0x1001f5000,R
0x403100,0x1001f6000,R
0x403104,0x1001f7000,R
0x404100,0x100160000,R
0x404104,0x100160000,R
0x404108,0x100160000,R
0x40410c,0x100160000,R
0x400100,0x100040000,W
0x400104,0x100040000,W
0x400108,0x100041000,W
0x400100,0x100041000,W
0x400104,0x100042000,W
0x400108,0x100042000,R
0x401100,0x10008a000,R
0x401104,0x10008b000,R
0x401108,0x10008c000,R
0x401100,0x10008d000,R
0x401104,0x10008e000,R
0x401108,0x10008f000,R
0x402100,0x1000f5000,R
0x402104,0x1000f5000,R
0x402100,0x1000f5000,R
0x402104,0x1000f5000,R
0x403100,0x10020c000,R
0x403104,0x10020d000,R
0x403100,0x10020e000,R
0x403104,0x10020f000,R
0x404100,0x100161000,R
0x404104,0x100161000,R
0x404108,0x100161000,R
0x40410c,0x100161000,R
0x400100,0x10004c000,W
0x400104,0x10004c000,W
0x400108,0x10004d000,W
0x400100,0x10004d000,W
0x400104,0x10004e000,W
0x400108,0x10004e000,R
0x401100,0x1000a2000,R
0x401104,0x1000a3000,R
0x401108,0x1000a4000,R
0x401100,0x1000a5000,R
0x401104,0x1000a6000,R
0x401108,0x1000a7000,R
0x402100,0x1000fb000,R
0x402104,0x1000fb000,R
0x402100,0x1000fb000,R
0x402104,0x1000fb000,R
0x403100,0x100224000,R
0x403104,0x100225000,R
0x403100,0x100226000,R
0x403104,0x100227000,R
0x404100,0x100162000,R
0x404104,0x100162000,R
0x404108,0x100162000,R
0x40410c,0x100162000,R
0x400100,0x100058000,W
0x400104,0x100058000,W
0x400108,0x100059000,W
0x400100,0x100059000,W
0x400104,0x10005a000,W
0x400108,0x10005a000,R
0x401100,0x1000ba000,R
0x401104,0x1000bb000,R
0x401108,0x1000bc000,R
0x401100,0x1000bd000,R
0x401104,0x1000be000,R
0x401108,0x1000bf000,R
0x402100,0x100101000,R
0x402104,0x100101000,R
0x402100,0x100101000,R
0x402104,0x100101000,R
0x403100,0x10023c000,R
0x403104,0x10023d000,R
0x403100,0x10023e000,R
0x403104,0x10023f000,R
0x404100,0x100163000,R
0x404104,0x100163000,R
0x404108,0x100163000,R
0x40410c,0x100163000,R
0x400100,0x100004000,W
0x400104,0x100004000,W
0x400108,0x100005000,W
0x400100,0x100005000,W
0x400104,0x100006000,W
0x400108,0x100006000,R
0x401100,0x100072000,R
0x401104,0x100073000,R
0x401108,0x100074000,R
0x401100,0x100075000,R
0x401104,0x100076000,R
0x401108,0x100077000,R
0x402100,0x100107000,R
0x402104,0x100107000,R
0x402100,0x100107000,R
0x402104,0x100107000,R
0x403100,0x100254000,R
0x403104,0x100255000,R
0x403100,0x100256000,R
0x403104,0x100257000,R
0x404100,0x100164000,R
0x404104,0x100164000,R
0x404108,0x100164000,R
0x40410c,0x100164000,R
0x400100,0x100010000,W
0x400104,0x100010000,W
0x400108,0x100011000,W
0x400100,0x100011000,W
0x400104,0x100012000,W
0x400108,0x100012000,R
0x401100,0x10008a000,R
0x401104,0x10008b000,R
0x401108,0x10008c000,R
0x401100,0x10008d000,R
0x401104,0x10008e000,R
0x401108,0x10008f000,R
0x402100,0x10010d000,R
0x402104,0x10010d000,R
0x402100,0x10010d000,R
0x402104,0x10010d000,R
0x403100,0x10026c000,R
0x403104,0x10026d000,R
0x403100,0x10026e000,R
0x403104,0x10026f000,R
0x404100,0x100165000,R
0x404104,0x100165000,R
0x404108,0x100165000,R
0x40410c,0x100165000,R
0x400100,0x10001c000,W
0x400104,0x10001c000,W
0x400108,0x10001d000,W
0x400100,0x10001d000,W
0x400104,0x10001e000,W
0x400108,0x10001e000,R
0x401100,0x1000a2000,R
0x401104,0x1000a3000,R
0x401108,0x1000a4000,R
0x401100,0x1000a5000,R
0x401104,0x1000a6000,R
0x401108,0x1000a7000,R
0x402100,0x100113000,R
0x402104,0x100113000,R
0x402100,0x100113000,R
0x402104,0x100113000,R
0x403100,0x100284000,R
0x403104,0x100285000,R
0x403100,0x100286000,R
0x403104,0x100287000,R
0x404100,0x100166000,R
0x404104,0x100166000,R
0x404108,0x100166000,R
0x40410c,0x100166000,R
0x400100,0x100028000,W
0x400104,0x100028000,W
0x400108,0x100029000,W
0x400100,0x100029000,W
0x400104,0x10002a000,W
0x400108,0x10002a000,R
0x401100,0x1000ba000,R
0x401104,0x1000bb000,R
0x401108,0x1000bc000,R
0x401100,0x1000bd000,R
0x401104,0x1000be000,R
0x401108,0x1000bf000,R
0x402100,0x100119000,R
0x402104,0x100119000,R
0x402100,0x100119000,R
0x402104,0x100119000,R
0x403100,0x10029c000,R
0x403104,0x10029d000,R
0x403100,0x10029e000,R
0x403104,0x10029f000,R
0x404100,0x100167000,R
0x404104,0x100167000,R
0x404108,0x100167000,R
0x40410c,0x100167000,R
0x400100,0x100034000,W
0x400104,0x100034000,W
0x400108,0x100035000,W
0x400100,0x100035000,W
0x400104,0x100036000,W
0x400108,0x100036000,R
0x401100,0x100072000,R
0x401104,0x100073000,R
0x401108,0x100074000,R
0x401100,0x100075000,R
0x401104,0x100076000,R
0x401108,0x100077000,R
0x402100,0x10011f000,R
0x402104,0x10011f000,R
0x402100,0x10011f000,R
0x402104,0x10011f000,R
0x403100,0x1002b4000,R
0x403104,0x1002b5000,R
0x403100,0x1002b6000,R
0x403104,0x1002b7000,R
0x404100,0x100168000,R
0x404104,0x100168000,R
0x404108,0x100168000,R
0x40410c,0x100168000,R
0x400100,0x100040000,W
0x400104,0x100040000,W
0x400108,0x100041000,W
0x400100,0x100041000,W
0x400104,0x100042000,W
0x400108,0x100042000,R
0x401100,0x10008a000,R
0x401104,0x10008b000,R
0x401108,0x10008c000,R
0x401100,0x10008d000,R
0x401104,0x10008e000,R
0x401108,0x10008f000,R
0x402100,0x1000c5000,R
0x402104,0x1000c5000,R
0x402100,0x1000c5000,R
0x402104,0x1000c5000,R
0x403100,0x1002cc000,R
0x403104,0x1002cd000,R
0x403100,0x1002ce000,R
0x403104,0x1002cf000,R
0x404100,0x100169000,R
0x404104,0x100169000,R
0x404108,0x100169000,R
0x40410c,0x100169000,R
0x400100,0x10004c000,W
0x400104,0x10004c000,W
0x400108,0x10004d000,W
0x400100,0x10004d000,W
0x400104,0x10004e000,W
0x400108,0x10004e000,R
0x401100,0x1000a2000,R
0x401104,0x1000a3000,R
0x401108,0x1000a4000,R
0x401100,0x1000a5000,R
0x401104,0x1000a6000,R
0x401108,0x1000a7000,R
0x402100,0x1000cb000,R
0x402104,0x1000cb000,R
0x402100,0x1000cb000,R
0x402104,0x1000cb000,R
0x403100,0x1002e4000,R
0x403104,0x1002e5000,R
0x403100,0x1002e6000,R
0x403104,0x1002e7000,R
0x404100,0x10016a000,R
0x404104,0x10016a000,R
0x404108,0x10016a000,R
0x40410c,0x10016a000,R
0x400100,0x100058000,W
0x400104,0x100058000,W
0x400108,0x100059000,W
0x400100,0x100059000,W
0x400104,0x10005a000,W
0x400108,0x10005a000,R
0x401100,0x1000ba000,R
0x401104,0x1000bb000,R
0x401108,0x1000bc000,R
0x401100,0x1000bd000,R
0x401104,0x1000be000,R
0x401108,0x1000bf000,R
0x402100,0x1000d1000,R
0x402104,0x1000d1000,R
0x402100,0x1000d1000,R
0x402104,0x1000d1000,R
0x403100,0x1002fc000,R
0x403104,0x1002fd000,R
0x403100,0x1002fe000,R
0x403104,0x1002ff000,R
0x404100,0x10016b000,R
0x404104,0x10016b000,R
0x404108,0x10016b000,R
0x40410c,0x10016b000,R
0x400100,0x100004000,W
0x400104,0x100004000,W
0x400108,0x100005000,W
0x400100,0x100005000,W
0x400104,0x100006000,W
0x400108,0x100006000,R
0x401100,0x100072000,R
0x401104,0x100073000,R
0x401108,0x100074000,R
0x401100,0x100075000,R
0x401104,0x100076000,R
0x401108,0x100077000,R
0x402100,0x1000d7000,R
0x402104,0x1000d7000,R
0x402100,0x1000d7000,R
0x402104,0x1000d7000,R
0x403100,0x100314000,R
0x403104,0x100315000,R
0x403100,0x100316000,R
0x403104,0x100317000,R
0x404100,0x10016c000,R
0x404104,0x10016c000,R
0x404108,0x10016c000,R
0x40410c,0x10016c000,R
0x400100,0x100010000,W
0x400104,0x100010000,W
0x400108,0x100011000,W
0x400100,0x100011000,W
0x400104,0x100012000,W
0x400108,0x100012000,R
0x401100,0x10008a000,R
0x401104,0x10008b000,R
0x401108,0x10008c000,R
0x401100,0x10008d000,R
0x401104,0x10008e000,R
0x401108,0x10008f000,R
0x402100,0x1000dd000,R
0x402104,0x1000dd000,R
0x402100,0x1000dd000,R
0x402104,0x1000dd000,R
0x403100,0x10032c000,R
0x403104,0x10032d000,R
0x403100,0x10032e000,R
0x403104,0x10032f000,R
0x404100,0x10016d000,R
0x404104,0x10016d000,R
0x404108,0x10016d000,R
0x40410c,0x10016d000,R
0x400100,0x10001c000,W
0x400104,0x10001c000,W
0x400108,0x10001d000,W
0x400100,0x10001d000,W
0x400104,0x10001e000,W
0x400108,0x10001e000,R
0x401100,0x1000a2000,R
0x401104,0x1000a3000,R
0x401108,0x1000a4000,R
0x401100,0x1000a5000,R
0x401104,0x1000a6000,R
0x401108,0x1000a7000,R
0x402100,0x1000e3000,R
0x402104,0x1000e3000,R
0x402100,0x1000e3000,R
0x402104,0x1000e3000,R
0x403100,0x100344000,R
0x403104,0x100345000,R
0x403100,0x100346000,R
0x403104,0x100347000,R
0x404100,0x10016e000,R
0x404104,0x10016e000,R
0x404108,0x10016e000,R
0x40410c,0x10016e000,R
0x400100,0x100028000,W
0x400104,0x100028000,W
0x400108,0x100029000,W
0x400100,0x100029000,W
0x400104,0x10002a000,W
0x400108,0x10002a000,R
0x401100,0x1000ba000,R
0x401104,0x1000bb000,R
0x401108,0x1000bc000,R
0x401100,0x1000bd000,R
0x401104,0x1000be000,R
0x401108,0x1000bf000,R
0x402100,0x1000e9000,R
0x402104,0x1000e9000,R
0x402100,0x1000e9000,R
0x402104,0x1000e9000,R
0x403100,0x10035c000,R
0x403104,0x10035d000,R
0x403100,0x10035e000,R
0x403104,0x10035f000,R
0x404100,0x10016f000,R
0x404104,0x10016f000,R
0x404108,0x10016f000,R
0x40410c,0x10016f000,R
0x400100,0x100034000,W
0x400104,0x100034000,W
0x400108,0x100035000,W
0x400100,0x100035000,W
0x400104,0x100036000,W
0x400108,0x100036000,R
0x401100,0x100072000,R
0x401104,0x100073000,R
0x401108,0x100074000,R
0x401100,0x100075000,R
0x401104,0x100076000,R
0x401108,0x100077000,R
0x402100,0x1000ef000,R
0x402104,0x1000ef000,R
0x402100,0x1000ef000,R
0x402104,0x1000ef000,R
0x403100,0x100374000,R
0x403104,0x100375000,R
0x403100,0x100376000,R
0x403104,0x100377000,R
0x404100,0x100170000,R
0x404104,0x100170000,R
0x404108,0x100170000,R
0x40410c,0x100170000,R
0x400100,0x100040000,W
0x400104,0x100040000,W
0x400108,0x100041000,W
0x400100,0x100041000,W
0x400104,0x100042000,W
0x400108,0x100042000,R
0x401100,0x10008a000,R
0x401104,0x10008b000,R
0x401108,0x10008c000,R
0x401100,0x10008d000,R
0x401104,0x10008e000,R
0x401108,0x10008f000,R
0x402100,0x1000f5000,R
0x402104,0x1000f5000,R
0x402100,0x1000f5000,R
0x402104,0x1000f5000,R
0x403100,0x10038c000,R
0x403104,0x10038d000,R
0x403100,0x10038e000,R
0x403104,0x10038f000,R
0x404100,0x100171000,R
0x404104,0x100171000,R
0x404108,0x100171000,R
0x40410c,0x100171000,R
0x400100,0x10004c000,W
0x400104,0x10004c000,W
0x400108,0x10004d000,W
0x400100,0x10004d000,W
0x400104,0x10004e000,W
0x400108,0x10004e000,R
0x401100,0x1000a2000,R
0x401104,0x1000a3000,R
0x401108,0x1000a4000,R
0x401100,0x1000a5000,R
0x401104,0x1000a6000,R
0x401108,0x1000a7000,R
0x402100,0x1000fb000,R
0x402104,0x1000fb000,R
0x402100,0x1000fb000,R
0x402104,0x1000fb000,R
0x403100,0x1003a4000,R
0x403104,0x1003a5000,R
0x403100,0x1003a6000,R
0x403104,0x1003a7000,R
0x404100,0x100172000,R
0x404104,0x100172000,R
0x404108,0x100172000,R
0x40410c,0x100172000,R
0x400100,0x100058000,W
0x400104,0x100058000,W
0x400108,0x100059000,W
0x400100,0x100059000,W
0x400104,0x10005a000,W
0x400108,0x10005a000,R
0x401100,0x1000ba000,R
0x401104,0x1000bb000,R
0x401108,0x1000bc000,R
0x401100,0x1000bd000,R
0x401104,0x1000be000,R
0x401108,0x1000bf000,R
0x402100,0x100101000,R
0x402104,0x100101000,R
0x402100,0x100101000,R
0x402104,0x100101000,R
0x403100,0x1003bc000,R
0x403104,0x1003bd000,R
0x403100,0x1003be000,R
0x403104,0x1003bf000,R
0x404100,0x100173000,R
0x404104,0x100173000,R
0x404108,0x100173000,R
0x40410c,0x100173000,R
0x400100,0x100004000,W
0x400104,0x100004000,W
0x400108,0x100005000,W
0x400100,0x100005000,W
0x400104,0x100006000,W
0x400108,0x100006000,R
0x401100,0x100072000,R
0x401104,0x100073000,R
0x401108,0x100074000,R
0x401100,0x100075000,R
0x401104,0x100076000,R
0x401108,0x100077000,R
0x402100,0x100107000,R
0x402104,0x100107000,R
0x402100,0x100107000,R
0x402104,0x100107000,R
0x403100,0x1003d4000,R
0x403104,0x1003d5000,R
0x403100,0x1003d6000,R
0x403104,0x1003d7000,R
0x404100,0x100174000,R
0x404104,0x100174000,R
0x404108,0x100174000,R
0x40410c,0x100174000,R
0x400100,0x100010000,W
0x400104,0x100010000,W
0x400108,0x100011000,W
0x400100,0x100011000,W
0x400104,0x100012000,W
0x400108,0x100012000,R
0x401100,0x10008a000,R
0x401104,0x10008b000,R
0x401108,0x10008c000,R
0x401100,0x10008d000,R
0x401104,0x10008e000,R
0x401108,0x10008f000,R
0x402100,0x10010d000,R
0x402104,0x10010d000,R
0x402100,0x10010d000,R
0x402104,0x10010d000,R
0x403100,0x1003ec000,R
0x403104,0x1003ed000,R
0x403100,0x1003ee000,R
0x403104,0x1003ef000,R
0x404100,0x100175000,R
0x404104,0x100175000,R
0x404108,0x100175000,R
0x40410c,0x100175000,R
0x400100,0x10001c000,W
0x400104,0x10001c000,W
0x400108,0x10001d000,W
0x400100,0x10001d000,W
0x400104,0x10001e000,W
0x400108,0x10001e000,R
0x401100,0x1000a2000,R
0x401104,0x1000a3000,R
0x401108,0x1000a4000,R
0x401100,0x1000a5000,R
0x401104,0x1000a6000,R
0x401108,0x1000a7000,R
0x402100,0x100113000,R
0x402104,0x100113000,R
0x402100,0x100113000,R
0x402104,0x100113000,R
0x403100,0x100404000,R
0x403104,0x100405000,R
0x403100,0x100406000,R
0x403104,0x100407000,R
0x404100,0x100176000,R
0x404104,0x100176000,R
0x404108,0x100176000,R
0x40410c,0x100176000,R
0x400100,0x100028000,W
0x400104,0x100028000,W
0x400108,0x100029000,W
0x400100,0x100029000,W
0x400104,0x10002a000,W
0x400108,0x10002a000,R
0x401100,0x1000ba000,R
0x401104,0x1000bb000,R
0x401108,0x1000bc000,R
0x401100,0x1000bd000,R
0x401104,0x1000be000,R
0x401108,0x1000bf000,R
0x402100,0x100119000,R
0x402104,0x100119000,R
0x402100,0x100119000,R
0x402104,0x100119000,R
0x403100,0x10041c000,R
0x403104,0x10041d000,R
0x403100,0x10041e000,R
0x403104,0x10041f000,R
0x404100,0x100177000,R
0x404104,0x100177000,R
0x404108,0x100177000,R
0x40410c,0x100177000,R
0x400100,0x100034000,W
0x400104,0x100034000,W
0x400108,0x100035000,W
0x400100,0x100035000,W
0x400104,0x100036000,W
0x400108,0x100036000,R
0x401100,0x100072000,R
0x401104,0x100073000,R
0x401108,0x100074000,R
0x401100,0x100075000,R
0x401104,0x100076000,R
0x401108,0x100077000,R
0x402100,0x10011f000,R
0x402104,0x10011f000,R
0x402100,0x10011f000,R
0x402104,0x10011f000,R
0x403100,0x100434000,R
0x403104,0x100435000,R
0x403100,0x100436000,R
0x403104,0x100437000,R
0x404100,0x100178000,R
0x404104,0x100178000,R
0x404108,0x100178000,R
0x40410c,0x100178000,R
0x400100,0x100040000,W
0x400104,0x100040000,W
0x400108,0x100041000,W
0x400100,0x100041000,W
0x400104,0x100042000,W
0x400108,0x100042000,R
0x401100,0x10008a000,R
0x401104,0x10008b000,R
0x401108,0x10008c000,R
0x401100,0x10008d000,R
0x401104,0x10008e000,R
0x401108,0x10008f000,R
0x402100,0x1000c5000,R
0x402104,0x1000c5000,R
0x402100,0x1000c5000,R
0x402104,0x1000c5000,R
0x403100,0x10044c000,R
0x403104,0x10044d000,R
0x403100,0x10044e000,R
0x403104,0x10044f000,R
0x404100,0x100179000,R
0x404104,0x100179000,R
0x404108,0x100179000,R
0x40410c,0x100179000,R
0x400100,0x10004c000,W
0x400104,0x10004c000,W
0x400108,0x10004d000,W
0x400100,0x10004d000,W
0x400104,0x10004e000,W
0x400108,0x10004e000,R
0x401100,0x1000a2000,R
0x401104,0x1000a3000,R
0x401108,0x1000a4000,R
0x401100,0x1000a5000,R
0x401104,0x1000a6000,R
0x401108,0x1000a7000,R
0x402100,0x1000cb000,R
0x402104,0x1000cb000,R
0x402100,0x1000cb000,R
0x402104,0x1000cb000,R
0x403100,0x100464000,R
0x403104,0x100465000,R
0x403100,0x100466000,R
0x403104,0x100467000,R
0x404100,0x10017a000,R
0x404104,0x10017a000,R
0x404108,0x10017a000,R
0x40410c,0x10017a000,R
0x400100,0x100058000,W
0x400104,0x100058000,W
0x400108,0x100059000,W
0x400100,0x100059000,W
0x400104,0x10005a000,W
0x400108,0x10005a000,R
0x401100,0x1000ba000,R
0x401104,0x1000bb000,R
0x401108,0x1000bc000,R
0x401100,0x1000bd000,R
0x401104,0x1000be000,R
0x401108,0x1000bf000,R
0x402100,0x1000d1000,R
0x402104,0x1000d1000,R
0x402100,0x1000d1000,R
0x402104,0x1000d1000,R
0x403100,0x10047c000,R
0x403104,0x10047d000,R
0x403100,0x10047e000,R
0x403104,0x10047f000,R
0x404100,0x10017b000,R
0x404104,0x10017b000,R
0x404108,0x10017b000,R
0x40410c,0x10017b000,R
0x400100,0x100004000,W
0x400104,0x100004000,W
0x400108,0x100005000,W
0x400100,0x100005000,W
0x400104,0x100006000,W
0x400108,0x100006000,R
0x401100,0x100072000,R
0x401104,0x100073000,R
0x401108,0x100074000,R
0x401100,0x100075000,R
0x401104,0x100076000,R
0x401108,0x100077000,R
0x402100,0x1000d7000,R
0x402104,0x1000d7000,R
0x402100,0x1000d7000,R
0x402104,0x1000d7000,R
0x403100,0x100494000,R
0x403104,0x100495000,R
0x403100,0x100496000,R
0x403104,0x100497000,R
0x404100,0x10017c000,R
0x404104,0x10017c000,R
0x404108,0x10017c000,R
0x40410c,0x10017c000,R
0x400100,0x100010000,W
0x400104,0x100010000,W
0x400108,0x100011000,W
0x400100,0x100011000,W
0x400104,0x100012000,W
0x400108,0x100012000,R
0x401100,0x10008a000,R
0x401104,0x10008b000,R
0x401108,0x10008c000,R
0x401100,0x10008d000,R
0x401104,0x10008e000,R
0x401108,0x10008f000,R
0x402100,0x1000dd000,R
0x402104,0x1000dd000,R
0x402100,0x1000dd000,R
0x402104,0x1000dd000,R
0x403100,0x1004ac000,R
0x403104,0x1004ad000,R
0x403100,0x1004ae000,R
0x403104,0x1004af000,R
0x404100,0x10017d000,R
0x404104,0x10017d000,R
0x404108,0x10017d000,R
0x40410c,0x10017d000,R
0x400100,0x10001c000,W
0x400104,0x10001c000,W
0x400108,0x10001d000,W
0x400100,0x10001d000,W
0x400104,0x10001e000,W
0x400108,0x10001e000,R
0x401100,0x1000a2000,R
0x401104,0x1000a3000,R
0x401108,0x1000a4000,R
0x401100,0x1000a5000,R
0x401104,0x1000a6000,R
0x401108,0x1000a7000,R
0x402100,0x1000e3000,R
0x402104,0x1000e3000,R
0x402100,0x1000e3000,R
0x402104,0x1000e3000,R
0x403100,0x1004c4000,R
0x403104,0x1004c5000,R
0x403100,0x1004c6000,R
0x403104,0x1004c7000,R
0x404100,0x10017e000,R
0x404104,0x10017e000,R
0x404108,0x10017e000,R
0x40410c,0x10017e000,R
0x400100,0x100028000,W
0x400104,0x100028000,W
0x400108,0x100029000,W
0x400100,0x100029000,W
0x400104,0x10002a000,W
0x400108,0x10002a000,R
0x401100,0x1000ba000,R
0x401104,0x1000bb000,R
0x401108,0x1000bc000,R
0x401100,0x1000bd000,R
0x401104,0x1000be000,R
0x401108,0x1000bf000,R
0x402100,0x1000e9000,R
0x402104,0x1000e9000,R
0x402100,0x1000e9000,R
0x402104,0x1000e9000,R
0x403100,0x1004dc000,R
0x403104,0x1004dd000,R
0x403100,0x1004de000,R
0x403104,0x1004df000,R
0x404100,0x10017f000,R
0x404104,0x10017f000,R
0x404108,0x10017f000,R
0x40410c,0x10017f000,R
0x400100,0x100034000,W
0x400104,0x100034000,W
0x400108,0x100035000,W
0x400100,0x100035000,W
0x400104,0x100036000,W
0x400108,0x100036000,R
0x401100,0x100072000,R
0x401104,0x100073000,R
0x401108,0x100074000,R
0x401100,0x100075000,R
0x401104,0x100076000,R
0x401108,0x100077000,R
0x402100,0x1000ef000,R
0x402104,0x1000ef000,R
0x402100,0x1000ef000,R
0x402104,0x1000ef000,R
0x403100,0x1004f4000,R
0x403104,0x1004f5000,R
0x403100,0x1004f6000,R
0x403104,0x1004f7000,R
0x404100,0x100120000,R
0x404104,0x100120000,R
0x404108,0x100120000,R
0x40410c,0x100120000,R
0x400100,0x100040000,W
0x400104,0x100040000,W
0x400108,0x100041000,W
0x400100,0x100041000,W
0x400104,0x100042000,W
0x400108,0x100042000,R
0x401100,0x10008a000,R
0x401104,0x10008b000,R
0x401108,0x10008c000,R
0x401100,0x10008d000,R
0x401104,0x10008e000,R
0x401108,0x10008f000,R
0x402100,0x1000f5000,R
0x402104,0x1000f5000,R
0x402100,0x1000f5000,R
0x402104,0x1000f5000,R
0x403100,0x10050c000,R
0x403104,0x10050d000,R
0x403100,0x10050e000,R
0x403104,0x10050f000,R
0x404100,0x100121000,R
0x404104,0x100121000,R
0x404108,0x100121000,R
0x40410c,0x100121000,R
0x400100,0x10004c000,W
0x400104,0x10004c000,W
0x400108,0x10004d000,W
0x400100,0x10004d000,W
0x400104,0x10004e000,W
0x400108,0x10004e000,R
0x401100,0x1000a2000,R
0x401104,0x1000a3000,R
0x401108,0x1000a4000,R
0x401100,0x1000a5000,R
0x401104,0x1000a6000,R
0x401108,0x1000a7000,R
0x402100,0x1000fb000,R
0x402104,0x1000fb000,R
0x402100,0x1000fb000,R
0x402104,0x1000fb000,R
0x403100,0x100524000,R
0x403104,0x100525000,R
0x403100,0x100526000,R
0x403104,0x100527000,R
0x404100,0x100122000,R
0x404104,0x100122000,R
0x404108,0x100122000,R
0x40410c,0x100122000,R
0x400100,0x100058000,W
0x400104,0x100058000,W
0x400108,0x100059000,W
0x400100,0x100059000,W
0x400104,0x10005a000,W
0x400108,0x10005a000,R
0x401100,0x1000ba000,R
0x401104,0x1000bb000,R
0x401108,0x1000bc000,R
0x401100,0x1000bd000,R
0x401104,0x1000be000,R
0x401108,0x1000bf000,R
0x402100,0x100101000,R
0x402104,0x100101000,R
0x402100,0x100101000,R
0x402104,0x100101000,R
0x403100,0x10053c000,R
0x403104,0x10053d000,R
0x403100,0x10053e000,R
0x403104,0x10053f000,R
0x404100,0x100123000,R
0x404104,0x100123000,R
0x404108,0x100123000,R
0x40410c,0x100123000,R
0x400100,0x100004000,W
0x400104,0x100004000,W
0x400108,0x100005000,W
0x400100,0x100005000,W
0x400104,0x100006000,W
0x400108,0x100006000,R
0x401100,0x100072000,R
0x401104,0x100073000,R
0x401108,0x100074000,R
0x401100,0x100075000,R
0x401104,0x100076000,R
0x401108,0x100077000,R
0x402100,0x100107000,R
0x402104,0x100107000,R
0x402100,0x100107000,R
0x402104,0x100107000,R
0x403100,0x100554000,R
0x403104,0x100555000,R
0x403100,0x100556000,R
0x403104,0x100557000,R
0x404100,0x100124000,R
0x404104,0x100124000,R
0x404108,0x100124000,R
0x40410c,0x100124000,R
0x400100,0x100010000,W
0x400104,0x100010000,W
0x400108,0x100011000,W
0x400100,0x100011000,W
0x400104,0x100012000,W
0x400108,0x100012000,R
0x401100,0x10008a000,R
0x401104,0x10008b000,R
0x401108,0x10008c000,R
0x401100,0x10008d000,R
0x401104,0x10008e000,R
0x401108,0x10008f000,R
0x402100,0x10010d000,R
0x402104,0x10010d000,R
0x402100,0x10010d000,R
0x402104,0x10010d000,R
0x403100,0x10056c000,R
0x403104,0x10056d000,R
0x403100,0x10056e000,R
0x403104,0x10056f000,R
0x404100,0x100125000,R
0x404104,0x100125000,R
0x404108,0x100125000,R
0x40410c,0x100125000,R
0x400100,0x10001c000,W
0x400104,0x10001c000,W
0x400108,0x10001d000,W
0x400100,0x10001d000,W
0x400104,0x10001e000,W
0x400108,0x10001e000,R
0x401100,0x1000a2000,R
0x401104,0x1000a3000,R
0x401108,0x1000a4000,R
0x401100,0x1000a5000,R
0x401104,0x1000a6000,R
0x401108,0x1000a7000,R
0x402100,0x100113000,R
0x402104,0x100113000,R
0x402100,0x100113000,R
0x402104,0x100113000,R
0x403100,0x100584000,R
0x403104,0x100585000,R
0x403100,0x100586000,R
0x403104,0x100587000,R
0x404100,0x100126000,R
0x404104,0x100126000,R
0x404108,0x100126000,R
0x40410c,0x100126000,R
0x400100,0x100028000,W
0x400104,0x100028000,W
0x400108,0x100029000,W
0x400100,0x100029000,W
0x400104,0x10002a000,W
0x400108,0x10002a000,R
0x401100,0x1000ba000,R
0x401104,0x1000bb000,R
0x401108,0x1000bc000,R
0x401100,0x1000bd000,R
0x401104,0x1000be000,R
0x401108,0x1000bf000,R
0x402100,0x100119000,R
0x402104,0x100119000,R
0x402100,0x100119000,R
0x402104,0x100119000,R
0x403100,0x10059c000,R
0x403104,0x10059d000,R
0x403100,0x10059e000,R
0x403104,0x10059f000,R
0x404100,0x100127000,R
0x404104,0x100127000,R
0x404108,0x100127000,R
0x40410c,0x100127000,R
0x400100,0x100034000,W
0x400104,0x100034000,W
0x400108,0x100035000,W
0x400100,0x100035000,W
0x400104,0x100036000,W
0x400108,0x100036000,R
0x401100,0x100072000,R
0x401104,0x100073000,R
0x401108,0x100074000,R
0x401100,0x100075000,R
0x401104,0x100076000,R
0x401108,0x100077000,R
0x402100,0x10011f000,R
0x402104,0x10011f000,R
0x402100,0x10011f000,R
0x402104,0x10011f000,R
0x403100,0x1005b4000,R
0x403104,0x1005b5000,R
0x403100,0x1005b6000,R
0x403104,0x1005b7000,R
0x404100,0x100128000,R
0x404104,0x100128000,R
0x404108,0x100128000,R
0x40410c,0x100128000,R
0x400100,0x100040000,W
0x400104,0x100040000,W
0x400108,0x100041000,W
0x400100,0x100041000,W
0x400104,0x100042000,W
0x400108,0x100042000,R
0x401100,0x10008a000,R
0x401104,0x10008b000,R
0x401108,0x10008c000,R
0x401100,0x10008d000,R
0x401104,0x10008e000,R
0x401108,0x10008f000,R
0x402100,0x1000c5000,R
0x402104,0x1000c5000,R
0x402100,0x1000c5000,R
0x402104,0x1000c5000,R
0x403100,0x1005cc000,R
0x403104,0x1005cd000,R
0x403100,0x1005ce000,R
0x403104,0x1005cf000,R
0x404100,0x100129000,R
0x404104,0x100129000,R
0x404108,0x100129000,R
0x40410c,0x100129000,R
0x400100,0x10004c000,W
0x400104,0x10004c000,W
0x400108,0x10004d000,W
0x400100,0x10004d000,W
0x400104,0x10004e000,W
0x400108,0x10004e000,R
0x401100,0x1000a2000,R
0x401104,0x1000a3000,R
0x401108,0x1000a4000,R
0x401100,0x1000a5000,R
0x401104,0x1000a6000,R
0x401108,0x1000a7000,R
0x402100,0x1000cb000,R
0x402104,0x1000cb000,R
0x402100,0x1000cb000,R
0x402104,0x1000cb000,R
0x403100,0x1005e4000,R
0x403104,0x1005e5000,R
0x403100,0x1005e6000,R
0x403104,0x1005e7000,R
0x404100,0x10012a000,R
0x404104,0x10012a000,R
0x404108,0x10012a000,R
0x40410c,0x10012a000,R
0x400100,0x100058000,W
0x400104,0x100058000,W
0x400108,0x100059000,W
0x400100,0x100059000,W
0x400104,0x10005a000,W
0x400108,0x10005a000,R
0x401100,0x1000ba000,R
0x401104,0x1000bb000,R
0x401108,0x1000bc000,R
0x401100,0x1000bd000,R
0x401104,0x1000be000,R
0x401108,0x1000bf000,R
0x402100,0x1000d1000,R
0x402104,0x1000d1000,R
0x402100,0x1000d1000,R
0x402104,0x1000d1000,R
0x403100,0x1005fc000,R
0x403104,0x1005fd000,R
0x403100,0x1005fe000,R
0x403104,0x1005ff000,R
0x404100,0x10012b000,R
0x404104,0x10012b000,R
0x404108,0x10012b000,R
0x40410c,0x10012b000,R
0x400100,0x100004000,W
0x400104,0x100004000,W
0x400108,0x100005000,W
0x400100,0x100005000,W
0x400104,0x100006000,W
0x400108,0x100006000,R
0x401100,0x100072000,R
0x401104,0x100073000,R
0x401108,0x100074000,R
0x401100,0x100075000,R
0x401104,0x100076000,R
0x401108,0x100077000,R
0x402100,0x1000d7000,R
0x402104,0x1000d7000,R
0x402100,0x1000d7000,R
0x402104,0x1000d7000,R
0x403100,0x100194000,R
0x403104,0x100195000,R
0x403100,0x100196000,R
0x403104,0x100197000,R
0x404100,0x10012c000,R
0x404104,0x10012c000,R
0x404108,0x10012c000,R
0x40410c,0x10012c000,R
0x400100,0x100010000,W
0x400104,0x100010000,W
0x400108,0x100011000,W
0x400100,0x100011000,W
0x400104,0x100012000,W
0x400108,0x100012000,R
0x401100,0x10008a000,R
0x401104,0x10008b000,R
0x401108,0x10008c000,R
0x401100,0x10008d000,R
0x401104,0x10008e000,R
0x401108,0x10008f000,R
0x402100,0x1000dd000,R
0x402104,0x1000dd000,R
0x402100,0x1000dd000,R
0x402104,0x1000dd000,R
0x403100,0x1001ac000,R
0x403104,0x1001ad000,R
0x403100,0x1001ae000,R
0x403104,0x1001af000,R
0x404100,0x10012d000,R
0x404104,0x10012d000,R
0x404108,0x10012d000,R
0x40410c,0x10012d000,R
0x400100,0x10001c000,W
0x400104,0x10001c000,W
0x400108,0x10001d000,W
0x400100,0x10001d000,W
0x400104,0x10001e000,W
0x400108,0x10001e000,R
0x401100,0x1000a2000,R
0x401104,0x1000a3000,R
0x401108,0x1000a4000,R
0x401100,0x1000a5000,R
0x401104,0x1000a6000,R
0x401108,0x1000a7000,R
0x402100,0x1000e3000,R
0x402104,0x1000e3000,R
0x402100,0x1000e3000,R
0x402104,0x1000e3000,R
0x403100,0x1001c4000,R
0x403104,0x1001c5000,R
0x403100,0x1001c6000,R
0x403104,0x1001c7000,R
0x404100,0x10012e000,R
0x404104,0x10012e000,R
0x404108,0x10012e000,R
0x40410c,0x10012e000,R
0x400100,0x100028000,W
0x400104,0x100028000,W
0x400108,0x100029000,W
0x400100,0x100029000,W
0x400104,0x10002a000,W
0x400108,0x10002a000,R
0x401100,0x1000ba000,R
0x401104,0x1000bb000,R
0x401108,0x1000bc000,R
0x401100,0x1000bd000,R
0x401104,0x1000be000,R
0x401108,0x1000bf000,R
0x402100,0x1000e9000,R
0x402104,0x1000e9000,R
0x402100,0x1000e9000,R
0x402104,0x1000e9000,R
0x403100,0x1001dc000,R
0x403104,0x1001dd000,R
0x403100,0x1001de000,R
0x403104,0x1001df000,R
0x404100,0x10012f000,R
0x404104,0x10012f000,R
0x404108,0x10012f000,R
0x40410c,0x10012f000,R
0x400100,0x100034000,W
0x400104,0x100034000,W
0x400108,0x100035000,W
0x400100,0x100035000,W
0x400104,0x100036000,W
0x400108,0x100036000,R
0x401100,0x100072000,R
0x401104,0x100073000,R
0x401108,0x100074000,R
0x401100,0x100075000,R
0x401104,0x100076000,R
0x401108,0x100077000,R
0x402100,0x1000ef000,R
0x402104,0x1000ef000,R
0x402100,0x1000ef000,R
0x402104,0x1000ef000,R
0x403100,0x1001f4000,R
0x403104,0x1001f5000,R
0x403100,0x1001f6000,R
0x403104,0x1001f7000,R
0x404100,0x100130000,R
0x404104,0x100130000,R
0x404108,0x100130000,R
0x40410c,0x100130000,R
0x400100,0x100040000,W
0x400104,0x100040000,W
0x400108,0x100041000,W
0x400100,0x100041000,W
0x400104,0x100042000,W
0x400108,0x100042000,R
0x401100,0x10008a000,R
0x401104,0x10008b000,R
0x401108,0x10008c000,R
0x401100,0x10008d000,R
0x401104,0x10008e000,R
0x401108,0x10008f000,R
0x402100,0x1000f5000,R
0x402104,0x1000f5000,R
0x402100,0x1000f5000,R
0x402104,0x1000f5000,R
0x403100,0x10020c000,R
0x403104,0x10020d000,R
0x403100,0x10020e000,R
0x403104,0x10020f000,R
0x404100,0x100131000,R
0x404104,0x100131000,R
0x404108,0x100131000,R
0x40410c,0x100131000,R
0x400100,0x10004c000,W
0x400104,0x10004c000,W
0x400108,0x10004d000,W
0x400100,0x10004d000,W
0x400104,0x10004e000,W
0x400108,0x10004e000,R
0x401100,0x1000a2000,R
0x401104,0x1000a3000,R
0x401108,0x1000a4000,R
0x401100,0x1000a5000,R
0x401104,0x1000a6000,R
0x401108,0x1000a7000,R
0x402100,0x1000fb000,R
0x402104,0x1000fb000,R
0x402100,0x1000fb000,R
0x402104,0x1000fb000,R
0x403100,0x100224000,R
0x403104,0x100225000,R
0x403100,0x100226000,R
0x403104,0x100227000,R
0x404100,0x100132000,R
0x404104,0x100132000,R
0x404108,0x100132000,R
0x40410c,0x100132000,R
0x400100,0x100058000,W
0x400104,0x100058000,W
0x400108,0x100059000,W
0x400100,0x100059000,W
0x400104,0x10005a000,W
0x400108,0x10005a000,R
0x401100,0x1000ba000,R
0x401104,0x1000bb000,R
0x401108,0x1000bc000,R
0x401100,0x1000bd000,R
0x401104,0x1000be000,R
0x401108,0x1000bf000,R
0x402100,0x100101000,R
0x402104,0x100101000,R
0x402100,0x100101000,R
0x402104,0x100101000,R
0x403100,0x10023c000,R
0x403104,0x10023d000,R
0x403100,0x10023e000,R
0x403104,0x10023f000,R
0x404100,0x100133000,R
0x404104,0x100133000,R
0x404108,0x100133000,R
0x40410c,0x100133000,R
0x400100,0x100004000,W
0x400104,0x100004000,W
0x400108,0x100005000,W
0x400100,0x100005000,W
0x400104,0x100006000,W
0x400108,0x100006000,R
0x401100,0x100072000,R
0x401104,0x100073000,R
0x401108,0x100074000,R
0x401100,0x100075000,R
0x401104,0x100076000,R
0x401108,0x100077000,R
0x402100,0x100107000,R
0x402104,0x100107000,R
0x402100,0x100107000,R
0x402104,0x100107000,R
0x403100,0x100254000,R
0x403104,0x100255000,R
0x403100,0x100256000,R
0x403104,0x100257000,R
0x404100,0x100134000,R
0x404104,0x100134000,R
0x404108,0x100134000,R
0x40410c,0x100134000,R
0x400100,0x100010000,W
0x400104,0x100010000,W
0x400108,0x100011000,W
0x400100,0x100011000,W
0x400104,0x100012000,W
0x400108,0x100012000,R
0x401100,0x10008a000,R
0x401104,0x10008b000,R
0x401108,0x10008c000,R
0x401100,0x10008d000,R
0x401104,0x10008e000,R
0x401108,0x10008f000,R
0x402100,0x10010d000,R
0x402104,0x10010d000,R
0x402100,0x10010d000,R
0x402104,0x10010d000,R
0x403100,0x10026c000,R
0x403104,0x10026d000,R
0x403100,0x10026e000,R
0x403104,0x10026f000,R
0x404100,0x100135000,R
0x404104,0x100135000,R
0x404108,0x100135000,R
0x40410c,0x100135000,R
0x400100,0x10001c000,W
0x400104,0x10001c000,W
0x400108,0x10001d000,W
0x400100,0x10001d000,W
0x400104,0x10001e000,W
0x400108,0x10001e000,R
0x401100,0x1000a2000,R
0x401104,0x1000a3000,R
0x401108,0x1000a4000,R
0x401100,0x1000a5000,R
0x401104,0x1000a6000,R
0x401108,0x1000a7000,R
0x402100,0x100113000,R
0x402104,0x100113000,R
0x402100,0x100113000,R
0x402104,0x100113000,R
0x403100,0x100284000,R
0x403104,0x100285000,R
0x403100,0x100286000,R
0x403104,0x100287000,R
0x404100,0x100136000,R
0x404104,0x100136000,R
0x404108,0x100136000,R
0x40410c,0x100136000,R
0x400100,0x100028000,W
0x400104,0x100028000,W
0x400108,0x100029000,W
0x400100,0x100029000,W
0x400104,0x10002a000,W
0x400108,0x10002a000,R
0x401100,0x1000ba000,R
0x401104,0x1000bb000,R
0x401108,0x1000bc000,R
0x401100,0x1000bd000,R
0x401104,0x1000be000,R
0x401108,0x1000bf000,R
0x402100,0x100119000,R
0x402104,0x100119000,R
0x402100,0x100119000,R
0x402104,0x100119000,R
0x403100,0x10029c000,R
0x403104,0x10029d000,R
0x403100,0x10029e000,R
0x403104,0x10029f000,R
0x404100,0x100137000,R
0x404104,0x100137000,R
0x404108,0x100137000,R
0x40410c,0x100137000,R
0x400100,0x100034000,W
0x400104,0x100034000,W
0x400108,0x100035000,W
0x400100,0x100035000,W
0x400104,0x100036000,W
0x400108,0x100036000,R
0x401100,0x100072000,R
0x401104,0x100073000,R
0x401108,0x100074000,R
0x401100,0x100075000,R
0x401104,0x100076000,R
0x401108,0x100077000,R
0x402100,0x10011f000,R
0x402104,0x10011f000,R
0x402100,0x10011f000,R
0x402104,0x10011f000,R
0x403100,0x1002b4000,R
0x403104,0x1002b5000,R
0x403100,0x1002b6000,R
0x403104,0x1002b7000,R
0x404100,0x100138000,R
0x404104,0x100138000,R
0x404108,0x100138000,R
0x40410c,0x100138000,R
0x400100,0x100040000,W
0x400104,0x100040000,W
0x400108,0x100041000,W
0x400100,0x100041000,W
0x400104,0x100042000,W
0x400108,0x100042000,R
0x401100,0x10008a000,R
0x401104,0x10008b000,R
0x401108,0x10008c000,R
0x401100,0x10008d000,R
0x401104,0x10008e000,R
0x401108,0x10008f000,R
0x402100,0x1000c5000,R
0x402104,0x1000c5000,R
0x402100,0x1000c5000,R
0x402104,0x1000c5000,R
0x403100,0x1002cc000,R
0x403104,0x1002cd000,R
0x403100,0x1002ce000,R
0x403104,0x1002cf000,R
0x404100,0x100139000,R
0x404104,0x100139000,R
0x404108,0x100139000,R
0x40410c,0x100139000,R
0x400100,0x10004c000,W
0x400104,0x10004c000,W
0x400108,0x10004d000,W
0x400100,0x10004d000,W
0x400104,0x10004e000,W
0x400108,0x10004e000,R
0x401100,0x1000a2000,R
0x401104,0x1000a3000,R
0x401108,0x1000a4000,R
0x401100,0x1000a5000,R
0x401104,0x1000a6000,R
0x401108,0x1000a7000,R
0x402100,0x1000cb000,R
0x402104,0x1000cb000,R
0x402100,0x1000cb000,R
0x402104,0x1000cb000,R
0x403100,0x1002e4000,R
0x403104,0x1002e5000,R
0x403100,0x1002e6000,R
0x403104,0x1002e7000,R
0x404100,0x10013a000,R
0x404104,0x10013a000,R
0x404108,0x10013a000,R
0x40410c,0x10013a000,R
0x400100,0x100058000,W
0x400104,0x100058000,W
0x400108,0x100059000,W
0x400100,0x100059000,W
0x400104,0x10005a000,W
0x400108,0x10005a000,R
0x401100,0x1000ba000,R
0x401104,0x1000bb000,R
0x401108,0x1000bc000,R
0x401100,0x1000bd000,R
0x401104,0x1000be000,R
0x401108,0x1000bf000,R
0x402100,0x1000d1000,R
0x402104,0x1000d1000,R
0x402100,0x1000d1000,R
0x402104,0x1000d1000,R
0x403100,0x1002fc000,R
0x403104,0x1002fd000,R
0x403100,0x1002fe000,R
0x403104,0x1002ff000,R
0x404100,0x10013b000,R
0x404104,0x10013b000,R
0x404108,0x10013b000,R
0x40410c,0x10013b000,R
0x400100,0x100004000,W
0x400104,0x100004000,W
0x400108,0x100005000,W
0x400100,0x100005000,W
0x400104,0x100006000,W
0x400108,0x100006000,R
0x401100,0x100072000,R
0x401104,0x100073000,R
0x401108,0x100074000,R
0x401100,0x100075000,R
0x401104,0x100076000,R
0x401108,0x100077000,R
0x402100,0x1000d7000,R
0x402104,0x1000d7000,R
0x402100,0x1000d7000,R
0x402104,0x1000d7000,R
0x403100,0x100314000,R
0x403104,0x100315000,R
0x403100,0x100316000,R
0x403104,0x100317000,R
0x404100,0x10013c000,R
0x404104,0x10013c000,R
0x404108,0x10013c000,R
0x40410c,0x10013c000,R
0x400100,0x100010000,W
0x400104,0x100010000,W
0x400108,0x100011000,W
0x400100,0x100011000,W
0x400104,0x100012000,W
0x400108,0x100012000,R
0x401100,0x10008a000,R
0x401104,0x10008b000,R
0x401108,0x10008c000,R
0x401100,0x10008d000,R
0x401104,0x10008e000,R
0x401108,0x10008f000,R
0x402100,0x1000dd000,R
0x402104,0x1000dd000,R
0x402100,0x1000dd000,R
0x402104,0x1000dd000,R
0x403100,0x10032c000,R
0x403104,0x10032d000,R
0x403100,0x10032e000,R
0x403104,0x10032f000,R
0x404100,0x10013d000,R
0x404104,0x10013d000,R
0x404108,0x10013d000,R
0x40410c,0x10013d000,R
0x400100,0x10001c000,W
0x400104,0x10001c000,W
0x400108,0x10001d000,W
0x400100,0x10001d000,W
0x400104,0x10001e000,W
0x400108,0x10001e000,R
0x401100,0x1000a2000,R
0x401104,0x1000a3000,R
0x401108,0x1000a4000,R
0x401100,0x1000a5000,R
0x401104,0x1000a6000,R
0x401108,0x1000a7000,R
0x402100,0x1000e3000,R
0x402104,0x1000e3000,R
0x402100,0x1000e3000,R
0x402104,0x1000e3000,R
0x403100,0x100344000,R
0x403104,0x100345000,R
0x403100,0x100346000,R
0x403104,0x100347000,R
0x404100,0x10013e000,R
0x404104,0x10013e000,R
0x404108,0x10013e000,R
0x40410c,0x10013e000,R
0x400100,0x100028000,W
0x400104,0x100028000,W
0x400108,0x100029000,W
0x400100,0x100029000,W
0x400104,0x10002a000,W
0x400108,0x10002a000,R
0x401100,0x1000ba000,R
0x401104,0x1000bb000,R
0x401108,0x1000bc000,R
0x401100,0x1000bd000,R
0x401104,0x1000be000,R
0x401108,0x1000bf000,R
0x402100,0x1000e9000,R
0x402104,0x1000e9000,R
0x402100,0x1000e9000,R
0x402104,0x1000e9000,R
0x403100,0x10035c000,R
0x403104,0x10035d000,R
0x403100,0x10035e000,R
0x403104,0x10035f000,R
0x404100,0x10013f000,R
0x404104,0x10013f000,R
0x404108,0x10013f000,R
0x40410c,0x10013f000,R
0x400100,0x100034000,W
0x400104,0x100034000,W
0x400108,0x100035000,W
0x400100,0x100035000,W
0x400104,0x100036000,W
0x400108,0x100036000,R
0x401100,0x100072000,R
0x401104,0x100073000,R
0x401108,0x100074000,R
0x401100,0x100075000,R
0x401104,0x100076000,R
0x401108,0x100077000,R
0x402100,0x1000ef000,R
0x402104,0x1000ef000,R
0x402100,0x1000ef000,R
0x402104,0x1000ef000,R
0x403100,0x100374000,R
0x403104,0x100375000,R
0x403100,0x100376000,R
0x403104,0x100377000,R
0x404100,0x100140000,R
0x404104,0x100140000,R
0x404108,0x100140000,R
0x40410c,0x100140000,R
0x400100,0x100040000,W
0x400104,0x100040000,W
0x400108,0x100041000,W
0x400100,0x100041000,W
0x400104,0x100042000,W
0x400108,0x100042000,R
0x401100,0x10008a000,R
0x401104,0x10008b000,R
0x401108,0x10008c000,R
0x401100,0x10008d000,R
0x401104,0x10008e000,R
0x401108,0x10008f000,R
0x402100,0x1000f5000,R
0x402104,0x1000f5000,R
0x402100,0x1000f5000,R
0x402104,0x1000f5000,R
0x403100,0x10038c000,R
0x403104,0x10038d000,R
0x403100,0x10038e000,R
0x403104,0x10038f000,R
0x404100,0x100141000,R
0x404104,0x100141000,R
0x404108,0x100141000,R
0x40410c,0x100141000,R
0x400100,0x10004c000,W
0x400104,0x10004c000,W
0x400108,0x10004d000,W
0x400100,0x10004d000,W
0x400104,0x10004e000,W
0x400108,0x10004e000,R
0x401100,0x1000a2000,R
0x401104,0x1000a3000,R
0x401108,0x1000a4000,R
0x401100,0x1000a5000,R
0x401104,0x1000a6000,R
0x401108,0x1000a7000,R
0x402100,0x1000fb000,R
0x402104,0x1000fb000,R
0x402100,0x1000fb000,R
0x402104,0x1000fb000,R
0x403100,0x1003a4000,R
0x403104,0x1003a5000,R
0x403100,0x1003a6000,R
0x403104,0x1003a7000,R
0x404100,0x100142000,R
0x404104,0x100142000,R
0x404108,0x100142000,R
0x40410c,0x100142000,R
0x400100,0x100058000,W
0x400104,0x100058000,W
0x400108,0x100059000,W
0x400100,0x100059000,W
0x400104,0x10005a000,W
0x400108,0x10005a000,R
0x401100,0x1000ba000,R
0x401104,0x1000bb000,R
0x401108,0x1000bc000,R
0x401100,0x1000bd000,R
0x401104,0x1000be000,R
0x401108,0x1000bf000,R
0x402100,0x100101000,R
0x402104,0x100101000,R
0x402100,0x100101000,R
0x402104,0x100101000,R
0x403100,0x1003bc000,R
0x403104,0x1003bd000,R
0x403100,0x1003be000,R
0x403104,0x1003bf000,R
0x404100,0x100143000,R
0x404104,0x100143000,R
0x404108,0x100143000,R
0x40410c,0x100143000,R
0x400100,0x100004000,W
0x400104,0x100004000,W
0x400108,0x100005000,W
0x400100,0x100005000,W
0x400104,0x100006000,W
0x400108,0x100006000,R
0x401100,0x100072000,R
0x401104,0x100073000,R
0x401108,0x100074000,R
0x401100,0x100075000,R
0x401104,0x100076000,R
0x401108,0x100077000,R
0x402100,0x100107000,R
0x402104,0x100107000,R
0x402100,0x100107000,R
0x402104,0x100107000,R
0x403100,0x1003d4000,R
0x403104,0x1003d5000,R
0x403100,0x1003d6000,R
0x403104,0x1003d7000,R
0x404100,0x100144000,R
0x404104,0x100144000,R
0x404108,0x100144000,R
0x40410c,0x100144000,R
0x400100,0x100010000,W
0x400104,0x100010000,W
0x400108,0x100011000,W
0x400100,0x100011000,W
0x400104,0x100012000,W
0x400108,0x100012000,R
0x401100,0x10008a000,R
0x401104,0x10008b000,R
0x401108,0x10008c000,R
0x401100,0x10008d000,R
0x401104,0x10008e000,R
0x401108,0x10008f000,R
0x402100,0x10010d000,R
0x402104,0x10010d000,R
0x402100,0x10010d000,R
0x402104,0x10010d000,R
0x403100,0x1003ec000,R
0x403104,0x1003ed000,R
0x403100,0x1003ee000,R
0x403104,0x1003ef000,R
0x404100,0x100145000,R
0x404104,0x100145000,R
0x404108,0x100145000,R
0x40410c,0x100145000,R
0x400100,0x10001c000,W
0x400104,0x10001c000,W
0x400108,0x10001d000,W
0x400100,0x10001d000,W
0x400104,0x10001e000,W
0x400108,0x10001e000,R
0x401100,0x1000a2000,R
0x401104,0x1000a3000,R
0x401108,0x1000a4000,R
0x401100,0x1000a5000,R
0x401104,0x1000a6000,R
0x401108,0x1000a7000,R
0x402100,0x100113000,R
0x402104,0x100113000,R
0x402100,0x100113000,R
0x402104,0x100113000,R
0x403100,0x100404000,R
0x403104,0x100405000,R
0x403100,0x100406000,R
0x403104,0x100407000,R
0x404100,0x100146000,R
0x404104,0x100146000,R
0x404108,0x100146000,R
0x40410c,0x100146000,R
0x400100,0x100028000,W
0x400104,0x100028000,W
0x400108,0x100029000,W
0x400100,0x100029000,W
0x400104,0x10002a000,W
0x400108,0x10002a000,R
0x401100,0x1000ba000,R
0x401104,0x1000bb000,R
0x401108,0x1000bc000,R
0x401100,0x1000bd000,R
0x401104,0x1000be000,R
0x401108,0x1000bf000,R
0x402100,0x100119000,R
0x402104,0x100119000,R
0x402100,0x100119000,R
0x402104,0x100119000,R
0x403100,0x10041c000,R
0x403104,0x10041d000,R
0x403100,0x10041e000,R
0x403104,0x10041f000,R
0x404100,0x100147000,R
0x404104,0x100147000,R
0x404108,0x100147000,R
0x40410c,0x100147000,R
0x400100,0x100034000,W
0x400104,0x100034000,W
0x400108,0x100035000,W
0x400100,0x100035000,W
0x400104,0x100036000,W
0x400108,0x100036000,R
0x401100,0x100072000,R
0x401104,0x100073000,R
0x401108,0x100074000,R
0x401100,0x100075000,R
0x401104,0x100076000,R
0x401108,0x100077000,R
0x402100,0x10011f000,R
0x402104,0x10011f000,R
0x402100,0x10011f000,R
0x402104,0x10011f000,R
0x403100,0x100434000,R
0x403104,0x100435000,R
0x403100,0x100436000,R
0x403104,0x100437000,R
0x404100,0x100148000,R
0x404104,0x100148000,R
0x404108,0x100148000,R
0x40410c,0x100148000,R
0x400100,0x100040000,W
0x400104,0x100040000,W
0x400108,0x100041000,W
0x400100,0x100041000,W
0x400104,0x100042000,W
0x400108,0x100042000,R
0x401100,0x10008a000,R
0x401104,0x10008b000,R
0x401108,0x10008c000,R
0x401100,0x10008d000,R
0x401104,0x10008e000,R
0x401108,0x10008f000,R
0x402100,0x1000c5000,R
0x402104,0x1000c5000,R
0x402100,0x1000c5000,R
0x402104,0x1000c5000,R
0x403100,0x10044c000,R
0x403104,0x10044d000,R
0x403100,0x10044e000,R
0x403104,0x10044f000,R
0x404100,0x100149000,R
0x404104,0x100149000,R
0x404108,0x100149000,R
0x40410c,0x100149000,R
0x400100,0x10004c000,W
0x400104,0x10004c000,W
0x400108,0x10004d000,W
0x400100,0x10004d000,W
0x400104,0x10004e000,W
0x400108,0x10004e000,R
0x401100,0x1000a2000,R
0x401104,0x1000a3000,R
0x401108,0x1000a4000,R
0x401100,0x1000a5000,R
0x401104,0x1000a6000,R
0x401108,0x1000a7000,R
0x402100,0x1000cb000,R
0x402104,0x1000cb000,R
0x402100,0x1000cb000,R
0x402104,0x1000cb000,R
0x403100,0x100464000,R
0x403104,0x100465000,R
0x403100,0x100466000,R
0x403104,0x100467000,R
0x404100,0x10014a000,R
0x404104,0x10014a000,R
0x404108,0x10014a000,R
0x40410c,0x10014a000,R
0x400100,0x100058000,W
0x400104,0x100058000,W
0x400108,0x100059000,W
0x400100,0x100059000,W
0x400104,0x10005a000,W
0x400108,0x10005a000,R
0x401100,0x1000ba000,R
0x401104,0x1000bb000,R
0x401108,0x1000bc000,R
0x401100,0x1000bd000,R
0x401104,0x1000be000,R
0x401108,0x1000bf000,R
0x402100,0x1000d1000,R
0x402104,0x1000d1000,R
0x402100,0x1000d1000,R
0x402104,0x1000d1000,R
0x403100,0x10047c000,R
0x403104,0x10047d000,R
0x403100,0x10047e000,R
0x403104,0x10047f000,R
0x404100,0x10014b000,R
0x404104,0x10014b000,R
0x404108,0x10014b000,R
0x40410c,0x10014b000,R
0x400100,0x100004000,W
0x400104,0x100004000,W
0x400108,0x100005000,W
0x400100,0x100005000,W
0x400104,0x100006000,W
0x400108,0x100006000,R
0x401100,0x100072000,R
0x401104,0x100073000,R
0x401108,0x100074000,R
0x401100,0x100075000,R
0x401104,0x100076000,R
0x401108,0x100077000,R
0x402100,0x1000d7000,R
0x402104,0x1000d7000,R
0x402100,0x1000d7000,R
0x402104,0x1000d7000,R
0x403100,0x100494000,R
0x403104,0x100495000,R
0x403100,0x100496000,R
0x403104,0x100497000,R
0x404100,0x10014c000,R
0x404104,0x10014c000,R
0x404108,0x10014c000,R
0x40410c,0x10014c000,R
0x400100,0x100010000,W
0x400104,0x100010000,W
0x400108,0x100011000,W
0x400100,0x100011000,W
0x400104,0x100012000,W
0x400108,0x100012000,R
0x401100,0x10008a000,R
0x401104,0x10008b000,R
0x401108,0x10008c000,R
0x401100,0x10008d000,R
0x401104,0x10008e000,R
0x401108,0x10008f000,R
0x402100,0x1000dd000,R
0x402104,0x1000dd000,R
0x402100,0x1000dd000,R
0x402104,0x1000dd000,R
0x403100,0x1004ac000,R
0x403104,0x1004ad000,R
0x403100,0x1004ae000,R
0x403104,0x1004af000,R
0x404100,0x10014d000,R
0x404104,0x10014d000,R
0x404108,0x10014d000,R
0x40410c,0x10014d000,R
0x400100,0x10001c000,W
0x400104,0x10001c000,W
0x400108,0x10001d000,W
0x400100,0x10001d000,W
0x400104,0x10001e000,W
0x400108,0x10001e000,R
0x401100,0x1000a2000,R
0x401104,0x1000a3000,R
0x401108,0x1000a4000,R
0x401100,0x1000a5000,R
0x401104,0x1000a6000,R
0x401108,0x1000a7000,R
0x402100,0x1000e3000,R
0x402104,0x1000e3000,R
0x402100,0x1000e3000,R
0x402104,0x1000e3000,R
0x403100,0x1004c4000,R
0x403104,0x1004c5000,R
0x403100,0x1004c6000,R
0x403104,0x1004c7000,R
0x404100,0x10014e000,R
0x404104,0x10014e000,R
0x404108,0x10014e000,R
0x40410c,0x10014e000,R
0x400100,0x100028000,W
0x400104,0x100028000,W
0x400108,0x100029000,W
0x400100,0x100029000,W
0x400104,0x10002a000,W
0x400108,0x10002a000,R
0x401100,0x1000ba000,R
0x401104,0x1000bb000,R
0x401108,0x1000bc000,R
0x401100,0x1000bd000,R
0x401104,0x1000be000,R
0x401108,0x1000bf000,R
0x402100,0x1000e9000,R
0x402104,0x1000e9000,R
0x402100,0x1000e9000,R
0x402104,0x1000e9000,R
0x403100,0x1004dc000,R
0x403104,0x1004dd000,R
0x403100,0x1004de000,R
0x403104,0x1004df000,R
0x404100,0x10014f000,R
0x404104,0x10014f000,R
0x404108,0x10014f000,R
0x40410c,0x10014f000,R
0x400100,0x100034000,W
0x400104,0x100034000,W
0x400108,0x100035000,W
0x400100,0x100035000,W
0x400104,0x100036000,W
0x400108,0x100036000,R
0x401100,0x100072000,R
0x401104,0x100073000,R
0x401108,0x100074000,R
0x401100,0x100075000,R
0x401104,0x100076000,R
0x401108,0x100077000,R
0x402100,0x1000ef000,R
0x402104,0x1000ef000,R
0x402100,0x1000ef000,R
0x402104,0x1000ef000,R
0x403100,0x1004f4000,R
0x403104,0x1004f5000,R
0x403100,0x1004f6000,R
0x403104,0x1004f7000,R
0x404100,0x100150000,R
0x404104,0x100150000,R
0x404108,0x100150000,R
0x40410c,0x100150000,R
0x400100,0x100040000,W
0x400104,0x100040000,W
0x400108,0x100041000,W
0x400100,0x100041000,W
0x400104,0x100042000,W
0x400108,0x100042000,R
0x401100,0x10008a000,R
0x401104,0x10008b000,R
0x401108,0x10008c000,R
0x401100,0x10008d000,R
0x401104,0x10008e000,R
0x401108,0x10008f000,R
0x402100,0x1000f5000,R
0x402104,0x1000f5000,R
0x402100,0x1000f5000,R
0x402104,0x1000f5000,R
0x403100,0x10050c000,R
0x403104,0x10050d000,R
0x403100,0x10050e000,R
0x403104,0x10050f000,R
0x404100,0x100151000,R
0x404104,0x100151000,R
0x404108,0x100151000,R
0x40410c,0x100151000,R
0x400100,0x10004c000,W
0x400104,0x10004c000,W
0x400108,0x10004d000,W
0x400100,0x10004d000,W
0x400104,0x10004e000,W
0x400108,0x10004e000,R
0x401100,0x1000a2000,R
0x401104,0x1000a3000,R
0x401108,0x1000a4000,R
0x401100,0x1000a5000,R
0x401104,0x1000a6000,R
0x401108,0x1000a7000,R
0x402100,0x1000fb000,R
0x402104,0x1000fb000,R
0x402100,0x1000fb000,R
0x402104,0x1000fb000,R
0x403100,0x100524000,R
0x403104,0x100525000,R
0x403100,0x100526000,R
0x403104,0x100527000,R
0x404100,0x100152000,R
0x404104,0x100152000,R
0x404108,0x100152000,R
0x40410c,0x100152000,R
0x400100,0x100058000,W
0x400104,0x100058000,W
0x400108,0x100059000,W
0x400100,0x100059000,W
0x400104,0x10005a000,W
0x400108,0x10005a000,R
0x401100,0x1000ba000,R
0x401104,0x1000bb000,R
0x401108,0x1000bc000,R
0x401100,0x1000bd000,R
0x401104,0x1000be000,R
0x401108,0x1000bf000,R
0x402100,0x100101000,R
0x402104,0x100101000,R
0x402100,0x100101000,R
0x402104,0x100101000,R
0x403100,0x10053c000,R
0x403104,0x10053d000,R
0x403100,0x10053e000,R
0x403104,0x10053f000,R
0x404100,0x100153000,R
0x404104,0x100153000,R
0x404108,0x100153000,R
0x40410c,0x100153000,R
0x400100,0x100004000,W
0x400104,0x100004000,W
0x400108,0x100005000,W
0x400100,0x100005000,W
0x400104,0x100006000,W
0x400108,0x100006000,R
0x401100,0x100072000,R
0x401104,0x100073000,R
0x401108,0x100074000,R
0x401100,0x100075000,R
0x401104,0x100076000,R
0x401108,0x100077000,R
0x402100,0x100107000,R
0x402104,0x100107000,R
0x402100,0x100107000,R
0x402104,0x100107000,R
0x403100,0x100554000,R
0x403104,0x100555000,R
0x403100,0x100556000,R
0x403104,0x100557000,R
0x404100,0x100154000,R
0x404104,0x100154000,R
0x404108,0x100154000,R
0x40410c,0x100154000,R
0x400100,0x100010000,W
0x400104,0x100010000,W
0x400108,0x100011000,W
0x400100,0x100011000,W
0x400104,0x100012000,W
0x400108,0x100012000,R
0x401100,0x10008a000,R
0x401104,0x10008b000,R
0x401108,0x10008c000,R
0x401100,0x10008d000,R
0x401104,0x10008e000,R
0x401108,0x10008f000,R
0x402100,0x10010d000,R
0x402104,0x10010d000,R
0x402100,0x10010d000,R
0x402104,0x10010d000,R
0x403100,0x10056c000,R
0x403104,0x10056d000,R
0x403100,0x10056e000,R
0x403104,0x10056f000,R
0x404100,0x100155000,R
0x404104,0x100155000,R
0x404108,0x100155000,R
0x40410c,0x100155000,R
0x400100,0x10001c000,W
0x400104,0x10001c000,W
0x400108,0x10001d000,W
0x400100,0x10001d000,W
0x400104,0x10001e000,W
0x400108,0x10001e000,R
0x401100,0x1000a2000,R
0x401104,0x1000a3000,R
0x401108,0x1000a4000,R
0x401100,0x1000a5000,R
0x401104,0x1000a6000,R
0x401108,0x1000a7000,R
0x402100,0x100113000,R
0x402104,0x100113000,R
0x402100,0x100113000,R
0x402104,0x100113000,R
0x403100,0x100584000,R
0x403104,0x100585000,R
0x403100,0x100586000,R
0x403104,0x100587000,R
0x404100,0x100156000,R
0x404104,0x100156000,R
0x404108,0x100156000,R
0x40410c,0x100156000,R
0x400100,0x100028000,W
0x400104,0x100028000,W
0x400108,0x100029000,W
0x400100,0x100029000,W
0x400104,0x10002a000,W
0x400108,0x10002a000,R
0x401100,0x1000ba000,R
0x401104,0x1000bb000,R
0x401108,0x1000bc000,R
0x401100,0x1000bd000,R
0x401104,0x1000be000,R
0x401108,0x1000bf000,R
0x402100,0x100119000,R
0x402104,0x100119000,R
0x402100,0x100119000,R
0x402104,0x100119000,R
0x403100,0x10059c000,R
0x403104,0x10059d000,R
0x403100,0x10059e000,R
0x403104,0x10059f000,R
0x404100,0x100157000,R
0x404104,0x100157000,R
0x404108,0x100157000,R
0x40410c,0x100157000,R
0x400100,0x100034000,W
0x400104,0x100034000,W
0x400108,0x100035000,W
0x400100,0x100035000,W
0x400104,0x100036000,W
0x400108,0x100036000,R
0x401100,0x100072000,R
0x401104,0x100073000,R
0x401108,0x100074000,R
0x401100,0x100075000,R
0x401104,0x100076000,R
0x401108,0x100077000,R
0x402100,0x10011f000,R
0x402104,0x10011f000,R
0x402100,0x10011f000,R
0x402104,0x10011f000,R
0x403100,0x1005b4000,R
0x403104,0x1005b5000,R
0x403100,0x1005b6000,R
0x403104,0x1005b7000,R
0x404100,0x100158000,R
0x404104,0x100158000,R
0x404108,0x100158000,R
0x40410c,0x100158000,R
0x400100,0x100040000,W
0x400104,0x100040000,W
0x400108,0x100041000,W
0x400100,0x100041000,W
0x400104,0x100042000,W
0x400108,0x100042000,R
0x401100,0x10008a000,R
0x401104,0x10008b000,R
0x401108,0x10008c000,R
0x401100,0x10008d000,R
0x401104,0x10008e000,R
0x401108,0x10008f000,R
0x402100,0x1000c5000,R
0x402104,0x1000c5000,R
0x402100,0x1000c5000,R
0x402104,0x1000c5000,R
0x403100,0x1005cc000,R
0x403104,0x1005cd000,R
0x403100,0x1005ce000,R
0x403104,0x1005cf000,R
0x404100,0x100159000,R
0x404104,0x100159000,R
0x404108,0x100159000,R
0x40410c,0x100159000,R
0x400100,0x10004c000,W
0x400104,0x10004c000,W
0x400108,0x10004d000,W
0x400100,0x10004d000,W
0x400104,0x10004e000,W
0x400108,0x10004e000,R
0x401100,0x1000a2000,R
0x401104,0x1000a3000,R
0x401108,0x1000a4000,R
0x401100,0x1000a5000,R
0x401104,0x1000a6000,R
0x401108,0x1000a7000,R
0x402100,0x1000cb000,R
0x402104,0x1000cb000,R
0x402100,0x1000cb000,R
0x402104,0x1000cb000,R
0x403100,0x1005e4000,R
0x403104,0x1005e5000,R
0x403100,0x1005e6000,R
0x403104,0x1005e7000,R
0x404100,0x10015a000,R
0x404104,0x10015a000,R
0x404108,0x10015a000,R
0x40410c,0x10015a000,R
0x400100,0x100058000,W
0x400104,0x100058000,W
0x400108,0x100059000,W
0x400100,0x100059000,W
0x400104,0x10005a000,W
0x400108,0x10005a000,R
0x401100,0x1000ba000,R
0x401104,0x1000bb000,R
0x401108,0x1000bc000,R
0x401100,0x1000bd000,R
0x401104,0x1000be000,R
0x401108,0x1000bf000,R
0x402100,0x1000d1000,R
0x402104,0x1000d1000,R
0x402100,0x1000d1000,R
0x402104,0x1000d1000,R
0x403100,0x1005fc000,R
0x403104,0x1005fd000,R
0x403100,0x1005fe000,R
0x403104,0x1005ff000,R
0x404100,0x10015b000,R
0x404104,0x10015b000,R
0x404108,0x10015b000,R
0x40410c,0x10015b000,R
0x400100,0x100004000,W
0x400104,0x100004000,W
0x400108,0x100005000,W
0x400100,0x100005000,W
0x400104,0x100006000,W
0x400108,0x100006000,R
0x401100,0x100072000,R
0x401104,0x100073000,R
0x401108,0x100074000,R
0x401100,0x100075000,R
0x401104,0x100076000,R
0x401108,0x100077000,R
0x402100,0x1000d7000,R
0x402104,0x1000d7000,R
0x402100,0x1000d7000,R
0x402104,0x1000d7000,R
0x403100,0x100194000,R
0x403104,0x100195000,R
0x403100,0x100196000,R
0x403104,0x100197000,R
0x404100,0x10015c000,R
0x404104,0x10015c000,R
0x404108,0x10015c000,R
0x40410c,0x10015c000,R
0x400100,0x100010000,W
0x400104,0x100010000,W
0x400108,0x100011000,W
0x400100,0x100011000,W
0x400104,0x100012000,W
0x400108,0x100012000,R
0x401100,0x10008a000,R
0x401104,0x10008b000,R
0x401108,0x10008c000,R
0x401100,0x10008d000,R
0x401104,0x10008e000,R
0x401108,0x10008f000,R
0x402100,0x1000dd000,R
0x402104,0x1000dd000,R
0x402100,0x1000dd000,R
0x402104,0x1000dd000,R
0x403100,0x1001ac000,R
0x403104,0x1001ad000,R
0x403100,0x1001ae000,R
0x403104,0x1001af000,R
0x404100,0x10015d000,R
0x404104,0x10015d000,R
0x404108,0x10015d000,R
0x40410c,0x10015d000,R
0x400100,0x10001c000,W
0x400104,0x10001c000,W
0x400108,0x10001d000,W
0x400100,0x10001d000,W
0x400104,0x10001e000,W
0x400108,0x10001e000,R
0x401100,0x1000a2000,R
0x401104,0x1000a3000,R
0x401108,0x1000a4000,R
0x401100,0x1000a5000,R
0x401104,0x1000a6000,R
0x401108,0x1000a7000,R
0x402100,0x1000e3000,R
0x402104,0x1000e3000,R
0x402100,0x1000e3000,R
0x402104,0x1000e3000,R
0x403100,0x1001c4000,R
0x403104,0x1001c5000,R
0x403100,0x1001c6000,R
0x403104,0x1001c7000,R
0x404100,0x10015e000,R
0x404104,0x10015e000,R
0x404108,0x10015e000,R
0x40410c,0x10015e000,R
0x400100,0x100028000,W
0x400104,0x100028000,W
0x400108,0x100029000,W
0x400100,0x100029000,W
0x400104,0x10002a000,W
0x400108,0x10002a000,R
0x401100,0x1000ba000,R
0x401104,0x1000bb000,R
0x401108,0x1000bc000,R
0x401100,0x1000bd000,R
0x401104,0x1000be000,R
0x401108,0x1000bf000,R
0x402100,0x1000e9000,R
0x402104,0x1000e9000,R
0x402100,0x1000e9000,R
0x402104,0x1000e9000,R
0x403100,0x1001dc000,R
0x403104,0x1001dd000,R
0x403100,0x1001de000,R
0x403104,0x1001df000,R
0x404100,0x10015f000,R
0x404104,0x10015f000,R
0x404108,0x10015f000,R
0x40410c,0x10015f000,R
0x400100,0x100034000,W
0x400104,0x100034000,W
0x400108,0x100035000,W
0x400100,0x100035000,W
0x400104,0x100036000,W
0x400108,0x100036000,R
0x401100,0x100072000,R
0x401104,0x100073000,R
0x401108,0x100074000,R
0x401100,0x100075000,R
0x401104,0x100076000,R
0x401108,0x100077000,R
0x402100,0x1000ef000,R
0x402104,0x1000ef000,R
0x402100,0x1000ef000,R
0x402104,0x1000ef000,R
0x403100,0x1001f4000,R
0x403104,0x1001f5000,R
0x403100,0x1001f6000,R
0x403104,0x1001f7000,R
0x404100,0x100160000,R
0x404104,0x100160000,R
0x404108,0x100160000,R
0x40410c,0x100160000,R
0x400100,0x100040000,W
0x400104,0x100040000,W
0x400108,0x100041000,W
0x400100,0x100041000,W
0x400104,0x100042000,W
0x400108,0x100042000,R
0x401100,0x10008a000,R
0x401104,0x10008b000,R
0x401108,0x10008c000,R
0x401100,0x10008d000,R
0x401104,0x10008e000,R
0x401108,0x10008f000,R
0x402100,0x1000f5000,R
0x402104,0x1000f5000,R
0x402100,0x1000f5000,R
0x402104,0x1000f5000,R
0x403100,0x10020c000,R
0x403104,0x10020d000,R
0x403100,0x10020e000,R
0x403104,0x10020f000,R
0x404100,0x100161000,R
0x404104,0x100161000,R
0x404108,0x100161000,R
0x40410c,0x100161000,R
0x400100,0x10004c000,W
0x400104,0x10004c000,W
0x400108,0x10004d000,W
0x400100,0x10004d000,W
0x400104,0x10004e000,W
0x400108,0x10004e000,R
0x401100,0x1000a2000,R
0x401104,0x1000a3000,R
0x401108,0x1000a4000,R
0x401100,0x1000a5000,R
0x401104,0x1000a6000,R
0x401108,0x1000a7000,R
0x402100,0x1000fb000,R
0x402104,0x1000fb000,R
0x402100,0x1000fb000,R
0x402104,0x1000fb000,R
0x403100,0x100224000,R
0x403104,0x100225000,R
0x403100,0x100226000,R
0x403104,0x100227000,R
0x404100,0x100162000,R
0x404104,0x100162000,R
0x404108,0x100162000,R
0x40410c,0x100162000,R
0x400100,0x100058000,W
0x400104,0x100058000,W
0x400108,0x100059000,W
0x400100,0x100059000,W
0x400104,0x10005a000,W
0x400108,0x10005a000,R
0x401100,0x1000ba000,R
0x401104,0x1000bb000,R
0x401108,0x1000bc000,R
0x401100,0x1000bd000,R
0x401104,0x1000be000,R
0x401108,0x1000bf000,R
0x402100,0x100101000,R
0x402104,0x100101000,R
0x402100,0x100101000,R
0x402104,0x100101000,R
0x403100,0x10023c000,R
0x403104,0x10023d000,R
0x403100,0x10023e000,R
0x403104,0x10023f000,R
0x404100,0x100163000,R
0x404104,0x100163000,R
0x404108,0x100163000,R
0x40410c,0x100163000,R
0x400100,0x100004000,W
0x400104,0x100004000,W
0x400108,0x100005000,W
0x400100,0x100005000,W
0x400104,0x100006000,W
0x400108,0x100006000,R
0x401100,0x100072000,R
0x401104,0x100073000,R
0x401108,0x100074000,R
0x401100,0x100075000,R
0x401104,0x100076000,R
0x401108,0x100077000,R
0x402100,0x100107000,R
0x402104,0x100107000,R
0x402100,0x100107000,R
0x402104,0x100107000,R
0x403100,0x100254000,R
0x403104,0x100255000,R
0x403100,0x100256000,R
0x403104,0x100257000,R
0x404100,0x10016b000,R
0x404104,0x10016b000,R
0x404108,0x10016b000,R
0x40410c,0x10016b000,R
0x400100,0x100071000,W
0x400104,0x100071000,W
0x400108,0x100072000,W
0x400100,0x100072000,W
0x400104,0x100073000,W
0x400108,0x100073000,R
0x401100,0x10002d000,R
0x401104,0x10002e000,R
0x401108,0x10002f000,R
0x401100,0x100030000,R
0x401104,0x100031000,R
0x401108,0x100032000,R
0x402100,0x100112000,R
0x402104,0x100112000,R
0x402100,0x100112000,R
0x402104,0x100112000,R
0x403100,0x1002cd000,R
0x403104,0x1002ce000,R
0x403100,0x1002cf000,R
0x403104,0x1002d0000,R
0x404100,0x10016c000,R
0x404104,0x10016c000,R
0x404108,0x10016c000,R
0x40410c,0x10016c000,R
0x400100,0x10007d000,W
0x400104,0x10007d000,W
0x400108,0x10007e000,W
0x400100,0x10007e000,W
0x400104,0x10007f000,W
0x400108,0x10007f000,R
0x401100,0x100045000,R
0x401104,0x100046000,R
0x401108,0x100047000,R
0x401100,0x100048000,R
0x401104,0x100049000,R
0x401108,0x10004a000,R
0x402100,0x100118000,R
0x402104,0x100118000,R
0x402100,0x100118000,R
0x402104,0x100118000,R
0x403100,0x1002e5000,R
0x403104,0x1002e6000,R
0x403100,0x1002e7000,R
0x403104,0x1002e8000,R
0x404100,0x10016d000,R
0x404104,0x10016d000,R
0x404108,0x10016d000,R
0x40410c,0x10016d000,R
0x400100,0x100089000,W
0x400104,0x100089000,W
0x400108,0x10008a000,W
0x400100,0x10008a000,W
0x400104,0x10008b000,W
0x400108,0x10008b000,R
0x401100,0x10005d000,R
0x401104,0x10005e000,R
0x401108,0x10005f000,R
0x401100,0x100000000,R
0x401104,0x100001000,R
0x401108,0x100002000,R
0x402100,0x10011e000,R
0x402104,0x10011e000,R
0x402100,0x10011e000,R
0x402104,0x10011e000,R
0x403100,0x1002fd000,R
0x403104,0x1002fe000,R
0x403100,0x1002ff000,R
0x403104,0x100300000,R
0x404100,0x10016e000,R
0x404104,0x10016e000,R
0x404108,0x10016e000,R
0x40410c,0x10016e000,R
0x400100,0x100095000,W
0x400104,0x100095000,W
0x400108,0x100096000,W
0x400100,0x100096000,W
0x400104,0x100097000,W
0x400108,0x100097000,R
0x401100,0x100015000,R
0x401104,0x100016000,R
0x401108,0x100017000,R
0x401100,0x100018000,R
0x401104,0x100019000,R
0x401108,0x10001a000,R
0x402100,0x1000c4000,R
0x402104,0x1000c4000,R
0x402100,0x1000c4000,R
0x402104,0x1000c4000,R
0x403100,0x100315000,R
0x403104,0x100316000,R
0x403100,0x100317000,R
0x403104,0x100318000,R
0x404100,0x10016f000,R
0x404104,0x10016f000,R
0x404108,0x10016f000,R
0x40410c,0x10016f000,R
0x400100,0x1000a1000,W
0x400104,0x1000a1000,W
0x400108,0x1000a2000,W
0x400100,0x1000a2000,W
0x400104,0x1000a3000,W
0x400108,0x1000a3000,R
0x401100,0x10002d000,R
0x401104,0x10002e000,R
0x401108,0x10002f000,R
0x401100,0x100030000,R
0x401104,0x100031000,R
0x401108,0x100032000,R
0x402100,0x1000ca000,R
0x402104,0x1000ca000,R
0x402100,0x1000ca000,R
0x402104,0x1000ca000,R
0x403100,0x10032d000,R
0x403104,0x10032e000,R
0x403100,0x10032f000,R
0x403104,0x100330000,R
0x404100,0x100170000,R
0x404104,0x100170000,R
0x404108,0x100170000,R
0x40410c,0x100170000,R
0x400100,0x1000ad000,W
0x400104,0x1000ad000,W
0x400108,0x1000ae000,W
0x400100,0x1000ae000,W
0x400104,0x1000af000,W
0x400108,0x1000af000,R
0x401100,0x100045000,R
0x401104,0x100046000,R
0x401108,0x100047000,R
0x401100,0x100048000,R
0x401104,0x100049000,R
0x401108,0x10004a000,R
0x402100,0x1000d0000,R
0x402104,0x1000d0000,R
0x402100,0x1000d0000,R
0x402104,0x1000d0000,R
0x403100,0x100345000,R
0x403104,0x100346000,R
0x403100,0x100347000,R
0x403104,0x100348000,R
0x404100,0x100171000,R
0x404104,0x100171000,R
0x404108,0x100171000,R
0x40410c,0x100171000,R
0x400100,0x1000b9000,W
0x400104,0x1000b9000,W
0x400108,0x1000ba000,W
0x400100,0x1000ba000,W
0x400104,0x1000bb000,W
0x400108,0x1000bb000,R
0x401100,0x10005d000,R
0x401104,0x10005e000,R
0x401108,0x10005f000,R
0x401100,0x100000000,R
0x401104,0x100001000,R
0x401108,0x100002000,R
0x402100,0x1000d6000,R
0x402104,0x1000d6000,R
0x402100,0x1000d6000,R
0x402104,0x1000d6000,R
0x403100,0x10035d000,R
0x403104,0x10035e000,R
0x403100,0x10035f000,R
0x403104,0x100360000,R
0x404100,0x100172000,R
0x404104,0x100172000,R
0x404108,0x100172000,R
0x40410c,0x100172000,R
0x400100,0x100065000,W
0x400104,0x100065000,W
0x400108,0x100066000,W
0x400100,0x100066000,W
0x400104,0x100067000,W
0x400108,0x100067000,R
0x401100,0x100015000,R
0x401104,0x100016000,R
0x401108,0x100017000,R
0x401100,0x100018000,R
0x401104,0x100019000,R
0x401108,0x10001a000,R
0x402100,0x1000dc000,R
0x402104,0x1000dc000,R
0x402100,0x1000dc000,R
0x402104,0x1000dc000,R
0x403100,0x100375000,R
0x403104,0x100376000,R
0x403100,0x100377000,R
0x403104,0x100378000,R
0x404100,0x100173000,R
0x404104,0x100173000,R
0x404108,0x100173000,R
0x40410c,0x100173000,R
0x400100,0x100071000,W
0x400104,0x100071000,W
0x400108,0x100072000,W
0x400100,0x100072000,W
0x400104,0x100073000,W
0x400108,0x100073000,R
0x401100,0x10002d000,R
0x401104,0x10002e000,R
0x401108,0x10002f000,R
0x401100,0x100030000,R
0x401104,0x100031000,R
0x401108,0x100032000,R
0x402100,0x1000e2000,R
0x402104,0x1000e2000,R
0x402100,0x1000e2000,R
0x402104,0x1000e2000,R
0x403100,0x10038d000,R
0x403104,0x10038e000,R
0x403100,0x10038f000,R
0x403104,0x100390000,R
0x404100,0x100174000,R
0x404104,0x100174000,R
0x404108,0x100174000,R
0x40410c,0x100174000,R
0x400100,0x10007d000,W
0x400104,0x10007d000,W
0x400108,0x10007e000,W
0x400100,0x10007e000,W
0x400104,0x10007f000,W
0x400108,0x10007f000,R
0x401100,0x100045000,R
0x401104,0x100046000,R
0x401108,0x100047000,R
0x401100,0x100048000,R
0x401104,0x100049000,R
0x401108,0x10004a000,R
0x402100,0x1000e8000,R
0x402104,0x1000e8000,R
0x402100,0x1000e8000,R
0x402104,0x1000e8000,R
0x403100,0x1003a5000,R
0x403104,0x1003a6000,R
0x403100,0x1003a7000,R
0x403104,0x1003a8000,R
0x404100,0x100175000,R
0x404104,0x100175000,R
0x404108,0x100175000,R
0x40410c,0x100175000,R
0x400100,0x100089000,W
0x400104,0x100089000,W
0x400108,0x10008a000,W
0x400100,0x10008a000,W
0x400104,0x10008b000,W
0x400108,0x10008b000,R
0x401100,0x10005d000,R
0x401104,0x10005e000,R
0x401108,0x10005f000,R
0x401100,0x100000000,R
0x401104,0x100001000,R
0x401108,0x100002000,R
0x402100,0x1000ee000,R
0x402104,0x1000ee000,R
0x402100,0x1000ee000,R
0x402104,0x1000ee000,R
0x403100,0x1003bd000,R
0x403104,0x1003be000,R
0x403100,0x1003bf000,R
0x403104,0x1003c0000,R
0x404100,0x100176000,R
0x404104,0x100176000,R
0x404108,0x100176000,R
0x40410c,0x100176000,R
0x400100,0x100095000,W
0x400104,0x100095000,W
0x400108,0x100096000,W
0x400100,0x100096000,W
0x400104,0x100097000,W
0x400108,0x100097000,R
0x401100,0x100015000,R
0x401104,0x100016000,R
0x401108,0x100017000,R
0x401100,0x100018000,R
0x401104,0x100019000,R
0x401108,0x10001a000,R
0x402100,0x1000f4000,R
0x402104,0x1000f4000,R
0x402100,0x1000f4000,R
0x402104,0x1000f4000,R
0x403100,0x1003d5000,R
0x403104,0x1003d6000,R
0x403100,0x1003d7000,R
0x403104,0x1003d8000,R
0x404100,0x100177000,R
0x404104,0x100177000,R
0x404108,0x100177000,R
0x40410c,0x100177000,R
0x400100,0x1000a1000,W
0x400104,0x1000a1000,W
0x400108,0x1000a2000,W
0x400100,0x1000a2000,W
0x400104,0x1000a3000,W
0x400108,0x1000a3000,R
0x401100,0x10002d000,R
0x401104,0x10002e000,R
0x401108,0x10002f000,R
0x401100,0x100030000,R
0x401104,0x100031000,R
0x401108,0x100032000,R
0x402100,0x1000fa000,R
0x402104,0x1000fa000,R
0x402100,0x1000fa000,R
0x402104,0x1000fa000,R
0x403100,0x1003ed000,R
0x403104,0x1003ee000,R
0x403100,0x1003ef000,R
0x403104,0x1003f0000,R
0x404100,0x100178000,R
0x404104,0x100178000,R
0x404108,0x100178000,R
0x40410c,0x100178000,R
0x400100,0x1000ad000,W
0x400104,0x1000ad000,W
0x400108,0x1000ae000,W
0x400100,0x1000ae000,W
0x400104,0x1000af000,W
0x400108,0x1000af000,R
0x401100,0x100045000,R
0x401104,0x100046000,R
0x401108,0x100047000,R
0x401100,0x100048000,R
0x401104,0x100049000,R
0x401108,0x10004a000,R
0x402100,0x100100000,R
0x402104,0x100100000,R
0x402100,0x100100000,R
0x402104,0x100100000,R
0x403100,0x100405000,R
0x403104,0x100406000,R
0x403100,0x100407000,R
0x403104,0x100408000,R
0x404100,0x100179000,R
0x404104,0x100179000,R
0x404108,0x100179000,R
0x40410c,0x100179000,R
0x400100,0x1000b9000,W
0x400104,0x1000b9000,W
0x400108,0x1000ba000,W
0x400100,0x1000ba000,W
0x400104,0x1000bb000,W
0x400108,0x1000bb000,R
0x401100,0x10005d000,R
0x401104,0x10005e000,R
0x401108,0x10005f000,R
0x401100,0x100000000,R
0x401104,0x100001000,R
0x401108,0x100002000,R
0x402100,0x100106000,R
0x402104,0x100106000,R
0x402100,0x100106000,R
0x402104,0x100106000,R
0x403100,0x10041d000,R
0x403104,0x10041e000,R
0x403100,0x10041f000,R
0x403104,0x100420000,R
0x404100,0x10017a000,R
0x404104,0x10017a000,R
0x404108,0x10017a000,R
0x40410c,0x10017a000,R
0x400100,0x100065000,W
0x400104,0x100065000,W
0x400108,0x100066000,W
0x400100,0x100066000,W
0x400104,0x100067000,W
0x400108,0x100067000,R
0x401100,0x100015000,R
0x401104,0x100016000,R
0x401108,0x100017000,R
0x401100,0x100018000,R
0x401104,0x100019000,R
0x401108,0x10001a000,R
0x402100,0x10010c000,R
0x402104,0x10010c000,R
0x402100,0x10010c000,R
0x402104,0x10010c000,R
0x403100,0x100435000,R
0x403104,0x100436000,R
0x403100,0x100437000,R
0x403104,0x100438000,R
0x404100,0x10017b000,R
0x404104,0x10017b000,R
0x404108,0x10017b000,R
0x40410c,0x10017b000,R
0x400100,0x100071000,W
0x400104,0x100071000,W
0x400108,0x100072000,W
0x400100,0x100072000,W
0x400104,0x100073000,W
0x400108,0x100073000,R
0x401100,0x10002d000,R
0x401104,0x10002e000,R
0x401108,0x10002f000,R
0x401100,0x100030000,R
0x401104,0x100031000,R
0x401108,0x100032000,R
0x402100,0x100112000,R
0x402104,0x100112000,R
0x402100,0x100112000,R
0x402104,0x100112000,R
0x403100,0x10044d000,R
0x403104,0x10044e000,R
0x403100,0x10044f000,R
0x403104,0x100450000,R
0x404100,0x10017c000,R
0x404104,0x10017c000,R
0x404108,0x10017c000,R
0x40410c,0x10017c000,R
0x400100,0x10007d000,W
0x400104,0x10007d000,W
0x400108,0x10007e000,W
0x400100,0x10007e000,W
0x400104,0x10007f000,W
0x400108,0x10007f000,R
0x401100,0x100045000,R
0x401104,0x100046000,R
0x401108,0x100047000,R
0x401100,0x100048000,R
0x401104,0x100049000,R
0x401108,0x10004a000,R
0x402100,0x100118000,R
0x402104,0x100118000,R
0x402100,0x100118000,R
0x402104,0x100118000,R
0x403100,0x100465000,R
0x403104,0x100466000,R
0x403100,0x100467000,R
0x403104,0x100468000,R
0x404100,0x10017d000,R
0x404104,0x10017d000,R
0x404108,0x10017d000,R
0x40410c,0x10017d000,R
0x400100,0x100089000,W
0x400104,0x100089000,W
0x400108,0x10008a000,W
0x400100,0x10008a000,W
0x400104,0x10008b000,W
0x400108,0x10008b000,R
0x401100,0x10005d000,R
0x401104,0x10005e000,R
0x401108,0x10005f000,R
0x401100,0x100000000,R
0x401104,0x100001000,R
0x401108,0x100002000,R
0x402100,0x10011e000,R
0x402104,0x10011e000,R
0x402100,0x10011e000,R
0x402104,0x10011e000,R
0x403100,0x10047d000,R
0x403104,0x10047e000,R
0x403100,0x10047f000,R
0x403104,0x100480000,R
0x404100,0x10017e000,R
0x404104,0x10017e000,R
0x404108,0x10017e000,R
0x40410c,0x10017e000,R
0x400100,0x100095000,W
0x400104,0x100095000,W
0x400108,0x100096000,W
0x400100,0x100096000,W
0x400104,0x100097000,W
0x400108,0x100097000,R
0x401100,0x100015000,R
0x401104,0x100016000,R
0x401108,0x100017000,R
0x401100,0x100018000,R
0x401104,0x100019000,R
0x401108,0x10001a000,R
0x402100,0x1000c4000,R
0x402104,0x1000c4000,R
0x402100,0x1000c4000,R
0x402104,0x1000c4000,R
0x403100,0x100495000,R
0x403104,0x100496000,R
0x403100,0x100497000,R
0x403104,0x100498000,R
0x404100,0x10017f000,R
0x404104,0x10017f000,R
0x404108,0x10017f000,R
0x40410c,0x10017f000,R
0x400100,0x1000a1000,W
0x400104,0x1000a1000,W
0x400108,0x1000a2000,W
0x400100,0x1000a2000,W
0x400104,0x1000a3000,W
0x400108,0x1000a3000,R
0x401100,0x10002d000,R
0x401104,0x10002e000,R
0x401108,0x10002f000,R
0x401100,0x100030000,R
0x401104,0x100031000,R
0x401108,0x100032000,R
0x402100,0x1000ca000,R
0x402104,0x1000ca000,R
0x402100,0x1000ca000,R
0x402104,0x1000ca000,R
0x403100,0x1004ad000,R
0x403104,0x1004ae000,R
0x403100,0x1004af000,R
0x403104,0x1004b0000,R
0x404100,0x100120000,R
0x404104,0x100120000,R
0x404108,0x100120000,R
0x40410c,0x100120000,R
0x400100,0x1000ad000,W
0x400104,0x1000ad000,W
0x400108,0x1000ae000,W
0x400100,0x1000ae000,W
0x400104,0x1000af000,W
0x400108,0x1000af000,R
0x401100,0x100045000,R
0x401104,0x100046000,R
0x401108,0x100047000,R
0x401100,0x100048000,R
0x401104,0x100049000,R
0x401108,0x10004a000,R
0x402100,0x1000d0000,R
0x402104,0x1000d0000,R
0x402100,0x1000d0000,R
0x402104,0x1000d0000,R
0x403100,0x1004c5000,R
0x403104,0x1004c6000,R
0x403100,0x1004c7000,R
0x403104,0x1004c8000,R
0x404100,0x100121000,R
0x404104,0x100121000,R
0x404108,0x100121000,R
0x40410c,0x100121000,R
0x400100,0x1000b9000,W
0x400104,0x1000b9000,W
0x400108,0x1000ba000,W
0x400100,0x1000ba000,W
0x400104,0x1000bb000,W
0x400108,0x1000bb000,R
0x401100,0x10005d000,R
0x401104,0x10005e000,R
0x401108,0x10005f000,R
0x401100,0x100000000,R
0x401104,0x100001000,R
0x401108,0x100002000,R
0x402100,0x1000d6000,R
0x402104,0x1000d6000,R
0x402100,0x1000d6000,R
0x402104,0x1000d6000,R
0x403100,0x1004dd000,R
0x403104,0x1004de000,R
0x403100,0x1004df000,R
0x403104,0x1004e0000,R
0x404100,0x100122000,R
0x404104,0x100122000,R
0x404108,0x100122000,R
0x40410c,0x100122000,R
0x400100,0x100065000,W
0x400104,0x100065000,W
0x400108,0x100066000,W
0x400100,0x100066000,W
0x400104,0x100067000,W
0x400108,0x100067000,R
0x401100,0x100015000,R
0x401104,0x100016000,R
0x401108,0x100017000,R
0x401100,0x100018000,R
0x401104,0x100019000,R
0x401108,0x10001a000,R
0x402100,0x1000dc000,R
0x402104,0x1000dc000,R
0x402100,0x1000dc000,R
0x402104,0x1000dc000,R
0x403100,0x1004f5000,R
0x403104,0x1004f6000,R
0x403100,0x1004f7000,R
0x403104,0x1004f8000,R
0x404100,0x100123000,R
0x404104,0x100123000,R
0x404108,0x100123000,R
0x40410c,0x100123000,R
0x400100,0x100071000,W
0x400104,0x100071000,W
0x400108,0x100072000,W
0x400100,0x100072000,W
0x400104,0x100073000,W
0x400108,0x100073000,R
0x401100,0x10002d000,R
0x401104,0x10002e000,R
0x401108,0x10002f000,R
0x401100,0x100030000,R
0x401104,0x100031000,R
0x401108,0x100032000,R
0x402100,0x1000e2000,R
0x402104,0x1000e2000,R
0x402100,0x1000e2000,R
0x402104,0x1000e2000,R
0x403100,0x10050d000,R
0x403104,0x10050e000,R
0x403100,0x10050f000,R
0x403104,0x100510000,R
0x404100,0x100124000,R
0x404104,0x100124000,R
0x404108,0x100124000,R
0x40410c,0x100124000,R
0x400100,0x10007d000,W
0x400104,0x10007d000,W
0x400108,0x10007e000,W
0x400100,0x10007e000,W
0x400104,0x10007f000,W
0x400108,0x10007f000,R
0x401100,0x100045000,R
0x401104,0x100046000,R
0x401108,0x100047000,R
0x401100,0x100048000,R
0x401104,0x100049000,R
0x401108,0x10004a000,R
0x402100,0x1000e8000,R
0x402104,0x1000e8000,R
0x402100,0x1000e8000,R
0x402104,0x1000e8000,R
0x403100,0x100525000,R
0x403104,0x100526000,R
0x403100,0x100527000,R
0x403104,0x100528000,R
0x404100,0x100125000,R
0x404104,0x100125000,R
0x404108,0x100125000,R
0x40410c,0x100125000,R
0x400100,0x100089000,W
0x400104,0x100089000,W
0x400108,0x10008a000,W
0x400100,0x10008a000,W
0x400104,0x10008b000,W
0x400108,0x10008b000,R
0x401100,0x10005d000,R
0x401104,0x10005e000,R
0x401108,0x10005f000,R
0x401100,0x100000000,R
0x401104,0x100001000,R
0x401108,0x100002000,R
0x402100,0x1000ee000,R
0x402104,0x1000ee000,R
0x402100,0x1000ee000,R
0x402104,0x1000ee000,R
0x403100,0x10053d000,R
0x403104,0x10053e000,R
0x403100,0x10053f000,R
0x403104,0x100540000,R
0x404100,0x100126000,R
0x404104,0x100126000,R
0x404108,0x100126000,R
0x40410c,0x100126000,R
0x400100,0x100095000,W
0x400104,0x100095000,W
0x400108,0x100096000,W
0x400100,0x100096000,W
0x400104,0x100097000,W
0x400108,0x100097000,R
0x401100,0x100015000,R
0x401104,0x100016000,R
0x401108,0x100017000,R
0x401100,0x100018000,R
0x401104,0x100019000,R
0x401108,0x10001a000,R
0x402100,0x1000f4000,R
0x402104,0x1000f4000,R
0x402100,0x1000f4000,R
0x402104,0x1000f4000,R
0x403100,0x100555000,R
0x403104,0x100556000,R
0x403100,0x100557000,R
0x403104,0x100558000,R
0x404100,0x100127000,R
0x404104,0x100127000,R
0x404108,0x100127000,R
0x40410c,0x100127000,R
0x400100,0x1000a1000,W
0x400104,0x1000a1000,W
0x400108,0x1000a2000,W
0x400100,0x1000a2000,W
0x400104,0x1000a3000,W
0x400108,0x1000a3000,R
0x401100,0x10002d000,R
0x401104,0x10002e000,R
0x401108,0x10002f000,R
0x401100,0x100030000,R
0x401104,0x100031000,R
0x401108,0x100032000,R
0x402100,0x1000fa000,R
0x402104,0x1000fa000,R
0x402100,0x1000fa000,R
0x402104,0x1000fa000,R
0x403100,0x10056d000,R
0x403104,0x10056e000,R
0x403100,0x10056f000,R
0x403104,0x100570000,R
0x404100,0x100128000,R
0x404104,0x100128000,R
0x404108,0x100128000,R
0x40410c,0x100128000,R
0x400100,0x1000ad000,W
0x400104,0x1000ad000,W
0x400108,0x1000ae000,W
0x400100,0x1000ae000,W
0x400104,0x1000af000,W
0x400108,0x1000af000,R
0x401100,0x100045000,R
0x401104,0x100046000,R
0x401108,0x100047000,R
0x401100,0x100048000,R
0x401104,0x100049000,R
0x401108,0x10004a000,R
0x402100,0x100100000,R
0x402104,0x100100000,R
0x402100,0x100100000,R
0x402104,0x100100000,R
0x403100,0x100585000,R
0x403104,0x100586000,R
0x403100,0x100587000,R
0x403104,0x100588000,R
0x404100,0x100129000,R
0x404104,0x100129000,R
0x404108,0x100129000,R
0x40410c,0x100129000,R
0x400100,0x1000b9000,W
0x400104,0x1000b9000,W
0x400108,0x1000ba000,W
0x400100,0x1000ba000,W
0x400104,0x1000bb000,W
0x400108,0x1000bb000,R
0x401100,0x10005d000,R
0x401104,0x10005e000,R
0x401108,0x10005f000,R
0x401100,0x100000000,R
0x401104,0x100001000,R
0x401108,0x100002000,R
0x402100,0x100106000,R
0x402104,0x100106000,R
0x402100,0x100106000,R
0x402104,0x100106000,R
0x403100,0x10059d000,R
0x403104,0x10059e000,R
0x403100,0x10059f000,R
0x403104,0x1005a0000,R
0x404100,0x10012a000,R
0x404104,0x10012a000,R
0x404108,0x10012a000,R
0x40410c,0x10012a000,R
0x400100,0x100065000,W
0x400104,0x100065000,W
0x400108,0x100066000,W
0x400100,0x100066000,W
0x400104,0x100067000,W
0x400108,0x100067000,R
0x401100,0x100015000,R
0x401104,0x100016000,R
0x401108,0x100017000,R
0x401100,0x100018000,R
0x401104,0x100019000,R
0x401108,0x10001a000,R
0x402100,0x10010c000,R
0x402104,0x10010c000,R
0x402100,0x10010c000,R
0x402104,0x10010c000,R
0x403100,0x1005b5000,R
0x403104,0x1005b6000,R
0x403100,0x1005b7000,R
0x403104,0x1005b8000,R
0x404100,0x10012b000,R
0x404104,0x10012b000,R
0x404108,0x10012b000,R
0x40410c,0x10012b000,R
0x400100,0x100071000,W
0x400104,0x100071000,W
0x400108,0x100072000,W
0x400100,0x100072000,W
0x400104,0x100073000,W
0x400108,0x100073000,R
0x401100,0x10002d000,R
0x401104,0x10002e000,R
0x401108,0x10002f000,R
0x401100,0x100030000,R
0x401104,0x100031000,R
0x401108,0x100032000,R
0x402100,0x100112000,R
0x402104,0x100112000,R
0x402100,0x100112000,R
0x402104,0x100112000,R
0x403100,0x1005cd000,R
0x403104,0x1005ce000,R
0x403100,0x1005cf000,R
0x403104,0x1005d0000,R
0x404100,0x10012c000,R
0x404104,0x10012c000,R
0x404108,0x10012c000,R
0x40410c,0x10012c000,R
0x400100,0x10007d000,W
0x400104,0x10007d000,W
0x400108,0x10007e000,W
0x400100,0x10007e000,W
0x400104,0x10007f000,W
0x400108,0x10007f000,R
0x401100,0x100045000,R
0x401104,0x100046000,R
0x401108,0x100047000,R
0x401100,0x100048000,R
0x401104,0x100049000,R
0x401108,0x10004a000,R
0x402100,0x100118000,R
0x402104,0x100118000,R
0x402100,0x100118000,R
0x402104,0x100118000,R
0x403100,0x1005e5000,R
0x403104,0x1005e6000,R
0x403100,0x1005e7000,R
0x403104,0x1005e8000,R
0x404100,0x10012d000,R
0x404104,0x10012d000,R
0x404108,0x10012d000,R
0x40410c,0x10012d000,R
0x400100,0x100089000,W
0x400104,0x100089000,W
0x400108,0x10008a000,W
0x400100,0x10008a000,W
0x400104,0x10008b000,W
0x400108,0x10008b000,R
0x401100,0x10005d000,R
0x401104,0x10005e000,R
0x401108,0x10005f000,R
0x401100,0x100000000,R
0x401104,0x100001000,R
0x401108,0x100002000,R
0x402100,0x10011e000,R
0x402104,0x10011e000,R
0x402100,0x10011e000,R
0x402104,0x10011e000,R
0x403100,0x1005fd000,R
0x403104,0x1005fe000,R
0x403100,0x1005ff000,R
0x403104,0x100180000,R
0x404100,0x10012e000,R
0x404104,0x10012e000,R
0x404108,0x10012e000,R
0x40410c,0x10012e000,R
0x400100,0x100095000,W
0x400104,0x100095000,W
0x400108,0x100096000,W
0x400100,0x100096000,W
0x400104,0x100097000,W
0x400108,0x100097000,R
0x401100,0x100015000,R
0x401104,0x100016000,R
0x401108,0x100017000,R
0x401100,0x100018000,R
0x401104,0x100019000,R
0x401108,0x10001a000,R
0x402100,0x1000c4000,R
0x402104,0x1000c4000,R
0x402100,0x1000c4000,R
0x402104,0x1000c4000,R
0x403100,0x100195000,R
0x403104,0x100196000,R
0x403100,0x100197000,R
0x403104,0x100198000,R
0x404100,0x10012f000,R
0x404104,0x10012f000,R
0x404108,0x10012f000,R
0x40410c,0x10012f000,R
0x400100,0x1000a1000,W
0x400104,0x1000a1000,W
0x400108,0x1000a2000,W
0x400100,0x1000a2000,W
0x400104,0x1000a3000,W
0x400108,0x1000a3000,R
0x401100,0x10002d000,R
0x401104,0x10002e000,R
0x401108,0x10002f000,R
0x401100,0x100030000,R
0x401104,0x100031000,R
0x401108,0x100032000,R
0x402100,0x1000ca000,R
0x402104,0x1000ca000,R
0x402100,0x1000ca000,R
0x402104,0x1000ca000,R
0x403100,0x1001ad000,R
0x403104,0x1001ae000,R
0x403100,0x1001af000,R
0x403104,0x1001b0000,R
0x404100,0x100130000,R
0x404104,0x100130000,R
0x404108,0x100130000,R
0x40410c,0x100130000,R
0x400100,0x1000ad000,W
0x400104,0x1000ad000,W
0x400108,0x1000ae000,W
0x400100,0x1000ae000,W
0x400104,0x1000af000,W
0x400108,0x1000af000,R
0x401100,0x100045000,R
0x401104,0x100046000,R
0x401108,0x100047000,R
0x401100,0x100048000,R
0x401104,0x100049000,R
0x401108,0x10004a000,R
0x402100,0x1000d0000,R
0x402104,0x1000d0000,R
0x402100,0x1000d0000,R
0x402104,0x1000d0000,R
0x403100,0x1001c5000,R
0x403104,0x1001c6000,R
0x403100,0x1001c7000,R
0x403104,0x1001c8000,R
0x404100,0x100131000,R
0x404104,0x100131000,R
0x404108,0x100131000,R
0x40410c,0x100131000,R
0x400100,0x1000b9000,W
0x400104,0x1000b9000,W
0x400108,0x1000ba000,W
0x400100,0x1000ba000,W
0x400104,0x1000bb000,W
0x400108,0x1000bb000,R
0x401100,0x10005d000,R
0x401104,0x10005e000,R
0x401108,0x10005f000,R
0x401100,0x100000000,R
0x401104,0x100001000,R
0x401108,0x100002000,R
0x402100,0x1000d6000,R
0x402104,0x1000d6000,R
0x402100,0x1000d6000,R
0x402104,0x1000d6000,R
0x403100,0x1001dd000,R
0x403104,0x1001de000,R
0x403100,0x1001df000,R
0x403104,0x1001e0000,R
0x404100,0x100132000,R
0x404104,0x100132000,R
0x404108,0x100132000,R
0x40410c,0x100132000,R
0x400100,0x100065000,W
0x400104,0x100065000,W
0x400108,0x100066000,W
0x400100,0x100066000,W
0x400104,0x100067000,W
0x400108,0x100067000,R
0x401100,0x100015000,R
0x401104,0x100016000,R
0x401108,0x100017000,R
0x401100,0x100018000,R
0x401104,0x100019000,R
0x401108,0x10001a000,R
0x402100,0x1000dc000,R
0x402104,0x1000dc000,R
0x402100,0x1000dc000,R
0x402104,0x1000dc000,R
0x403100,0x1001f5000,R
0x403104,0x1001f6000,R
0x403100,0x1001f7000,R
0x403104,0x1001f8000,R
0x404100,0x100133000,R
0x404104,0x100133000,R
0x404108,0x100133000,R
0x40410c,0x100133000,R
0x400100,0x100071000,W
0x400104,0x100071000,W
0x400108,0x100072000,W
0x400100,0x100072000,W
0x400104,0x100073000,W
0x400108,0x100073000,R
0x401100,0x10002d000,R
0x401104,0x10002e000,R
0x401108,0x10002f000,R
0x401100,0x100030000,R
0x401104,0x100031000,R
0x401108,0x100032000,R
0x402100,0x1000e2000,R
0x402104,0x1000e2000,R
0x402100,0x1000e2000,R
0x402104,0x1000e2000,R
0x403100,0x10020d000,R
0x403104,0x10020e000,R
0x403100,0x10020f000,R
0x403104,0x100210000,R
0x404100,0x100134000,R
0x404104,0x100134000,R
0x404108,0x100134000,R
0x40410c,0x100134000,R
0x400100,0x10007d000,W
0x400104,0x10007d000,W
0x400108,0x10007e000,W
0x400100,0x10007e000,W
0x400104,0x10007f000,W
0x400108,0x10007f000,R
0x401100,0x100045000,R
0x401104,0x100046000,R
0x401108,0x100047000,R
0x401100,0x100048000,R
0x401104,0x100049000,R
0x401108,0x10004a000,R
0x402100,0x1000e8000,R
0x402104,0x1000e8000,R
0x402100,0x1000e8000,R
0x402104,0x1000e8000,R
0x403100,0x100225000,R
0x403104,0x100226000,R
0x403100,0x100227000,R
0x403104,0x100228000,R
0x404100,0x100135000,R
0x404104,0x100135000,R
0x404108,0x100135000,R
0x40410c,0x100135000,R
0x400100,0x100089000,W
0x400104,0x100089000,W
0x400108,0x10008a000,W
0x400100,0x10008a000,W
0x400104,0x10008b000,W
0x400108,0x10008b000,R
0x401100,0x10005d000,R
0x401104,0x10005e000,R
0x401108,0x10005f000,R
0x401100,0x100000000,R
0x401104,0x100001000,R
0x401108,0x100002000,R
0x402100,0x1000ee000,R
0x402104,0x1000ee000,R
0x402100,0x1000ee000,R
0x402104,0x1000ee000,R
0x403100,0x10023d000,R
0x403104,0x10023e000,R
0x403100,0x10023f000,R
0x403104,0x100240000,R
0x404100,0x100136000,R
0x404104,0x100136000,R
0x404108,0x100136000,R
0x40410c,0x100136000,R
0x400100,0x100095000,W
0x400104,0x100095000,W
0x400108,0x100096000,W
0x400100,0x100096000,W
0x400104,0x100097000,W
0x400108,0x100097000,R
0x401100,0x100015000,R
0x401104,0x100016000,R
0x401108,0x100017000,R
0x401100,0x100018000,R
0x401104,0x100019000,R
0x401108,0x10001a000,R
0x402100,0x1000f4000,R
0x402104,0x1000f4000,R
0x402100,0x1000f4000,R
0x402104,0x1000f4000,R
0x403100,0x100255000,R
0x403104,0x100256000,R
0x403100,0x100257000,R
0x403104,0x100258000,R
0x404100,0x100137000,R
0x404104,0x100137000,R
0x404108,0x100137000,R
0x40410c,0x100137000,R
0x400100,0x1000a1000,W
0x400104,0x1000a1000,W
0x400108,0x1000a2000,W
0x400100,0x1000a2000,W
0x400104,0x1000a3000,W
0x400108,0x1000a3000,R
0x401100,0x10002d000,R
0x401104,0x10002e000,R
0x401108,0x10002f000,R
0x401100,0x100030000,R
0x401104,0x100031000,R
0x401108,0x100032000,R
0x402100,0x1000fa000,R
0x402104,0x1000fa000,R
0x402100,0x1000fa000,R
0x402104,0x1000fa000,R
0x403100,0x10026d000,R
0x403104,0x10026e000,R
0x403100,0x10026f000,R
0x403104,0x100270000,R
0x404100,0x100138000,R
0x404104,0x100138000,R
0x404108,0x100138000,R
0x40410c,0x100138000,R
0x400100,0x1000ad000,W
0x400104,0x1000ad000,W
0x400108,0x1000ae000,W
0x400100,0x1000ae000,W
0x400104,0x1000af000,W
0x400108,0x1000af000,R
0x401100,0x100045000,R
0x401104,0x100046000,R
0x401108,0x100047000,R
0x401100,0x100048000,R
0x401104,0x100049000,R
0x401108,0x10004a000,R
0x402100,0x100100000,R
0x402104,0x100100000,R
0x402100,0x100100000,R
0x402104,0x100100000,R
0x403100,0x100285000,R
0x403104,0x100286000,R
0x403100,0x100287000,R
0x403104,0x100288000,R
0x404100,0x100139000,R
0x404104,0x100139000,R
0x404108,0x100139000,R
0x40410c,0x100139000,R
0x400100,0x1000b9000,W
0x400104,0x1000b9000,W
0x400108,0x1000ba000,W
0x400100,0x1000ba000,W
0x400104,0x1000bb000,W
0x400108,0x1000bb000,R
0x401100,0x10005d000,R
0x401104,0x10005e000,R
0x401108,0x10005f000,R
0x401100,0x100000000,R
0x401104,0x100001000,R
0x401108,0x100002000,R
0x402100,0x100106000,R
0x402104,0x100106000,R
0x402100,0x100106000,R
0x402104,0x100106000,R
0x403100,0x10029d000,R
0x403104,0x10029e000,R
0x403100,0x10029f000,R
0x403104,0x1002a0000,R
0x404100,0x10013a000,R
0x404104,0x10013a000,R
0x404108,0x10013a000,R
0x40410c,0x10013a000,R
0x400100,0x100065000,W
0x400104,0x100065000,W
0x400108,0x100066000,W
0x400100,0x100066000,W
0x400104,0x100067000,W
0x400108,0x100067000,R
0x401100,0x100015000,R
0x401104,0x100016000,R
0x401108,0x100017000,R
0x401100,0x100018000,R
0x401104,0x100019000,R
0x401108,0x10001a000,R
0x402100,0x10010c000,R
0x402104,0x10010c000,R
0x402100,0x10010c000,R
0x402104,0x10010c000,R
0x403100,0x1002b5000,R
0x403104,0x1002b6000,R
0x403100,0x1002b7000,R
0x403104,0x1002b8000,R
0x404100,0x10013b000,R
0x404104,0x10013b000,R
0x404108,0x10013b000,R
0x40410c,0x10013b000,R
0x400100,0x100071000,W
0x400104,0x100071000,W
0x400108,0x100072000,W
0x400100,0x100072000,W
0x400104,0x100073000,W
0x400108,0x100073000,R
0x401100,0x10002d000,R
0x401104,0x10002e000,R
0x401108,0x10002f000,R
0x401100,0x100030000,R
0x401104,0x100031000,R
0x401108,0x100032000,R
0x402100,0x100112000,R
0x402104,0x100112000,R
0x402100,0x100112000,R
0x402104,0x100112000,R
0x403100,0x1002cd000,R
0x403104,0x1002ce000,R
0x403100,0x1002cf000,R
0x403104,0x1002d0000,R
0x404100,0x10013c000,R
0x404104,0x10013c000,R
0x404108,0x10013c000,R
0x40410c,0x10013c000,R
0x400100,0x10007d000,W
0x400104,0x10007d000,W
0x400108,0x10007e000,W
0x400100,0x10007e000,W
0x400104,0x10007f000,W
0x400108,0x10007f000,R
0x401100,0x100045000,R
0x401104,0x100046000,R
0x401108,0x100047000,R
0x401100,0x100048000,R
0x401104,0x100049000,R
0x401108,0x10004a000,R
0x402100,0x100118000,R
0x402104,0x100118000,R
0x402100,0x100118000,R
0x402104,0x100118000,R
0x403100,0x1002e5000,R
0x403104,0x1002e6000,R
0x403100,0x1002e7000,R
0x403104,0x1002e8000,R
0x404100,0x10013d000,R
0x404104,0x10013d000,R
0x404108,0x10013d000,R
0x40410c,0x10013d000,R
0x400100,0x100089000,W
0x400104,0x100089000,W
0x400108,0x10008a000,W
0x400100,0x10008a000,W
0x400104,0x10008b000,W
0x400108,0x10008b000,R
0x401100,0x10005d000,R
0x401104,0x10005e000,R
0x401108,0x10005f000,R
0x401100,0x100000000,R
0x401104,0x100001000,R
0x401108,0x100002000,R
0x402100,0x10011e000,R
0x402104,0x10011e000,R
0x402100,0x10011e000,R
0x402104,0x10011e000,R
0x403100,0x1002fd000,R
0x403104,0x1002fe000,R
0x403100,0x1002ff000,R
0x403104,0x100300000,R
0x404100,0x10013e000,R
0x404104,0x10013e000,R
0x404108,0x10013e000,R
0x40410c,0x10013e000,R
0x400100,0x100095000,W
0x400104,0x100095000,W
0x400108,0x100096000,W
0x400100,0x100096000,W
0x400104,0x100097000,W
0x400108,0x100097000,R
0x401100,0x100015000,R
0x401104,0x100016000,R
0x401108,0x100017000,R
0x401100,0x100018000,R
0x401104,0x100019000,R
0x401108,0x10001a000,R
0x402100,0x1000c4000,R
0x402104,0x1000c4000,R
0x402100,0x1000c4000,R
0x402104,0x1000c4000,R
0x403100,0x100315000,R
0x403104,0x100316000,R
0x403100,0x100317000,R
0x403104,0x100318000,R
0x404100,0x10013f000,R
0x404104,0x10013f000,R
0x404108,0x10013f000,R
0x40410c,0x10013f000,R
0x400100,0x1000a1000,W
0x400104,0x1000a1000,W
0x400108,0x1000a2000,W
0x400100,0x1000a2000,W
0x400104,0x1000a3000,W
0x400108,0x1000a3000,R
0x401100,0x10002d000,R
0x401104,0x10002e000,R
0x401108,0x10002f000,R
0x401100,0x100030000,R
0x401104,0x100031000,R
0x401108,0x100032000,R
0x402100,0x1000ca000,R
0x402104,0x1000ca000,R
0x402100,0x1000ca000,R
0x402104,0x1000ca000,R
0x403100,0x10032d000,R
0x403104,0x10032e000,R
0x403100,0x10032f000,R
0x403104,0x100330000,R
0x404100,0x100140000,R
0x404104,0x100140000,R
0x404108,0x100140000,R
0x40410c,0x100140000,R
0x400100,0x1000ad000,W
0x400104,0x1000ad000,W
0x400108,0x1000ae000,W
0x400100,0x1000ae000,W
0x400104,0x1000af000,W
0x400108,0x1000af000,R
0x401100,0x100045000,R
0x401104,0x100046000,R
0x401108,0x100047000,R
0x401100,0x100048000,R
0x401104,0x100049000,R
0x401108,0x10004a000,R
0x402100,0x1000d0000,R
0x402104,0x1000d0000,R
0x402100,0x1000d0000,R
0x402104,0x1000d0000,R
0x403100,0x100345000,R
0x403104,0x100346000,R
0x403100,0x100347000,R
0x403104,0x100348000,R
0x404100,0x100141000,R
0x404104,0x100141000,R
0x404108,0x100141000,R
0x40410c,0x100141000,R
0x400100,0x1000b9000,W
0x400104,0x1000b9000,W
0x400108,0x1000ba000,W
0x400100,0x1000ba000,W
0x400104,0x1000bb000,W
0x400108,0x1000bb000,R
0x401100,0x10005d000,R
0x401104,0x10005e000,R
0x401108,0x10005f000,R
0x401100,0x100000000,R
0x401104,0x100001000,R
0x401108,0x100002000,R
0x402100,0x1000d6000,R
0x402104,0x1000d6000,R
0x402100,0x1000d6000,R
0x402104,0x1000d6000,R
0x403100,0x10035d000,R
0x403104,0x10035e000,R
0x403100,0x10035f000,R
0x403104,0x100360000,R
0x404100,0x100142000,R
0x404104,0x100142000,R
0x404108,0x100142000,R
0x40410c,0x100142000,R
0x400100,0x100065000,W
0x400104,0x100065000,W
0x400108,0x100066000,W
0x400100,0x100066000,W
0x400104,0x100067000,W
0x400108,0x100067000,R
0x401100,0x100015000,R
0x401104,0x100016000,R
0x401108,0x100017000,R
0x401100,0x100018000,R
0x401104,0x100019000,R
0x401108,0x10001a000,R
0x402100,0x1000dc000,R
0x402104,0x1000dc000,R
0x402100,0x1000dc000,R
0x402104,0x1000dc000,R
0x403100,0x100375000,R
0x403104,0x100376000,R
0x403100,0x100377000,R
0x403104,0x100378000,R
0x404100,0x100143000,R
0x404104,0x100143000,R
0x404108,0x100143000,R
0x40410c,0x100143000,R
0x400100,0x100071000,W
0x400104,0x100071000,W
0x400108,0x100072000,W
0x400100,0x100072000,W
0x400104,0x100073000,W
0x400108,0x100073000,R
0x401100,0x10002d000,R
0x401104,0x10002e000,R
0x401108,0x10002f000,R
0x401100,0x100030000,R
0x401104,0x100031000,R
0x401108,0x100032000,R
0x402100,0x1000e2000,R
0x402104,0x1000e2000,R
0x402100,0x1000e2000,R
0x402104,0x1000e2000,R
0x403100,0x10038d000,R
0x403104,0x10038e000,R
0x403100,0x10038f000,R
0x403104,0x100390000,R
0x404100,0x100144000,R
0x404104,0x100144000,R
0x404108,0x100144000,R
0x40410c,0x100144000,R
0x400100,0x10007d000,W
0x400104,0x10007d000,W
0x400108,0x10007e000,W
0x400100,0x10007e000,W
0x400104,0x10007f000,W
0x400108,0x10007f000,R
0x401100,0x100045000,R
0x401104,0x100046000,R
0x401108,0x100047000,R
0x401100,0x100048000,R
0x401104,0x100049000,R
0x401108,0x10004a000,R
0x402100,0x1000e8000,R
0x402104,0x1000e8000,R
0x402100,0x1000e8000,R
0x402104,0x1000e8000,R
0x403100,0x1003a5000,R
0x403104,0x1003a6000,R
0x403100,0x1003a7000,R
0x403104,0x1003a8000,R
0x404100,0x100145000,R
0x404104,0x100145000,R
0x404108,0x100145000,R
0x40410c,0x100145000,R
0x400100,0x100089000,W
0x400104,0x100089000,W
0x400108,0x10008a000,W
0x400100,0x10008a000,W
0x400104,0x10008b000,W
0x400108,0x10008b000,R
0x401100,0x10005d000,R
0x401104,0x10005e000,R
0x401108,0x10005f000,R
0x401100,0x100000000,R
0x401104,0x100001000,R
0x401108,0x100002000,R
0x402100,0x1000ee000,R
0x402104,0x1000ee000,R
0x402100,0x1000ee000,R
0x402104,0x1000ee000,R
0x403100,0x1003bd000,R
0x403104,0x1003be000,R
0x403100,0x1003bf000,R
0x403104,0x1003c0000,R
0x404100,0x100146000,R
0x404104,0x100146000,R
0x404108,0x100146000,R
0x40410c,0x100146000,R
0x400100,0x100095000,W
0x400104,0x100095000,W
0x400108,0x100096000,W
0x400100,0x100096000,W
0x400104,0x100097000,W
0x400108,0x100097000,R
0x401100,0x100015000,R
0x401104,0x100016000,R
0x401108,0x100017000,R
0x401100,0x100018000,R
0x401104,0x100019000,R
0x401108,0x10001a000,R
0x402100,0x1000f4000,R
0x402104,0x1000f4000,R
0x402100,0x1000f4000,R
0x402104,0x1000f4000,R
0x403100,0x1003d5000,R
0x403104,0x1003d6000,R
0x403100,0x1003d7000,R
0x403104,0x1003d8000,R
0x404100,0x100147000,R
0x404104,0x100147000,R
0x404108,0x100147000,R
0x40410c,0x100147000,R
0x400100,0x1000a1000,W
0x400104,0x1000a1000,W
0x400108,0x1000a2000,W
0x400100,0x1000a2000,W
0x400104,0x1000a3000,W
0x400108,0x1000a3000,R
0x401100,0x10002d000,R
0x401104,0x10002e000,R
0x401108,0x10002f000,R
0x401100,0x100030000,R
0x401104,0x100031000,R
0x401108,0x100032000,R
0x402100,0x1000fa000,R
0x402104,0x1000fa000,R
0x402100,0x1000fa000,R
0x402104,0x1000fa000,R
0x403100,0x1003ed000,R
0x403104,0x1003ee000,R
0x403100,0x1003ef000,R
0x403104,0x1003f0000,R
0x404100,0x100148000,R
0x404104,0x100148000,R
0x404108,0x100148000,R
0x40410c,0x100148000,R
0x400100,0x1000ad000,W
0x400104,0x1000ad000,W
0x400108,0x1000ae000,W
0x400100,0x1000ae000,W
0x400104,0x1000af000,W
0x400108,0x1000af000,R
0x401100,0x100045000,R
0x401104,0x100046000,R
0x401108,0x100047000,R
0x401100,0x100048000,R
0x401104,0x100049000,R
0x401108,0x10004a000,R
0x402100,0x100100000,R
0x402104,0x100100000,R
0x402100,0x100100000,R
0x402104,0x100100000,R
0x403100,0x100405000,R
0x403104,0x100406000,R
0x403100,0x100407000,R
0x403104,0x100408000,R
0x404100,0x100149000,R
0x404104,0x100149000,R
0x404108,0x100149000,R
0x40410c,0x100149000,R
0x400100,0x1000b9000,W
0x400104,0x1000b9000,W
0x400108,0x1000ba000,W
0x400100,0x1000ba000,W
0x400104,0x1000bb000,W
0x400108,0x1000bb000,R
0x401100,0x10005d000,R
0x401104,0x10005e000,R
0x401108,0x10005f000,R
0x401100,0x100000000,R
0x401104,0x100001000,R
0x401108,0x100002000,R
0x402100,0x100106000,R
0x402104,0x100106000,R
0x402100,0x100106000,R
0x402104,0x100106000,R
0x403100,0x10041d000,R
0x403104,0x10041e000,R
0x403100,0x10041f000,R
0x403104,0x100420000,R
0x404100,0x10014a000,R
0x404104,0x10014a000,R
0x404108,0x10014a000,R
0x40410c,0x10014a000,R
0x400100,0x100065000,W
0x400104,0x100065000,W
0x400108,0x100066000,W
0x400100,0x100066000,W
0x400104,0x100067000,W
0x400108,0x100067000,R
0x401100,0x100015000,R
0x401104,0x100016000,R
0x401108,0x100017000,R
0x401100,0x100018000,R
0x401104,0x100019000,R
0x401108,0x10001a000,R
0x402100,0x10010c000,R
0x402104,0x10010c000,R
0x402100,0x10010c000,R
0x402104,0x10010c000,R
0x403100,0x100435000,R
0x403104,0x100436000,R
0x403100,0x100437000,R
0x403104,0x100438000,R
0x404100,0x10014b000,R
0x404104,0x10014b000,R
0x404108,0x10014b000,R
0x40410c,0x10014b000,R
0x400100,0x100071000,W
0x400104,0x100071000,W
0x400108,0x100072000,W
0x400100,0x100072000,W
0x400104,0x100073000,W
0x400108,0x100073000,R
0x401100,0x10002d000,R
0x401104,0x10002e000,R
0x401108,0x10002f000,R
0x401100,0x100030000,R
0x401104,0x100031000,R
0x401108,0x100032000,R
0x402100,0x100112000,R
0x402104,0x100112000,R
0x402100,0x100112000,R
0x402104,0x100112000,R
0x403100,0x10044d000,R
0x403104,0x10044e000,R
0x403100,0x10044f000,R
0x403104,0x100450000,R
0x404100,0x10014c000,R
0x404104,0x10014c000,R
0x404108,0x10014c000,R
0x40410c,0x10014c000,R
0x400100,0x10007d000,W
0x400104,0x10007d000,W
0x400108,0x10007e000,W
0x400100,0x10007e000,W
0x400104,0x10007f000,W
0x400108,0x10007f000,R
0x401100,0x100045000,R
0x401104,0x100046000,R
0x401108,0x100047000,R
0x401100,0x100048000,R
0x401104,0x100049000,R
0x401108,0x10004a000,R
0x402100,0x100118000,R
0x402104,0x100118000,R
0x402100,0x100118000,R
0x402104,0x100118000,R
0x403100,0x100465000,R
0x403104,0x100466000,R
0x403100,0x100467000,R
0x403104,0x100468000,R
0x404100,0x10014d000,R
0x404104,0x10014d000,R
0x404108,0x10014d000,R
0x40410c,0x10014d000,R
0x400100,0x100089000,W
0x400104,0x100089000,W
0x400108,0x10008a000,W
0x400100,0x10008a000,W
0x400104,0x10008b000,W
0x400108,0x10008b000,R
0x401100,0x10005d000,R
0x401104,0x10005e000,R
0x401108,0x10005f000,R
0x401100,0x100000000,R
0x401104,0x100001000,R
0x401108,0x100002000,R
0x402100,0x10011e000,R
0x402104,0x10011e000,R
0x402100,0x10011e000,R
0x402104,0x10011e000,R
0x403100,0x10047d000,R
0x403104,0x10047e000,R
0x403100,0x10047f000,R
0x403104,0x100480000,R
0x404100,0x10014e000,R
0x404104,0x10014e000,R
0x404108,0x10014e000,R
0x40410c,0x10014e000,R
0x400100,0x100095000,W
0x400104,0x100095000,W
0x400108,0x100096000,W
0x400100,0x100096000,W
0x400104,0x100097000,W
0x400108,0x100097000,R
0x401100,0x100015000,R
0x401104,0x100016000,R
0x401108,0x100017000,R
0x401100,0x100018000,R
0x401104,0x100019000,R
0x401108,0x10001a000,R
0x402100,0x1000c4000,R
0x402104,0x1000c4000,R
0x402100,0x1000c4000,R
0x402104,0x1000c4000,R
0x403100,0x100495000,R
0x403104,0x100496000,R
0x403100,0x100497000,R
0x403104,0x100498000,R
0x404100,0x10014f000,R
0x404104,0x10014f000,R
0x404108,0x10014f000,R
0x40410c,0x10014f000,R
0x400100,0x1000a1000,W
0x400104,0x1000a1000,W
0x400108,0x1000a2000,W
0x400100,0x1000a2000,W
0x400104,0x1000a3000,W
0x400108,0x1000a3000,R
0x401100,0x10002d000,R
0x401104,0x10002e000,R
0x401108,0x10002f000,R
0x401100,0x100030000,R
0x401104,0x100031000,R
0x401108,0x100032000,R
0x402100,0x1000ca000,R
0x402104,0x1000ca000,R
0x402100,0x1000ca000,R
0x402104,0x1000ca000,R
0x403100,0x1004ad000,R
0x403104,0x1004ae000,R
0x403100,0x1004af000,R
0x403104,0x1004b0000,R
0x404100,0x100150000,R
0x404104,0x100150000,R
0x404108,0x100150000,R
0x40410c,0x100150000,R
0x400100,0x1000ad000,W
0x400104,0x1000ad000,W
0x400108,0x1000ae000,W
0x400100,0x1000ae000,W
0x400104,0x1000af000,W
0x400108,0x1000af000,R
0x401100,0x100045000,R
0x401104,0x100046000,R
0x401108,0x100047000,R
0x401100,0x100048000,R
0x401104,0x100049000,R
0x401108,0x10004a000,R
0x402100,0x1000d0000,R
0x402104,0x1000d0000,R
0x402100,0x1000d0000,R
0x402104,0x1000d0000,R
0x403100,0x1004c5000,R
0x403104,0x1004c6000,R
0x403100,0x1004c7000,R
0x403104,0x1004c8000,R
0x404100,0x100151000,R
0x404104,0x100151000,R
0x404108,0x100151000,R
0x40410c,0x100151000,R
0x400100,0x1000b9000,W
0x400104,0x1000b9000,W
0x400108,0x1000ba000,W
0x400100,0x1000ba000,W
0x400104,0x1000bb000,W
0x400108,0x1000bb000,R
0x401100,0x10005d000,R
0x401104,0x10005e000,R
0x401108,0x10005f000,R
0x401100,0x100000000,R
0x401104,0x100001000,R
0x401108,0x100002000,R
0x402100,0x1000d6000,R
0x402104,0x1000d6000,R
0x402100,0x1000d6000,R
0x402104,0x1000d6000,R
0x403100,0x1004dd000,R
0x403104,0x1004de000,R
0x403100,0x1004df000,R
0x403104,0x1004e0000,R
0x404100,0x100152000,R
0x404104,0x100152000,R
0x404108,0x100152000,R
0x40410c,0x100152000,R
0x400100,0x100065000,W
0x400104,0x100065000,W
0x400108,0x100066000,W
0x400100,0x100066000,W
0x400104,0x100067000,W
0x400108,0x100067000,R
0x401100,0x100015000,R
0x401104,0x100016000,R
0x401108,0x100017000,R
0x401100,0x100018000,R
0x401104,0x100019000,R
0x401108,0x10001a000,R
0x402100,0x1000dc000,R
0x402104,0x1000dc000,R
0x402100,0x1000dc000,R
0x402104,0x1000dc000,R
0x403100,0x1004f5000,R
0x403104,0x1004f6000,R
0x403100,0x1004f7000,R
0x403104,0x1004f8000,R
0x404100,0x100153000,R
0x404104,0x100153000,R
0x404108,0x100153000,R
0x40410c,0x100153000,R
0x400100,0x100071000,W
0x400104,0x100071000,W
0x400108,0x100072000,W
0x400100,0x100072000,W
0x400104,0x100073000,W
0x400108,0x100073000,R
0x401100,0x10002d000,R
0x401104,0x10002e000,R
0x401108,0x10002f000,R
0x401100,0x100030000,R
0x401104,0x100031000,R
0x401108,0x100032000,R
0x402100,0x1000e2000,R
0x402104,0x1000e2000,R
0x402100,0x1000e2000,R
0x402104,0x1000e2000,R
0x403100,0x10050d000,R
0x403104,0x10050e000,R
0x403100,0x10050f000,R
0x403104,0x100510000,R
0x404100,0x100154000,R
0x404104,0x100154000,R
0x404108,0x100154000,R
0x40410c,0x100154000,R
0x400100,0x10007d000,W
0x400104,0x10007d000,W
0x400108,0x10007e000,W
0x400100,0x10007e000,W
0x400104,0x10007f000,W
0x400108,0x10007f000,R
0x401100,0x100045000,R
0x401104,0x100046000,R
0x401108,0x100047000,R
0x401100,0x100048000,R
0x401104,0x100049000,R
0x401108,0x10004a000,R
0x402100,0x1000e8000,R
0x402104,0x1000e8000,R
0x402100,0x1000e8000,R
0x402104,0x1000e8000,R
0x403100,0x100525000,R
0x403104,0x100526000,R
0x403100,0x100527000,R
0x403104,0x100528000,R
0x404100,0x100155000,R
0x404104,0x100155000,R
0x404108,0x100155000,R
0x40410c,0x100155000,R
0x400100,0x100089000,W
0x400104,0x100089000,W
0x400108,0x10008a000,W
0x400100,0x10008a000,W
0x400104,0x10008b000,W
0x400108,0x10008b000,R
0x401100,0x10005d000,R
0x401104,0x10005e000,R
0x401108,0x10005f000,R
0x401100,0x100000000,R
0x401104,0x100001000,R
0x401108,0x100002000,R
0x402100,0x1000ee000,R
0x402104,0x1000ee000,R
0x402100,0x1000ee000,R
0x402104,0x1000ee000,R
0x403100,0x10053d000,R
0x403104,0x10053e000,R
0x403100,0x10053f000,R
0x403104,0x100540000,R
0x404100,0x100156000,R
0x404104,0x100156000,R
0x404108,0x100156000,R
0x40410c,0x100156000,R
0x400100,0x100095000,W
0x400104,0x100095000,W
0x400108,0x100096000,W
0x400100,0x100096000,W
0x400104,0x100097000,W
0x400108,0x100097000,R
0x401100,0x100015000,R
0x401104,0x100016000,R
0x401108,0x100017000,R
0x401100,0x100018000,R
0x401104,0x100019000,R
0x401108,0x10001a000,R
0x402100,0x1000f4000,R
0x402104,0x1000f4000,R
0x402100,0x1000f4000,R
0x402104,0x1000f4000,R
0x403100,0x100555000,R
0x403104,0x100556000,R
0x403100,0x100557000,R
0x403104,0x100558000,R
0x404100,0x100157000,R
0x404104,0x100157000,R
0x404108,0x100157000,R
0x40410c,0x100157000,R
0x400100,0x1000a1000,W
0x400104,0x1000a1000,W
0x400108,0x1000a2000,W
0x400100,0x1000a2000,W
0x400104,0x1000a3000,W
0x400108,0x1000a3000,R
0x401100,0x10002d000,R
0x401104,0x10002e000,R
0x401108,0x10002f000,R
0x401100,0x100030000,R
0x401104,0x100031000,R
0x401108,0x100032000,R
0x402100,0x1000fa000,R
0x402104,0x1000fa000,R
0x402100,0x1000fa000,R
0x402104,0x1000fa000,R
0x403100,0x10056d000,R
0x403104,0x10056e000,R
0x403100,0x10056f000,R
0x403104,0x100570000,R
0x404100,0x100158000,R
0x404104,0x100158000,R
0x404108,0x100158000,R
0x40410c,0x100158000,R
0x400100,0x1000ad000,W
0x400104,0x1000ad000,W
0x400108,0x1000ae000,W
0x400100,0x1000ae000,W
0x400104,0x1000af000,W
0x400108,0x1000af000,R
0x401100,0x100045000,R
0x401104,0x100046000,R
0x401108,0x100047000,R
0x401100,0x100048000,R
0x401104,0x100049000,R
0x401108,0x10004a000,R
0x402100,0x100100000,R
0x402104,0x100100000,R
0x402100,0x100100000,R
0x402104,0x100100000,R
0x403100,0x100585000,R
0x403104,0x100586000,R
0x403100,0x100587000,R
0x403104,0x100588000,R
0x404100,0x100159000,R
0x404104,0x100159000,R
0x404108,0x100159000,R
0x40410c,0x100159000,R
0x400100,0x1000b9000,W
0x400104,0x1000b9000,W
0x400108,0x1000ba000,W
0x400100,0x1000ba000,W
0x400104,0x1000bb000,W
0x400108,0x1000bb000,R
0x401100,0x10005d000,R
0x401104,0x10005e000,R
0x401108,0x10005f000,R
0x401100,0x100000000,R
0x401104,0x100001000,R
0x401108,0x100002000,R
0x402100,0x100106000,R
0x402104,0x100106000,R
0x402100,0x100106000,R
0x402104,0x100106000,R
0x403100,0x10059d000,R
0x403104,0x10059e000,R
0x403100,0x10059f000,R
0x403104,0x1005a0000,R
0x404100,0x10015a000,R
0x404104,0x10015a000,R
0x404108,0x10015a000,R
0x40410c,0x10015a000,R
0x400100,0x100065000,W
0x400104,0x100065000,W
0x400108,0x100066000,W
0x400100,0x100066000,W
0x400104,0x100067000,W
0x400108,0x100067000,R
0x401100,0x100015000,R
0x401104,0x100016000,R
0x401108,0x100017000,R
0x401100,0x100018000,R
0x401104,0x100019000,R
0x401108,0x10001a000,R
0x402100,0x10010c000,R
0x402104,0x10010c000,R
0x402100,0x10010c000,R
0x402104,0x10010c000,R
0x403100,0x1005b5000,R
0x403104,0x1005b6000,R
0x403100,0x1005b7000,R
0x403104,0x1005b8000,R
0x404100,0x10015b000,R
0x404104,0x10015b000,R
0x404108,0x10015b000,R
0x40410c,0x10015b000,R
0x400100,0x100071000,W
0x400104,0x100071000,W
0x400108,0x100072000,W
0x400100,0x100072000,W
0x400104,0x100073000,W
0x400108,0x100073000,R
0x401100,0x10002d000,R
0x401104,0x10002e000,R
0x401108,0x10002f000,R
0x401100,0x100030000,R
0x401104,0x100031000,R
0x401108,0x100032000,R
0x402100,0x100112000,R
0x402104,0x100112000,R
0x402100,0x100112000,R
0x402104,0x100112000,R
0x403100,0x1005cd000,R
0x403104,0x1005ce000,R
0x403100,0x1005cf000,R
0x403104,0x1005d0000,R
0x404100,0x10015c000,R
0x404104,0x10015c000,R
0x404108,0x10015c000,R
0x40410c,0x10015c000,R
0x400100,0x10007d000,W
0x400104,0x10007d000,W
0x400108,0x10007e000,W
0x400100,0x10007e000,W
0x400104,0x10007f000,W
0x400108,0x10007f000,R
0x401100,0x100045000,R
0x401104,0x100046000,R
0x401108,0x100047000,R
0x401100,0x100048000,R
0x401104,0x100049000,R
0x401108,0x10004a000,R
0x402100,0x100118000,R
0x402104,0x100118000,R
0x402100,0x100118000,R
0x402104,0x100118000,R
0x403100,0x1005e5000,R
0x403104,0x1005e6000,R
0x403100,0x1005e7000,R
0x403104,0x1005e8000,R
0x404100,0x10015d000,R
0x404104,0x10015d000,R
0x404108,0x10015d000,R
0x40410c,0x10015d000,R
0x400100,0x100089000,W
0x400104,0x100089000,W
0x400108,0x10008a000,W
0x400100,0x10008a000,W
0x400104,0x10008b000,W
0x400108,0x10008b000,R
0x401100,0x10005d000,R
0x401104,0x10005e000,R
0x401108,0x10005f000,R
0x401100,0x100000000,R
0x401104,0x100001000,R
0x401108,0x100002000,R
0x402100,0x10011e000,R
0x402104,0x10011e000,R
0x402100,0x10011e000,R
0x402104,0x10011e000,R
0x403100,0x1005fd000,R
0x403104,0x1005fe000,R
0x403100,0x1005ff000,R
0x403104,0x100180000,R
0x404100,0x10015e000,R
0x404104,0x10015e000,R
0x404108,0x10015e000,R
0x40410c,0x10015e000,R
0x400100,0x100095000,W
0x400104,0x100095000,W
0x400108,0x100096000,W
0x400100,0x100096000,W
0x400104,0x100097000,W
0x400108,0x100097000,R
0x401100,0x100015000,R
0x401104,0x100016000,R
0x401108,0x100017000,R
0x401100,0x100018000,R
0x401104,0x100019000,R
0x401108,0x10001a000,R
0x402100,0x1000c4000,R
0x402104,0x1000c4000,R
0x402100,0x1000c4000,R
0x402104,0x1000c4000,R
0x403100,0x100195000,R
0x403104,0x100196000,R
0x403100,0x100197000,R
0x403104,0x100198000,R
0x404100,0x10015f000,R
0x404104,0x10015f000,R
0x404108,0x10015f000,R
0x40410c,0x10015f000,R
0x400100,0x1000a1000,W
0x400104,0x1000a1000,W
0x400108,0x1000a2000,W
0x400100,0x1000a2000,W
0x400104,0x1000a3000,W
0x400108,0x1000a3000,R
0x401100,0x10002d000,R
0x401104,0x10002e000,R
0x401108,0x10002f000,R
0x401100,0x100030000,R
0x401104,0x100031000,R
0x401108,0x100032000,R
0x402100,0x1000ca000,R
0x402104,0x1000ca000,R
0x402100,0x1000ca000,R
0x402104,0x1000ca000,R
0x403100,0x1001ad000,R
0x403104,0x1001ae000,R
0x403100,0x1001af000,R
0x403104,0x1001b0000,R
0x404100,0x100160000,R
0x404104,0x100160000,R
0x404108,0x100160000,R
0x40410c,0x100160000,R
0x400100,0x1000ad000,W
0x400104,0x1000ad000,W
0x400108,0x1000ae000,W
0x400100,0x1000ae000,W
0x400104,0x1000af000,W
0x400108,0x1000af000,R
0x401100,0x100045000,R
0x401104,0x100046000,R
0x401108,0x100047000,R
0x401100,0x100048000,R
0x401104,0x100049000,R
0x401108,0x10004a000,R
0x402100,0x1000d0000,R
0x402104,0x1000d0000,R
0x402100,0x1000d0000,R
0x402104,0x1000d0000,R
0x403100,0x1001c5000,R
0x403104,0x1001c6000,R
0x403100,0x1001c7000,R
0x403104,0x1001c8000,R
0x404100,0x100161000,R
0x404104,0x100161000,R
0x404108,0x100161000,R
0x40410c,0x100161000,R
0x400100,0x1000b9000,W
0x400104,0x1000b9000,W
0x400108,0x1000ba000,W
0x400100,0x1000ba000,W
0x400104,0x1000bb000,W
0x400108,0x1000bb000,R
0x401100,0x10005d000,R
0x401104,0x10005e000,R
0x401108,0x10005f000,R
0x401100,0x100000000,R
0x401104,0x100001000,R
0x401108,0x100002000,R
0x402100,0x1000d6000,R
0x402104,0x1000d6000,R
0x402100,0x1000d6000,R
0x402104,0x1000d6000,R
0x403100,0x1001dd000,R
0x403104,0x1001de000,R
0x403100,0x1001df000,R
0x403104,0x1001e0000,R
0x404100,0x100162000,R
0x404104,0x100162000,R
0x404108,0x100162000,R
0x40410c,0x100162000,R
0x400100,0x100065000,W
0x400104,0x100065000,W
0x400108,0x100066000,W
0x400100,0x100066000,W
0x400104,0x100067000,W
0x400108,0x100067000,R
0x401100,0x100015000,R
0x401104,0x100016000,R
0x401108,0x100017000,R
0x401100,0x100018000,R
0x401104,0x100019000,R
0x401108,0x10001a000,R
0x402100,0x1000dc000,R
0x402104,0x1000dc000,R
0x402100,0x1000dc000,R
0x402104,0x1000dc000,R
0x403100,0x1001f5000,R
0x403104,0x1001f6000,R
0x403100,0x1001f7000,R
0x403104,0x1001f8000,R
0x404100,0x100163000,R
0x404104,0x100163000,R
0x404108,0x100163000,R
0x40410c,0x100163000,R
0x400100,0x100071000,W
0x400104,0x100071000,W
0x400108,0x100072000,W
0x400100,0x100072000,W
0x400104,0x100073000,W
0x400108,0x100073000,R
0x401100,0x10002d000,R
0x401104,0x10002e000,R
0x401108,0x10002f000,R
0x401100,0x100030000,R
0x401104,0x100031000,R
0x401108,0x100032000,R
0x402100,0x1000e2000,R
0x402104,0x1000e2000,R
0x402100,0x1000e2000,R
0x402104,0x1000e2000,R
0x403100,0x10020d000,R
0x403104,0x10020e000,R
0x403100,0x10020f000,R
0x403104,0x100210000,R
0x404100,0x100164000,R
0x404104,0x100164000,R
0x404108,0x100164000,R
0x40410c,0x100164000,R
0x400100,0x10007d000,W
0x400104,0x10007d000,W
0x400108,0x10007e000,W
0x400100,0x10007e000,W
0x400104,0x10007f000,W
0x400108,0x10007f000,R
0x401100,0x100045000,R
0x401104,0x100046000,R
0x401108,0x100047000,R
0x401100,0x100048000,R
0x401104,0x100049000,R
0x401108,0x10004a000,R
0x402100,0x1000e8000,R
0x402104,0x1000e8000,R
0x402100,0x1000e8000,R
0x402104,0x1000e8000,R
0x403100,0x100225000,R
0x403104,0x100226000,R
0x403100,0x100227000,R
0x403104,0x100228000,R
0x404100,0x100165000,R
0x404104,0x100165000,R
0x404108,0x100165000,R
0x40410c,0x100165000,R
0x400100,0x100089000,W
0x400104,0x100089000,W
0x400108,0x10008a000,W
0x400100,0x10008a000,W
0x400104,0x10008b000,W
0x400108,0x10008b000,R
0x401100,0x10005d000,R
0x401104,0x10005e000,R
0x401108,0x10005f000,R
0x401100,0x100000000,R
0x401104,0x100001000,R
0x401108,0x100002000,R
0x402100,0x1000ee000,R
0x402104,0x1000ee000,R
0x402100,0x1000ee000,R
0x402104,0x1000ee000,R
0x403100,0x10023d000,R
0x403104,0x10023e000,R
0x403100,0x10023f000,R
0x403104,0x100240000,R
0x404100,0x100166000,R
0x404104,0x100166000,R
0x404108,0x100166000,R
0x40410c,0x100166000,R
0x400100,0x100095000,W
0x400104,0x100095000,W
0x400108,0x100096000,W
0x400100,0x100096000,W
0x400104,0x100097000,W
0x400108,0x100097000,R
0x401100,0x100015000,R
0x401104,0x100016000,R
0x401108,0x100017000,R
0x401100,0x100018000,R
0x401104,0x100019000,R
0x401108,0x10001a000,R
0x402100,0x1000f4000,R
0x402104,0x1000f4000,R
0x402100,0x1000f4000,R
0x402104,0x1000f4000,R
0x403100,0x100255000,R
0x403104,0x100256000,R
0x403100,0x100257000,R
0x403104,0x100258000,R
0x404100,0x100167000,R
0x404104,0x100167000,R
0x404108,0x100167000,R
0x40410c,0x100167000,R
0x400100,0x1000a1000,W
0x400104,0x1000a1000,W
0x400108,0x1000a2000,W
0x400100,0x1000a2000,W
0x400104,0x1000a3000,W
0x400108,0x1000a3000,R
0x401100,0x10002d000,R
0x401104,0x10002e000,R
0x401108,0x10002f000,R
0x401100,0x100030000,R
0x401104,0x100031000,R
0x401108,0x100032000,R
0x402100,0x1000fa000,R
0x402104,0x1000fa000,R
0x402100,0x1000fa000,R
0x402104,0x1000fa000,R
0x403100,0x10026d000,R
0x403104,0x10026e000,R
0x403100,0x10026f000,R
0x403104,0x100270000,R
0x404100,0x100168000,R
0x404104,0x100168000,R
0x404108,0x100168000,R
0x40410c,0x100168000,R
0x400100,0x1000ad000,W
0x400104,0x1000ad000,W
0x400108,0x1000ae000,W
0x400100,0x1000ae000,W
0x400104,0x1000af000,W
0x400108,0x1000af000,R
0x401100,0x100045000,R
0x401104,0x100046000,R
0x401108,0x100047000,R
0x401100,0x100048000,R
0x401104,0x100049000,R
0x401108,0x10004a000,R
0x402100,0x100100000,R
0x402104,0x100100000,R
0x402100,0x100100000,R
0x402104,0x100100000,R
0x403100,0x100285000,R
0x403104,0x100286000,R
0x403100,0x100287000,R
0x403104,0x100288000,R
0x404100,0x100169000,R
0x404104,0x100169000,R
0x404108,0x100169000,R
0x40410c,0x100169000,R
0x400100,0x1000b9000,W
0x400104,0x1000b9000,W
0x400108,0x1000ba000,W
0x400100,0x1000ba000,W
0x400104,0x1000bb000,W
0x400108,0x1000bb000,R
0x401100,0x10005d000,R
0x401104,0x10005e000,R
0x401108,0x10005f000,R
0x401100,0x100000000,R
0x401104,0x100001000,R
0x401108,0x100002000,R
0x402100,0x100106000,R
0x402104,0x100106000,R
0x402100,0x100106000,R
0x402104,0x100106000,R
0x403100,0x10029d000,R
0x403104,0x10029e000,R
0x403100,0x10029f000,R
0x403104,0x1002a0000,R
0x404100,0x10016a000,R
0x404104,0x10016a000,R
0x404108,0x10016a000,R
0x40410c,0x10016a000,R
0x400100,0x100065000,W
0x400104,0x100065000,W
0x400108,0x100066000,W
0x400100,0x100066000,W
0x400104,0x100067000,W
0x400108,0x100067000,R
0x401100,0x100015000,R
0x401104,0x100016000,R
0x401108,0x100017000,R
0x401100,0x100018000,R
0x401104,0x100019000,R
0x401108,0x10001a000,R
0x402100,0x10010c000,R
0x402104,0x10010c000,R
0x402100,0x10010c000,R
0x402104,0x10010c000,R
0x403100,0x1002b5000,R
0x403104,0x1002b6000,R
0x403100,0x1002b7000,R
0x403104,0x1002b8000,R
0x404100,0x10016b000,R
0x404104,0x10016b000,R
0x404108,0x10016b000,R
0x40410c,0x10016b000,R
0x400100,0x100071000,W
0x400104,0x100071000,W
0x400108,0x100072000,W
0x400100,0x100072000,W
0x400104,0x100073000,W
0x400108,0x100073000,R
0x401100,0x10002d000,R
0x401104,0x10002e000,R
0x401108,0x10002f000,R
0x401100,0x100030000,R
0x401104,0x100031000,R
0x401108,0x100032000,R
0x402100,0x100112000,R
0x402104,0x100112000,R
0x402100,0x100112000,R
0x402104,0x100112000,R
0x403100,0x1002cd000,R
0x403104,0x1002ce000,R
0x403100,0x1002cf000,R
0x403104,0x1002d0000,R
0x404100,0x10016c000,R
0x404104,0x10016c000,R
0x404108,0x10016c000,R
0x40410c,0x10016c000,R
0x400100,0x10007d000,W
0x400104,0x10007d000,W
0x400108,0x10007e000,W
0x400100,0x10007e000,W
0x400104,0x10007f000,W
0x400108,0x10007f000,R
0x401100,0x100045000,R
0x401104,0x100046000,R
0x401108,0x100047000,R
0x401100,0x100048000,R
0x401104,0x100049000,R
0x401108,0x10004a000,R
0x402100,0x100118000,R
0x402104,0x100118000,R
0x402100,0x100118000,R
0x402104,0x100118000,R
0x403100,0x1002e5000,R
0x403104,0x1002e6000,R
0x403100,0x1002e7000,R
0x403104,0x1002e8000,R
0x404100,0x10016d000,R
0x404104,0x10016d000,R
0x404108,0x10016d000,R
0x40410c,0x10016d000,R
0x400100,0x100089000,W
0x400104,0x100089000,W
0x400108,0x10008a000,W
0x400100,0x10008a000,W
0x400104,0x10008b000,W
0x400108,0x10008b000,R
0x401100,0x10005d000,R
0x401104,0x10005e000,R
0x401108,0x10005f000,R
0x401100,0x100000000,R
0x401104,0x100001000,R
0x401108,0x100002000,R
0x402100,0x10011e000,R
0x402104,0x10011e000,R
0x402100,0x10011e000,R
0x402104,0x10011e000,R
0x403100,0x1002fd000,R
0x403104,0x1002fe000,R
0x403100,0x1002ff000,R
0x403104,0x100300000,R
0x404100,0x10016e000,R
0x404104,0x10016e000,R
0x404108,0x10016e000,R
0x40410c,0x10016e000,R
0x400100,0x100095000,W
0x400104,0x100095000,W
0x400108,0x100096000,W
0x400100,0x100096000,W
0x400104,0x100097000,W
0x400108,0x100097000,R
0x401100,0x100015000,R
0x401104,0x100016000,R
0x401108,0x100017000,R
0x401100,0x100018000,R
0x401104,0x100019000,R
0x401108,0x10001a000,R
0x402100,0x1000c4000,R
0x402104,0x1000c4000,R
0x402100,0x1000c4000,R
0x402104,0x1000c4000,R
0x403100,0x100315000,R
0x403104,0x100316000,R
0x403100,0x100317000,R
0x403104,0x100318000,R
0x404100,0x10016f000,R
0x404104,0x10016f000,R
0x404108,0x10016f000,R
0x40410c,0x10016f000,R
0x400100,0x1000a1000,W
0x400104,0x1000a1000,W
0x400108,0x1000a2000,W
0x400100,0x1000a2000,W
0x400104,0x1000a3000,W
0x400108,0x1000a3000,R
0x401100,0x10002d000,R
0x401104,0x10002e000,R
0x401108,0x10002f000,R
0x401100,0x100030000,R
0x401104,0x100031000,R
0x401108,0x100032000,R
0x402100,0x1000ca000,R
0x402104,0x1000ca000,R
0x402100,0x1000ca000,R
0x402104,0x1000ca000,R
0x403100,0x10032d000,R
0x403104,0x10032e000,R
0x403100,0x10032f000,R
0x403104,0x100330000,R
0x404100,0x100170000,R
0x404104,0x100170000,R
0x404108,0x100170000,R
0x40410c,0x100170000,R
0x400100,0x1000ad000,W
0x400104,0x1000ad000,W
0x400108,0x1000ae000,W
0x400100,0x1000ae000,W
0x400104,0x1000af000,W
0x400108,0x1000af000,R
0x401100,0x100045000,R
0x401104,0x100046000,R
0x401108,0x100047000,R
0x401100,0x100048000,R
0x401104,0x100049000,R
0x401108,0x10004a000,R
0x402100,0x1000d0000,R
0x402104,0x1000d0000,R
0x402100,0x1000d0000,R
0x402104,0x1000d0000,R
0x403100,0x100345000,R
0x403104,0x100346000,R
0x403100,0x100347000,R
0x403104,0x100348000,R
0x404100,0x100171000,R
0x404104,0x100171000,R
0x404108,0x100171000,R
0x40410c,0x100171000,R
0x400100,0x1000b9000,W
0x400104,0x1000b9000,W
0x400108,0x1000ba000,W
0x400100,0x1000ba000,W
0x400104,0x1000bb000,W
0x400108,0x1000bb000,R
0x401100,0x10005d000,R
0x401104,0x10005e000,R
0x401108,0x10005f000,R
0x401100,0x100000000,R
0x401104,0x100001000,R
0x401108,0x100002000,R
0x402100,0x1000d6000,R
0x402104,0x1000d6000,R
0x402100,0x1000d6000,R
0x402104,0x1000d6000,R
0x403100,0x10035d000,R
0x403104,0x10035e000,R
0x403100,0x10035f000,R
0x403104,0x100360000,R
0x404100,0x100172000,R
0x404104,0x100172000,R
0x404108,0x100172000,R
0x40410c,0x100172000,R
0x400100,0x100065000,W
0x400104,0x100065000,W
0x400108,0x100066000,W
0x400100,0x100066000,W
0x400104,0x100067000,W
0x400108,0x100067000,R
0x401100,0x100015000,R
0x401104,0x100016000,R
0x401108,0x100017000,R
0x401100,0x100018000,R
0x401104,0x100019000,R
0x401108,0x10001a000,R
0x402100,0x1000dc000,R
0x402104,0x1000dc000,R
0x402100,0x1000dc000,R
0x402104,0x1000dc000,R
0x403100,0x100375000,R
0x403104,0x100376000,R
0x403100,0x100377000,R
0x403104,0x100378000,R
0x404100,0x100173000,R
0x404104,0x100173000,R
0x404108,0x100173000,R
0x40410c,0x100173000,R
0x400100,0x100072000,W
0x400104,0x100072000,W
0x400108,0x100073000,W
0x400100,0x100073000,W
0x400104,0x100074000,W
0x400108,0x100074000,R
0x401100,0x100030000,R
0x401104,0x100031000,R
0x401108,0x100032000,R
0x401100,0x100033000,R
0x401104,0x100034000,R
0x401108,0x100035000,R
0x402100,0x1000e7000,R
0x402104,0x1000e7000,R
0x402100,0x1000e7000,R
0x402104,0x1000e7000,W
0x403100,0x1003ee000,R
0x403104,0x1003ef000,R
0x403100,0x1003f0000,R
0x403104,0x1003f1000,R
0x404100,0x10017b000,R
0x404104,0x10017b000,R
0x404108,0x10017b000,R
0x40410c,0x10017b000,R
0x400100,0x10007e000,W
0x400104,0x10007e000,W
0x400108,0x10007f000,W
0x400100,0x10007f000,W
0x400104,0x100080000,W
0x400108,0x100080000,R
0x401100,0x100048000,R
0x401104,0x100049000,R
0x401108,0x10004a000,R
0x401100,0x10004b000,R
0x401104,0x10004c000,R
0x401108,0x10004d000,R
0x402100,0x1000ed000,R
0x402104,0x1000ed000,R
0x402100,0x1000ed000,R
0x402104,0x1000ed000,W
0x403100,0x100406000,R
0x403104,0x100407000,R
0x403100,0x100408000,R
0x403104,0x100409000,R
0x404100,0x10017c000,R
0x404104,0x10017c000,R
0x404108,0x10017c000,R
0x40410c,0x10017c000,R
0x400100,0x10008a000,W
0x400104,0x10008a000,W
0x400108,0x10008b000,W
0x400100,0x10008b000,W
0x400104,0x10008c000,W
0x400108,0x10008c000,R
0x401100,0x100000000,R
0x401104,0x100001000,R
0x401108,0x100002000,R
0x401100,0x100003000,R
0x401104,0x100004000,R
0x401108,0x100005000,R
0x402100,0x1000f3000,R
0x402104,0x1000f3000,R
0x402100,0x1000f3000,R
0x402104,0x1000f3000,W
0x403100,0x10041e000,R
0x403104,0x10041f000,R
0x403100,0x100420000,R
0x403104,0x100421000,R
0x404100,0x10017d000,R
0x404104,0x10017d000,R
0x404108,0x10017d000,R
0x40410c,0x10017d000,R
0x400100,0x100096000,W
0x400104,0x100096000,W
0x400108,0x100097000,W
0x400100,0x100097000,W
0x400104,0x100098000,W
0x400108,0x100098000,R
0x401100,0x100018000,R
0x401104,0x100019000,R
0x401108,0x10001a000,R
0x401100,0x10001b000,R
0x401104,0x10001c000,R
0x401108,0x10001d000,R
0x402100,0x1000f9000,R
0x402104,0x1000f9000,R
0x402100,0x1000f9000,R
0x402104,0x1000f9000,W
0x403100,0x100436000,R
0x403104,0x100437000,R
0x403100,0x100438000,R
0x403104,0x100439000,R
0x404100,0x10017e000,R
0x404104,0x10017e000,R
0x404108,0x10017e000,R
0x40410c,0x10017e000,R
0x400100,0x1000a2000,W
0x400104,0x1000a2000,W
0x400108,0x1000a3000,W
0x400100,0x1000a3000,W
0x400104,0x1000a4000,W
0x400108,0x1000a4000,R
0x401100,0x100030000,R
0x401104,0x100031000,R
0x401108,0x100032000,R
0x401100,0x100033000,R
0x401104,0x100034000,R
0x401108,0x100035000,R
0x402100,0x1000ff000,R
0x402104,0x1000ff000,R
0x402100,0x1000ff000,R
0x402104,0x1000ff000,W
0x403100,0x10044e000,R
0x403104,0x10044f000,R
0x403100,0x100450000,R
0x403104,0x100451000,R
0x404100,0x10017f000,R
0x404104,0x10017f000,R
0x404108,0x10017f000,R
0x40410c,0x10017f000,R
0x400100,0x1000ae000,W
0x400104,0x1000ae000,W
0x400108,0x1000af000,W
0x400100,0x1000af000,W
0x400104,0x1000b0000,W
0x400108,0x1000b0000,R
0x401100,0x100048000,R
0x401104,0x100049000,R
0x401108,0x10004a000,R
0x401100,0x10004b000,R
0x401104,0x10004c000,R
0x401108,0x10004d000,R
0x402100,0x100105000,R
0x402104,0x100105000,R
0x402100,0x100105000,R
0x402104,0x100105000,W
0x403100,0x100466000,R
0x403104,0x100467000,R
0x403100,0x100468000,R
0x403104,0x100469000,R
0x404100,0x100120000,R
0x404104,0x100120000,R
0x404108,0x100120000,R
0x40410c,0x100120000,R
0x400100,0x1000ba000,W
0x400104,0x1000ba000,W
0x400108,0x1000bb000,W
0x400100,0x1000bb000,W
0x400104,0x1000bc000,W
0x400108,0x1000bc000,R
0x401100,0x100000000,R
0x401104,0x100001000,R
0x401108,0x100002000,R
0x401100,0x100003000,R
0x401104,0x100004000,R
0x401108,0x100005000,R
0x402100,0x10010b000,R
0x402104,0x10010b000,R
0x402100,0x10010b000,R
0x402104,0x10010b000,W
0x403100,0x10047e000,R
0x403104,0x10047f000,R
0x403100,0x100480000,R
0x403104,0x100481000,R
0x404100,0x100121000,R
0x404104,0x100121000,R
0x404108,0x100121000,R
0x40410c,0x100121000,R
0x400100,0x100066000,W
0x400104,0x100066000,W
0x400108,0x100067000,W
0x400100,0x100067000,W
0x400104,0x100068000,W
0x400108,0x100068000,R
0x401100,0x100018000,R
0x401104,0x100019000,R
0x401108,0x10001a000,R
0x401100,0x10001b000,R
0x401104,0x10001c000,R
0x401108,0x10001d000,R
0x402100,0x100111000,R
0x402104,0x100111000,R
0x402100,0x100111000,R
0x402104,0x100111000,W
0x403100,0x100496000,R
0x403104,0x100497000,R
0x403100,0x100498000,R
0x403104,0x100499000,R
0x404100,0x100122000,R
0x404104,0x100122000,R
0x404108,0x100122000,R
0x40410c,0x100122000,R
0x400100,0x100072000,W
0x400104,0x100072000,W
0x400108,0x100073000,W
0x400100,0x100073000,W
0x400104,0x100074000,W
0x400108,0x100074000,R
0x401100,0x100030000,R
0x401104,0x100031000,R
0x401108,0x100032000,R
0x401100,0x100033000,R
0x401104,0x100034000,R
0x401108,0x100035000,R
0x402100,0x100117000,R
0x402104,0x100117000,R
0x402100,0x100117000,R
0x402104,0x100117000,W
0x403100,0x1004ae000,R
0x403104,0x1004af000,R
0x403100,0x1004b0000,R
0x403104,0x1004b1000,R
0x404100,0x100123000,R
0x404104,0x100123000,R
0x404108,0x100123000,R
0x40410c,0x100123000,R
0x400100,0x10007e000,W
0x400104,0x10007e000,W
0x400108,0x10007f000,W
0x400100,0x10007f000,W
0x400104,0x100080000,W
0x400108,0x100080000,R
0x401100,0x100048000,R
0x401104,0x100049000,R
0x401108,0x10004a000,R
0x401100,0x10004b000,R
0x401104,0x10004c000,R
0x401108,0x10004d000,R
0x402100,0x10011d000,R
0x402104,0x10011d000,R
0x402100,0x10011d000,R
0x402104,0x10011d000,W
0x403100,0x1004c6000,R
0x403104,0x1004c7000,R
0x403100,0x1004c8000,R
0x403104,0x1004c9000,R
0x404100,0x100124000,R
0x404104,0x100124000,R
0x404108,0x100124000,R
0x40410c,0x100124000,R
0x400100,0x10008a000,W
0x400104,0x10008a000,W
0x400108,0x10008b000,W
0x400100,0x10008b000,W
0x400104,0x10008c000,W
0x400108,0x10008c000,R
0x401100,0x100000000,R
0x401104,0x100001000,R
0x401108,0x100002000,R
0x401100,0x100003000,R
0x401104,0x100004000,R
0x401108,0x100005000,R
0x402100,0x1000c3000,R
0x402104,0x1000c3000,R
0x402100,0x1000c3000,R
0x402104,0x1000c3000,W
0x403100,0x1004de000,R
0x403104,0x1004df000,R
0x403100,0x1004e0000,R
0x403104,0x1004e1000,R
0x404100,0x100125000,R
0x404104,0x100125000,R
0x404108,0x100125000,R
0x40410c,0x100125000,R
0x400100,0x100096000,W
0x400104,0x100096000,W
0x400108,0x100097000,W
0x400100,0x100097000,W
0x400104,0x100098000,W
0x400108,0x100098000,R
0x401100,0x100018000,R
0x401104,0x100019000,R
0x401108,0x10001a000,R
0x401100,0x10001b000,R
0x401104,0x10001c000,R
0x401108,0x10001d000,R
0x402100,0x1000c9000,R
0x402104,0x1000c9000,R
0x402100,0x1000c9000,R
0x402104,0x1000c9000,W
0x403100,0x1004f6000,R
0x403104,0x1004f7000,R
0x403100,0x1004f8000,R
0x403104,0x1004f9000,R
0x404100,0x100126000,R
0x404104,0x100126000,R
0x404108,0x100126000,R
0x40410c,0x100126000,R
0x400100,0x1000a2000,W
0x400104,0x1000a2000,W
0x400108,0x1000a3000,W
0x400100,0x1000a3000,W
0x400104,0x1000a4000,W
0x400108,0x1000a4000,R
0x401100,0x100030000,R
0x401104,0x100031000,R
0x401108,0x100032000,R
0x401100,0x100033000,R
0x401104,0x100034000,R
0x401108,0x100035000,R
0x402100,0x1000cf000,R
0x402104,0x1000cf000,R
0x402100,0x1000cf000,R
0x402104,0x1000cf000,W
0x403100,0x10050e000,R
0x403104,0x10050f000,R
0x403100,0x100510000,R
0x403104,0x100511000,R
0x404100,0x100127000,R
0x404104,0x100127000,R
0x404108,0x100127000,R
0x40410c,0x100127000,R
0x400100,0x1000ae000,W
0x400104,0x1000ae000,W
0x400108,0x1000af000,W
0x400100,0x1000af000,W
0x400104,0x1000b0000,W
0x400108,0x1000b0000,R
0x401100,0x100048000,R
0x401104,0x100049000,R
0x401108,0x10004a000,R
0x401100,0x10004b000,R
0x401104,0x10004c000,R
0x401108,0x10004d000,R
0x402100,0x1000d5000,R
0x402104,0x1000d5000,R
0x402100,0x1000d5000,R
0x402104,0x1000d5000,W
0x403100,0x100526000,R
0x403104,0x100527000,R
0x403100,0x100528000,R
0x403104,0x100529000,R
0x404100,0x100128000,R
0x404104,0x100128000,R
0x404108,0x100128000,R
0x40410c,0x100128000,R
0x400100,0x1000ba000,W
0x400104,0x1000ba000,W
0x400108,0x1000bb000,W
0x400100,0x1000bb000,W
0x400104,0x1000bc000,W
0x400108,0x1000bc000,R
0x401100,0x100000000,R
0x401104,0x100001000,R
0x401108,0x100002000,R
0x401100,0x100003000,R
0x401104,0x100004000,R
0x401108,0x100005000,R
0x402100,0x1000db000,R
0x402104,0x1000db000,R
0x402100,0x1000db000,R
0x402104,0x1000db000,W
0x403100,0x10053e000,R
0x403104,0x10053f000,R
0x403100,0x100540000,R
0x403104,0x100541000,R
0x404100,0x100129000,R
0x404104,0x100129000,R
0x404108,0x100129000,R
0x40410c,0x100129000,R
0x400100,0x100066000,W
0x400104,0x100066000,W
0x400108,0x100067000,W
0x400100,0x100067000,W
0x400104,0x100068000,W
0x400108,0x100068000,R
0x401100,0x100018000,R
0x401104,0x100019000,R
0x401108,0x10001a000,R
0x401100,0x10001b000,R
0x401104,0x10001c000,R
0x401108,0x10001d000,R
0x402100,0x1000e1000,R
0x402104,0x1000e1000,R
0x402100,0x1000e1000,R
0x402104,0x1000e1000,W
0x403100,0x100556000,R
0x403104,0x100557000,R
0x403100,0x100558000,R
0x403104,0x100559000,R
0x404100,0x10012a000,R
0x404104,0x10012a000,R
0x404108,0x10012a000,R
0x40410c,0x10012a000,R
0x400100,0x100072000,W
0x400104,0x100072000,W
0x400108,0x100073000,W
0x400100,0x100073000,W
0x400104,0x100074000,W
0x400108,0x100074000,R
0x401100,0x100030000,R
0x401104,0x100031000,R
0x401108,0x100032000,R
0x401100,0x100033000,R
0x401104,0x100034000,R
0x401108,0x100035000,R
0x402100,0x1000e7000,R
0x402104,0x1000e7000,R
0x402100,0x1000e7000,R
0x402104,0x1000e7000,W
0x403100,0x10056e000,R
0x403104,0x10056f000,R
0x403100,0x100570000,R
0x403104,0x100571000,R
0x404100,0x10012b000,R
0x404104,0x10012b000,R
0x404108,0x10012b000,R
0x40410c,0x10012b000,R
0x400100,0x10007e000,W
0x400104,0x10007e000,W
0x400108,0x10007f000,W
0x400100,0x10007f000,W
0x400104,0x100080000,W
0x400108,0x100080000,R
0x401100,0x100048000,R
0x401104,0x100049000,R
0x401108,0x10004a000,R
0x401100,0x10004b000,R
0x401104,0x10004c000,R
0x401108,0x10004d000,R
0x402100,0x1000ed000,R
0x402104,0x1000ed000,R
0x402100,0x1000ed000,R
0x402104,0x1000ed000,W
0x403100,0x100586000,R
0x403104,0x100587000,R
0x403100,0x100588000,R
0x403104,0x100589000,R
0x404100,0x10012c000,R
0x404104,0x10012c000,R
0x404108,0x10012c000,R
0x40410c,0x10012c000,R
0x400100,0x10008a000,W
0x400104,0x10008a000,W
0x400108,0x10008b000,W
0x400100,0x10008b000,W
0x400104,0x10008c000,W
0x400108,0x10008c000,R
0x401100,0x100000000,R
0x401104,0x100001000,R
0x401108,0x100002000,R
0x401100,0x100003000,R
0x401104,0x100004000,R
0x401108,0x100005000,R
0x402100,0x1000f3000,R
0x402104,0x1000f3000,R
0x402100,0x1000f3000,R
0x402104,0x1000f3000,W
0x403100,0x10059e000,R
0x403104,0x10059f000,R
0x403100,0x1005a0000,R
0x403104,0x1005a1000,R
0x404100,0x10012d000,R
0x404104,0x10012d000,R
0x404108,0x10012d000,R
0x40410c,0x10012d000,R
0x400100,0x100096000,W
0x400104,0x100096000,W
0x400108,0x100097000,W
0x400100,0x100097000,W
0x400104,0x100098000,W
0x400108,0x100098000,R
0x401100,0x100018000,R
0x401104,0x100019000,R
0x401108,0x10001a000,R
0x401100,0x10001b000,R
0x401104,0x10001c000,R
0x401108,0x10001d000,R
0x402100,0x1000f9000,R
0x402104,0x1000f9000,R
0x402100,0x1000f9000,R
0x402104,0x1000f9000,W
0x403100,0x1005b6000,R
0x403104,0x1005b7000,R
0x403100,0x1005b8000,R
0x403104,0x1005b9000,R
0x404100,0x10012e000,R
0x404104,0x10012e000,R
0x404108,0x10012e000,R
0x40410c,0x10012e000,R
0x400100,0x1000a2000,W
0x400104,0x1000a2000,W
0x400108,0x1000a3000,W
0x400100,0x1000a3000,W
0x400104,0x1000a4000,W
0x400108,0x1000a4000,R
0x401100,0x100030000,R
0x401104,0x100031000,R
0x401108,0x100032000,R
0x401100,0x100033000,R
0x401104,0x100034000,R
0x401108,0x100035000,R
0x402100,0x1000ff000,R
0x402104,0x1000ff000,R
0x402100,0x1000ff000,R
0x402104,0x1000ff000,W
0x403100,0x1005ce000,R
0x403104,0x1005cf000,R
0x403100,0x1005d0000,R
0x403104,0x1005d1000,R
0x404100,0x10012f000,R
0x404104,0x10012f000,R
0x404108,0x10012f000,R
0x40410c,0x10012f000,R
0x400100,0x1000ae000,W
0x400104,0x1000ae000,W
0x400108,0x1000af000,W
0x400100,0x1000af000,W
0x400104,0x1000b0000,W
0x400108,0x1000b0000,R
0x401100,0x100048000,R
0x401104,0x100049000,R
0x401108,0x10004a000,R
0x401100,0x10004b000,R
0x401104,0x10004c000,R
0x401108,0x10004d000,R
0x402100,0x100105000,R
0x402104,0x100105000,R
0x402100,0x100105000,R
0x402104,0x100105000,W
0x403100,0x1005e6000,R
0x403104,0x1005e7000,R
0x403100,0x1005e8000,R
0x403104,0x1005e9000,R
0x404100,0x100130000,R
0x404104,0x100130000,R
0x404108,0x100130000,R
0x40410c,0x100130000,R
0x400100,0x1000ba000,W
0x400104,0x1000ba000,W
0x400108,0x1000bb000,W
0x400100,0x1000bb000,W
0x400104,0x1000bc000,W
0x400108,0x1000bc000,R
0x401100,0x100000000,R
0x401104,0x100001000,R
0x401108,0x100002000,R
0x401100,0x100003000,R
0x401104,0x100004000,R
0x401108,0x100005000,R
0x402100,0x10010b000,R
0x402104,0x10010b000,R
0x402100,0x10010b000,R
0x402104,0x10010b000,W
0x403100,0x1005fe000,R
0x403104,0x1005ff000,R
0x403100,0x100180000,R
0x403104,0x100181000,R
0x404100,0x100131000,R
0x404104,0x100131000,R
0x404108,0x100131000,R
0x40410c,0x100131000,R
0x400100,0x100066000,W
0x400104,0x100066000,W
0x400108,0x100067000,W
0x400100,0x100067000,W
0x400104,0x100068000,W
0x400108,0x100068000,R
0x401100,0x100018000,R
0x401104,0x100019000,R
0x401108,0x10001a000,R
0x401100,0x10001b000,R
0x401104,0x10001c000,R
0x401108,0x10001d000,R
0x402100,0x100111000,R
0x402104,0x100111000,R
0x402100,0x100111000,R
0x402104,0x100111000,W
0x403100,0x100196000,R
0x403104,0x100197000,R
0x403100,0x100198000,R
0x403104,0x100199000,R
0x404100,0x100132000,R
0x404104,0x100132000,R
0x404108,0x100132000,R
0x40410c,0x100132000,R
0x400100,0x100072000,W
0x400104,0x100072000,W
0x400108,0x100073000,W
0x400100,0x100073000,W
0x400104,0x100074000,W
0x400108,0x100074000,R
0x401100,0x100030000,R
0x401104,0x100031000,R
0x401108,0x100032000,R
0x401100,0x100033000,R
0x401104,0x100034000,R
0x401108,0x100035000,R
0x402100,0x100117000,R
0x402104,0x100117000,R
0x402100,0x100117000,R
0x402104,0x100117000,W
0x403100,0x1001ae000,R
0x403104,0x1001af000,R
0x403100,0x1001b0000,R
0x403104,0x1001b1000,R
0x404100,0x100133000,R
0x404104,0x100133000,R
0x404108,0x100133000,R
0x40410c,0x100133000,R
0x400100,0x10007e000,W
0x400104,0x10007e000,W
0x400108,0x10007f000,W
0x400100,0x10007f000,W
0x400104,0x100080000,W
0x400108,0x100080000,R
0x401100,0x100048000,R
0x401104,0x100049000,R
0x401108,0x10004a000,R
0x401100,0x10004b000,R
0x401104,0x10004c000,R
0x401108,0x10004d000,R
0x402100,0x10011d000,R
0x402104,0x10011d000,R
0x402100,0x10011d000,R
0x402104,0x10011d000,W
0x403100,0x1001c6000,R
0x403104,0x1001c7000,R
0x403100,0x1001c8000,R
0x403104,0x1001c9000,R
0x404100,0x100134000,R
0x404104,0x100134000,R
0x404108,0x100134000,R
0x40410c,0x100134000,R
0x400100,0x10008a000,W
0x400104,0x10008a000,W
0x400108,0x10008b000,W
0x400100,0x10008b000,W
0x400104,0x10008c000,W
0x400108,0x10008c000,R
0x401100,0x100000000,R
0x401104,0x100001000,R
0x401108,0x100002000,R
0x401100,0x100003000,R
0x401104,0x100004000,R
0x401108,0x100005000,R
0x402100,0x1000c3000,R
0x402104,0x1000c3000,R
0x402100,0x1000c3000,R
0x402104,0x1000c3000,W
0x403100,0x1001de000,R
0x403104,0x1001df000,R
0x403100,0x1001e0000,R
0x403104,0x1001e1000,R
0x404100,0x100135000,R
0x404104,0x100135000,R
0x404108,0x100135000,R
0x40410c,0x100135000,R
0x400100,0x100096000,W
0x400104,0x100096000,W
0x400108,0x100097000,W
0x400100,0x100097000,W
0x400104,0x100098000,W
0x400108,0x100098000,R
0x401100,0x100018000,R
0x401104,0x100019000,R
0x401108,0x10001a000,R
0x401100,0x10001b000,R
0x401104,0x10001c000,R
0x401108,0x10001d000,R
0x402100,0x1000c9000,R
0x402104,0x1000c9000,R
0x402100,0x1000c9000,R
0x402104,0x1000c9000,W
0x403100,0x1001f6000,R
0x403104,0x1001f7000,R
0x403100,0x1001f8000,R
0x403104,0x1001f9000,R
0x404100,0x100136000,R
0x404104,0x100136000,R
0x404108,0x100136000,R
0x40410c,0x100136000,R
0x400100,0x1000a2000,W
0x400104,0x1000a2000,W
0x400108,0x1000a3000,W
0x400100,0x1000a3000,W
0x400104,0x1000a4000,W
0x400108,0x1000a4000,R
0x401100,0x100030000,R
0x401104,0x100031000,R
0x401108,0x100032000,R
0x401100,0x100033000,R
0x401104,0x100034000,R
0x401108,0x100035000,R
0x402100,0x1000cf000,R
0x402104,0x1000cf000,R
0x402100,0x1000cf000,R
0x402104,0x1000cf000,W
0x403100,0x10020e000,R
0x403104,0x10020f000,R
0x403100,0x100210000,R
0x403104,0x100211000,R
0x404100,0x100137000,R
0x404104,0x100137000,R
0x404108,0x100137000,R
0x40410c,0x100137000,R
0x400100,0x1000ae000,W
0x400104,0x1000ae000,W
0x400108,0x1000af000,W
0x400100,0x1000af000,W
0x400104,0x1000b0000,W
0x400108,0x1000b0000,R
0x401100,0x100048000,R
0x401104,0x100049000,R
0x401108,0x10004a000,R
0x401100,0x10004b000,R
0x401104,0x10004c000,R
0x401108,0x10004d000,R
0x402100,0x1000d5000,R
0x402104,0x1000d5000,R
0x402100,0x1000d5000,R
0x402104,0x1000d5000,W
0x403100,0x100226000,R
0x403104,0x100227000,R
0x403100,0x100228000,R
0x403104,0x100229000,R
0x404100,0x100138000,R
0x404104,0x100138000,R
0x404108,0x100138000,R
0x40410c,0x100138000,R
0x400100,0x1000ba000,W
0x400104,0x1000ba000,W
0x400108,0x1000bb000,W
0x400100,0x1000bb000,W
0x400104,0x1000bc000,W
0x400108,0x1000bc000,R
0x401100,0x100000000,R
0x401104,0x100001000,R
0x401108,0x100002000,R
0x401100,0x100003000,R
0x401104,0x100004000,R
0x401108,0x100005000,R
0x402100,0x1000db000,R
0x402104,0x1000db000,R
0x402100,0x1000db000,R
0x402104,0x1000db000,W
0x403100,0x10023e000,R
0x403104,0x10023f000,R
0x403100,0x100240000,R
0x403104,0x100241000,R
0x404100,0x100139000,R
0x404104,0x100139000,R
0x404108,0x100139000,R
0x40410c,0x100139000,R
0x400100,0x100066000,W
0x400104,0x100066000,W
0x400108,0x100067000,W
0x400100,0x100067000,W
0x400104,0x100068000,W
0x400108,0x100068000,R
0x401100,0x100018000,R
0x401104,0x100019000,R
0x401108,0x10001a000,R
0x401100,0x10001b000,R
0x401104,0x10001c000,R
0x401108,0x10001d000,R
0x402100,0x1000e1000,R
0x402104,0x1000e1000,R
0x402100,0x1000e1000,R
0x402104,0x1000e1000,W
0x403100,0x100256000,R
0x403104,0x100257000,R
0x403100,0x100258000,R
0x403104,0x100259000,R
0x404100,0x10013a000,R
0x404104,0x10013a000,R
0x404108,0x10013a000,R
0x40410c,0x10013a000,R
0x400100,0x100072000,W
0x400104,0x100072000,W
0x400108,0x100073000,W
0x400100,0x100073000,W
0x400104,0x100074000,W
0x400108,0x100074000,R
0x401100,0x100030000,R
0x401104,0x100031000,R
0x401108,0x100032000,R
0x401100,0x100033000,R
0x401104,0x100034000,R
0x401108,0x100035000,R
0x402100,0x1000e7000,R
0x402104,0x1000e7000,R
0x402100,0x1000e7000,R
0x402104,0x1000e7000,W
0x403100,0x10026e000,R
0x403104,0x10026f000,R
0x403100,0x100270000,R
0x403104,0x100271000,R
0x404100,0x10013b000,R
0x404104,0x10013b000,R
0x404108,0x10013b000,R
0x40410c,0x10013b000,R
0x400100,0x10007e000,W
0x400104,0x10007e000,W
0x400108,0x10007f000,W
0x400100,0x10007f000,W
0x400104,0x100080000,W
0x400108,0x100080000,R
0x401100,0x100048000,R
0x401104,0x100049000,R
0x401108,0x10004a000,R
0x401100,0x10004b000,R
0x401104,0x10004c000,R
0x401108,0x10004d000,R
0x402100,0x1000ed000,R
0x402104,0x1000ed000,R
0x402100,0x1000ed000,R
0x402104,0x1000ed000,W
0x403100,0x100286000,R
0x403104,0x100287000,R
0x403100,0x100288000,R
0x403104,0x100289000,R
0x404100,0x10013c000,R
0x404104,0x10013c000,R
0x404108,0x10013c000,R
0x40410c,0x10013c000,R
0x400100,0x10008a000,W
0x400104,0x10008a000,W
0x400108,0x10008b000,W
0x400100,0x10008b000,W
0x400104,0x10008c000,W
0x400108,0x10008c000,R
0x401100,0x100000000,R
0x401104,0x100001000,R
0x401108,0x100002000,R
0x401100,0x100003000,R
0x401104,0x100004000,R
0x401108,0x100005000,R
0x402100,0x1000f3000,R
0x402104,0x1000f3000,R
0x402100,0x1000f3000,R
0x402104,0x1000f3000,W
0x403100,0x10029e000,R
0x403104,0x10029f000,R
0x403100,0x1002a0000,R
0x403104,0x1002a1000,R
0x404100,0x10013d000,R
0x404104,0x10013d000,R
0x404108,0x10013d000,R
0x40410c,0x10013d000,R
0x400100,0x100096000,W
0x400104,0x100096000,W
0x400108,0x100097000,W
0x400100,0x100097000,W
0x400104,0x100098000,W
0x400108,0x100098000,R
0x401100,0x100018000,R
0x401104,0x100019000,R
0x401108,0x10001a000,R
0x401100,0x10001b000,R
0x401104,0x10001c000,R
0x401108,0x10001d000,R
0x402100,0x1000f9000,R
0x402104,0x1000f9000,R
0x402100,0x1000f9000,R
0x402104,0x1000f9000,W
0x403100,0x1002b6000,R
0x403104,0x1002b7000,R
0x403100,0x1002b8000,R
0x403104,0x1002b9000,R
0x404100,0x10013e000,R
0x404104,0x10013e000,R
0x404108,0x10013e000,R
0x40410c,0x10013e000,R
0x400100,0x1000a2000,W
0x400104,0x1000a2000,W
0x400108,0x1000a3000,W
0x400100,0x1000a3000,W
0x400104,0x1000a4000,W
0x400108,0x1000a4000,R
0x401100,0x100030000,R
0x401104,0x100031000,R
0x401108,0x100032000,R
0x401100,0x100033000,R
0x401104,0x100034000,R
0x401108,0x100035000,R
0x402100,0x1000ff000,R
0x402104,0x1000ff000,R
0x402100,0x1000ff000,R
0x402104,0x1000ff000,W
0x403100,0x1002ce000,R
0x403104,0x1002cf000,R
0x403100,0x1002d0000,R
0x403104,0x1002d1000,R
0x404100,0x10013f000,R
0x404104,0x10013f000,R
0x404108,0x10013f000,R
0x40410c,0x10013f000,R
0x400100,0x1000ae000,W
0x400104,0x1000ae000,W
0x400108,0x1000af000,W
0x400100,0x1000af000,W
0x400104,0x1000b0000,W
0x400108,0x1000b0000,R
0x401100,0x100048000,R
0x401104,0x100049000,R
0x401108,0x10004a000,R
0x401100,0x10004b000,R
0x401104,0x10004c000,R
0x401108,0x10004d000,R
0x402100,0x100105000,R
0x402104,0x100105000,R
0x402100,0x100105000,R
0x402104,0x100105000,W
0x403100,0x1002e6000,R
0x403104,0x1002e7000,R
0x403100,0x1002e8000,R
0x403104,0x1002e9000,R
0x404100,0x100140000,R
0x404104,0x100140000,R
0x404108,0x100140000,R
0x40410c,0x100140000,R
0x400100,0x1000ba000,W
0x400104,0x1000ba000,W
0x400108,0x1000bb000,W
0x400100,0x1000bb000,W
0x400104,0x1000bc000,W
0x400108,0x1000bc000,R
0x401100,0x100000000,R
0x401104,0x100001000,R
0x401108,0x100002000,R
0x401100,0x100003000,R
0x401104,0x100004000,R
0x401108,0x100005000,R
0x402100,0x10010b000,R
0x402104,0x10010b000,R
0x402100,0x10010b000,R
0x402104,0x10010b000,W
0x403100,0x1002fe000,R
0x403104,0x1002ff000,R
0x403100,0x100300000,R
0x403104,0x100301000,R
0x404100,0x100141000,R
0x404104,0x100141000,R
0x404108,0x100141000,R
0x40410c,0x100141000,R
0x400100,0x100066000,W
0x400104,0x100066000,W
0x400108,0x100067000,W
0x400100,0x100067000,W
0x400104,0x100068000,W
0x400108,0x100068000,R
0x401100,0x100018000,R
0x401104,0x100019000,R
0x401108,0x10001a000,R
0x401100,0x10001b000,R
0x401104,0x10001c000,R
0x401108,0x10001d000,R
0x402100,0x100111000,R
0x402104,0x100111000,R
0x402100,0x100111000,R
0x402104,0x100111000,W
0x403100,0x100316000,R
0x403104,0x100317000,R
0x403100,0x100318000,R
0x403104,0x100319000,R
0x404100,0x100142000,R
0x404104,0x100142000,R
0x404108,0x100142000,R
0x40410c,0x100142000,R
0x400100,0x100072000,W
0x400104,0x100072000,W
0x400108,0x100073000,W
0x400100,0x100073000,W
0x400104,0x100074000,W
0x400108,0x100074000,R
0x401100,0x100030000,R
0x401104,0x100031000,R
0x401108,0x100032000,R
0x401100,0x100033000,R
0x401104,0x100034000,R
0x401108,0x100035000,R
0x402100,0x100117000,R
0x402104,0x100117000,R
0x402100,0x100117000,R
0x402104,0x100117000,W
0x403100,0x10032e000,R
0x403104,0x10032f000,R
0x403100,0x100330000,R
0x403104,0x100331000,R
0x404100,0x100143000,R
0x404104,0x100143000,R
0x404108,0x100143000,R
0x40410c,0x100143000,R
0x400100,0x10007e000,W
0x400104,0x10007e000,W
0x400108,0x10007f000,W
0x400100,0x10007f000,W
0x400104,0x100080000,W
0x400108,0x100080000,R
0x401100,0x100048000,R
0x401104,0x100049000,R
0x401108,0x10004a000,R
0x401100,0x10004b000,R
0x401104,0x10004c000,R
0x401108,0x10004d000,R
0x402100,0x10011d000,R
0x402104,0x10011d000,R
0x402100,0x10011d000,R
0x402104,0x10011d000,W
0x403100,0x100346000,R
0x403104,0x100347000,R
0x403100,0x100348000,R
0x403104,0x100349000,R
0x404100,0x100144000,R
0x404104,0x100144000,R
0x404108,0x100144000,R
0x40410c,0x100144000,R
0x400100,0x10008a000,W
0x400104,0x10008a000,W
0x400108,0x10008b000,W
0x400100,0x10008b000,W
0x400104,0x10008c000,W
0x400108,0x10008c000,R
0x401100,0x100000000,R
0x401104,0x100001000,R
0x401108,0x100002000,R
0x401100,0x100003000,R
0x401104,0x100004000,R
0x401108,0x100005000,R
0x402100,0x1000c3000,R
0x402104,0x1000c3000,R
0x402100,0x1000c3000,R
0x402104,0x1000c3000,W
0x403100,0x10035e000,R
0x403104,0x10035f000,R
0x403100,0x100360000,R
0x403104,0x100361000,R
0x404100,0x100145000,R
0x404104,0x100145000,R
0x404108,0x100145000,R
0x40410c,0x100145000,R
0x400100,0x100096000,W
0x400104,0x100096000,W
0x400108,0x100097000,W
0x400100,0x100097000,W
0x400104,0x100098000,W
0x400108,0x100098000,R
0x401100,0x100018000,R
0x401104,0x100019000,R
0x401108,0x10001a000,R
0x401100,0x10001b000,R
0x401104,0x10001c000,R
0x401108,0x10001d000,R
0x402100,0x1000c9000,R
0x402104,0x1000c9000,R
0x402100,0x1000c9000,R
0x402104,0x1000c9000,W
0x403100,0x100376000,R
0x403104,0x100377000,R
0x403100,0x100378000,R
0x403104,0x100379000,R
0x404100,0x100146000,R
0x404104,0x100146000,R
0x404108,0x100146000,R
0x40410c,0x100146000,R
0x400100,0x1000a2000,W
0x400104,0x1000a2000,W
0x400108,0x1000a3000,W
0x400100,0x1000a3000,W
0x400104,0x1000a4000,W
0x400108,0x1000a4000,R
0x401100,0x100030000,R
0x401104,0x100031000,R
0x401108,0x100032000,R
0x401100,0x100033000,R
0x401104,0x100034000,R
0x401108,0x100035000,R
0x402100,0x1000cf000,R
0x402104,0x1000cf000,R
0x402100,0x1000cf000,R
0x402104,0x1000cf000,W
0x403100,0x10038e000,R
0x403104,0x10038f000,R
0x403100,0x100390000,R
0x403104,0x100391000,R
0x404100,0x100147000,R
0x404104,0x100147000,R
0x404108,0x100147000,R
0x40410c,0x100147000,R
0x400100,0x1000ae000,W
0x400104,0x1000ae000,W
0x400108,0x1000af000,W
0x400100,0x1000af000,W
0x400104,0x1000b0000,W
0x400108,0x1000b0000,R
0x401100,0x100048000,R
0x401104,0x100049000,R
0x401108,0x10004a000,R
0x401100,0x10004b000,R
0x401104,0x10004c000,R
0x401108,0x10004d000,R
0x402100,0x1000d5000,R
0x402104,0x1000d5000,R
0x402100,0x1000d5000,R
0x402104,0x1000d5000,W
0x403100,0x1003a6000,R
0x403104,0x1003a7000,R
0x403100,0x1003a8000,R
0x403104,0x1003a9000,R
0x404100,0x100148000,R
0x404104,0x100148000,R
0x404108,0x100148000,R
0x40410c,0x100148000,R
0x400100,0x1000ba000,W
0x400104,0x1000ba000,W
0x400108,0x1000bb000,W
0x400100,0x1000bb000,W
0x400104,0x1000bc000,W
0x400108,0x1000bc000,R
0x401100,0x100000000,R
0x401104,0x100001000,R
0x401108,0x100002000,R
0x401100,0x100003000,R
0x401104,0x100004000,R
0x401108,0x100005000,R
0x402100,0x1000db000,R
0x402104,0x1000db000,R
0x402100,0x1000db000,R
0x402104,0x1000db000,W
0x403100,0x1003be000,R
0x403104,0x1003bf000,R
0x403100,0x1003c0000,R
0x403104,0x1003c1000,R
0x404100,0x100149000,R
0x404104,0x100149000,R
0x404108,0x100149000,R
0x40410c,0x100149000,R
0x400100,0x100066000,W
0x400104,0x100066000,W
0x400108,0x100067000,W
0x400100,0x100067000,W
0x400104,0x100068000,W
0x400108,0x100068000,R
0x401100,0x100018000,R
0x401104,0x100019000,R
0x401108,0x10001a000,R
0x401100,0x10001b000,R
0x401104,0x10001c000,R
0x401108,0x10001d000,R
0x402100,0x1000e1000,R
0x402104,0x1000e1000,R
0x402100,0x1000e1000,R
0x402104,0x1000e1000,W
0x403100,0x1003d6000,R
0x403104,0x1003d7000,R
0x403100,0x1003d8000,R
0x403104,0x1003d9000,R
0x404100,0x10014a000,R
0x404104,0x10014a000,R
0x404108,0x10014a000,R
0x40410c,0x10014a000,R
0x400100,0x100072000,W
0x400104,0x100072000,W
0x400108,0x100073000,W
0x400100,0x100073000,W
0x400104,0x100074000,W
0x400108,0x100074000,R
0x401100,0x100030000,R
0x401104,0x100031000,R
0x401108,0x100032000,R
0x401100,0x100033000,R
0x401104,0x100034000,R
0x401108,0x100035000,R
0x402100,0x1000e7000,R
0x402104,0x1000e7000,R
0x402100,0x1000e7000,R
0x402104,0x1000e7000,W
0x403100,0x1003ee000,R
0x403104,0x1003ef000,R
0x403100,0x1003f0000,R
0x403104,0x1003f1000,R
0x404100,0x10014b000,R
0x404104,0x10014b000,R
0x404108,0x10014b000,R
0x40410c,0x10014b000,R
0x400100,0x10007e000,W
0x400104,0x10007e000,W
0x400108,0x10007f000,W
0x400100,0x10007f000,W
0x400104,0x100080000,W
0x400108,0x100080000,R
0x401100,0x100048000,R
0x401104,0x100049000,R
0x401108,0x10004a000,R
0x401100,0x10004b000,R
0x401104,0x10004c000,R
0x401108,0x10004d000,R
0x402100,0x1000ed000,R
0x402104,0x1000ed000,R
0x402100,0x1000ed000,R
0x402104,0x1000ed000,W
0x403100,0x100406000,R
0x403104,0x100407000,R
0x403100,0x100408000,R
0x403104,0x100409000,R
0x404100,0x10014c000,R
0x404104,0x10014c000,R
0x404108,0x10014c000,R
0x40410c,0x10014c000,R
0x400100,0x10008a000,W
0x400104,0x10008a000,W
0x400108,0x10008b000,W
0x400100,0x10008b000,W
0x400104,0x10008c000,W
0x400108,0x10008c000,R
0x401100,0x100000000,R
0x401104,0x100001000,R
0x401108,0x100002000,R
0x401100,0x100003000,R
0x401104,0x100004000,R
0x401108,0x100005000,R
0x402100,0x1000f3000,R
0x402104,0x1000f3000,R
0x402100,0x1000f3000,R
0x402104,0x1000f3000,W
0x403100,0x10041e000,R
0x403104,0x10041f000,R
0x403100,0x100420000,R
0x403104,0x100421000,R
0x404100,0x10014d000,R
0x404104,0x10014d000,R
0x404108,0x10014d000,R
0x40410c,0x10014d000,R
0x400100,0x100096000,W
0x400104,0x100096000,W
0x400108,0x100097000,W
0x400100,0x100097000,W
0x400104,0x100098000,W
0x400108,0x100098000,R
0x401100,0x100018000,R
0x401104,0x100019000,R
0x401108,0x10001a000,R
0x401100,0x10001b000,R
0x401104,0x10001c000,R
0x401108,0x10001d000,R
0x402100,0x1000f9000,R
0x402104,0x1000f9000,R
0x402100,0x1000f9000,R
0x402104,0x1000f9000,W
0x403100,0x100436000,R
0x403104,0x100437000,R
0x403100,0x100438000,R
0x403104,0x100439000,R
0x404100,0x10014e000,R
0x404104,0x10014e000,R
0x404108,0x10014e000,R
0x40410c,0x10014e000,R
0x400100,0x1000a2000,W
0x400104,0x1000a2000,W
0x400108,0x1000a3000,W
0x400100,0x1000a3000,W
0x400104,0x1000a4000,W
0x400108,0x1000a4000,R
0x401100,0x100030000,R
0x401104,0x100031000,R
0x401108,0x100032000,R
0x401100,0x100033000,R
0x401104,0x100034000,R
0x401108,0x100035000,R
0x402100,0x1000ff000,R
0x402104,0x1000ff000,R
0x402100,0x1000ff000,R
0x402104,0x1000ff000,W
0x403100,0x10044e000,R
0x403104,0x10044f000,R
0x403100,0x100450000,R
0x403104,0x100451000,R
0x404100,0x10014f000,R
0x404104,0x10014f000,R
0x404108,0x10014f000,R
0x40410c,0x10014f000,R
0x400100,0x1000ae000,W
0x400104,0x1000ae000,W
0x400108,0x1000af000,W
0x400100,0x1000af000,W
0x400104,0x1000b0000,W
0x400108,0x1000b0000,R
0x401100,0x100048000,R
0x401104,0x100049000,R
0x401108,0x10004a000,R
0x401100,0x10004b000,R
0x401104,0x10004c000,R
0x401108,0x10004d000,R
0x402100,0x100105000,R
0x402104,0x100105000,R
0x402100,0x100105000,R
0x402104,0x100105000,W
0x403100,0x100466000,R
0x403104,0x100467000,R
0x403100,0x100468000,R
0x403104,0x100469000,R
0x404100,0x100150000,R
0x404104,0x100150000,R
0x404108,0x100150000,R
0x40410c,0x100150000,R
0x400100,0x1000ba000,W
0x400104,0x1000ba000,W
0x400108,0x1000bb000,W
0x400100,0x1000bb000,W
0x400104,0x1000bc000,W
0x400108,0x1000bc000,R
0x401100,0x100000000,R
0x401104,0x100001000,R
0x401108,0x100002000,R
0x401100,0x100003000,R
0x401104,0x100004000,R
0x401108,0x100005000,R
0x402100,0x10010b000,R
0x402104,0x10010b000,R
0x402100,0x10010b000,R
0x402104,0x10010b000,W
0x403100,0x10047e000,R
0x403104,0x10047f000,R
0x403100,0x100480000,R
0x403104,0x100481000,R
0x404100,0x100151000,R
0x404104,0x100151000,R
0x404108,0x100151000,R
0x40410c,0x100151000,R
0x400100,0x100066000,W
0x400104,0x100066000,W
0x400108,0x100067000,W
0x400100,0x100067000,W
0x400104,0x100068000,W
0x400108,0x100068000,R
0x401100,0x100018000,R
0x401104,0x100019000,R
0x401108,0x10001a000,R
0x401100,0x10001b000,R
0x401104,0x10001c000,R
0x401108,0x10001d000,R
0x402100,0x100111000,R
0x402104,0x100111000,R
0x402100,0x100111000,R
0x402104,0x100111000,W
0x403100,0x100496000,R
0x403104,0x100497000,R
0x403100,0x100498000,R
0x403104,0x100499000,R
0x404100,0x100152000,R
0x404104,0x100152000,R
0x404108,0x100152000,R
0x40410c,0x100152000,R
0x400100,0x100072000,W
0x400104,0x100072000,W
0x400108,0x100073000,W
0x400100,0x100073000,W
0x400104,0x100074000,W
0x400108,0x100074000,R
0x401100,0x100030000,R
0x401104,0x100031000,R
0x401108,0x100032000,R
0x401100,0x100033000,R
0x401104,0x100034000,R
0x401108,0x100035000,R
0x402100,0x100117000,R
0x402104,0x100117000,R
0x402100,0x100117000,R
0x402104,0x100117000,W
0x403100,0x1004ae000,R
0x403104,0x1004af000,R
0x403100,0x1004b0000,R
0x403104,0x1004b1000,R
0x404100,0x100153000,R
0x404104,0x100153000,R
0x404108,0x100153000,R
0x40410c,0x100153000,R
0x400100,0x10007e000,W
0x400104,0x10007e000,W
0x400108,0x10007f000,W
0x400100,0x10007f000,W
0x400104,0x100080000,W
0x400108,0x100080000,R
0x401100,0x100048000,R
0x401104,0x100049000,R
0x401108,0x10004a000,R
0x401100,0x10004b000,R
0x401104,0x10004c000,R
0x401108,0x10004d000,R
0x402100,0x10011d000,R
0x402104,0x10011d000,R
0x402100,0x10011d000,R
0x402104,0x10011d000,W
0x403100,0x1004c6000,R
0x403104,0x1004c7000,R
0x403100,0x1004c8000,R
0x403104,0x1004c9000,R
0x404100,0x100154000,R
0x404104,0x100154000,R
0x404108,0x100154000,R
0x40410c,0x100154000,R
0x400100,0x10008a000,W
0x400104,0x10008a000,W
0x400108,0x10008b000,W
0x400100,0x10008b000,W
0x400104,0x10008c000,W
0x400108,0x10008c000,R
0x401100,0x100000000,R
0x401104,0x100001000,R
0x401108,0x100002000,R
0x401100,0x100003000,R
0x401104,0x100004000,R
0x401108,0x100005000,R
0x402100,0x1000c3000,R
0x402104,0x1000c3000,R
0x402100,0x1000c3000,R
0x402104,0x1000c3000,W
0x403100,0x1004de000,R
0x403104,0x1004df000,R
0x403100,0x1004e0000,R
0x403104,0x1004e1000,R
0x404100,0x100155000,R
0x404104,0x100155000,R
0x404108,0x100155000,R
0x40410c,0x100155000,R
0x400100,0x100096000,W
0x400104,0x100096000,W
0x400108,0x100097000,W
0x400100,0x100097000,W
0x400104,0x100098000,W
0x400108,0x100098000,R
0x401100,0x100018000,R
0x401104,0x100019000,R
0x401108,0x10001a000,R
0x401100,0x10001b000,R
0x401104,0x10001c000,R
0x401108,0x10001d000,R
0x402100,0x1000c9000,R
0x402104,0x1000c9000,R
0x402100,0x1000c9000,R
0x402104,0x1000c9000,W
0x403100,0x1004f6000,R
0x403104,0x1004f7000,R
0x403100,0x1004f8000,R
0x403104,0x1004f9000,R
0x404100,0x100156000,R
0x404104,0x100156000,R
0x404108,0x100156000,R
0x40410c,0x100156000,R
0x400100,0x1000a2000,W
0x400104,0x1000a2000,W
0x400108,0x1000a3000,W
0x400100,0x1000a3000,W
0x400104,0x1000a4000,W
0x400108,0x1000a4000,R
0x401100,0x100030000,R
0x401104,0x100031000,R
0x401108,0x100032000,R
0x401100,0x100033000,R
0x401104,0x100034000,R
0x401108,0x100035000,R
0x402100,0x1000cf000,R
0x402104,0x1000cf000,R
0x402100,0x1000cf000,R
0x402104,0x1000cf000,W
0x403100,0x10050e000,R
0x403104,0x10050f000,R
0x403100,0x100510000,R
0x403104,0x100511000,R
0x404100,0x100157000,R
0x404104,0x100157000,R
0x404108,0x100157000,R
0x40410c,0x100157000,R
0x400100,0x1000ae000,W
0x400104,0x1000ae000,W
0x400108,0x1000af000,W
0x400100,0x1000af000,W
0x400104,0x1000b0000,W
0x400108,0x1000b0000,R
0x401100,0x100048000,R
0x401104,0x100049000,R
0x401108,0x10004a000,R
0x401100,0x10004b000,R
0x401104,0x10004c000,R
0x401108,0x10004d000,R
0x402100,0x1000d5000,R
0x402104,0x1000d5000,R
0x402100,0x1000d5000,R
0x402104,0x1000d5000,W
0x403100,0x100526000,R
0x403104,0x100527000,R
0x403100,0x100528000,R
0x403104,0x100529000,R
0x404100,0x100158000,R
0x404104,0x100158000,R
0x404108,0x100158000,R
0x40410c,0x100158000,R
0x400100,0x1000ba000,W
0x400104,0x1000ba000,W
0x400108,0x1000bb000,W
0x400100,0x1000bb000,W
0x400104,0x1000bc000,W
0x400108,0x1000bc000,R
0x401100,0x100000000,R
0x401104,0x100001000,R
0x401108,0x100002000,R
0x401100,0x100003000,R
0x401104,0x100004000,R
0x401108,0x100005000,R
0x402100,0x1000db000,R
0x402104,0x1000db000,R
0x402100,0x1000db000,R
0x402104,0x1000db000,W
0x403100,0x10053e000,R
0x403104,0x10053f000,R
0x403100,0x100540000,R
0x403104,0x100541000,R
0x404100,0x100159000,R
0x404104,0x100159000,R
0x404108,0x100159000,R
0x40410c,0x100159000,R
0x400100,0x100066000,W
0x400104,0x100066000,W
0x400108,0x100067000,W
0x400100,0x100067000,W
0x400104,0x100068000,W
0x400108,0x100068000,R
0x401100,0x100018000,R
0x401104,0x100019000,R
0x401108,0x10001a000,R
0x401100,0x10001b000,R
0x401104,0x10001c000,R
0x401108,0x10001d000,R
0x402100,0x1000e1000,R
0x402104,0x1000e1000,R
0x402100,0x1000e1000,R
0x402104,0x1000e1000,W
0x403100,0x100556000,R
0x403104,0x100557000,R
0x403100,0x100558000,R
0x403104,0x100559000,R
0x404100,0x10015a000,R
0x404104,0x10015a000,R
0x404108,0x10015a000,R
0x40410c,0x10015a000,R
0x400100,0x100072000,W
0x400104,0x100072000,W
0x400108,0x100073000,W
0x400100,0x100073000,W
0x400104,0x100074000,W
0x400108,0x100074000,R
0x401100,0x100030000,R
0x401104,0x100031000,R
0x401108,0x100032000,R
0x401100,0x100033000,R
0x401104,0x100034000,R
0x401108,0x100035000,R
0x402100,0x1000e7000,R
0x402104,0x1000e7000,R
0x402100,0x1000e7000,R
0x402104,0x1000e7000,W
0x403100,0x10056e000,R
0x403104,0x10056f000,R
0x403100,0x100570000,R
0x403104,0x100571000,R
0x404100,0x10015b000,R
0x404104,0x10015b000,R
0x404108,0x10015b000,R
0x40410c,0x10015b000,R
0x400100,0x10007e000,W
0x400104,0x10007e000,W
0x400108,0x10007f000,W
0x400100,0x10007f000,W
0x400104,0x100080000,W
0x400108,0x100080000,R
0x401100,0x100048000,R
0x401104,0x100049000,R
0x401108,0x10004a000,R
0x401100,0x10004b000,R
0x401104,0x10004c000,R
0x401108,0x10004d000,R
0x402100,0x1000ed000,R
0x402104,0x1000ed000,R
0x402100,0x1000ed000,R
0x402104,0x1000ed000,W
0x403100,0x100586000,R
0x403104,0x100587000,R
0x403100,0x100588000,R
0x403104,0x100589000,R
0x404100,0x10015c000,R
0x404104,0x10015c000,R
0x404108,0x10015c000,R
0x40410c,0x10015c000,R
0x400100,0x10008a000,W
0x400104,0x10008a000,W
0x400108,0x10008b000,W
0x400100,0x10008b000,W
0x400104,0x10008c000,W
0x400108,0x10008c000,R
0x401100,0x100000000,R
0x401104,0x100001000,R
0x401108,0x100002000,R
0x401100,0x100003000,R
0x401104,0x100004000,R
0x401108,0x100005000,R
0x402100,0x1000f3000,R
0x402104,0x1000f3000,R
0x402100,0x1000f3000,R
0x402104,0x1000f3000,W
0x403100,0x10059e000,R
0x403104,0x10059f000,R
0x403100,0x1005a0000,R
0x403104,0x1005a1000,R
0x404100,0x10015d000,R
0x404104,0x10015d000,R
0x404108,0x10015d000,R
0x40410c,0x10015d000,R
0x400100,0x100096000,W
0x400104,0x100096000,W
0x400108,0x100097000,W
0x400100,0x100097000,W
0x400104,0x100098000,W
0x400108,0x100098000,R
0x401100,0x100018000,R
0x401104,0x100019000,R
0x401108,0x10001a000,R
0x401100,0x10001b000,R
0x401104,0x10001c000,R
0x401108,0x10001d000,R
0x402100,0x1000f9000,R
0x402104,0x1000f9000,R
0x402100,0x1000f9000,R
0x402104,0x1000f9000,W
0x403100,0x1005b6000,R
0x403104,0x1005b7000,R
0x403100,0x1005b8000,R
0x403104,0x1005b9000,R
0x404100,0x10015e000,R
0x404104,0x10015e000,R
0x404108,0x10015e000,R
0x40410c,0x10015e000,R
0x400100,0x1000a2000,W
0x400104,0x1000a2000,W
0x400108,0x1000a3000,W
0x400100,0x1000a3000,W
0x400104,0x1000a4000,W
0x400108,0x1000a4000,R
0x401100,0x100030000,R
0x401104,0x100031000,R
0x401108,0x100032000,R
0x401100,0x100033000,R
0x401104,0x100034000,R
0x401108,0x100035000,R
0x402100,0x1000ff000,R
0x402104,0x1000ff000,R
0x402100,0x1000ff000,R
0x402104,0x1000ff000,W
0x403100,0x1005ce000,R
0x403104,0x1005cf000,R
0x403100,0x1005d0000,R
0x403104,0x1005d1000,R
0x404100,0x10015f000,R
0x404104,0x10015f000,R
0x404108,0x10015f000,R
0x40410c,0x10015f000,R
0x400100,0x1000ae000,W
0x400104,0x1000ae000,W
0x400108,0x1000af000,W
0x400100,0x1000af000,W
0x400104,0x1000b0000,W
0x400108,0x1000b0000,R
0x401100,0x100048000,R
0x401104,0x100049000,R
0x401108,0x10004a000,R
0x401100,0x10004b000,R
0x401104,0x10004c000,R
0x401108,0x10004d000,R
0x402100,0x100105000,R
0x402104,0x100105000,R
0x402100,0x100105000,R
0x402104,0x100105000,W
0x403100,0x1005e6000,R
0x403104,0x1005e7000,R
0x403100,0x1005e8000,R
0x403104,0x1005e9000,R
0x404100,0x100160000,R
0x404104,0x100160000,R
0x404108,0x100160000,R
0x40410c,0x100160000,R
0x400100,0x1000ba000,W
0x400104,0x1000ba000,W
0x400108,0x1000bb000,W
0x400100,0x1000bb000,W
0x400104,0x1000bc000,W
0x400108,0x1000bc000,R
0x401100,0x100000000,R
0x401104,0x100001000,R
0x401108,0x100002000,R
0x401100,0x100003000,R
0x401104,0x100004000,R
0x401108,0x100005000,R
0x402100,0x10010b000,R
0x402104,0x10010b000,R
0x402100,0x10010b000,R
0x402104,0x10010b000,W
0x403100,0x1005fe000,R
0x403104,0x1005ff000,R
0x403100,0x100180000,R
0x403104,0x100181000,R
0x404100,0x100161000,R
0x404104,0x100161000,R
0x404108,0x100161000,R
0x40410c,0x100161000,R
0x400100,0x100066000,W
0x400104,0x100066000,W
0x400108,0x100067000,W
0x400100,0x100067000,W
0x400104,0x100068000,W
0x400108,0x100068000,R
0x401100,0x100018000,R
0x401104,0x100019000,R
0x401108,0x10001a000,R
0x401100,0x10001b000,R
0x401104,0x10001c000,R
0x401108,0x10001d000,R
0x402100,0x100111000,R
0x402104,0x100111000,R
0x402100,0x100111000,R
0x402104,0x100111000,W
0x403100,0x100196000,R
0x403104,0x100197000,R
0x403100,0x100198000,R
0x403104,0x100199000,R
0x404100,0x100162000,R
0x404104,0x100162000,R
0x404108,0x100162000,R
0x40410c,0x100162000,R
0x400100,0x100072000,W
0x400104,0x100072000,W
0x400108,0x100073000,W
0x400100,0x100073000,W
0x400104,0x100074000,W
0x400108,0x100074000,R
0x401100,0x100030000,R
0x401104,0x100031000,R
0x401108,0x100032000,R
0x401100,0x100033000,R
0x401104,0x100034000,R
0x401108,0x100035000,R
0x402100,0x100117000,R
0x402104,0x100117000,R
0x402100,0x100117000,R
0x402104,0x100117000,W
0x403100,0x1001ae000,R
0x403104,0x1001af000,R
0x403100,0x1001b0000,R
0x403104,0x1001b1000,R
0x404100,0x100163000,R
0x404104,0x100163000,R
0x404108,0x100163000,R
0x40410c,0x100163000,R
0x400100,0x10007e000,W
0x400104,0x10007e000,W
0x400108,0x10007f000,W
0x400100,0x10007f000,W
0x400104,0x100080000,W
0x400108,0x100080000,R
0x401100,0x100048000,R
0x401104,0x100049000,R
0x401108,0x10004a000,R
0x401100,0x10004b000,R
0x401104,0x10004c000,R
0x401108,0x10004d000,R
0x402100,0x10011d000,R
0x402104,0x10011d000,R
0x402100,0x10011d000,R
0x402104,0x10011d000,W
0x403100,0x1001c6000,R
0x403104,0x1001c7000,R
0x403100,0x1001c8000,R
0x403104,0x1001c9000,R
0x404100,0x100164000,R
0x404104,0x100164000,R
0x404108,0x100164000,R
0x40410c,0x100164000,R
0x400100,0x10008a000,W
0x400104,0x10008a000,W
0x400108,0x10008b000,W
0x400100,0x10008b000,W
0x400104,0x10008c000,W
0x400108,0x10008c000,R
0x401100,0x100000000,R
0x401104,0x100001000,R
0x401108,0x100002000,R
0x401100,0x100003000,R
0x401104,0x100004000,R
0x401108,0x100005000,R
0x402100,0x1000c3000,R
0x402104,0x1000c3000,R
0x402100,0x1000c3000,R
0x402104,0x1000c3000,W
0x403100,0x1001de000,R
0x403104,0x1001df000,R
0x403100,0x1001e0000,R
0x403104,0x1001e1000,R
0x404100,0x100165000,R
0x404104,0x100165000,R
0x404108,0x100165000,R
0x40410c,0x100165000,R
0x400100,0x100096000,W
0x400104,0x100096000,W
0x400108,0x100097000,W
0x400100,0x100097000,W
0x400104,0x100098000,W
0x400108,0x100098000,R
0x401100,0x100018000,R
0x401104,0x100019000,R
0x401108,0x10001a000,R
0x401100,0x10001b000,R
0x401104,0x10001c000,R
0x401108,0x10001d000,R
0x402100,0x1000c9000,R
0x402104,0x1000c9000,R
0x402100,0x1000c9000,R
0x402104,0x1000c9000,W
0x403100,0x1001f6000,R
0x403104,0x1001f7000,R
0x403100,0x1001f8000,R
0x403104,0x1001f9000,R
0x404100,0x100166000,R
0x404104,0x100166000,R
0x404108,0x100166000,R
0x40410c,0x100166000,R
0x400100,0x1000a2000,W
0x400104,0x1000a2000,W
0x400108,0x1000a3000,W
0x400100,0x1000a3000,W
0x400104,0x1000a4000,W
0x400108,0x1000a4000,R
0x401100,0x100030000,R
0x401104,0x100031000,R
0x401108,0x100032000,R
0x401100,0x100033000,R
0x401104,0x100034000,R
0x401108,0x100035000,R
0x402100,0x1000cf000,R
0x402104,0x1000cf000,R
0x402100,0x1000cf000,R
0x402104,0x1000cf000,W
0x403100,0x10020e000,R
0x403104,0x10020f000,R
0x403100,0x100210000,R
0x403104,0x100211000,R
0x404100,0x100167000,R
0x404104,0x100167000,R
0x404108,0x100167000,R
0x40410c,0x100167000,R
0x400100,0x1000ae000,W
0x400104,0x1000ae000,W
0x400108,0x1000af000,W
0x400100,0x1000af000,W
0x400104,0x1000b0000,W
0x400108,0x1000b0000,R
0x401100,0x100048000,R
0x401104,0x100049000,R
0x401108,0x10004a000,R
0x401100,0x10004b000,R
0x401104,0x10004c000,R
0x401108,0x10004d000,R
0x402100,0x1000d5000,R
0x402104,0x1000d5000,R
0x402100,0x1000d5000,R
0x402104,0x1000d5000,W
0x403100,0x100226000,R
0x403104,0x100227000,R
0x403100,0x100228000,R
0x403104,0x100229000,R
0x404100,0x100168000,R
0x404104,0x100168000,R
0x404108,0x100168000,R
0x40410c,0x100168000,R
0x400100,0x1000ba000,W
0x400104,0x1000ba000,W
0x400108,0x1000bb000,W
0x400100,0x1000bb000,W
0x400104,0x1000bc000,W
0x400108,0x1000bc000,R
0x401100,0x100000000,R
0x401104,0x100001000,R
0x401108,0x100002000,R
0x401100,0x100003000,R
0x401104,0x100004000,R
0x401108,0x100005000,R
0x402100,0x1000db000,R
0x402104,0x1000db000,R
0x402100,0x1000db000,R
0x402104,0x1000db000,W
0x403100,0x10023e000,R
0x403104,0x10023f000,R
0x403100,0x100240000,R
0x403104,0x100241000,R
0x404100,0x100169000,R
0x404104,0x100169000,R
0x404108,0x100169000,R
0x40410c,0x100169000,R
0x400100,0x100066000,W
0x400104,0x100066000,W
0x400108,0x100067000,W
0x400100,0x100067000,W
0x400104,0x100068000,W
0x400108,0x100068000,R
0x401100,0x100018000,R
0x401104,0x100019000,R
0x401108,0x10001a000,R
0x401100,0x10001b000,R
0x401104,0x10001c000,R
0x401108,0x10001d000,R
0x402100,0x1000e1000,R
0x402104,0x1000e1000,R
0x402100,0x1000e1000,R
0x402104,0x1000e1000,W
0x403100,0x100256000,R
0x403104,0x100257000,R
0x403100,0x100258000,R
0x403104,0x100259000,R
0x404100,0x10016a000,R
0x404104,0x10016a000,R
0x404108,0x10016a000,R
0x40410c,0x10016a000,R
0x400100,0x100072000,W
0x400104,0x100072000,W
0x400108,0x100073000,W
0x400100,0x100073000,W
0x400104,0x100074000,W
0x400108,0x100074000,R
0x401100,0x100030000,R
0x401104,0x100031000,R
0x401108,0x100032000,R
0x401100,0x100033000,R
0x401104,0x100034000,R
0x401108,0x100035000,R
0x402100,0x1000e7000,R
0x402104,0x1000e7000,R
0x402100,0x1000e7000,R
0x402104,0x1000e7000,W
0x403100,0x10026e000,R
0x403104,0x10026f000,R
0x403100,0x100270000,R
0x403104,0x100271000,R
0x404100,0x10016b000,R
0x404104,0x10016b000,R
0x404108,0x10016b000,R
0x40410c,0x10016b000,R
0x400100,0x10007e000,W
0x400104,0x10007e000,W
0x400108,0x10007f000,W
0x400100,0x10007f000,W
0x400104,0x100080000,W
0x400108,0x100080000,R
0x401100,0x100048000,R
0x401104,0x100049000,R
0x401108,0x10004a000,R
0x401100,0x10004b000,R
0x401104,0x10004c000,R
0x401108,0x10004d000,R
0x402100,0x1000ed000,R
0x402104,0x1000ed000,R
0x402100,0x1000ed000,R
0x402104,0x1000ed000,W
0x403100,0x100286000,R
0x403104,0x100287000,R
0x403100,0x100288000,R
0x403104,0x100289000,R
0x404100,0x10016c000,R
0x404104,0x10016c000,R
0x404108,0x10016c000,R
0x40410c,0x10016c000,R
0x400100,0x10008a000,W
0x400104,0x10008a000,W
0x400108,0x10008b000,W
0x400100,0x10008b000,W
0x400104,0x10008c000,W
0x400108,0x10008c000,R
0x401100,0x100000000,R
0x401104,0x100001000,R
0x401108,0x100002000,R
0x401100,0x100003000,R
0x401104,0x100004000,R
0x401108,0x100005000,R
0x402100,0x1000f3000,R
0x402104,0x1000f3000,R
0x402100,0x1000f3000,R
0x402104,0x1000f3000,W
0x403100,0x10029e000,R
0x403104,0x10029f000,R
0x403100,0x1002a0000,R
0x403104,0x1002a1000,R
0x404100,0x10016d000,R
0x404104,0x10016d000,R
0x404108,0x10016d000,R
0x40410c,0x10016d000,R
0x400100,0x100096000,W
0x400104,0x100096000,W
0x400108,0x100097000,W
0x400100,0x100097000,W
0x400104,0x100098000,W
0x400108,0x100098000,R
0x401100,0x100018000,R
0x401104,0x100019000,R
0x401108,0x10001a000,R
0x401100,0x10001b000,R
0x401104,0x10001c000,R
0x401108,0x10001d000,R
0x402100,0x1000f9000,R
0x402104,0x1000f9000,R
0x402100,0x1000f9000,R
0x402104,0x1000f9000,W
0x403100,0x1002b6000,R
0x403104,0x1002b7000,R
0x403100,0x1002b8000,R
0x403104,0x1002b9000,R
0x404100,0x10016e000,R
0x404104,0x10016e000,R
0x404108,0x10016e000,R
0x40410c,0x10016e000,R
0x400100,0x1000a2000,W
0x400104,0x1000a2000,W
0x400108,0x1000a3000,W
0x400100,0x1000a3000,W
0x400104,0x1000a4000,W
0x400108,0x1000a4000,R
0x401100,0x100030000,R
0x401104,0x100031000,R
0x401108,0x100032000,R
0x401100,0x100033000,R
0x401104,0x100034000,R
0x401108,0x100035000,R
0x402100,0x1000ff000,R
0x402104,0x1000ff000,R
0x402100,0x1000ff000,R
0x402104,0x1000ff000,W
0x403100,0x1002ce000,R
0x403104,0x1002cf000,R
0x403100,0x1002d0000,R
0x403104,0x1002d1000,R
0x404100,0x10016f000,R
0x404104,0x10016f000,R
0x404108,0x10016f000,R
0x40410c,0x10016f000,R
0x400100,0x1000ae000,W
0x400104,0x1000ae000,W
0x400108,0x1000af000,W
0x400100,0x1000af000,W
0x400104,0x1000b0000,W
0x400108,0x1000b0000,R
0x401100,0x100048000,R
0x401104,0x100049000,R
0x401108,0x10004a000,R
0x401100,0x10004b000,R
0x401104,0x10004c000,R
0x401108,0x10004d000,R
0x402100,0x100105000,R
0x402104,0x100105000,R
0x402100,0x100105000,R
0x402104,0x100105000,W
0x403100,0x1002e6000,R
0x403104,0x1002e7000,R
0x403100,0x1002e8000,R
0x403104,0x1002e9000,R
0x404100,0x100170000,R
0x404104,0x100170000,R
0x404108,0x100170000,R
0x40410c,0x100170000,R
0x400100,0x1000ba000,W
0x400104,0x1000ba000,W
0x400108,0x1000bb000,W
0x400100,0x1000bb000,W
0x400104,0x1000bc000,W
0x400108,0x1000bc000,R
0x401100,0x100000000,R
0x401104,0x100001000,R
0x401108,0x100002000,R
0x401100,0x100003000,R
0x401104,0x100004000,R
0x401108,0x100005000,R
0x402100,0x10010b000,R
0x402104,0x10010b000,R
0x402100,0x10010b000,R
0x402104,0x10010b000,W
0x403100,0x1002fe000,R
0x403104,0x1002ff000,R
0x403100,0x100300000,R
0x403104,0x100301000,R
0x404100,0x100171000,R
0x404104,0x100171000,R
0x404108,0x100171000,R
0x40410c,0x100171000,R
0x400100,0x100066000,W
0x400104,0x100066000,W
0x400108,0x100067000,W
0x400100,0x100067000,W
0x400104,0x100068000,W
0x400108,0x100068000,R
0x401100,0x100018000,R
0x401104,0x100019000,R
0x401108,0x10001a000,R
0x401100,0x10001b000,R
0x401104,0x10001c000,R
0x401108,0x10001d000,R
0x402100,0x100111000,R
0x402104,0x100111000,R
0x402100,0x100111000,R
0x402104,0x100111000,W
0x403100,0x100316000,R
0x403104,0x100317000,R
0x403100,0x100318000,R
0x403104,0x100319000,R
0x404100,0x100172000,R
0x404104,0x100172000,R
0x404108,0x100172000,R
0x40410c,0x100172000,R
0x400100,0x100072000,W
0x400104,0x100072000,W
0x400108,0x100073000,W
0x400100,0x100073000,W
0x400104,0x100074000,W
0x400108,0x100074000,R
0x401100,0x100030000,R
0x401104,0x100031000,R
0x401108,0x100032000,R
0x401100,0x100033000,R
0x401104,0x100034000,R
0x401108,0x100035000,R
0x402100,0x100117000,R
0x402104,0x100117000,R
0x402100,0x100117000,R
0x402104,0x100117000,W
0x403100,0x10032e000,R
0x403104,0x10032f000,R
0x403100,0x100330000,R
0x403104,0x100331000,R
0x404100,0x100173000,R
0x404104,0x100173000,R
0x404108,0x100173000,R
0x40410c,0x100173000,R
0x400100,0x10007e000,W
0x400104,0x10007e000,W
0x400108,0x10007f000,W
0x400100,0x10007f000,W
0x400104,0x100080000,W
0x400108,0x100080000,R
0x401100,0x100048000,R
0x401104,0x100049000,R
0x401108,0x10004a000,R
0x401100,0x10004b000,R
0x401104,0x10004c000,R
0x401108,0x10004d000,R
0x402100,0x10011d000,R
0x402104,0x10011d000,R
0x402100,0x10011d000,R
0x402104,0x10011d000,W
0x403100,0x100346000,R
0x403104,0x100347000,R
0x403100,0x100348000,R
0x403104,0x100349000,R
0x404100,0x100174000,R
0x404104,0x100174000,R
0x404108,0x100174000,R
0x40410c,0x100174000,R
0x400100,0x10008a000,W
0x400104,0x10008a000,W
0x400108,0x10008b000,W
0x400100,0x10008b000,W
0x400104,0x10008c000,W
0x400108,0x10008c000,R
0x401100,0x100000000,R
0x401104,0x100001000,R
0x401108,0x100002000,R
0x401100,0x100003000,R
0x401104,0x100004000,R
0x401108,0x100005000,R
0x402100,0x1000c3000,R
0x402104,0x1000c3000,R
0x402100,0x1000c3000,R
0x402104,0x1000c3000,W
0x403100,0x10035e000,R
0x403104,0x10035f000,R
0x403100,0x100360000,R
0x403104,0x100361000,R
0x404100,0x100175000,R
0x404104,0x100175000,R
0x404108,0x100175000,R
0x40410c,0x100175000,R
0x400100,0x100096000,W
0x400104,0x100096000,W
0x400108,0x100097000,W
0x400100,0x100097000,W
0x400104,0x100098000,W
0x400108,0x100098000,R
0x401100,0x100018000,R
0x401104,0x100019000,R
0x401108,0x10001a000,R
0x401100,0x10001b000,R
0x401104,0x10001c000,R
0x401108,0x10001d000,R
0x402100,0x1000c9000,R
0x402104,0x1000c9000,R
0x402100,0x1000c9000,R
0x402104,0x1000c9000,W
0x403100,0x100376000,R
0x403104,0x100377000,R
0x403100,0x100378000,R
0x403104,0x100379000,R
0x404100,0x100176000,R
0x404104,0x100176000,R
0x404108,0x100176000,R
0x40410c,0x100176000,R
0x400100,0x1000a2000,W
0x400104,0x1000a2000,W
0x400108,0x1000a3000,W
0x400100,0x1000a3000,W
0x400104,0x1000a4000,W
0x400108,0x1000a4000,R
0x401100,0x100030000,R
0x401104,0x100031000,R
0x401108,0x100032000,R
0x401100,0x100033000,R
0x401104,0x100034000,R
0x401108,0x100035000,R
0x402100,0x1000cf000,R
0x402104,0x1000cf000,R
0x402100,0x1000cf000,R
0x402104,0x1000cf000,W
0x403100,0x10038e000,R
0x403104,0x10038f000,R
0x403100,0x100390000,R
0x403104,0x100391000,R
0x404100,0x100177000,R
0x404104,0x100177000,R
0x404108,0x100177000,R
0x40410c,0x100177000,R
0x400100,0x1000ae000,W
0x400104,0x1000ae000,W
0x400108,0x1000af000,W
0x400100,0x1000af000,W
0x400104,0x1000b0000,W
0x400108,0x1000b0000,R
0x401100,0x100048000,R
0x401104,0x100049000,R
0x401108,0x10004a000,R
0x401100,0x10004b000,R
0x401104,0x10004c000,R
0x401108,0x10004d000,R
0x402100,0x1000d5000,R
0x402104,0x1000d5000,R
0x402100,0x1000d5000,R
0x402104,0x1000d5000,W
0x403100,0x1003a6000,R
0x403104,0x1003a7000,R
0x403100,0x1003a8000,R
0x403104,0x1003a9000,R
0x404100,0x100178000,R
0x404104,0x100178000,R
0x404108,0x100178000,R
0x40410c,0x100178000,R
0x400100,0x1000ba000,W
0x400104,0x1000ba000,W
0x400108,0x1000bb000,W
0x400100,0x1000bb000,W
0x400104,0x1000bc000,W
0x400108,0x1000bc000,R
0x401100,0x100000000,R
0x401104,0x100001000,R
0x401108,0x100002000,R
0x401100,0x100003000,R
0x401104,0x100004000,R
0x401108,0x100005000,R
0x402100,0x1000db000,R
0x402104,0x1000db000,R
0x402100,0x1000db000,R
0x402104,0x1000db000,W
0x403100,0x1003be000,R
0x403104,0x1003bf000,R
0x403100,0x1003c0000,R
0x403104,0x1003c1000,R
0x404100,0x100179000,R
0x404104,0x100179000,R
0x404108,0x100179000,R
0x40410c,0x100179000,R
0x400100,0x100066000,W
0x400104,0x100066000,W
0x400108,0x100067000,W
0x400100,0x100067000,W
0x400104,0x100068000,W
0x400108,0x100068000,R
0x401100,0x100018000,R
0x401104,0x100019000,R
0x401108,0x10001a000,R
0x401100,0x10001b000,R
0x401104,0x10001c000,R
0x401108,0x10001d000,R
0x402100,0x1000e1000,R
0x402104,0x1000e1000,R
0x402100,0x1000e1000,R
0x402104,0x1000e1000,W
0x403100,0x1003d6000,R
0x403104,0x1003d7000,R
0x403100,0x1003d8000,R
0x403104,0x1003d9000,R
0x404100,0x10017a000,R
0x404104,0x10017a000,R
0x404108,0x10017a000,R
0x40410c,0x10017a000,R
0x400100,0x100072000,W
0x400104,0x100072000,W
0x400108,0x100073000,W
0x400100,0x100073000,W
0x400104,0x100074000,W
0x400108,0x100074000,R
0x401100,0x100030000,R
0x401104,0x100031000,R
0x401108,0x100032000,R
0x401100,0x100033000,R
0x401104,0x100034000,R
0x401108,0x100035000,R
0x402100,0x1000e7000,R
0x402104,0x1000e7000,R
0x402100,0x1000e7000,R
0x402104,0x1000e7000,W
0x403100,0x1003ee000,R
0x403104,0x1003ef000,R
0x403100,0x1003f0000,R
0x403104,0x1003f1000,R
0x404100,0x10017b000,R
0x404104,0x10017b000,R
0x404108,0x10017b000,R
0x40410c,0x10017b000,R
0x400100,0x10007e000,W
0x400104,0x10007e000,W
0x400108,0x10007f000,W
0x400100,0x10007f000,W
0x400104,0x100080000,W
0x400108,0x100080000,R
0x401100,0x100048000,R
0x401104,0x100049000,R
0x401108,0x10004a000,R
0x401100,0x10004b000,R
0x401104,0x10004c000,R
0x401108,0x10004d000,R
0x402100,0x1000ed000,R
0x402104,0x1000ed000,R
0x402100,0x1000ed000,R
0x402104,0x1000ed000,W
0x403100,0x100406000,R
0x403104,0x100407000,R
0x403100,0x100408000,R
0x403104,0x100409000,R
0x404100,0x10017c000,R
0x404104,0x10017c000,R
0x404108,0x10017c000,R
0x40410c,0x10017c000,R
0x400100,0x10008a000,W
0x400104,0x10008a000,W
0x400108,0x10008b000,W
0x400100,0x10008b000,W
0x400104,0x10008c000,W
0x400108,0x10008c000,R
0x401100,0x100000000,R
0x401104,0x100001000,R
0x401108,0x100002000,R
0x401100,0x100003000,R
0x401104,0x100004000,R
0x401108,0x100005000,R
0x402100,0x1000f3000,R
0x402104,0x1000f3000,R
0x402100,0x1000f3000,R
0x402104,0x1000f3000,W
0x403100,0x10041e000,R
0x403104,0x10041f000,R
0x403100,0x100420000,R
0x403104,0x100421000,R
0x404100,0x10017d000,R
0x404104,0x10017d000,R
0x404108,0x10017d000,R
0x40410c,0x10017d000,R
0x400100,0x100096000,W
0x400104,0x100096000,W
0x400108,0x100097000,W
0x400100,0x100097000,W
0x400104,0x100098000,W
0x400108,0x100098000,R
0x401100,0x100018000,R
0x401104,0x100019000,R
0x401108,0x10001a000,R
0x401100,0x10001b000,R
0x401104,0x10001c000,R
0x401108,0x10001d000,R
0x402100,0x1000f9000,R
0x402104,0x1000f9000,R
0x402100,0x1000f9000,R
0x402104,0x1000f9000,W
0x403100,0x100436000,R
0x403104,0x100437000,R
0x403100,0x100438000,R
0x403104,0x100439000,R
0x404100,0x10017e000,R
0x404104,0x10017e000,R
0x404108,0x10017e000,R
0x40410c,0x10017e000,R
0x400100,0x1000a2000,W
0x400104,0x1000a2000,W
0x400108,0x1000a3000,W
0x400100,0x1000a3000,W
0x400104,0x1000a4000,W
0x400108,0x1000a4000,R
0x401100,0x100030000,R
0x401104,0x100031000,R
0x401108,0x100032000,R
0x401100,0x100033000,R
0x401104,0x100034000,R
0x401108,0x100035000,R
0x402100,0x1000ff000,R
0x402104,0x1000ff000,R
0x402100,0x1000ff000,R
0x402104,0x1000ff000,W
0x403100,0x10044e000,R
0x403104,0x10044f000,R
0x403100,0x100450000,R
0x403104,0x100451000,R
0x404100,0x10017f000,R
0x404104,0x10017f000,R
0x404108,0x10017f000,R
0x40410c,0x10017f000,R
0x400100,0x1000ae000,W
0x400104,0x1000ae000,W
0x400108,0x1000af000,W
0x400100,0x1000af000,W
0x400104,0x1000b0000,W
0x400108,0x1000b0000,R
0x401100,0x100048000,R
0x401104,0x100049000,R
0x401108,0x10004a000,R
0x401100,0x10004b000,R
0x401104,0x10004c000,R
0x401108,0x10004d000,R
0x402100,0x100105000,R
0x402104,0x100105000,R
0x402100,0x100105000,R
0x402104,0x100105000,W
0x403100,0x100466000,R
0x403104,0x100467000,R
0x403100,0x100468000,R
0x403104,0x100469000,R
0x404100,0x100120000,R
0x404104,0x100120000,R
0x404108,0x100120000,R
0x40410c,0x100120000,R
0x400100,0x1000ba000,W
0x400104,0x1000ba000,W
0x400108,0x1000bb000,W
0x400100,0x1000bb000,W
0x400104,0x1000bc000,W
0x400108,0x1000bc000,R
0x401100,0x100000000,R
0x401104,0x100001000,R
0x401108,0x100002000,R
0x401100,0x100003000,R
0x401104,0x100004000,R
0x401108,0x100005000,R
0x402100,0x10010b000,R
0x402104,0x10010b000,R
0x402100,0x10010b000,R
0x402104,0x10010b000,W
0x403100,0x10047e000,R
0x403104,0x10047f000,R
0x403100,0x100480000,R
0x403104,0x100481000,R
0x404100,0x100121000,R
0x404104,0x100121000,R
0x404108,0x100121000,R
0x40410c,0x100121000,R
0x400100,0x100066000,W
0x400104,0x100066000,W
0x400108,0x100067000,W
0x400100,0x100067000,W
0x400104,0x100068000,W
0x400108,0x100068000,R
0x401100,0x100018000,R
0x401104,0x100019000,R
0x401108,0x10001a000,R
0x401100,0x10001b000,R
0x401104,0x10001c000,R
0x401108,0x10001d000,R
0x402100,0x100111000,R
0x402104,0x100111000,R
0x402100,0x100111000,R
0x402104,0x100111000,W
0x403100,0x100496000,R
0x403104,0x100497000,R
0x403100,0x100498000,R
0x403104,0x100499000,R
0x404100,0x100122000,R
0x404104,0x100122000,R
0x404108,0x100122000,R
0x40410c,0x100122000,R
0x400100,0x100072000,W
0x400104,0x100072000,W
0x400108,0x100073000,W
0x400100,0x100073000,W
0x400104,0x100015000,W
0x400108,0x100015000,R
0x401100,0x100093000,R
0x401104,0x100094000,R
0x401108,0x100095000,R
0x401100,0x100096000,R
0x401104,0x100097000,R
0x401108,0x100098000,R
0x402100,0x10011c000,R
0x402104,0x10011c000,R
0x402100,0x10011c000,R
0x402104,0x10011c000,R
0x403100,0x10051d000,R
0x403104,0x100522000,R
0x403100,0x100527000,R
0x403104,0x10052c000,R
0x404100,0x10012a000,R
0x404104,0x10012a000,R
0x404108,0x10012a000,R
0x40410c,0x10012a000,W
0x400100,0x10001f000,W
0x400104,0x10001f000,W
0x400108,0x100020000,W
0x400100,0x100020000,W
0x400104,0x100021000,W
0x400108,0x100021000,R
0x401100,0x1000ab000,R
0x401104,0x1000ac000,R
0x401108,0x1000ad000,R
0x401100,0x1000ae000,R
0x401104,0x1000af000,R
0x401108,0x1000b0000,R
0x402100,0x1000c2000,R
0x402104,0x1000c2000,R
0x402100,0x1000c2000,R
0x402104,0x1000c2000,R
0x403100,0x100595000,R
0x403104,0x10059a000,R
0x403100,0x10059f000,R
0x403104,0x1005a4000,R
0x404100,0x10012b000,R
0x404104,0x10012b000,R
0x404108,0x10012b000,R
0x40410c,0x10012b000,W
0x400100,0x10002b000,W
0x400104,0x10002b000,W
0x400108,0x10002c000,W
0x400100,0x10002c000,W
0x400104,0x10002d000,W
0x400108,0x10002d000,R
0x401100,0x100063000,R
0x401104,0x100064000,R
0x401108,0x100065000,R
0x401100,0x100066000,R
0x401104,0x100067000,R
0x401108,0x100068000,R
0x402100,0x1000c8000,R
0x402104,0x1000c8000,R
0x402100,0x1000c8000,R
0x402104,0x1000c8000,R
0x403100,0x10018d000,R
0x403104,0x100192000,R
0x403100,0x100197000,R
0x403104,0x10019c000,R
0x404100,0x10012c000,R
0x404104,0x10012c000,R
0x404108,0x10012c000,R
0x40410c,0x10012c000,W
0x400100,0x100037000,W
0x400104,0x100037000,W
0x400108,0x100038000,W
0x400100,0x100038000,W
0x400104,0x100039000,W
0x400108,0x100039000,R
0x401100,0x10007b000,R
0x401104,0x10007c000,R
0x401108,0x10007d000,R
0x401100,0x10007e000,R
0x401104,0x10007f000,R
0x401108,0x100080000,R
0x402100,0x1000ce000,R
0x402104,0x1000ce000,R
0x402100,0x1000ce000,R
0x402104,0x1000ce000,R
0x403100,0x100205000,R
0x403104,0x10020a000,R
0x403100,0x10020f000,R
0x403104,0x100214000,R
0x404100,0x10012d000,R
0x404104,0x10012d000,R
0x404108,0x10012d000,R
0x40410c,0x10012d000,W
0x400100,0x100043000,W
0x400104,0x100043000,W
0x400108,0x100044000,W
0x400100,0x100044000,W
0x400104,0x100045000,W
0x400108,0x100045000,R
0x401100,0x100093000,R
0x401104,0x100094000,R
0x401108,0x100095000,R
0x401100,0x100096000,R
0x401104,0x100097000,R
0x401108,0x100098000,R
0x402100,0x1000d4000,R
0x402104,0x1000d4000,R
0x402100,0x1000d4000,R
0x402104,0x1000d4000,R
0x403100,0x10027d000,R
0x403104,0x100282000,R
0x403100,0x100287000,R
0x403104,0x10028c000,R
0x404100,0x10012e000,R
0x404104,0x10012e000,R
0x404108,0x10012e000,R
0x40410c,0x10012e000,W
0x400100,0x10004f000,W
0x400104,0x10004f000,W
0x400108,0x100050000,W
0x400100,0x100050000,W
0x400104,0x100051000,W
0x400108,0x100051000,R
0x401100,0x1000ab000,R
0x401104,0x1000ac000,R
0x401108,0x1000ad000,R
0x401100,0x1000ae000,R
0x401104,0x1000af000,R
0x401108,0x1000b0000,R
0x402100,0x1000da000,R
0x402104,0x1000da000,R
0x402100,0x1000da000,R
0x402104,0x1000da000,R
0x403100,0x1002f5000,R
0x403104,0x1002fa000,R
0x403100,0x1002ff000,R
0x403104,0x100304000,R
0x404100,0x10012f000,R
0x404104,0x10012f000,R
0x404108,0x10012f000,R
0x40410c,0x10012f000,W
0x400100,0x10005b000,W
0x400104,0x10005b000,W
0x400108,0x10005c000,W
0x400100,0x10005c000,W
0x400104,0x10005d000,W
0x400108,0x10005d000,R
0x401100,0x100063000,R
0x401104,0x100064000,R
0x401108,0x100065000,R
0x401100,0x100066000,R
0x401104,0x100067000,R
0x401108,0x100068000,R
0x402100,0x1000e0000,R
0x402104,0x1000e0000,R
0x402100,0x1000e0000,R
0x402104,0x1000e0000,R
0x403100,0x10036d000,R
0x403104,0x100372000,R
0x403100,0x100377000,R
0x403104,0x10037c000,R
0x404100,0x100130000,R
0x404104,0x100130000,R
0x404108,0x100130000,R
0x40410c,0x100130000,W
0x400100,0x100007000,W
0x400104,0x100007000,W
0x400108,0x100008000,W
0x400100,0x100008000,W
0x400104,0x100009000,W
0x400108,0x100009000,R
0x401100,0x10007b000,R
0x401104,0x10007c000,R
0x401108,0x10007d000,R
0x401100,0x10007e000,R
0x401104,0x10007f000,R
0x401108,0x100080000,R
0x402100,0x1000e6000,R
0x402104,0x1000e6000,R
0x402100,0x1000e6000,R
0x402104,0x1000e6000,R
0x403100,0x1003e5000,R
0x403104,0x1003ea000,R
0x403100,0x1003ef000,R
0x403104,0x1003f4000,R
0x404100,0x100131000,R
0x404104,0x100131000,R
0x404108,0x100131000,R
0x40410c,0x100131000,W
0x400100,0x100013000,W
0x400104,0x100013000,W
0x400108,0x100014000,W
0x400100,0x100014000,W
0x400104,0x100015000,W
0x400108,0x100015000,R
0x401100,0x100093000,R
0x401104,0x100094000,R
0x401108,0x100095000,R
0x401100,0x100096000,R
0x401104,0x100097000,R
0x401108,0x100098000,R
0x402100,0x1000ec000,R
0x402104,0x1000ec000,R
0x402100,0x1000ec000,R
0x402104,0x1000ec000,R
0x403100,0x10045d000,R
0x403104,0x100462000,R
0x403100,0x100467000,R
0x403104,0x10046c000,R
0x404100,0x100132000,R
0x404104,0x100132000,R
0x404108,0x100132000,R
0x40410c,0x100132000,W
0x400100,0x10001f000,W
0x400104,0x10001f000,W
0x400108,0x100020000,W
0x400100,0x100020000,W
0x400104,0x100021000,W
0x400108,0x100021000,R
0x401100,0x1000ab000,R
0x401104,0x1000ac000,R
0x401108,0x1000ad000,R
0x401100,0x1000ae000,R
0x401104,0x1000af000,R
0x401108,0x1000b0000,R
0x402100,0x1000f2000,R
0x402104,0x1000f2000,R
0x402100,0x1000f2000,R
0x402104,0x1000f2000,R
0x403100,0x1004d5000,R
0x403104,0x1004da000,R
0x403100,0x1004df000,R
0x403104,0x1004e4000,R
0x404100,0x100133000,R
0x404104,0x100133000,R
0x404108,0x100133000,R
0x40410c,0x100133000,W
0x400100,0x10002b000,W
0x400104,0x10002b000,W
0x400108,0x10002c000,W
0x400100,0x10002c000,W
0x400104,0x10002d000,W
0x400108,0x10002d000,R
0x401100,0x100063000,R
0x401104,0x100064000,R
0x401108,0x100065000,R
0x401100,0x100066000,R
0x401104,0x100067000,R
0x401108,0x100068000,R
0x402100,0x1000f8000,R
0x402104,0x1000f8000,R
0x402100,0x1000f8000,R
0x402104,0x1000f8000,R
0x403100,0x10054d000,R
0x403104,0x100552000,R
0x403100,0x100557000,R
0x403104,0x10055c000,R
0x404100,0x100134000,R
0x404104,0x100134000,R
0x404108,0x100134000,R
0x40410c,0x100134000,W
0x400100,0x100037000,W
0x400104,0x100037000,W
0x400108,0x100038000,W
0x400100,0x100038000,W
0x400104,0x100039000,W
0x400108,0x100039000,R
0x401100,0x10007b000,R
0x401104,0x10007c000,R
0x401108,0x10007d000,R
0x401100,0x10007e000,R
0x401104,0x10007f000,R
0x401108,0x100080000,R
0x402100,0x1000fe000,R
0x402104,0x1000fe000,R
0x402100,0x1000fe000,R
0x402104,0x1000fe000,R
0x403100,0x1005c5000,R
0x403104,0x1005ca000,R
0x403100,0x1005cf000,R
0x403104,0x1005d4000,R
0x404100,0x100135000,R
0x404104,0x100135000,R
0x404108,0x100135000,R
0x40410c,0x100135000,W
0x400100,0x100043000,W
0x400104,0x100043000,W
0x400108,0x100044000,W
0x400100,0x100044000,W
0x400104,0x100045000,W
0x400108,0x100045000,R
0x401100,0x100093000,R
0x401104,0x100094000,R
0x401108,0x100095000,R
0x401100,0x100096000,R
0x401104,0x100097000,R
0x401108,0x100098000,R
0x402100,0x100104000,R
0x402104,0x100104000,R
0x402100,0x100104000,R
0x402104,0x100104000,R
0x403100,0x1001bd000,R
0x403104,0x1001c2000,R
0x403100,0x1001c7000,R
0x403104,0x1001cc000,R
0x404100,0x100136000,R
0x404104,0x100136000,R
0x404108,0x100136000,R
0x40410c,0x100136000,W
0x400100,0x10004f000,W
0x400104,0x10004f000,W
0x400108,0x100050000,W
0x400100,0x100050000,W
0x400104,0x100051000,W
0x400108,0x100051000,R
0x401100,0x1000ab000,R
0x401104,0x1000ac000,R
0x401108,0x1000ad000,R
0x401100,0x1000ae000,R
0x401104,0x1000af000,R
0x401108,0x1000b0000,R
0x402100,0x10010a000,R
0x402104,0x10010a000,R
0x402100,0x10010a000,R
0x402104,0x10010a000,R
0x403100,0x100235000,R
0x403104,0x10023a000,R
0x403100,0x10023f000,R
0x403104,0x100244000,R
0x404100,0x100137000,R
0x404104,0x100137000,R
0x404108,0x100137000,R
0x40410c,0x100137000,W
0x400100,0x10005b000,W
0x400104,0x10005b000,W
0x400108,0x10005c000,W
0x400100,0x10005c000,W
0x400104,0x10005d000,W
0x400108,0x10005d000,R
0x401100,0x100063000,R
0x401104,0x100064000,R
0x401108,0x100065000,R
0x401100,0x100066000,R
0x401104,0x100067000,R
0x401108,0x100068000,R
0x402100,0x100110000,R
0x402104,0x100110000,R
0x402100,0x100110000,R
0x402104,0x100110000,R
0x403100,0x1002ad000,R
0x403104,0x1002b2000,R
0x403100,0x1002b7000,R
0x403104,0x1002bc000,R
0x404100,0x100138000,R
0x404104,0x100138000,R
0x404108,0x100138000,R
0x40410c,0x100138000,W
0x400100,0x100007000,W
0x400104,0x100007000,W
0x400108,0x100008000,W
0x400100,0x100008000,W
0x400104,0x100009000,W
0x400108,0x100009000,R
0x401100,0x10007b000,R
0x401104,0x10007c000,R
0x401108,0x10007d000,R
0x401100,0x10007e000,R
0x401104,0x10007f000,R
0x401108,0x100080000,R
0x402100,0x100116000,R
0x402104,0x100116000,R
0x402100,0x100116000,R
0x402104,0x100116000,R
0x403100,0x100325000,R
0x403104,0x10032a000,R
0x403100,0x10032f000,R
0x403104,0x100334000,R
0x404100,0x100139000,R
0x404104,0x100139000,R
0x404108,0x100139000,R
0x40410c,0x100139000,W
0x400100,0x100013000,W
0x400104,0x100013000,W
0x400108,0x100014000,W
0x400100,0x100014000,W
0x400104,0x100015000,W
0x400108,0x100015000,R
0x401100,0x100093000,R
0x401104,0x100094000,R
0x401108,0x100095000,R
0x401100,0x100096000,R
0x401104,0x100097000,R
0x401108,0x100098000,R
0x402100,0x10011c000,R
0x402104,0x10011c000,R
0x402100,0x10011c000,R
0x402104,0x10011c000,R
0x403100,0x10039d000,R
0x403104,0x1003a2000,R
0x403100,0x1003a7000,R
0x403104,0x1003ac000,R
0x404100,0x10013a000,R
0x404104,0x10013a000,R
0x404108,0x10013a000,R
0x40410c,0x10013a000,W
0x400100,0x10001f000,W
0x400104,0x10001f000,W
0x400108,0x100020000,W
0x400100,0x100020000,W
0x400104,0x100021000,W
0x400108,0x100021000,R
0x401100,0x1000ab000,R
0x401104,0x1000ac000,R
0x401108,0x1000ad000,R
0x401100,0x1000ae000,R
0x401104,0x1000af000,R
0x401108,0x1000b0000,R
0x402100,0x1000c2000,R
0x402104,0x1000c2000,R
0x402100,0x1000c2000,R
0x402104,0x1000c2000,R
0x403100,0x100415000,R
0x403104,0x10041a000,R
0x403100,0x10041f000,R
0x403104,0x100424000,R
0x404100,0x10013b000,R
0x404104,0x10013b000,R
0x404108,0x10013b000,R
0x40410c,0x10013b000,W
0x400100,0x10002b000,W
0x400104,0x10002b000,W
0x400108,0x10002c000,W
0x400100,0x10002c000,W
0x400104,0x10002d000,W
0x400108,0x10002d000,R
0x401100,0x100063000,R
0x401104,0x100064000,R
0x401108,0x100065000,R
0x401100,0x100066000,R
0x401104,0x100067000,R
0x401108,0x100068000,R
0x402100,0x1000c8000,R
0x402104,0x1000c8000,R
0x402100,0x1000c8000,R
0x402104,0x1000c8000,R
0x403100,0x10048d000,R
0x403104,0x100492000,R
0x403100,0x100497000,R
0x403104,0x10049c000,R
0x404100,0x10013c000,R
0x404104,0x10013c000,R
0x404108,0x10013c000,R
0x40410c,0x10013c000,W
0x400100,0x100037000,W
0x400104,0x100037000,W
0x400108,0x100038000,W
0x400100,0x100038000,W
0x400104,0x100039000,W
0x400108,0x100039000,R
0x401100,0x10007b000,R
0x401104,0x10007c000,R
0x401108,0x10007d000,R
0x401100,0x10007e000,R
0x401104,0x10007f000,R
0x401108,0x100080000,R
0x402100,0x1000ce000,R
0x402104,0x1000ce000,R
0x402100,0x1000ce000,R
0x402104,0x1000ce000,R
0x403100,0x100505000,R
0x403104,0x10050a000,R
0x403100,0x10050f000,R
0x403104,0x100514000,R
0x404100,0x10013d000,R
0x404104,0x10013d000,R
0x404108,0x10013d000,R
0x40410c,0x10013d000,W
0x400100,0x100043000,W
0x400104,0x100043000,W
0x400108,0x100044000,W
0x400100,0x100044000,W
0x400104,0x100045000,W
0x400108,0x100045000,R
0x401100,0x100093000,R
0x401104,0x100094000,R
0x401108,0x100095000,R
0x401100,0x100096000,R
0x401104,0x100097000,R
0x401108,0x100098000,R
0x402100,0x1000d4000,R
0x402104,0x1000d4000,R
0x402100,0x1000d4000,R
0x402104,0x1000d4000,R
0x403100,0x10057d000,R
0x403104,0x100582000,R
0x403100,0x100587000,R
0x403104,0x10058c000,R
0x404100,0x10013e000,R
0x404104,0x10013e000,R
0x404108,0x10013e000,R
0x40410c,0x10013e000,W
0x400100,0x10004f000,W
0x400104,0x10004f000,W
0x400108,0x100050000,W
0x400100,0x100050000,W
0x400104,0x100051000,W
0x400108,0x100051000,R
0x401100,0x1000ab000,R
0x401104,0x1000ac000,R
0x401108,0x1000ad000,R
0x401100,0x1000ae000,R
0x401104,0x1000af000,R
0x401108,0x1000b0000,R
0x402100,0x1000da000,R
0x402104,0x1000da000,R
0x402100,0x1000da000,R
0x402104,0x1000da000,R
0x403100,0x1005f5000,R
0x403104,0x1005fa000,R
0x403100,0x1005ff000,R
0x403104,0x100184000,R
0x404100,0x10013f000,R
0x404104,0x10013f000,R
0x404108,0x10013f000,R
0x40410c,0x10013f000,W
0x400100,0x10005b000,W
0x400104,0x10005b000,W
0x400108,0x10005c000,W
0x400100,0x10005c000,W
0x400104,0x10005d000,W
0x400108,0x10005d000,R
0x401100,0x100063000,R
0x401104,0x100064000,R
0x401108,0x100065000,R
0x401100,0x100066000,R
0x401104,0x100067000,R
0x401108,0x100068000,R
0x402100,0x1000e0000,R
0x402104,0x1000e0000,R
0x402100,0x1000e0000,R
0x402104,0x1000e0000,R
0x403100,0x1001ed000,R
0x403104,0x1001f2000,R
0x403100,0x1001f7000,R
0x403104,0x1001fc000,R
0x404100,0x100140000,R
0x404104,0x100140000,R
0x404108,0x100140000,R
0x40410c,0x100140000,W
0x400100,0x100007000,W
0x400104,0x100007000,W
0x400108,0x100008000,W
0x400100,0x100008000,W
0x400104,0x100009000,W
0x400108,0x100009000,R
0x401100,0x10007b000,R
0x401104,0x10007c000,R
0x401108,0x10007d000,R
0x401100,0x10007e000,R
0x401104,0x10007f000,R
0x401108,0x100080000,R
0x402100,0x1000e6000,R
0x402104,0x1000e6000,R
0x402100,0x1000e6000,R
0x402104,0x1000e6000,R
0x403100,0x100265000,R
0x403104,0x10026a000,R
0x403100,0x10026f000,R
0x403104,0x100274000,R
0x404100,0x100141000,R
0x404104,0x100141000,R
0x404108,0x100141000,R
0x40410c,0x100141000,W
0x400100,0x100013000,W
0x400104,0x100013000,W
0x400108,0x100014000,W
0x400100,0x100014000,W
0x400104,0x100015000,W
0x400108,0x100015000,R
0x401100,0x100093000,R
0x401104,0x100094000,R
0x401108,0x100095000,R
0x401100,0x100096000,R
0x401104,0x100097000,R
0x401108,0x100098000,R
0x402100,0x1000ec000,R
0x402104,0x1000ec000,R
0x402100,0x1000ec000,R
0x402104,0x1000ec000,R
0x403100,0x1002dd000,R
0x403104,0x1002e2000,R
0x403100,0x1002e7000,R
0x403104,0x1002ec000,R
0x404100,0x100142000,R
0x404104,0x100142000,R
0x404108,0x100142000,R
0x40410c,0x100142000,W
0x400100,0x10001f000,W
0x400104,0x10001f000,W
0x400108,0x100020000,W
0x400100,0x100020000,W
0x400104,0x100021000,W
0x400108,0x100021000,R
0x401100,0x1000ab000,R
0x401104,0x1000ac000,R
0x401108,0x1000ad000,R
0x401100,0x1000ae000,R
0x401104,0x1000af000,R
0x401108,0x1000b0000,R
0x402100,0x1000f2000,R
0x402104,0x1000f2000,R
0x402100,0x1000f2000,R
0x402104,0x1000f2000,R
0x403100,0x100355000,R
0x403104,0x10035a000,R
0x403100,0x10035f000,R
0x403104,0x100364000,R
0x404100,0x100143000,R
0x404104,0x100143000,R
0x404108,0x100143000,R
0x40410c,0x100143000,W
0x400100,0x10002b000,W
0x400104,0x10002b000,W
0x400108,0x10002c000,W
0x400100,0x10002c000,W
0x400104,0x10002d000,W
0x400108,0x10002d000,R
0x401100,0x100063000,R
0x401104,0x100064000,R
0x401108,0x100065000,R
0x401100,0x100066000,R
0x401104,0x100067000,R
0x401108,0x100068000,R
0x402100,0x1000f8000,R
0x402104,0x1000f8000,R
0x402100,0x1000f8000,R
0x402104,0x1000f8000,R
0x403100,0x1003cd000,R
0x403104,0x1003d2000,R
0x403100,0x1003d7000,R
0x403104,0x1003dc000,R
0x404100,0x100144000,R
0x404104,0x100144000,R
0x404108,0x100144000,R
0x40410c,0x100144000,W
0x400100,0x100037000,W
0x400104,0x100037000,W
0x400108,0x100038000,W
0x400100,0x100038000,W
0x400104,0x100039000,W
0x400108,0x100039000,R
0x401100,0x10007b000,R
0x401104,0x10007c000,R
0x401108,0x10007d000,R
0x401100,0x10007e000,R
0x401104,0x10007f000,R
0x401108,0x100080000,R
0x402100,0x1000fe000,R
0x402104,0x1000fe000,R
0x402100,0x1000fe000,R
0x402104,0x1000fe000,R
0x403100,0x100445000,R
0x403104,0x10044a000,R
0x403100,0x10044f000,R
0x403104,0x100454000,R
0x404100,0x100145000,R
0x404104,0x100145000,R
0x404108,0x100145000,R
0x40410c,0x100145000,W
0x400100,0x100043000,W
0x400104,0x100043000,W
0x400108,0x100044000,W
0x400100,0x100044000,W
0x400104,0x100045000,W
0x400108,0x100045000,R
0x401100,0x100093000,R
0x401104,0x100094000,R
0x401108,0x100095000,R
0x401100,0x100096000,R
0x401104,0x100097000,R
0x401108,0x100098000,R
0x402100,0x100104000,R
0x402104,0x100104000,R
0x402100,0x100104000,R
0x402104,0x100104000,R
0x403100,0x1004bd000,R
0x403104,0x1004c2000,R
0x403100,0x1004c7000,R
0x403104,0x1004cc000,R
0x404100,0x100146000,R
0x404104,0x100146000,R
0x404108,0x100146000,R
0x40410c,0x100146000,W
0x400100,0x10004f000,W
0x400104,0x10004f000,W
0x400108,0x100050000,W
0x400100,0x100050000,W
0x400104,0x100051000,W
0x400108,0x100051000,R
0x401100,0x1000ab000,R
0x401104,0x1000ac000,R
0x401108,0x1000ad000,R
0x401100,0x1000ae000,R
0x401104,0x1000af000,R
0x401108,0x1000b0000,R
0x402100,0x10010a000,R
0x402104,0x10010a000,R
0x402100,0x10010a000,R
0x402104,0x10010a000,R
0x403100,0x100535000,R
0x403104,0x10053a000,R
0x403100,0x10053f000,R
0x403104,0x100544000,R
0x404100,0x100147000,R
0x404104,0x100147000,R
0x404108,0x100147000,R
0x40410c,0x100147000,W
0x400100,0x10005b000,W
0x400104,0x10005b000,W
0x400108,0x10005c000,W
0x400100,0x10005c000,W
0x400104,0x10005d000,W
0x400108,0x10005d000,R
0x401100,0x100063000,R
0x401104,0x100064000,R
0x401108,0x100065000,R
0x401100,0x100066000,R
0x401104,0x100067000,R
0x401108,0x100068000,R
0x402100,0x100110000,R
0x402104,0x100110000,R
0x402100,0x100110000,R
0x402104,0x100110000,R
0x403100,0x1005ad000,R
0x403104,0x1005b2000,R
0x403100,0x1005b7000,R
0x403104,0x1005bc000,R
0x404100,0x100148000,R
0x404104,0x100148000,R
0x404108,0x100148000,R
0x40410c,0x100148000,W
0x400100,0x100007000,W
0x400104,0x100007000,W
0x400108,0x100008000,W
0x400100,0x100008000,W
0x400104,0x100009000,W
0x400108,0x100009000,R
0x401100,0x10007b000,R
0x401104,0x10007c000,R
0x401108,0x10007d000,R
0x401100,0x10007e000,R
0x401104,0x10007f000,R
0x401108,0x100080000,R
0x402100,0x100116000,R
0x402104,0x100116000,R
0x402100,0x100116000,R
0x402104,0x100116000,R
0x403100,0x1001a5000,R
0x403104,0x1001aa000,R
0x403100,0x1001af000,R
0x403104,0x1001b4000,R
0x404100,0x100149000,R
0x404104,0x100149000,R
0x404108,0x100149000,R
0x40410c,0x100149000,W
0x400100,0x100013000,W
0x400104,0x100013000,W
0x400108,0x100014000,W
0x400100,0x100014000,W
0x400104,0x100015000,W
0x400108,0x100015000,R
0x401100,0x100093000,R
0x401104,0x100094000,R
0x401108,0x100095000,R
0x401100,0x100096000,R
0x401104,0x100097000,R
0x401108,0x100098000,R
0x402100,0x10011c000,R
0x402104,0x10011c000,R
0x402100,0x10011c000,R
0x402104,0x10011c000,R
0x403100,0x10021d000,R
0x403104,0x100222000,R
0x403100,0x100227000,R
0x403104,0x10022c000,R
0x404100,0x10014a000,R
0x404104,0x10014a000,R
0x404108,0x10014a000,R
0x40410c,0x10014a000,W
0x400100,0x10001f000,W
0x400104,0x10001f000,W
0x400108,0x100020000,W
0x400100,0x100020000,W
0x400104,0x100021000,W
0x400108,0x100021000,R
0x401100,0x1000ab000,R
0x401104,0x1000ac000,R
0x401108,0x1000ad000,R
0x401100,0x1000ae000,R
0x401104,0x1000af000,R
0x401108,0x1000b0000,R
0x402100,0x1000c2000,R
0x402104,0x1000c2000,R
0x402100,0x1000c2000,R
0x402104,0x1000c2000,R
0x403100,0x100295000,R
0x403104,0x10029a000,R
0x403100,0x10029f000,R
0x403104,0x1002a4000,R
0x404100,0x10014b000,R
0x404104,0x10014b000,R
0x404108,0x10014b000,R
0x40410c,0x10014b000,W
0x400100,0x10002b000,W
0x400104,0x10002b000,W
0x400108,0x10002c000,W
0x400100,0x10002c000,W
0x400104,0x10002d000,W
0x400108,0x10002d000,R
0x401100,0x100063000,R
0x401104,0x100064000,R
0x401108,0x100065000,R
0x401100,0x100066000,R
0x401104,0x100067000,R
0x401108,0x100068000,R
0x402100,0x1000c8000,R
0x402104,0x1000c8000,R
0x402100,0x1000c8000,R
0x402104,0x1000c8000,R
0x403100,0x10030d000,R
0x403104,0x100312000,R
0x403100,0x100317000,R
0x403104,0x10031c000,R
0x404100,0x10014c000,R
0x404104,0x10014c000,R
0x404108,0x10014c000,R
0x40410c,0x10014c000,W
0x400100,0x100037000,W
0x400104,0x100037000,W
0x400108,0x100038000,W
0x400100,0x100038000,W
0x400104,0x100039000,W
0x400108,0x100039000,R
0x401100,0x10007b000,R
0x401104,0x10007c000,R
0x401108,0x10007d000,R
0x401100,0x10007e000,R
0x401104,0x10007f000,R
0x401108,0x100080000,R
0x402100,0x1000ce000,R
0x402104,0x1000ce000,R
0x402100,0x1000ce000,R
0x402104,0x1000ce000,R
0x403100,0x100385000,R
0x403104,0x10038a000,R
0x403100,0x10038f000,R
0x403104,0x100394000,R
0x404100,0x10014d000,R
0x404104,0x10014d000,R
0x404108,0x10014d000,R
0x40410c,0x10014d000,W
0x400100,0x100043000,W
0x400104,0x100043000,W
0x400108,0x100044000,W
0x400100,0x100044000,W
0x400104,0x100045000,W
0x400108,0x100045000,R
0x401100,0x100093000,R
0x401104,0x100094000,R
0x401108,0x100095000,R
0x401100,0x100096000,R
0x401104,0x100097000,R
0x401108,0x100098000,R
0x402100,0x1000d4000,R
0x402104,0x1000d4000,R
0x402100,0x1000d4000,R
0x402104,0x1000d4000,R
0x403100,0x1003fd000,R
0x403104,0x100402000,R
0x403100,0x100407000,R
0x403104,0x10040c000,R
0x404100,0x10014e000,R
0x404104,0x10014e000,R
0x404108,0x10014e000,R
0x40410c,0x10014e000,W
0x400100,0x10004f000,W
0x400104,0x10004f000,W
0x400108,0x100050000,W
0x400100,0x100050000,W
0x400104,0x100051000,W
0x400108,0x100051000,R
0x401100,0x1000ab000,R
0x401104,0x1000ac000,R
0x401108,0x1000ad000,R
0x401100,0x1000ae000,R
0x401104,0x1000af000,R
0x401108,0x1000b0000,R
0x402100,0x1000da000,R
0x402104,0x1000da000,R
0x402100,0x1000da000,R
0x402104,0x1000da000,R
0x403100,0x100475000,R
0x403104,0x10047a000,R
0x403100,0x10047f000,R
0x403104,0x100484000,R
0x404100,0x10014f000,R
0x404104,0x10014f000,R
0x404108,0x10014f000,R
0x40410c,0x10014f000,W
0x400100,0x10005b000,W
0x400104,0x10005b000,W
0x400108,0x10005c000,W
0x400100,0x10005c000,W
0x400104,0x10005d000,W
0x400108,0x10005d000,R
0x401100,0x100063000,R
0x401104,0x100064000,R
0x401108,0x100065000,R
0x401100,0x100066000,R
0x401104,0x100067000,R
0x401108,0x100068000,R
0x402100,0x1000e0000,R
0x402104,0x1000e0000,R
0x402100,0x1000e0000,R
0x402104,0x1000e0000,R
0x403100,0x1004ed000,R
0x403104,0x1004f2000,R
0x403100,0x1004f7000,R
0x403104,0x1004fc000,R
0x404100,0x100150000,R
0x404104,0x100150000,R
0x404108,0x100150000,R
0x40410c,0x100150000,W
0x400100,0x100007000,W
0x400104,0x100007000,W
0x400108,0x100008000,W
0x400100,0x100008000,W
0x400104,0x100009000,W
0x400108,0x100009000,R
0x401100,0x10007b000,R
0x401104,0x10007c000,R
0x401108,0x10007d000,R
0x401100,0x10007e000,R
0x401104,0x10007f000,R
0x401108,0x100080000,R
0x402100,0x1000e6000,R
0x402104,0x1000e6000,R
0x402100,0x1000e6000,R
0x402104,0x1000e6000,R
0x403100,0x100565000,R
0x403104,0x10056a000,R
0x403100,0x10056f000,R
0x403104,0x100574000,R
0x404100,0x100151000,R
0x404104,0x100151000,R
0x404108,0x100151000,R
0x40410c,0x100151000,W
0x400100,0x100013000,W
0x400104,0x100013000,W
0x400108,0x100014000,W
0x400100,0x100014000,W
0x400104,0x100015000,W
0x400108,0x100015000,R
0x401100,0x100093000,R
0x401104,0x100094000,R
0x401108,0x100095000,R
0x401100,0x100096000,R
0x401104,0x100097000,R
0x401108,0x100098000,R
0x402100,0x1000ec000,R
0x402104,0x1000ec000,R
0x402100,0x1000ec000,R
0x402104,0x1000ec000,R
0x403100,0x1005dd000,R
0x403104,0x1005e2000,R
0x403100,0x1005e7000,R
0x403104,0x1005ec000,R
0x404100,0x100152000,R
0x404104,0x100152000,R
0x404108,0x100152000,R
0x40410c,0x100152000,W
0x400100,0x10001f000,W
0x400104,0x10001f000,W
0x400108,0x100020000,W
0x400100,0x100020000,W
0x400104,0x100021000,W
0x400108,0x100021000,R
0x401100,0x1000ab000,R
0x401104,0x1000ac000,R
0x401108,0x1000ad000,R
0x401100,0x1000ae000,R
0x401104,0x1000af000,R
0x401108,0x1000b0000,R
0x402100,0x1000f2000,R
0x402104,0x1000f2000,R
0x402100,0x1000f2000,R
0x402104,0x1000f2000,R
0x403100,0x1001d5000,R
0x403104,0x1001da000,R
0x403100,0x1001df000,R
0x403104,0x1001e4000,R
0x404100,0x100153000,R
0x404104,0x100153000,R
0x404108,0x100153000,R
0x40410c,0x100153000,W
0x400100,0x10002b000,W
0x400104,0x10002b000,W
0x400108,0x10002c000,W
0x400100,0x10002c000,W
0x400104,0x10002d000,W
0x400108,0x10002d000,R
0x401100,0x100063000,R
0x401104,0x100064000,R
0x401108,0x100065000,R
0x401100,0x100066000,R
0x401104,0x100067000,R
0x401108,0x100068000,R
0x402100,0x1000f8000,R
0x402104,0x1000f8000,R
0x402100,0x1000f8000,R
0x402104,0x1000f8000,R
0x403100,0x10024d000,R
0x403104,0x100252000,R
0x403100,0x100257000,R
0x403104,0x10025c000,R
0x404100,0x100154000,R
0x404104,0x100154000,R
0x404108,0x100154000,R
0x40410c,0x100154000,W
0x400100,0x100037000,W
0x400104,0x100037000,W
0x400108,0x100038000,W
0x400100,0x100038000,W
0x400104,0x100039000,W
0x400108,0x100039000,R
0x401100,0x10007b000,R
0x401104,0x10007c000,R
0x401108,0x10007d000,R
0x401100,0x10007e000,R
0x401104,0x10007f000,R
0x401108,0x100080000,R
0x402100,0x1000fe000,R
0x402104,0x1000fe000,R
0x402100,0x1000fe000,R
0x402104,0x1000fe000,R
0x403100,0x1002c5000,R
0x403104,0x1002ca000,R
0x403100,0x1002cf000,R
0x403104,0x1002d4000,R
0x404100,0x100155000,R
0x404104,0x100155000,R
0x404108,0x100155000,R
0x40410c,0x100155000,W
0x400100,0x100043000,W
0x400104,0x100043000,W
0x400108,0x100044000,W
0x400100,0x100044000,W
0x400104,0x100045000,W
0x400108,0x100045000,R
0x401100,0x100093000,R
0x401104,0x100094000,R
0x401108,0x100095000,R
0x401100,0x100096000,R
0x401104,0x100097000,R
0x401108,0x100098000,R
0x402100,0x100104000,R
0x402104,0x100104000,R
0x402100,0x100104000,R
0x402104,0x100104000,R
0x403100,0x10033d000,R
0x403104,0x100342000,R
0x403100,0x100347000,R
0x403104,0x10034c000,R
0x404100,0x100156000,R
0x404104,0x100156000,R
0x404108,0x100156000,R
0x40410c,0x100156000,W
0x400100,0x10004f000,W
0x400104,0x10004f000,W
0x400108,0x100050000,W
0x400100,0x100050000,W
0x400104,0x100051000,W
0x400108,0x100051000,R
0x401100,0x1000ab000,R
0x401104,0x1000ac000,R
0x401108,0x1000ad000,R
0x401100,0x1000ae000,R
0x401104,0x1000af000,R
0x401108,0x1000b0000,R
0x402100,0x10010a000,R
0x402104,0x10010a000,R
0x402100,0x10010a000,R
0x402104,0x10010a000,R
0x403100,0x1003b5000,R
0x403104,0x1003ba000,R
0x403100,0x1003bf000,R
0x403104,0x1003c4000,R
0x404100,0x100157000,R
0x404104,0x100157000,R
0x404108,0x100157000,R
0x40410c,0x100157000,W
0x400100,0x10005b000,W
0x400104,0x10005b000,W
0x400108,0x10005c000,W
0x400100,0x10005c000,W
0x400104,0x10005d000,W
0x400108,0x10005d000,R
0x401100,0x100063000,R
0x401104,0x100064000,R
0x401108,0x100065000,R
0x401100,0x100066000,R
0x401104,0x100067000,R
0x401108,0x100068000,R
0x402100,0x100110000,R
0x402104,0x100110000,R
0x402100,0x100110000,R
0x402104,0x100110000,R
0x403100,0x10042d000,R
0x403104,0x100432000,R
0x403100,0x100437000,R
0x403104,0x10043c000,R
0x404100,0x100158000,R
0x404104,0x100158000,R
0x404108,0x100158000,R
0x40410c,0x100158000,W
0x400100,0x100007000,W
0x400104,0x100007000,W
0x400108,0x100008000,W
0x400100,0x100008000,W
0x400104,0x100009000,W
0x400108,0x100009000,R
0x401100,0x10007b000,R
0x401104,0x10007c000,R
0x401108,0x10007d000,R
0x401100,0x10007e000,R
0x401104,0x10007f000,R
0x401108,0x100080000,R
0x402100,0x100116000,R
0x402104,0x100116000,R
0x402100,0x100116000,R
0x402104,0x100116000,R
0x403100,0x1004a5000,R
0x403104,0x1004aa000,R
0x403100,0x1004af000,R
0x403104,0x1004b4000,R
0x404100,0x100159000,R
0x404104,0x100159000,R
0x404108,0x100159000,R
0x40410c,0x100159000,W
0x400100,0x100013000,W
0x400104,0x100013000,W
0x400108,0x100014000,W
0x400100,0x100014000,W
0x400104,0x100015000,W
0x400108,0x100015000,R
0x401100,0x100093000,R
0x401104,0x100094000,R
0x401108,0x100095000,R
0x401100,0x100096000,R
0x401104,0x100097000,R
0x401108,0x100098000,R
0x402100,0x10011c000,R
0x402104,0x10011c000,R
0x402100,0x10011c000,R
0x402104,0x10011c000,R
0x403100,0x10051d000,R
0x403104,0x100522000,R
0x403100,0x100527000,R
0x403104,0x10052c000,R
0x404100,0x10015a000,R
0x404104,0x10015a000,R
0x404108,0x10015a000,R
0x40410c,0x10015a000,W
0x400100,0x10001f000,W
0x400104,0x10001f000,W
0x400108,0x100020000,W
0x400100,0x100020000,W
0x400104,0x100021000,W
0x400108,0x100021000,R
0x401100,0x1000ab000,R
0x401104,0x1000ac000,R
0x401108,0x1000ad000,R
0x401100,0x1000ae000,R
0x401104,0x1000af000,R
0x401108,0x1000b0000,R
0x402100,0x1000c2000,R
0x402104,0x1000c2000,R
0x402100,0x1000c2000,R
0x402104,0x1000c2000,R
0x403100,0x100595000,R
0x403104,0x10059a000,R
0x403100,0x10059f000,R
0x403104,0x1005a4000,R
0x404100,0x10015b000,R
0x404104,0x10015b000,R
0x404108,0x10015b000,R
0x40410c,0x10015b000,W
0x400100,0x10002b000,W
0x400104,0x10002b000,W
0x400108,0x10002c000,W
0x400100,0x10002c000,W
0x400104,0x10002d000,W
0x400108,0x10002d000,R
0x401100,0x100063000,R
0x401104,0x100064000,R
0x401108,0x100065000,R
0x401100,0x100066000,R
0x401104,0x100067000,R
0x401108,0x100068000,R
0x402100,0x1000c8000,R
0x402104,0x1000c8000,R
0x402100,0x1000c8000,R
0x402104,0x1000c8000,R
0x403100,0x10018d000,R
0x403104,0x100192000,R
0x403100,0x100197000,R
0x403104,0x10019c000,R
0x404100,0x10015c000,R
0x404104,0x10015c000,R
0x404108,0x10015c000,R
0x40410c,0x10015c000,W
0x400100,0x100037000,W
0x400104,0x100037000,W
0x400108,0x100038000,W
0x400100,0x100038000,W
0x400104,0x100039000,W
0x400108,0x100039000,R
0x401100,0x10007b000,R
0x401104,0x10007c000,R
0x401108,0x10007d000,R
0x401100,0x10007e000,R
0x401104,0x10007f000,R
0x401108,0x100080000,R
0x402100,0x1000ce000,R
0x402104,0x1000ce000,R
0x402100,0x1000ce000,R
0x402104,0x1000ce000,R
0x403100,0x100205000,R
0x403104,0x10020a000,R
0x403100,0x10020f000,R
0x403104,0x100214000,R
0x404100,0x10015d000,R
0x404104,0x10015d000,R
0x404108,0x10015d000,R
0x40410c,0x10015d000,W
0x400100,0x100043000,W
0x400104,0x100043000,W
0x400108,0x100044000,W
0x400100,0x100044000,W
0x400104,0x100045000,W
0x400108,0x100045000,R
0x401100,0x100093000,R
0x401104,0x100094000,R
0x401108,0x100095000,R
0x401100,0x100096000,R
0x401104,0x100097000,R
0x401108,0x100098000,R
0x402100,0x1000d4000,R
0x402104,0x1000d4000,R
0x402100,0x1000d4000,R
0x402104,0x1000d4000,R
0x403100,0x10027d000,R
0x403104,0x100282000,R
0x403100,0x100287000,R
0x403104,0x10028c000,R
0x404100,0x10015e000,R
0x404104,0x10015e000,R
0x404108,0x10015e000,R
0x40410c,0x10015e000,W
0x400100,0x10004f000,W
0x400104,0x10004f000,W
0x400108,0x100050000,W
0x400100,0x100050000,W
0x400104,0x100051000,W
0x400108,0x100051000,R
0x401100,0x1000ab000,R
0x401104,0x1000ac000,R
0x401108,0x1000ad000,R
0x401100,0x1000ae000,R
0x401104,0x1000af000,R
0x401108,0x1000b0000,R
0x402100,0x1000da000,R
0x402104,0x1000da000,R
0x402100,0x1000da000,R
0x402104,0x1000da000,R
0x403100,0x1002f5000,R
0x403104,0x1002fa000,R
0x403100,0x1002ff000,R
0x403104,0x100304000,R
0x404100,0x10015f000,R
0x404104,0x10015f000,R
0x404108,0x10015f000,R
0x40410c,0x10015f000,W
0x400100,0x10005b000,W
0x400104,0x10005b000,W
0x400108,0x10005c000,W
0x400100,0x10005c000,W
0x400104,0x10005d000,W
0x400108,0x10005d000,R
0x401100,0x100063000,R
0x401104,0x100064000,R
0x401108,0x100065000,R
0x401100,0x100066000,R
0x401104,0x100067000,R
0x401108,0x100068000,R
0x402100,0x1000e0000,R
0x402104,0x1000e0000,R
0x402100,0x1000e0000,R
0x402104,0x1000e0000,R
0x403100,0x10036d000,R
0x403104,0x100372000,R
0x403100,0x100377000,R
0x403104,0x10037c000,R
0x404100,0x100160000,R
0x404104,0x100160000,R
0x404108,0x100160000,R
0x40410c,0x100160000,W
0x400100,0x100007000,W
0x400104,0x100007000,W
0x400108,0x100008000,W
0x400100,0x100008000,W
0x400104,0x100009000,W
0x400108,0x100009000,R
0x401100,0x10007b000,R
0x401104,0x10007c000,R
0x401108,0x10007d000,R
0x401100,0x10007e000,R
0x401104,0x10007f000,R
0x401108,0x100080000,R
0x402100,0x1000e6000,R
0x402104,0x1000e6000,R
0x402100,0x1000e6000,R
0x402104,0x1000e6000,R
0x403100,0x1003e5000,R
0x403104,0x1003ea000,R
0x403100,0x1003ef000,R
0x403104,0x1003f4000,R
0x404100,0x100161000,R
0x404104,0x100161000,R
0x404108,0x100161000,R
0x40410c,0x100161000,W
0x400100,0x100013000,W
0x400104,0x100013000,W
0x400108,0x100014000,W
0x400100,0x100014000,W
0x400104,0x100015000,W
0x400108,0x100015000,R
0x401100,0x100093000,R
0x401104,0x100094000,R
0x401108,0x100095000,R
0x401100,0x100096000,R
0x401104,0x100097000,R
0x401108,0x100098000,R
0x402100,0x1000ec000,R
0x402104,0x1000ec000,R
0x402100,0x1000ec000,R
0x402104,0x1000ec000,R
0x403100,0x10045d000,R
0x403104,0x100462000,R
0x403100,0x100467000,R
0x403104,0x10046c000,R
0x404100,0x100162000,R
0x404104,0x100162000,R
0x404108,0x100162000,R
0x40410c,0x100162000,W
0x400100,0x10001f000,W
0x400104,0x10001f000,W
0x400108,0x100020000,W
0x400100,0x100020000,W
0x400104,0x100021000,W
0x400108,0x100021000,R
0x401100,0x1000ab000,R
0x401104,0x1000ac000,R
0x401108,0x1000ad000,R
0x401100,0x1000ae000,R
0x401104,0x1000af000,R
0x401108,0x1000b0000,R
0x402100,0x1000f2000,R
0x402104,0x1000f2000,R
0x402100,0x1000f2000,R
0x402104,0x1000f2000,R
0x403100,0x1004d5000,R
0x403104,0x1004da000,R
0x403100,0x1004df000,R
0x403104,0x1004e4000,R
0x404100,0x100163000,R
0x404104,0x100163000,R
0x404108,0x100163000,R
0x40410c,0x100163000,W
0x400100,0x10002b000,W
0x400104,0x10002b000,W
0x400108,0x10002c000,W
0x400100,0x10002c000,W
0x400104,0x10002d000,W
0x400108,0x10002d000,R
0x401100,0x100063000,R
0x401104,0x100064000,R
0x401108,0x100065000,R
0x401100,0x100066000,R
0x401104,0x100067000,R
0x401108,0x100068000,R
0x402100,0x1000f8000,R
0x402104,0x1000f8000,R
0x402100,0x1000f8000,R
0x402104,0x1000f8000,R
0x403100,0x10054d000,R
0x403104,0x100552000,R
0x403100,0x100557000,R
0x403104,0x10055c000,R
0x404100,0x100164000,R
0x404104,0x100164000,R
0x404108,0x100164000,R
0x40410c,0x100164000,W
0x400100,0x100037000,W
0x400104,0x100037000,W
0x400108,0x100038000,W
0x400100,0x100038000,W
0x400104,0x100039000,W
0x400108,0x100039000,R
0x401100,0x10007b000,R
0x401104,0x10007c000,R
0x401108,0x10007d000,R
0x401100,0x10007e000,R
0x401104,0x10007f000,R
0x401108,0x100080000,R
0x402100,0x1000fe000,R
0x402104,0x1000fe000,R
0x402100,0x1000fe000,R
0x402104,0x1000fe000,R
0x403100,0x1005c5000,R
0x403104,0x1005ca000,R
0x403100,0x1005cf000,R
0x403104,0x1005d4000,R
0x404100,0x100165000,R
0x404104,0x100165000,R
0x404108,0x100165000,R
0x40410c,0x100165000,W
0x400100,0x100043000,W
0x400104,0x100043000,W
0x400108,0x100044000,W
0x400100,0x100044000,W
0x400104,0x100045000,W
0x400108,0x100045000,R
0x401100,0x100093000,R
0x401104,0x100094000,R
0x401108,0x100095000,R
0x401100,0x100096000,R
0x401104,0x100097000,R
0x401108,0x100098000,R
0x402100,0x100104000,R
0x402104,0x100104000,R
0x402100,0x100104000,R
0x402104,0x100104000,R
0x403100,0x1001bd000,R
0x403104,0x1001c2000,R
0x403100,0x1001c7000,R
0x403104,0x1001cc000,R
0x404100,0x100166000,R
0x404104,0x100166000,R
0x404108,0x100166000,R
0x40410c,0x100166000,W
0x400100,0x10004f000,W
0x400104,0x10004f000,W
0x400108,0x100050000,W
0x400100,0x100050000,W
0x400104,0x100051000,W
0x400108,0x100051000,R
0x401100,0x1000ab000,R
0x401104,0x1000ac000,R
0x401108,0x1000ad000,R
0x401100,0x1000ae000,R
0x401104,0x1000af000,R
0x401108,0x1000b0000,R
0x402100,0x10010a000,R
0x402104,0x10010a000,R
0x402100,0x10010a000,R
0x402104,0x10010a000,R
0x403100,0x100235000,R
0x403104,0x10023a000,R
0x403100,0x10023f000,R
0x403104,0x100244000,R
0x404100,0x100167000,R
0x404104,0x100167000,R
0x404108,0x100167000,R
0x40410c,0x100167000,W
0x400100,0x10005b000,W
0x400104,0x10005b000,W
0x400108,0x10005c000,W
0x400100,0x10005c000,W
0x400104,0x10005d000,W
0x400108,0x10005d000,R
0x401100,0x100063000,R
0x401104,0x100064000,R
0x401108,0x100065000,R
0x401100,0x100066000,R
0x401104,0x100067000,R
0x401108,0x100068000,R
0x402100,0x100110000,R
0x402104,0x100110000,R
0x402100,0x100110000,R
0x402104,0x100110000,R
0x403100,0x1002ad000,R
0x403104,0x1002b2000,R
0x403100,0x1002b7000,R
0x403104,0x1002bc000,R
0x404100,0x100168000,R
0x404104,0x100168000,R
0x404108,0x100168000,R
0x40410c,0x100168000,W
0x400100,0x100007000,W
0x400104,0x100007000,W
0x400108,0x100008000,W
0x400100,0x100008000,W
0x400104,0x100009000,W
0x400108,0x100009000,R
0x401100,0x10007b000,R
0x401104,0x10007c000,R
0x401108,0x10007d000,R
0x401100,0x10007e000,R
0x401104,0x10007f000,R
0x401108,0x100080000,R
0x402100,0x100116000,R
0x402104,0x100116000,R
0x402100,0x100116000,R
0x402104,0x100116000,R
0x403100,0x100325000,R
0x403104,0x10032a000,R
0x403100,0x10032f000,R
0x403104,0x100334000,R
0x404100,0x100169000,R
0x404104,0x100169000,R
0x404108,0x100169000,R
0x40410c,0x100169000,W
0x400100,0x100013000,W
0x400104,0x100013000,W
0x400108,0x100014000,W
0x400100,0x100014000,W
0x400104,0x100015000,W
0x400108,0x100015000,R
0x401100,0x100093000,R
0x401104,0x100094000,R
0x401108,0x100095000,R
0x401100,0x100096000,R
0x401104,0x100097000,R
0x401108,0x100098000,R
0x402100,0x10011c000,R
0x402104,0x10011c000,R
0x402100,0x10011c000,R
0x402104,0x10011c000,R
0x403100,0x10039d000,R
0x403104,0x1003a2000,R
0x403100,0x1003a7000,R
0x403104,0x1003ac000,R
0x404100,0x10016a000,R
0x404104,0x10016a000,R
0x404108,0x10016a000,R
0x40410c,0x10016a000,W
0x400100,0x10001f000,W
0x400104,0x10001f000,W
0x400108,0x100020000,W
0x400100,0x100020000,W
0x400104,0x100021000,W
0x400108,0x100021000,R
0x401100,0x1000ab000,R
0x401104,0x1000ac000,R
0x401108,0x1000ad000,R
0x401100,0x1000ae000,R
0x401104,0x1000af000,R
0x401108,0x1000b0000,R
0x402100,0x1000c2000,R
0x402104,0x1000c2000,R
0x402100,0x1000c2000,R
0x402104,0x1000c2000,R
0x403100,0x100415000,R
0x403104,0x10041a000,R
0x403100,0x10041f000,R
0x403104,0x100424000,R
0x404100,0x10016b000,R
0x404104,0x10016b000,R
0x404108,0x10016b000,R
0x40410c,0x10016b000,W
0x400100,0x10002b000,W
0x400104,0x10002b000,W
0x400108,0x10002c000,W
0x400100,0x10002c000,W
0x400104,0x10002d000,W
0x400108,0x10002d000,R
0x401100,0x100063000,R
0x401104,0x100064000,R
0x401108,0x100065000,R
0x401100,0x100066000,R
0x401104,0x100067000,R
0x401108,0x100068000,R
0x402100,0x1000c8000,R
0x402104,0x1000c8000,R
0x402100,0x1000c8000,R
0x402104,0x1000c8000,R
0x403100,0x10048d000,R
0x403104,0x100492000,R
0x403100,0x100497000,R
0x403104,0x10049c000,R
0x404100,0x10016c000,R
0x404104,0x10016c000,R
0x404108,0x10016c000,R
0x40410c,0x10016c000,W
0x400100,0x100037000,W
0x400104,0x100037000,W
0x400108,0x100038000,W
0x400100,0x100038000,W
0x400104,0x100039000,W
0x400108,0x100039000,R
0x401100,0x10007b000,R
0x401104,0x10007c000,R
0x401108,0x10007d000,R
0x401100,0x10007e000,R
0x401104,0x10007f000,R
0x401108,0x100080000,R
0x402100,0x1000ce000,R
0x402104,0x1000ce000,R
0x402100,0x1000ce000,R
0x402104,0x1000ce000,R
0x403100,0x100505000,R
0x403104,0x10050a000,R
0x403100,0x10050f000,R
0x403104,0x100514000,R
0x404100,0x10016d000,R
0x404104,0x10016d000,R
0x404108,0x10016d000,R
0x40410c,0x10016d000,W
0x400100,0x100043000,W
0x400104,0x100043000,W
0x400108,0x100044000,W
0x400100,0x100044000,W
0x400104,0x100045000,W
0x400108,0x100045000,R
0x401100,0x100093000,R
0x401104,0x100094000,R
0x401108,0x100095000,R
0x401100,0x100096000,R
0x401104,0x100097000,R
0x401108,0x100098000,R
0x402100,0x1000d4000,R
0x402104,0x1000d4000,R
0x402100,0x1000d4000,R
0x402104,0x1000d4000,R
0x403100,0x10057d000,R
0x403104,0x100582000,R
0x403100,0x100587000,R
0x403104,0x10058c000,R
0x404100,0x10016e000,R
0x404104,0x10016e000,R
0x404108,0x10016e000,R
0x40410c,0x10016e000,W
0x400100,0x10004f000,W
0x400104,0x10004f000,W
0x400108,0x100050000,W
0x400100,0x100050000,W
0x400104,0x100051000,W
0x400108,0x100051000,R
0x401100,0x1000ab000,R
0x401104,0x1000ac000,R
0x401108,0x1000ad000,R
0x401100,0x1000ae000,R
0x401104,0x1000af000,R
0x401108,0x1000b0000,R
0x402100,0x1000da000,R
0x402104,0x1000da000,R
0x402100,0x1000da000,R
0x402104,0x1000da000,R
0x403100,0x1005f5000,R
0x403104,0x1005fa000,R
0x403100,0x1005ff000,R
0x403104,0x100184000,R
0x404100,0x10016f000,R
0x404104,0x10016f000,R
0x404108,0x10016f000,R
0x40410c,0x10016f000,W
0x400100,0x10005b000,W
0x400104,0x10005b000,W
0x400108,0x10005c000,W
0x400100,0x10005c000,W
0x400104,0x10005d000,W
0x400108,0x10005d000,R
0x401100,0x100063000,R
0x401104,0x100064000,R
0x401108,0x100065000,R
0x401100,0x100066000,R
0x401104,0x100067000,R
0x401108,0x100068000,R
0x402100,0x1000e0000,R
0x402104,0x1000e0000,R
0x402100,0x1000e0000,R
0x402104,0x1000e0000,R
0x403100,0x1001ed000,R
0x403104,0x1001f2000,R
0x403100,0x1001f7000,R
0x403104,0x1001fc000,R
0x404100,0x100170000,R
0x404104,0x100170000,R
0x404108,0x100170000,R
0x40410c,0x100170000,W
0x400100,0x100007000,W
0x400104,0x100007000,W
0x400108,0x100008000,W
0x400100,0x100008000,W
0x400104,0x100009000,W
0x400108,0x100009000,R
0x401100,0x10007b000,R
0x401104,0x10007c000,R
0x401108,0x10007d000,R
0x401100,0x10007e000,R
0x401104,0x10007f000,R
0x401108,0x100080000,R
0x402100,0x1000e6000,R
0x402104,0x1000e6000,R
0x402100,0x1000e6000,R
0x402104,0x1000e6000,R
0x403100,0x100265000,R
0x403104,0x10026a000,R
0x403100,0x10026f000,R
0x403104,0x100274000,R
0x404100,0x100171000,R
0x404104,0x100171000,R
0x404108,0x100171000,R
0x40410c,0x100171000,W
0x400100,0x100013000,W
0x400104,0x100013000,W
0x400108,0x100014000,W
0x400100,0x100014000,W
0x400104,0x100015000,W
0x400108,0x100015000,R
0x401100,0x100093000,R
0x401104,0x100094000,R
0x401108,0x100095000,R
0x401100,0x100096000,R
0x401104,0x100097000,R
0x401108,0x100098000,R
0x402100,0x1000ec000,R
0x402104,0x1000ec000,R
0x402100,0x1000ec000,R
0x402104,0x1000ec000,R
0x403100,0x1002dd000,R
0x403104,0x1002e2000,R
0x403100,0x1002e7000,R
0x403104,0x1002ec000,R
0x404100,0x100172000,R
0x404104,0x100172000,R
0x404108,0x100172000,R
0x40410c,0x100172000,W
0x400100,0x10001f000,W
0x400104,0x10001f000,W
0x400108,0x100020000,W
0x400100,0x100020000,W
0x400104,0x100021000,W
0x400108,0x100021000,R
0x401100,0x1000ab000,R
0x401104,0x1000ac000,R
0x401108,0x1000ad000,R
0x401100,0x1000ae000,R
0x401104,0x1000af000,R
0x401108,0x1000b0000,R
0x402100,0x1000f2000,R
0x402104,0x1000f2000,R
0x402100,0x1000f2000,R
0x402104,0x1000f2000,R
0x403100,0x100355000,R
0x403104,0x10035a000,R
0x403100,0x10035f000,R
0x403104,0x100364000,R
0x404100,0x100173000,R
0x404104,0x100173000,R
0x404108,0x100173000,R
0x40410c,0x100173000,W
0x400100,0x10002b000,W
0x400104,0x10002b000,W
0x400108,0x10002c000,W
0x400100,0x10002c000,W
0x400104,0x10002d000,W
0x400108,0x10002d000,R
0x401100,0x100063000,R
0x401104,0x100064000,R
0x401108,0x100065000,R
0x401100,0x100066000,R
0x401104,0x100067000,R
0x401108,0x100068000,R
0x402100,0x1000f8000,R
0x402104,0x1000f8000,R
0x402100,0x1000f8000,R
0x402104,0x1000f8000,R
0x403100,0x1003cd000,R
0x403104,0x1003d2000,R
0x403100,0x1003d7000,R
0x403104,0x1003dc000,R
0x404100,0x100174000,R
0x404104,0x100174000,R
0x404108,0x100174000,R
0x40410c,0x100174000,W
0x400100,0x100037000,W
0x400104,0x100037000,W
0x400108,0x100038000,W
0x400100,0x100038000,W
0x400104,0x100039000,W
0x400108,0x100039000,R
0x401100,0x10007b000,R
0x401104,0x10007c000,R
0x401108,0x10007d000,R
0x401100,0x10007e000,R
0x401104,0x10007f000,R
0x401108,0x100080000,R
0x402100,0x1000fe000,R
0x402104,0x1000fe000,R
0x402100,0x1000fe000,R
0x402104,0x1000fe000,R
0x403100,0x100445000,R
0x403104,0x10044a000,R
0x403100,0x10044f000,R
0x403104,0x100454000,R
0x404100,0x100175000,R
0x404104,0x100175000,R
0x404108,0x100175000,R
0x40410c,0x100175000,W
0x400100,0x100043000,W
0x400104,0x100043000,W
0x400108,0x100044000,W
0x400100,0x100044000,W
0x400104,0x100045000,W
0x400108,0x100045000,R
0x401100,0x100093000,R
0x401104,0x100094000,R
0x401108,0x100095000,R
0x401100,0x100096000,R
0x401104,0x100097000,R
0x401108,0x100098000,R
0x402100,0x100104000,R
0x402104,0x100104000,R
0x402100,0x100104000,R
0x402104,0x100104000,R
0x403100,0x1004bd000,R
0x403104,0x1004c2000,R
0x403100,0x1004c7000,R
0x403104,0x1004cc000,R
0x404100,0x100176000,R
0x404104,0x100176000,R
0x404108,0x100176000,R
0x40410c,0x100176000,W
0x400100,0x10004f000,W
0x400104,0x10004f000,W
0x400108,0x100050000,W
0x400100,0x100050000,W
0x400104,0x100051000,W
0x400108,0x100051000,R
0x401100,0x1000ab000,R
0x401104,0x1000ac000,R
0x401108,0x1000ad000,R
0x401100,0x1000ae000,R
0x401104,0x1000af000,R
0x401108,0x1000b0000,R
0x402100,0x10010a000,R
0x402104,0x10010a000,R
0x402100,0x10010a000,R
0x402104,0x10010a000,R
0x403100,0x100535000,R
0x403104,0x10053a000,R
0x403100,0x10053f000,R
0x403104,0x100544000,R
0x404100,0x100177000,R
0x404104,0x100177000,R
0x404108,0x100177000,R
0x40410c,0x100177000,W
0x400100,0x10005b000,W
0x400104,0x10005b000,W
0x400108,0x10005c000,W
0x400100,0x10005c000,W
0x400104,0x10005d000,W
0x400108,0x10005d000,R
0x401100,0x100063000,R
0x401104,0x100064000,R
0x401108,0x100065000,R
0x401100,0x100066000,R
0x401104,0x100067000,R
0x401108,0x100068000,R
0x402100,0x100110000,R
0x402104,0x100110000,R
0x402100,0x100110000,R
0x402104,0x100110000,R
0x403100,0x1005ad000,R
0x403104,0x1005b2000,R
0x403100,0x1005b7000,R
0x403104,0x1005bc000,R
0x404100,0x100178000,R
0x404104,0x100178000,R
0x404108,0x100178000,R
0x40410c,0x100178000,W
0x400100,0x100007000,W
0x400104,0x100007000,W
0x400108,0x100008000,W
0x400100,0x100008000,W
0x400104,0x100009000,W
0x400108,0x100009000,R
0x401100,0x10007b000,R
0x401104,0x10007c000,R
0x401108,0x10007d000,R
0x401100,0x10007e000,R
0x401104,0x10007f000,R
0x401108,0x100080000,R
0x402100,0x100116000,R
0x402104,0x100116000,R
0x402100,0x100116000,R
0x402104,0x100116000,R
0x403100,0x1001a5000,R
0x403104,0x1001aa000,R
0x403100,0x1001af000,R
0x403104,0x1001b4000,R
0x404100,0x100179000,R
0x404104,0x100179000,R
0x404108,0x100179000,R
0x40410c,0x100179000,W
0x400100,0x100013000,W
0x400104,0x100013000,W
0x400108,0x100014000,W
0x400100,0x100014000,W
0x400104,0x100015000,W
0x400108,0x100015000,R
0x401100,0x100093000,R
0x401104,0x100094000,R
0x401108,0x100095000,R
0x401100,0x100096000,R
0x401104,0x100097000,R
0x401108,0x100098000,R
0x402100,0x10011c000,R
0x402104,0x10011c000,R
0x402100,0x10011c000,R
0x402104,0x10011c000,R
0x403100,0x10021d000,R
0x403104,0x100222000,R
0x403100,0x100227000,R
0x403104,0x10022c000,R
0x404100,0x10017a000,R
0x404104,0x10017a000,R
0x404108,0x10017a000,R
0x40410c,0x10017a000,W
0x400100,0x10001f000,W
0x400104,0x10001f000,W
0x400108,0x100020000,W
0x400100,0x100020000,W
0x400104,0x100021000,W
0x400108,0x100021000,R
0x401100,0x1000ab000,R
0x401104,0x1000ac000,R
0x401108,0x1000ad000,R
0x401100,0x1000ae000,R
0x401104,0x1000af000,R
0x401108,0x1000b0000,R
0x402100,0x1000c2000,R
0x402104,0x1000c2000,R
0x402100,0x1000c2000,R
0x402104,0x1000c2000,R
0x403100,0x100295000,R
0x403104,0x10029a000,R
0x403100,0x10029f000,R
0x403104,0x1002a4000,R
0x404100,0x10017b000,R
0x404104,0x10017b000,R
0x404108,0x10017b000,R
0x40410c,0x10017b000,W
0x400100,0x10002b000,W
0x400104,0x10002b000,W
0x400108,0x10002c000,W
0x400100,0x10002c000,W
0x400104,0x10002d000,W
0x400108,0x10002d000,R
0x401100,0x100063000,R
0x401104,0x100064000,R
0x401108,0x100065000,R
0x401100,0x100066000,R
0x401104,0x100067000,R
0x401108,0x100068000,R
0x402100,0x1000c8000,R
0x402104,0x1000c8000,R
0x402100,0x1000c8000,R
0x402104,0x1000c8000,R
0x403100,0x10030d000,R
0x403104,0x100312000,R
0x403100,0x100317000,R
0x403104,0x10031c000,R
0x404100,0x10017c000,R
0x404104,0x10017c000,R
0x404108,0x10017c000,R
0x40410c,0x10017c000,W
0x400100,0x100037000,W
0x400104,0x100037000,W
0x400108,0x100038000,W
0x400100,0x100038000,W
0x400104,0x100039000,W
0x400108,0x100039000,R
0x401100,0x10007b000,R
0x401104,0x10007c000,R
0x401108,0x10007d000,R
0x401100,0x10007e000,R
0x401104,0x10007f000,R
0x401108,0x100080000,R
0x402100,0x1000ce000,R
0x402104,0x1000ce000,R
0x402100,0x1000ce000,R
0x402104,0x1000ce000,R
0x403100,0x100385000,R
0x403104,0x10038a000,R
0x403100,0x10038f000,R
0x403104,0x100394000,R
0x404100,0x10017d000,R
0x404104,0x10017d000,R
0x404108,0x10017d000,R
0x40410c,0x10017d000,W
0x400100,0x100043000,W
0x400104,0x100043000,W
0x400108,0x100044000,W
0x400100,0x100044000,W
0x400104,0x100045000,W
0x400108,0x100045000,R
0x401100,0x100093000,R
0x401104,0x100094000,R
0x401108,0x100095000,R
0x401100,0x100096000,R
0x401104,0x100097000,R
0x401108,0x100098000,R
0x402100,0x1000d4000,R
0x402104,0x1000d4000,R
0x402100,0x1000d4000,R
0x402104,0x1000d4000,R
0x403100,0x1003fd000,R
0x403104,0x100402000,R
0x403100,0x100407000,R
0x403104,0x10040c000,R
0x404100,0x10017e000,R
0x404104,0x10017e000,R
0x404108,0x10017e000,R
0x40410c,0x10017e000,W
0x400100,0x10004f000,W
0x400104,0x10004f000,W
0x400108,0x100050000,W
0x400100,0x100050000,W
0x400104,0x100051000,W
0x400108,0x100051000,R
0x401100,0x1000ab000,R
0x401104,0x1000ac000,R
0x401108,0x1000ad000,R
0x401100,0x1000ae000,R
0x401104,0x1000af000,R
0x401108,0x1000b0000,R
0x402100,0x1000da000,R
0x402104,0x1000da000,R
0x402100,0x1000da000,R
0x402104,0x1000da000,R
0x403100,0x100475000,R
0x403104,0x10047a000,R
0x403100,0x10047f000,R
0x403104,0x100484000,R
0x404100,0x10017f000,R
0x404104,0x10017f000,R
0x404108,0x10017f000,R
0x40410c,0x10017f000,W
0x400100,0x10005b000,W
0x400104,0x10005b000,W
0x400108,0x10005c000,W
0x400100,0x10005c000,W
0x400104,0x10005d000,W
0x400108,0x10005d000,R
0x401100,0x100063000,R
0x401104,0x100064000,R
0x401108,0x100065000,R
0x401100,0x100066000,R
0x401104,0x100067000,R
0x401108,0x100068000,R
0x402100,0x1000e0000,R
0x402104,0x1000e0000,R
0x402100,0x1000e0000,R
0x402104,0x1000e0000,R
0x403100,0x1004ed000,R
0x403104,0x1004f2000,R
0x403100,0x1004f7000,R
0x403104,0x1004fc000,R
0x404100,0x100120000,R
0x404104,0x100120000,R
0x404108,0x100120000,R
0x40410c,0x100120000,W
0x400100,0x100007000,W
0x400104,0x100007000,W
0x400108,0x100008000,W
0x400100,0x100008000,W
0x400104,0x100009000,W
0x400108,0x100009000,R
0x401100,0x10007b000,R
0x401104,0x10007c000,R
0x401108,0x10007d000,R
0x401100,0x10007e000,R
0x401104,0x10007f000,R
0x401108,0x100080000,R
0x402100,0x1000e6000,R
0x402104,0x1000e6000,R
0x402100,0x1000e6000,R
0x402104,0x1000e6000,R
0x403100,0x100565000,R
0x403104,0x10056a000,R
0x403100,0x10056f000,R
0x403104,0x100574000,R
0x404100,0x100121000,R
0x404104,0x100121000,R
0x404108,0x100121000,R
0x40410c,0x100121000,W
0x400100,0x100013000,W
0x400104,0x100013000,W
0x400108,0x100014000,W
0x400100,0x100014000,W
0x400104,0x100015000,W
0x400108,0x100015000,R
0x401100,0x100093000,R
0x401104,0x100094000,R
0x401108,0x100095000,R
0x401100,0x100096000,R
0x401104,0x100097000,R
0x401108,0x100098000,R
0x402100,0x1000ec000,R
0x402104,0x1000ec000,R
0x402100,0x1000ec000,R
0x402104,0x1000ec000,R
0x403100,0x1005dd000,R
0x403104,0x1005e2000,R
0x403100,0x1005e7000,R
0x403104,0x1005ec000,R
0x404100,0x100122000,R
0x404104,0x100122000,R
0x404108,0x100122000,R
0x40410c,0x100122000,W
0x400100,0x10001f000,W
0x400104,0x10001f000,W
0x400108,0x100020000,W
0x400100,0x100020000,W
0x400104,0x100021000,W
0x400108,0x100021000,R
0x401100,0x1000ab000,R
0x401104,0x1000ac000,R
0x401108,0x1000ad000,R
0x401100,0x1000ae000,R
0x401104,0x1000af000,R
0x401108,0x1000b0000,R
0x402100,0x1000f2000,R
0x402104,0x1000f2000,R
0x402100,0x1000f2000,R
0x402104,0x1000f2000,R
0x403100,0x1001d5000,R
0x403104,0x1001da000,R
0x403100,0x1001df000,R
0x403104,0x1001e4000,R
0x404100,0x100123000,R
0x404104,0x100123000,R
0x404108,0x100123000,R
0x40410c,0x100123000,W
0x400100,0x10002b000,W
0x400104,0x10002b000,W
0x400108,0x10002c000,W
0x400100,0x10002c000,W
0x400104,0x10002d000,W
0x400108,0x10002d000,R
0x401100,0x100063000,R
0x401104,0x100064000,R
0x401108,0x100065000,R
0x401100,0x100066000,R
0x401104,0x100067000,R
0x401108,0x100068000,R
0x402100,0x1000f8000,R
0x402104,0x1000f8000,R
0x402100,0x1000f8000,R
0x402104,0x1000f8000,R
0x403100,0x10024d000,R
0x403104,0x100252000,R
0x403100,0x100257000,R
0x403104,0x10025c000,R
0x404100,0x100124000,R
0x404104,0x100124000,R
0x404108,0x100124000,R
0x40410c,0x100124000,W
0x400100,0x100037000,W
0x400104,0x100037000,W
0x400108,0x100038000,W
0x400100,0x100038000,W
0x400104,0x100039000,W
0x400108,0x100039000,R
0x401100,0x10007b000,R
0x401104,0x10007c000,R
0x401108,0x10007d000,R
0x401100,0x10007e000,R
0x401104,0x10007f000,R
0x401108,0x100080000,R
0x402100,0x1000fe000,R
0x402104,0x1000fe000,R
0x402100,0x1000fe000,R
0x402104,0x1000fe000,R
0x403100,0x1002c5000,R
0x403104,0x1002ca000,R
0x403100,0x1002cf000,R
0x403104,0x1002d4000,R
0x404100,0x100125000,R
0x404104,0x100125000,R
0x404108,0x100125000,R
0x40410c,0x100125000,W
0x400100,0x100043000,W
0x400104,0x100043000,W
0x400108,0x100044000,W
0x400100,0x100044000,W
0x400104,0x100045000,W
0x400108,0x100045000,R
0x401100,0x100093000,R
0x401104,0x100094000,R
0x401108,0x100095000,R
0x401100,0x100096000,R
0x401104,0x100097000,R
0x401108,0x100098000,R
0x402100,0x100104000,R
0x402104,0x100104000,R
0x402100,0x100104000,R
0x402104,0x100104000,R
0x403100,0x10033d000,R
0x403104,0x100342000,R
0x403100,0x100347000,R
0x403104,0x10034c000,R
0x404100,0x100126000,R
0x404104,0x100126000,R
0x404108,0x100126000,R
0x40410c,0x100126000,W
0x400100,0x10004f000,W
0x400104,0x10004f000,W
0x400108,0x100050000,W
0x400100,0x100050000,W
0x400104,0x100051000,W
0x400108,0x100051000,R
0x401100,0x1000ab000,R
0x401104,0x1000ac000,R
0x401108,0x1000ad000,R
0x401100,0x1000ae000,R
0x401104,0x1000af000,R
0x401108,0x1000b0000,R
0x402100,0x10010a000,R
0x402104,0x10010a000,R
0x402100,0x10010a000,R
0x402104,0x10010a000,R
0x403100,0x1003b5000,R
0x403104,0x1003ba000,R
0x403100,0x1003bf000,R
0x403104,0x1003c4000,R
0x404100,0x100127000,R
0x404104,0x100127000,R
0x404108,0x100127000,R
0x40410c,0x100127000,W
0x400100,0x10005b000,W
0x400104,0x10005b000,W
0x400108,0x10005c000,W
0x400100,0x10005c000,W
0x400104,0x10005d000,W
0x400108,0x10005d000,R
0x401100,0x100063000,R
0x401104,0x100064000,R
0x401108,0x100065000,R
0x401100,0x100066000,R
0x401104,0x100067000,R
0x401108,0x100068000,R
0x402100,0x100110000,R
0x402104,0x100110000,R
0x402100,0x100110000,R
0x402104,0x100110000,R
0x403100,0x10042d000,R
0x403104,0x100432000,R
0x403100,0x100437000,R
0x403104,0x10043c000,R
0x404100,0x100128000,R
0x404104,0x100128000,R
0x404108,0x100128000,R
0x40410c,0x100128000,W
0x400100,0x100007000,W
0x400104,0x100007000,W
0x400108,0x100008000,W
0x400100,0x100008000,W
0x400104,0x100009000,W
0x400108,0x100009000,R
0x401100,0x10007b000,R
0x401104,0x10007c000,R
0x401108,0x10007d000,R
0x401100,0x10007e000,R
0x401104,0x10007f000,R
0x401108,0x100080000,R
0x402100,0x100116000,R
0x402104,0x100116000,R
0x402100,0x100116000,R
0x402104,0x100116000,R
0x403100,0x1004a5000,R
0x403104,0x1004aa000,R
0x403100,0x1004af000,R
0x403104,0x1004b4000,R
0x404100,0x100129000,R
0x404104,0x100129000,R
0x404108,0x100129000,R
0x40410c,0x100129000,W
0x400100,0x100013000,W
0x400104,0x100013000,W
0x400108,0x100014000,W
0x400100,0x100014000,W
0x400104,0x100015000,W
0x400108,0x100015000,R
0x401100,0x100093000,R
0x401104,0x100094000,R
0x401108,0x100095000,R
0x401100,0x100096000,R
0x401104,0x100097000,R
0x401108,0x100098000,R
0x402100,0x10011c000,R
0x402104,0x10011c000,R
0x402100,0x10011c000,R
0x402104,0x10011c000,R
0x403100,0x10051d000,R
0x403104,0x100522000,R
0x403100,0x100527000,R
0x403104,0x10052c000,R
0x404100,0x10012a000,R
0x404104,0x10012a000,R
0x404108,0x10012a000,R
0x40410c,0x10012a000,W
0x400100,0x10001f000,W
0x400104,0x10001f000,W
0x400108,0x100020000,W
0x400100,0x100020000,W
0x400104,0x100021000,W
0x400108,0x100021000,R
0x401100,0x1000ab000,R
0x401104,0x1000ac000,R
0x401108,0x1000ad000,R
0x401100,0x1000ae000,R
0x401104,0x1000af000,R
0x401108,0x1000b0000,R
0x402100,0x1000c2000,R
0x402104,0x1000c2000,R
0x402100,0x1000c2000,R
0x402104,0x1000c2000,R
0x403100,0x100595000,R
0x403104,0x10059a000,R
0x403100,0x10059f000,R
0x403104,0x1005a4000,R
0x404100,0x10012b000,R
0x404104,0x10012b000,R
0x404108,0x10012b000,R
0x40410c,0x10012b000,W
0x400100,0x10002b000,W
0x400104,0x10002b000,W
0x400108,0x10002c000,W
0x400100,0x10002c000,W
0x400104,0x10002d000,W
0x400108,0x10002d000,R
0x401100,0x100063000,R
0x401104,0x100064000,R
0x401108,0x100065000,R
0x401100,0x100066000,R
0x401104,0x100067000,R
0x401108,0x100068000,R
0x402100,0x1000c8000,R
0x402104,0x1000c8000,R
0x402100,0x1000c8000,R
0x402104,0x1000c8000,R
0x403100,0x10018d000,R
0x403104,0x100192000,R
0x403100,0x100197000,R
0x403104,0x10019c000,R
0x404100,0x10012c000,R
0x404104,0x10012c000,R
0x404108,0x10012c000,R
0x40410c,0x10012c000,W
0x400100,0x100037000,W
0x400104,0x100037000,W
0x400108,0x100038000,W
0x400100,0x100038000,W
0x400104,0x100039000,W
0x400108,0x100039000,R
0x401100,0x10007b000,R
0x401104,0x10007c000,R
0x401108,0x10007d000,R
0x401100,0x10007e000,R
0x401104,0x10007f000,R
0x401108,0x100080000,R
0x402100,0x1000ce000,R
0x402104,0x1000ce000,R
0x402100,0x1000ce000,R
0x402104,0x1000ce000,R
0x403100,0x100205000,R
0x403104,0x10020a000,R
0x403100,0x10020f000,R
0x403104,0x100214000,R
0x404100,0x10012d000,R
0x404104,0x10012d000,R
0x404108,0x10012d000,R
0x40410c,0x10012d000,W
0x400100,0x100043000,W
0x400104,0x100043000,W
0x400108,0x100044000,W
0x400100,0x100044000,W
0x400104,0x100045000,W
0x400108,0x100045000,R
0x401100,0x100093000,R
0x401104,0x100094000,R
0x401108,0x100095000,R
0x401100,0x100096000,R
0x401104,0x100097000,R
0x401108,0x100098000,R
0x402100,0x1000d4000,R
0x402104,0x1000d4000,R
0x402100,0x1000d4000,R
0x402104,0x1000d4000,R
0x403100,0x10027d000,R
0x403104,0x100282000,R
0x403100,0x100287000,R
0x403104,0x10028c000,R
0x404100,0x10012e000,R
0x404104,0x10012e000,R
0x404108,0x10012e000,R
0x40410c,0x10012e000,W
0x400100,0x10004f000,W
0x400104,0x10004f000,W
0x400108,0x100050000,W
0x400100,0x100050000,W
0x400104,0x100051000,W
0x400108,0x100051000,R
0x401100,0x1000ab000,R
0x401104,0x1000ac000,R
0x401108,0x1000ad000,R
0x401100,0x1000ae000,R
0x401104,0x1000af000,R
0x401108,0x1000b0000,R
0x402100,0x1000da000,R
0x402104,0x1000da000,R
0x402100,0x1000da000,R
0x402104,0x1000da000,R
0x403100,0x1002f5000,R
0x403104,0x1002fa000,R
0x403100,0x1002ff000,R
0x403104,0x100304000,R
0x404100,0x10012f000,R
0x404104,0x10012f000,R
0x404108,0x10012f000,R
0x40410c,0x10012f000,W
0x400100,0x10005b000,W
0x400104,0x10005b000,W
0x400108,0x10005c000,W
0x400100,0x10005c000,W
0x400104,0x10005d000,W
0x400108,0x10005d000,R
0x401100,0x100063000,R
0x401104,0x100064000,R
0x401108,0x100065000,R
0x401100,0x100066000,R
0x401104,0x100067000,R
0x401108,0x100068000,R
0x402100,0x1000e0000,R
0x402104,0x1000e0000,R
0x402100,0x1000e0000,R
0x402104,0x1000e0000,R
0x403100,0x10036d000,R
0x403104,0x100372000,R
0x403100,0x100377000,R
0x403104,0x10037c000,R
0x404100,0x100130000,R
0x404104,0x100130000,R
0x404108,0x100130000,R
0x40410c,0x100130000,W
0x400100,0x100007000,W
0x400104,0x100007000,W
0x400108,0x100008000,W
0x400100,0x100008000,W
0x400104,0x100009000,W
0x400108,0x100009000,R
0x401100,0x10007b000,R
0x401104,0x10007c000,R
0x401108,0x10007d000,R
0x401100,0x10007e000,R
0x401104,0x10007f000,R
0x401108,0x100080000,R
0x402100,0x1000e6000,R
0x402104,0x1000e6000,R
0x402100,0x1000e6000,R
0x402104,0x1000e6000,R
0x403100,0x1003e5000,R
0x403104,0x1003ea000,R
0x403100,0x1003ef000,R
0x403104,0x1003f4000,R
0x404100,0x100131000,R
0x404104,0x100131000,R
0x404108,0x100131000,R
0x40410c,0x100131000,W
0x400100,0x100013000,W
0x400104,0x100013000,W
0x400108,0x100014000,W
0x400100,0x100014000,W
0x400104,0x100015000,W
0x400108,0x100015000,R
0x401100,0x100093000,R
0x401104,0x100094000,R
