PC,Address,RW
0x4000d8,0x100000000,W
0x400000,0x100001000,W
0x40012c,0x100002000,W
0x400108,0x100003000,W
0x400178,0x100004000,R
0x400048,0x100005000,W
0x4001b0,0x100006000,W
0x4000f4,0x100007000,W
0x400120,0x100008000,R
0x4000fc,0x100009000,R
0x40005c,0x10000a000,R
0x4000f4,0x10000b000,R
0x400080,0x10000c000,R
0x40012c,0x10000d000,R
0x400068,0x10000e000,R
0x40004c,0x10000f000,W
0x400174,0x100010000,R
0x4001dc,0x100011000,R
0x4001a4,0x100012000,R
0x400108,0x100013000,R
0x400080,0x100014000,R
0x400178,0x100015000,R
0x400004,0x100016000,W
0x400078,0x100017000,R
0x400084,0x100018000,R
0x4001c8,0x100019000,W
0x40016c,0x10001a000,R
0x4001a8,0x10001b000,R
0x4000b4,0x10001c000,R
0x4000c4,0x10001d000,R
0x4001f0,0x10001e000,W
0x4001b4,0x10001f000,R
0x4001cc,0x100020000,R
0x400090,0x100021000,R
0x400154,0x100022000,R
0x40010c,0x100023000,R
0x400070,0x100024000,R
0x400170,0x100025000,R
0x4000b4,0x100026000,R
0x40008c,0x100027000,R
0x40019c,0x100028000,R
0x400170,0x100029000,R
0x4000e4,0x10002a000,R
0x400140,0x10002b000,R
0x400190,0x10002c000,R
0x400040,0x10002d000,R
0x400134,0x10002e000,R
0x400034,0x10002f000,R
0x400014,0x100030000,R
0x4001d4,0x100031000,R
0x40015c,0x100032000,R
0x4000e0,0x100033000,R
0x400104,0x100034000,R
0x4001d0,0x100035000,R
0x400178,0x100036000,R
0x40018c,0x100037000,R
0x4000c0,0x100038000,R
0x400064,0x100039000,R
0x40013c,0x10003a000,R
0x400084,0x10003b000,R
0x40015c,0x10003c000,R
0x40002c,0x10003d000,R
0x400120,0x10003e000,R
0x4000e8,0x10003f000,R
0x400180,0x100040000,R
0x400158,0x100041000,R
0x4001fc,0x100042000,R
0x4001e4,0x100043000,R
0x40005c,0x100044000,R
0x400180,0x100045000,R
0x400148,0x100046000,W
0x4001ec,0x100047000,R
0x400030,0x100048000,R
0x400174,0x100049000,R
0x4001a4,0x10004a000,R
0x4000d0,0x10004b000,R
0x400040,0x10004c000,R
0x4000b8,0x10004d000,R
0x4000f8,0x10004e000,R
0x4000d4,0x10004f000,R
0x4001c0,0x100050000,R
0x40015c,0x100051000,R
0x400074,0x100052000,R
0x400150,0x100053000,R
0x40009c,0x100054000,R
0x400030,0x100055000,R
0x400194,0x100056000,R
0x40007c,0x100057000,R
0x400124,0x100058000,R
0x400054,0x100059000,R
0x400154,0x10005a000,R
0x400128,0x10005b000,R
0x4000fc,0x10005c000,R
0x4001d8,0x10005d000,R
0x400064,0x10005e000,R
0x4001b8,0x10005f000,R
0x4001c4,0x100060000,R
0x4001d8,0x100061000,R
0x4001e4,0x100062000,R
0x400030,0x100063000,R
0x400100,0x100064000,R
0x4000ac,0x100065000,R
0x4001b4,0x100066000,R
0x4000b0,0x100067000,R
0x4001f4,0x100068000,R
0x400168,0x100069000,R
0x400124,0x10006a000,R
0x4001b4,0x10006b000,R
0x4000e4,0x10006c000,W
0x4001ec,0x10006d000,R
0x4000f8,0x10006e000,R
0x4000cc,0x10006f000,R
0x40002c,0x100070000,R
0x40012c,0x100071000,R
0x40004c,0x100072000,R
0x400000,0x100073000,R
0x400068,0x100074000,R
0x4001e4,0x100075000,R
0x4001e0,0x100076000,R
0x400010,0x100077000,R
0x4000a8,0x100078000,R
0x4000f0,0x100079000,R
0x400060,0x10007a000,R
0x4001bc,0x10007b000,W
0x4001a8,0x10007c000,R
0x400034,0x10007d000,R
0x4001ec,0x10007e000,R
0x4000dc,0x10007f000,R
0x400198,0x100080000,R
0x400164,0x100081000,R
0x4001fc,0x100082000,R
0x4001fc,0x100083000,R
0x400098,0x100084000,R
0x40010c,0x100085000,R
0x4000e4,0x100086000,R
0x4001b8,0x100087000,R
0x4001a8,0x100088000,R
0x4001a0,0x100089000,R
0x400054,0x10008a000,R
0x40000c,0x10008b000,R
0x400040,0x10008c000,R
0x4001d8,0x10008d000,W
0x4001dc,0x10008e000,R
0x400114,0x10008f000,R
0x400054,0x100090000,R
0x40019c,0x100091000,R
0x400168,0x100092000,R
0x4000d8,0x100093000,R
0x400134,0x100094000,R
0x4001c8,0x100095000,R
0x400108,0x100096000,R
0x4000b8,0x100097000,R
0x4000c8,0x100098000,R
0x4000d0,0x100099000,R
0x4000a0,0x10009a000,R
0x400188,0x10009b000,R
0x400148,0x10009c000,R
0x4001e8,0x10009d000,R
0x40004c,0x10009e000,W
0x4001b0,0x10009f000,W
0x400198,0x1000a0000,R
0x400150,0x1000a1000,R
0x4000e0,0x1000a2000,R
0x4001ec,0x1000a3000,R
0x400190,0x1000a4000,R
0x400180,0x1000a5000,R
0x4001ac,0x1000a6000,R
0x400034,0x1000a7000,W
0x4000cc,0x1000a8000,R
0x400134,0x1000a9000,R
0x400064,0x1000aa000,R
0x4001f0,0x1000ab000,R
0x4000c8,0x1000ac000,W
0x400014,0x1000ad000,R
0x4000a8,0x1000ae000,R
0x400140,0x1000af000,R
0x4001bc,0x1000b0000,R
0x400114,0x1000b1000,R
0x400138,0x1000b2000,R
0x400178,0x1000b3000,R
0x40015c,0x1000b4000,R
0x400008,0x1000b5000,R
0x4000b8,0x1000b6000,R
0x400140,0x1000b7000,R
0x4001bc,0x1000b8000,R
0x400184,0x1000b9000,R
0x40016c,0x1000ba000,R
0x40002c,0x1000bb000,R
0x400124,0x1000bc000,R
0x400144,0x1000bd000,W
0x4000e4,0x1000be000,R
0x400138,0x1000bf000,R
0x4001b8,0x1000c0000,R
0x400100,0x1000c1000,R
0x400038,0x1000c2000,R
0x400094,0x1000c3000,R
0x4001bc,0x1000c4000,R
0x400060,0x1000c5000,R
0x40011c,0x1000c6000,R
0x400134,0x1000c7000,R
0x4001ec,0x1000c8000,R
0x40016c,0x1000c9000,R
0x40008c,0x1000ca000,R
0x40000c,0x1000cb000,R
0x40008c,0x1000cc000,R
0x400048,0x1000cd000,R
0x40005c,0x1000ce000,R
0x4001f8,0x1000cf000,R
0x4001dc,0x1000d0000,R
0x4000e4,0x1000d1000,R
0x400044,0x1000d2000,W
0x400184,0x1000d3000,R
0x400180,0x1000d4000,R
0x400034,0x1000d5000,R
0x4001d0,0x1000d6000,R
0x4000f0,0x1000d7000,R
0x4001d8,0x1000d8000,R
0x400160,0x1000d9000,R
0x4001a0,0x1000da000,R
0x40011c,0x1000db000,R
0x400100,0x1000dc000,R
0x4000b0,0x1000dd000,R
0x400000,0x1000de000,R
0x4001dc,0x1000df000,R
0x4000f4,0x1000e0000,R
0x400030,0x1000e1000,W
0x4000b0,0x1000e2000,R
0x4001e8,0x1000e3000,R
0x4001c8,0x1000e4000,R
0x40001c,0x1000e5000,R
0x4000bc,0x1000e6000,R
0x4001a4,0x1000e7000,R
0x4000f0,0x1000e8000,R
0x40019c,0x1000e9000,R
0x400060,0x1000ea000,R
0x4001d8,0x1000eb000,R
0x400140,0x1000ec000,R
0x400170,0x1000ed000,R
0x400064,0x1000ee000,R
0x400034,0x1000ef000,R
0x400098,0x1000f0000,R
0x4001f0,0x1000f1000,R
0x4000a0,0x1000f2000,R
0x40003c,0x1000f3000,R
0x400034,0x1000f4000,R
0x400030,0x1000f5000,R
0x40006c,0x1000f6000,R
0x4000f8,0x1000f7000,R
0x40009c,0x1000f8000,R
0x4001bc,0x1000f9000,R
0x4001d0,0x1000fa000,R
0x400000,0x1000fb000,R
0x400118,0x1000fc000,R
0x4000b8,0x1000fd000,R
0x400188,0x1000fe000,R
0x40001c,0x1000ff000,R
0x400140,0x100100000,R
0x4001b8,0x100101000,R
0x400118,0x100102000,R
0x400044,0x100103000,R
0x400068,0x100104000,R
0x400060,0x100105000,R
0x4001a4,0x100106000,R
0x400114,0x100107000,R
0x40018c,0x100108000,R
0x40016c,0x100109000,R
0x400138,0x10010a000,R
0x400080,0x10010b000,R
0x4001f0,0x10010c000,R
0x40004c,0x10010d000,R
0x400164,0x10010e000,R
0x40006c,0x10010f000,R
0x400158,0x100110000,R
0x400064,0x100111000,W
0x40007c,0x100112000,R
0x4001e0,0x100113000,R
0x40001c,0x100114000,R
0x400050,0x100115000,R
0x400178,0x100116000,R
0x400160,0x100117000,R
0x4000c0,0x100118000,R
0x4000fc,0x100119000,R
0x400160,0x10011a000,R
0x4001ac,0x10011b000,R
0x400114,0x10011c000,R
0x4001a0,0x10011d000,R
0x40002c,0x10011e000,R
0x400094,0x10011f000,R
0x4001a4,0x100120000,R
0x400178,0x100121000,R
0x40002c,0x100122000,R
0x4000c8,0x100123000,R
0x40016c,0x100124000,R
0x4001b4,0x100125000,R
0x4001e4,0x100126000,R
0x4000c4,0x100127000,R
0x4001c0,0x100128000,R
0x400018,0x100129000,R
0x400044,0x10012a000,R
0x400148,0x10012b000,R
0x4001bc,0x10012c000,R
0x4000b8,0x10012d000,R
0x400110,0x10012e000,R
0x400110,0x10012f000,R
0x4000bc,0x100130000,R
0x4000a8,0x100131000,R
0x400098,0x100132000,R
0x4001a8,0x100133000,R
0x40011c,0x100134000,R
0x400170,0x100135000,R
0x400024,0x100136000,W
0x400034,0x100137000,R
0x4000dc,0x100138000,R
0x400044,0x100139000,R
0x400074,0x10013a000,R
0x400174,0x10013b000,R
0x4001e4,0x10013c000,R
0x400058,0x10013d000,R
0x4001a4,0x10013e000,W
0x400030,0x10013f000,R
0x4001ac,0x100140000,R
0x400140,0x100141000,R
0x400054,0x100142000,R
0x400048,0x100143000,W
0x40011c,0x100144000,R
0x400004,0x100145000,R
0x400054,0x100146000,R
0x4000ec,0x100147000,R
0x4000a0,0x100148000,R
0x400078,0x100149000,W
0x400038,0x10014a000,R
0x400084,0x10014b000,R
0x400154,0x10014c000,R
0x4000e4,0x10014d000,R
0x400150,0x10014e000,R
0x4001a8,0x10014f000,R
0x400160,0x100150000,R
0x40000c,0x100151000,R
0x400054,0x100152000,R
0x400154,0x100153000,R
0x4000b0,0x100154000,R
0x400044,0x100155000,R
0x400138,0x100156000,R
0x40019c,0x100157000,R
0x400108,0x100158000,R
0x40002c,0x100159000,R
0x4000e4,0x10015a000,R
0x400110,0x10015b000,R
0x40005c,0x10015c000,R
0x400004,0x10015d000,R
0x400170,0x10015e000,R
0x40009c,0x10015f000,R
0x4001a8,0x100160000,R
0x40014c,0x100161000,R
0x400114,0x100162000,R
0x4000b4,0x100163000,R
0x400040,0x100164000,R
0x400104,0x100165000,R
0x4000c8,0x100166000,R
0x400150,0x100167000,R
0x4001c0,0x100168000,R
0x400054,0x100169000,R
0x400124,0x10016a000,R
0x40010c,0x10016b000,R
0x40014c,0x10016c000,R
0x4000a8,0x10016d000,R
0x400000,0x10016e000,R
0x400164,0x10016f000,R
0x4000ec,0x100170000,R
0x400184,0x100171000,R
0x40005c,0x100172000,R
0x400104,0x100173000,R
0x4000d0,0x100174000,R
0x40015c,0x100175000,R
0x40019c,0x100176000,R
0x40001c,0x100177000,R
0x4001cc,0x100178000,R
0x400154,0x100179000,R
0x40001c,0x10017a000,R
0x40017c,0x10017b000,R
0x4000b8,0x10017c000,R
0x400100,0x10017d000,R
0x400144,0x10017e000,R
0x4000f8,0x10017f000,R
0x400074,0x100180000,R
0x4001ac,0x100181000,W
0x400164,0x100182000,R
0x400060,0x100183000,R
0x40014c,0x100184000,R
0x400108,0x100185000,R
0x400148,0x100186000,R
0x400074,0x100187000,R
0x400044,0x100188000,R
0x400018,0x100189000,R
0x400180,0x10018a000,R
0x400098,0x10018b000,R
0x4000d8,0x10018c000,R
0x4001c0,0x10018d000,R
0x400014,0x10018e000,R
0x400114,0x10018f000,R
0x4001c0,0x100190000,R
0x40009c,0x100191000,R
0x4001fc,0x100192000,R
0x400128,0x100193000,R
0x4000a4,0x100194000,R
0x400044,0x100195000,R
0x400198,0x100196000,R
0x400010,0x100197000,R
0x40008c,0x100198000,R
0x4001c8,0x100199000,R
0x40001c,0x10019a000,R
0x40006c,0x10019b000,R
0x400040,0x10019c000,R
0x40001c,0x10019d000,R
0x400110,0x10019e000,R
0x40003c,0x10019f000,R
0x4000a0,0x1001a0000,R
0x40006c,0x1001a1000,R
0x400068,0x1001a2000,R
0x400028,0x1001a3000,R
0x40004c,0x1001a4000,R
0x4000d0,0x1001a5000,R
0x4000a8,0x1001a6000,R
0x40019c,0x1001a7000,R
0x4001d4,0x1001a8000,R
0x400064,0x1001a9000,R
0x400094,0x1001aa000,R
0x40006c,0x1001ab000,R
0x400198,0x1001ac000,R
0x40014c,0x1001ad000,R
0x4001ac,0x1001ae000,R
0x4000a0,0x1001af000,R
0x400084,0x1001b0000,R
0x40018c,0x1001b1000,R
0x4000a4,0x1001b2000,R
0x400168,0x1001b3000,R
0x400154,0x1001b4000,R
0x400078,0x1001b5000,R
0x400114,0x1001b6000,R
0x4000cc,0x1001b7000,R
0x4000b4,0x1001b8000,R
0x400130,0x1001b9000,R
0x400048,0x1001ba000,R
0x40014c,0x1001bb000,R
0x400018,0x1001bc000,R
0x400060,0x1001bd000,R
0x400090,0x1001be000,R
0x4000fc,0x1001bf000,R
0x400028,0x1001c0000,R
0x4000a4,0x1001c1000,R
0x4000f8,0x1001c2000,R
0x400060,0x1001c3000,R
0x40004c,0x1001c4000,R
0x4001dc,0x1001c5000,R
0x40019c,0x1001c6000,R
0x4001ac,0x1001c7000,R
0x4000a4,0x1001c8000,R
0x400090,0x1001c9000,R
0x400120,0x1001ca000,R
0x4001ac,0x1001cb000,R
0x4000e8,0x1001cc000,R
0x40005c,0x1001cd000,R
0x4001dc,0x1001ce000,R
0x4001b8,0x1001cf000,W
0x40012c,0x1001d0000,R
0x4000c4,0x1001d1000,R
0x4001fc,0x1001d2000,R
0x4001cc,0x1001d3000,R
0x400020,0x1001d4000,R
0x4000c8,0x1001d5000,R
0x400068,0x1001d6000,R
0x400074,0x1001d7000,R
0x400130,0x1001d8000,R
0x4000d4,0x1001d9000,R
0x400184,0x1001da000,R
0x400014,0x1001db000,R
0x400024,0x1001dc000,R
0x4001ec,0x1001dd000,R
0x400158,0x1001de000,R
0x4000f0,0x1001df000,R
0x400134,0x1001e0000,R
0x400088,0x1001e1000,R
0x400044,0x1001e2000,R
0x4000bc,0x1001e3000,R
0x400194,0x1001e4000,R
0x4001d4,0x1001e5000,R
0x400010,0x1001e6000,R
0x400044,0x1001e7000,R
0x400134,0x1001e8000,R
0x4000a8,0x1001e9000,R
0x40018c,0x1001ea000,R
0x400080,0x1001eb000,R
0x400128,0x1001ec000,R
0x400018,0x1001ed000,R
0x4000e4,0x1001ee000,R
0x400048,0x1001ef000,R
0x4000c4,0x1001f0000,R
0x4000f4,0x1001f1000,R
0x4000a8,0x1001f2000,R
0x400074,0x1001f3000,R
0x40018c,0x1001f4000,R
0x40007c,0x1001f5000,R
0x4000f4,0x1001f6000,R
0x400148,0x1001f7000,R
0x4000a8,0x1001f8000,R
0x400168,0x1001f9000,R
0x400100,0x1001fa000,R
0x40014c,0x1001fb000,R
0x400030,0x1001fc000,R
0x40008c,0x1001fd000,R
0x4000f0,0x1001fe000,R
0x40008c,0x1001ff000,R
0x40008c,0x100200000,R
0x400188,0x100201000,R
0x4000a4,0x100202000,R
0x400178,0x100203000,R
0x4000d0,0x100204000,R
0x4001b4,0x100205000,R
0x400104,0x100206000,R
0x40014c,0x100207000,R
0x400060,0x100208000,R
0x40002c,0x100209000,R
0x400194,0x10020a000,R
0x4000c4,0x10020b000,R
0x4001e0,0x10020c000,R
0x400190,0x10020d000,R
0x4000b8,0x10020e000,R
0x4001a4,0x10020f000,R
0x400110,0x100210000,R
0x4000d4,0x100211000,R
0x4000c8,0x100212000,R
0x400114,0x100213000,R
0x400104,0x100214000,R
0x400044,0x100215000,R
0x4001ac,0x100216000,R
0x4001b4,0x100217000,R
0x40019c,0x100218000,R
0x400138,0x100219000,R
0x4001dc,0x10021a000,R
0x4001e8,0x10021b000,R
0x400154,0x10021c000,R
0x400054,0x10021d000,R
0x40000c,0x10021e000,R
0x400108,0x10021f000,R
0x400084,0x100220000,R
0x400018,0x100221000,R
0x400198,0x100222000,R
0x40010c,0x100223000,R
0x400058,0x100224000,R
0x40016c,0x100225000,R
0x4000d8,0x100226000,R
0x4000b0,0x100227000,R
0x400098,0x100228000,R
0x400158,0x100229000,R
0x4001b0,0x10022a000,R
0x400160,0x10022b000,R
0x4000d4,0x10022c000,R
0x4001ac,0x10022d000,R
0x4000c4,0x10022e000,R
0x4001b8,0x10022f000,R
0x400150,0x100230000,R
0x4000d0,0x100231000,R
0x400000,0x100232000,W
0x400068,0x100233000,R
0x400058,0x100234000,W
0x400000,0x100235000,R
0x400164,0x100236000,R
0x400018,0x100237000,R
0x4000ec,0x100238000,R
0x4000b4,0x100239000,R
0x4000b8,0x10023a000,R
0x400058,0x10023b000,R
0x400000,0x10023c000,R
0x40005c,0x10023d000,R
0x4001e4,0x10023e000,R
0x4000e0,0x10023f000,R
0x400064,0x100240000,R
0x4000b0,0x100241000,R
0x400118,0x100242000,R
0x4001b8,0x100243000,R
0x400028,0x100244000,R
0x400008,0x100245000,R
0x4000bc,0x100246000,R
0x4000b8,0x100247000,R
0x4001c0,0x100248000,R
0x400148,0x100249000,R
0x400110,0x10024a000,R
0x400180,0x10024b000,W
0x40005c,0x10024c000,R
0x4001e0,0x10024d000,R
0x4000fc,0x10024e000,R
0x40016c,0x10024f000,R
0x400198,0x100250000,R
0x4000a0,0x100251000,R
0x4000d8,0x100252000,R
0x4001f8,0x100253000,R
0x4000b4,0x100254000,R
0x4001dc,0x100255000,R
0x40008c,0x100256000,R
0x400034,0x100257000,W
0x400180,0x100258000,R
0x400014,0x100259000,R
0x400168,0x10025a000,R
0x400108,0x10025b000,R
0x4001d4,0x10025c000,R
0x40001c,0x10025d000,W
0x400134,0x10025e000,R
0x4001b8,0x10025f000,R
0x400188,0x100260000,R
0x4000c8,0x100261000,R
0x400154,0x100262000,R
0x400064,0x100263000,R
0x400084,0x100264000,R
0x400010,0x100265000,R
0x400124,0x100266000,R
0x400128,0x100267000,R
0x40004c,0x100268000,R
0x400018,0x100269000,R
0x400070,0x10026a000,R
0x400044,0x10026b000,R
0x4000b4,0x10026c000,R
0x4001dc,0x10026d000,R
0x400120,0x10026e000,R
0x4000f0,0x10026f000,R
0x4001e4,0x100270000,W
0x400168,0x100271000,R
0x4001bc,0x100272000,R
0x400118,0x100273000,R
0x400084,0x100274000,R
0x4000c0,0x100275000,R
0x400000,0x100276000,R
0x4001a8,0x100277000,R
0x400034,0x100278000,R
0x4000e8,0x100279000,W
0x400138,0x10027a000,R
0x40005c,0x10027b000,R
0x400130,0x10027c000,R
0x4000f0,0x10027d000,R
0x400130,0x10027e000,R
0x40014c,0x10027f000,R
0x400118,0x100280000,R
0x400154,0x100281000,R
0x400188,0x100282000,R
0x400060,0x100283000,R
0x4001c0,0x100284000,R
0x40010c,0x100285000,R
0x4000fc,0x100286000,R
0x4000ec,0x100287000,R
0x40007c,0x100288000,R
0x400090,0x100289000,R
0x4001bc,0x10028a000,R
0x4000f4,0x10028b000,R
0x4001f4,0x10028c000,R
0x4001ec,0x10028d000,R
0x4001a0,0x10028e000,R
0x400154,0x10028f000,R
0x4000c8,0x100290000,R
0x4001fc,0x100291000,R
0x4001fc,0x100292000,R
0x40007c,0x100293000,R
0x4001a0,0x100294000,R
0x400000,0x100295000,R
0x4000c0,0x100296000,R
0x400010,0x100297000,R
0x4000d4,0x100298000,R
0x400148,0x100299000,R
0x400144,0x10029a000,R
0x400044,0x10029b000,R
0x4000fc,0x10029c000,R
0x40014c,0x10029d000,R
0x400168,0x10029e000,W
0x4001ac,0x10029f000,R
0x400094,0x1002a0000,R
0x400004,0x1002a1000,R
0x400120,0x1002a2000,R
0x400138,0x1002a3000,R
0x400070,0x1002a4000,R
0x4001c0,0x1002a5000,R
0x400190,0x1002a6000,R
0x4000fc,0x1002a7000,R
0x400000,0x1002a8000,R
0x4001bc,0x1002a9000,R
0x400164,0x1002aa000,R
0x400188,0x1002ab000,R
0x400158,0x1002ac000,R
0x4000c0,0x1002ad000,R
0x4000c4,0x1002ae000,R
0x400090,0x1002af000,R
0x4001bc,0x1002b0000,R
0x4001d0,0x1002b1000,R
0x400050,0x1002b2000,R
0x4000c4,0x1002b3000,R
0x40003c,0x1002b4000,R
0x40010c,0x1002b5000,R
0x4000d8,0x1002b6000,R
0x400064,0x1002b7000,R
0x4000b8,0x1002b8000,R
0x400180,0x1002b9000,R
0x40017c,0x1002ba000,R
0x40011c,0x1002bb000,R
0x400054,0x1002bc000,R
0x400144,0x1002bd000,R
0x4000c0,0x1002be000,R
0x400008,0x1002bf000,R
0x4000e4,0x1002c0000,R
0x4001b4,0x1002c1000,R
0x400094,0x1002c2000,R
0x400070,0x1002c3000,R
0x400030,0x1002c4000,R
0x400140,0x1002c5000,R
0x400090,0x1002c6000,R
0x4000e0,0x1002c7000,R
0x4001ec,0x1002c8000,R
0x400138,0x1002c9000,R
0x400180,0x1002ca000,R
0x40018c,0x1002cb000,R
0x400108,0x1002cc000,R
0x40017c,0x1002cd000,R
0x400128,0x1002ce000,R
0x400050,0x1002cf000,R
0x400118,0x1002d0000,R
0x400010,0x1002d1000,R
0x4001f8,0x1002d2000,R
0x400044,0x1002d3000,R
0x40018c,0x1002d4000,R
0x4001b4,0x1002d5000,R
0x400010,0x1002d6000,R
0x4000f0,0x1002d7000,R
0x4001c0,0x1002d8000,R
0x400104,0x1002d9000,R
0x4000b8,0x1002da000,R
0x400098,0x1002db000,R
0x40005c,0x1002dc000,R
0x4001c4,0x1002dd000,W
0x4000c4,0x1002de000,R
0x400018,0x1002df000,R
0x400098,0x1002e0000,R
0x4000f8,0x1002e1000,R
0x4001ac,0x1002e2000,R
0x400028,0x1002e3000,R
0x400048,0x1002e4000,W
0x400000,0x1002e5000,R
0x400038,0x1002e6000,R
0x400178,0x1002e7000,R
0x40003c,0x1002e8000,R
0x400040,0x1002e9000,R
0x4001ec,0x1002ea000,R
0x400130,0x1002eb000,R
0x400180,0x1002ec000,R
0x40003c,0x1002ed000,R
0x400044,0x1002ee000,W
0x400058,0x1002ef000,R
0x40017c,0x1002f0000,R
0x40012c,0x1002f1000,R
0x4001d4,0x1002f2000,R
0x4001a8,0x1002f3000,R
0x4001b8,0x1002f4000,R
0x400124,0x1002f5000,R
0x4001b8,0x1002f6000,R
0x400150,0x1002f7000,R
0x4001c0,0x1002f8000,R
0x4001f8,0x1002f9000,R
0x400018,0x1002fa000,R
0x40009c,0x1002fb000,R
0x4000e8,0x1002fc000,R
0x400134,0x1002fd000,R
0x400148,0x1002fe000,R
0x400090,0x1002ff000,W
0x4000a4,0x100300000,R
0x400040,0x100301000,R
0x4001ec,0x100302000,R
0x400150,0x100303000,R
0x400004,0x100304000,R
0x400174,0x100305000,R
0x4001b4,0x100306000,R
0x4000b0,0x100307000,R
0x4000b0,0x100308000,R
0x4000e4,0x100309000,R
0x400008,0x10030a000,R
0x4000f8,0x10030b000,R
0x400154,0x10030c000,R
0x40004c,0x10030d000,W
0x400120,0x10030e000,R
0x4001dc,0x10030f000,R
0x4000c4,0x100310000,W
0x400018,0x100311000,R
0x400158,0x100312000,R
0x40003c,0x100313000,R
0x4000f8,0x100314000,W
0x40007c,0x100315000,R
0x400020,0x100316000,R
0x4000d0,0x100317000,R
0x40015c,0x100318000,W
0x400158,0x100319000,R
0x400068,0x10031a000,R
0x400088,0x10031b000,R
0x4001f0,0x10031c000,R
0x400180,0x10031d000,R
0x4001cc,0x10031e000,R
0x4000a0,0x10031f000,R
0x400078,0x100320000,R
0x4001d0,0x100321000,R
0x4000dc,0x100322000,R
0x400050,0x100323000,R
0x400098,0x100324000,R
0x400188,0x100325000,W
0x4001f8,0x100326000,R
0x4000f8,0x100327000,R
0x4000d4,0x100328000,R
0x4001b0,0x100329000,R
0x40017c,0x10032a000,R
0x400174,0x10032b000,R
0x400128,0x10032c000,R
0x400098,0x10032d000,R
0x400184,0x10032e000,R
0x400058,0x10032f000,R
0x4000fc,0x100330000,R
0x400044,0x100331000,R
0x400110,0x100332000,R
0x400110,0x100333000,R
0x400194,0x100334000,R
0x40002c,0x100335000,R
0x400140,0x100336000,R
0x4000f8,0x100337000,R
0x400194,0x100338000,R
0x40013c,0x100339000,R
0x4001e8,0x10033a000,R
0x400080,0x10033b000,R
0x4001f4,0x10033c000,R
0x400120,0x10033d000,W
0x40017c,0x10033e000,R
0x4001c0,0x10033f000,R
0x40013c,0x100340000,R
0x400114,0x100341000,R
0x4001ac,0x100342000,R
0x400040,0x100343000,R
0x4000ec,0x100344000,R
0x4001fc,0x100345000,R
0x400118,0x100346000,R
0x4000c0,0x100347000,R
0x400178,0x100348000,R
0x4001e8,0x100349000,W
0x400184,0x10034a000,R
0x40011c,0x10034b000,R
0x400178,0x10034c000,R
0x4000ac,0x10034d000,W
0x4000a4,0x10034e000,R
0x400130,0x10034f000,R
0x400144,0x100350000,R
0x40012c,0x100351000,R
0x400044,0x100352000,R
0x4000b8,0x100353000,W
0x400038,0x100354000,R
0x400160,0x100355000,R
0x4001d0,0x100356000,R
0x4001cc,0x100357000,R
0x400070,0x100358000,R
0x4000b4,0x100359000,R
0x4001c0,0x10035a000,R
0x400158,0x10035b000,R
0x40006c,0x10035c000,R
0x4001d8,0x10035d000,R
0x40014c,0x10035e000,R
0x400198,0x10035f000,R
0x400138,0x100360000,W
0x400088,0x100361000,R
0x400148,0x100362000,R
0x4001b8,0x100363000,R
0x40007c,0x100364000,R
0x400008,0x100365000,R
0x4000b4,0x100366000,R
0x400198,0x100367000,R
0x400108,0x100368000,R
0x40006c,0x100369000,R
0x400114,0x10036a000,R
0x4000e0,0x10036b000,R
0x400148,0x10036c000,R
0x400148,0x10036d000,R
0x400048,0x10036e000,R
0x4001cc,0x10036f000,W
0x40015c,0x100370000,R
0x400114,0x100371000,R
0x4001c0,0x100372000,R
0x4001e4,0x100373000,R
0x4001a0,0x100374000,R
0x400038,0x100375000,R
0x400118,0x100376000,R
0x4001e4,0x100377000,R
0x400064,0x100378000,R
0x4001d8,0x100379000,R
0x400050,0x10037a000,R
0x4000f8,0x10037b000,R
0x400014,0x10037c000,R
0x400110,0x10037d000,R
0x400154,0x10037e000,R
0x400194,0x10037f000,R
0x400074,0x100380000,R
0x400098,0x100381000,R
0x40004c,0x100382000,R
0x4001b0,0x100383000,R
0x400114,0x100384000,R
0x4001c0,0x100385000,R
0x40007c,0x100386000,R
0x400094,0x100387000,R
0x400050,0x100388000,R
0x400104,0x100389000,R
0x400124,0x10038a000,R
0x400124,0x10038b000,R
0x4001a0,0x10038c000,R
0x400020,0x10038d000,R
0x400160,0x10038e000,R
0x4000d0,0x10038f000,R
0x40016c,0x100390000,R
0x4000c4,0x100391000,R
0x4001bc,0x100392000,R
0x4001f8,0x100393000,R
0x400034,0x100394000,R
0x400074,0x100395000,R
0x4001fc,0x100396000,R
0x400078,0x100397000,R
0x400044,0x100398000,R
0x40008c,0x100399000,R
0x400020,0x10039a000,R
0x400108,0x10039b000,R
0x40011c,0x10039c000,R
0x4000a4,0x10039d000,R
0x400154,0x10039e000,R
0x4001c8,0x10039f000,R
0x400094,0x1003a0000,R
0x4001dc,0x1003a1000,R
0x400164,0x1003a2000,R
0x400088,0x1003a3000,R
0x400120,0x1003a4000,R
0x4001ac,0x1003a5000,R
0x4001ec,0x1003a6000,R
0x4000d0,0x1003a7000,R
0x400064,0x1003a8000,W
0x400100,0x1003a9000,R
0x4000d8,0x1003aa000,W
0x400180,0x1003ab000,R
0x4000c0,0x1003ac000,R
0x4000fc,0x1003ad000,R
0x400118,0x1003ae000,R
0x400188,0x1003af000,R
0x40014c,0x1003b0000,R
0x400074,0x1003b1000,W
0x400194,0x1003b2000,R
0x400000,0x1003b3000,R
0x400190,0x1003b4000,R
0x400048,0x1003b5000,R
0x40017c,0x1003b6000,W
0x400150,0x1003b7000,R
0x40001c,0x1003b8000,R
0x4001b4,0x1003b9000,R
0x40008c,0x1003ba000,R
0x40000c,0x1003bb000,R
0x4000d0,0x1003bc000,R
0x4001f0,0x1003bd000,R
0x4001e0,0x1003be000,R
0x40019c,0x1003bf000,R
0x4001fc,0x1003c0000,R
0x400060,0x1003c1000,R
0x400020,0x1003c2000,R
0x400024,0x1003c3000,R
0x40004c,0x1003c4000,R
0x4000e0,0x1003c5000,R
0x400040,0x1003c6000,R
0x4001e0,0x1003c7000,R
0x40006c,0x1003c8000,W
0x40006c,0x1003c9000,R
0x4001b4,0x1003ca000,R
0x400170,0x1003cb000,R
0x400090,0x1003cc000,W
0x400008,0x1003cd000,R
0x4000a4,0x1003ce000,R
0x4000f0,0x1003cf000,R
0x40000c,0x1003d0000,R
0x4001f4,0x1003d1000,R
0x4000e8,0x1003d2000,R
0x400018,0x1003d3000,R
0x400190,0x1003d4000,R
0x400110,0x1003d5000,R
0x400090,0x1003d6000,W
0x4001f8,0x1003d7000,R
0x400048,0x1003d8000,R
0x40019c,0x1003d9000,W
0x40000c,0x1003da000,R
0x400138,0x1003db000,R
0x4000e8,0x1003dc000,R
0x40002c,0x1003dd000,R
0x40003c,0x1003de000,R
0x400068,0x1003df000,R
0x40008c,0x1003e0000,R
0x4001f8,0x1003e1000,R
0x400038,0x1003e2000,R
0x4001f4,0x1003e3000,W
0x400080,0x1003e4000,R
0x40019c,0x1003e5000,R
0x400064,0x1003e6000,R
0x400118,0x1003e7000,R
0x4001bc,0x1003e8000,W
0x400154,0x1003e9000,R
0x400080,0x1003ea000,R
0x400120,0x1003eb000,R
0x400104,0x1003ec000,R
0x40005c,0x1003ed000,W
0x4001ec,0x1003ee000,R
0x400108,0x1003ef000,R
0x4001c4,0x1003f0000,R
0x400194,0x1003f1000,R
0x400164,0x1003f2000,R
0x40003c,0x1003f3000,R
0x4001cc,0x1003f4000,R
0x4001fc,0x1003f5000,R
0x400188,0x1003f6000,R
0x400134,0x1003f7000,R
0x400198,0x1003f8000,R
0x400028,0x1003f9000,W
0x4001d8,0x1003fa000,R
0x400064,0x1003fb000,R
0x400138,0x1003fc000,R
0x400144,0x1003fd000,R
0x400028,0x1003fe000,R
0x400064,0x1003ff000,R
0x4001d0,0x100400000,R
0x4001bc,0x100401000,R
0x4001a4,0x100402000,R
0x4000b0,0x100403000,R
0x4001b0,0x100404000,R
0x4000c4,0x100405000,R
0x40003c,0x100406000,R
0x40015c,0x100407000,R
0x4001bc,0x100408000,R
0x4001c0,0x100409000,R
0x400174,0x10040a000,R
0x4000b0,0x10040b000,R
0x40010c,0x10040c000,R
0x4001d8,0x10040d000,R
0x400020,0x10040e000,R
0x4000d8,0x10040f000,R
0x4001cc,0x100410000,R
0x400094,0x100411000,R
0x400164,0x100412000,R
0x4000e4,0x100413000,R
0x400104,0x100414000,R
0x400150,0x100415000,R
0x4001cc,0x100416000,R
0x4001a4,0x100417000,R
0x400138,0x100418000,R
0x4000f8,0x100419000,R
0x4000dc,0x10041a000,R
0x400028,0x10041b000,R
0x400034,0x10041c000,R
0x40005c,0x10041d000,R
0x4000c8,0x10041e000,R
0x4001a4,0x10041f000,R
0x40001c,0x100420000,R
0x400124,0x100421000,R
0x4001bc,0x100422000,R
0x400008,0x100423000,R
0x4000e4,0x100424000,R
0x400068,0x100425000,R
0x40018c,0x100426000,R
0x400174,0x100427000,R
0x400094,0x100428000,R
0x40013c,0x100429000,R
0x4000f8,0x10042a000,R
0x400160,0x10042b000,R
0x400088,0x10042c000,R
0x4000dc,0x10042d000,R
0x400120,0x10042e000,W
0x400070,0x10042f000,R
0x400190,0x100430000,R
0x4001dc,0x100431000,R
0x400010,0x100432000,R
0x400120,0x100433000,R
0x400100,0x100434000,R
0x4001d8,0x100435000,R
0x400074,0x100436000,R
0x4001b4,0x100437000,R
0x4000f4,0x100438000,R
0x400178,0x100439000,R
0x400110,0x10043a000,R
0x400030,0x10043b000,R
0x4000fc,0x10043c000,R
0x4001cc,0x10043d000,W
0x400090,0x10043e000,R
0x400108,0x10043f000,R
0x4000a8,0x100440000,R
0x4001f0,0x100441000,W
0x400128,0x100442000,R
0x400170,0x100443000,R
0x400090,0x100444000,R
0x400040,0x100445000,R
0x40005c,0x100446000,R
0x400078,0x100447000,R
0x4001f4,0x100448000,R
0x400010,0x100449000,R
0x40002c,0x10044a000,R
0x40007c,0x10044b000,R
0x400058,0x10044c000,R
0x400198,0x10044d000,R
0x400044,0x10044e000,R
0x4000e0,0x10044f000,R
0x4000bc,0x100450000,R
0x40016c,0x100451000,R
0x4000cc,0x100452000,R
0x400028,0x100453000,R
0x4001dc,0x100454000,R
0x400054,0x100455000,R
0x400154,0x100456000,R
0x40017c,0x100457000,R
0x40001c,0x100458000,R
0x40010c,0x100459000,R
0x4001d4,0x10045a000,R
0x4000a8,0x10045b000,R
0x40009c,0x10045c000,R
0x4000cc,0x10045d000,R
0x4000f0,0x10045e000,R
0x400108,0x10045f000,R
0x400148,0x100460000,R
0x400190,0x100461000,R
0x4000b8,0x100462000,R
0x4001c8,0x100463000,R
0x4001b0,0x100464000,R
0x40011c,0x100465000,R
0x400120,0x100466000,R
0x400150,0x100467000,R
0x4001a0,0x100468000,R
0x4001f4,0x100469000,R
0x4001e4,0x10046a000,R
0x4000b4,0x10046b000,R
0x4000e0,0x10046c000,R
0x40018c,0x10046d000,R
0x4000ac,0x10046e000,R
0x400098,0x10046f000,R
0x4001bc,0x100470000,R
0x4000bc,0x100471000,R
0x400084,0x100472000,R
0x40014c,0x100473000,R
0x4001cc,0x100474000,R
0x4001c8,0x100475000,R
0x40017c,0x100476000,R
0x40015c,0x100477000,R
0x400170,0x100478000,R
0x4000e8,0x100479000,R
0x4001a0,0x10047a000,R
0x4001b4,0x10047b000,R
0x4001e0,0x10047c000,R
0x400090,0x10047d000,R
0x400064,0x10047e000,W
0x4000fc,0x10047f000,R
0x400140,0x100480000,R
0x40018c,0x100481000,R
0x4000fc,0x100482000,R
0x400170,0x100483000,R
0x400060,0x100484000,R
0x4000f0,0x100485000,R
0x4001d0,0x100486000,R
0x4000bc,0x100487000,R
0x4001e4,0x100488000,R
0x400124,0x100489000,R
0x4001e4,0x10048a000,R
0x400098,0x10048b000,R
0x400180,0x10048c000,R
0x4000b8,0x10048d000,R
0x400024,0x10048e000,R
0x400180,0x10048f000,R
0x4000dc,0x100490000,R
0x400120,0x100491000,R
0x40015c,0x100492000,R
0x4000b8,0x100493000,R
0x4000e8,0x100494000,R
0x400010,0x100495000,R
0x400110,0x100496000,R
0x4001c4,0x100497000,R
0x4000d8,0x100498000,R
0x40007c,0x100499000,R
0x400120,0x10049a000,R
0x40018c,0x10049b000,R
0x400014,0x10049c000,R
0x4000d0,0x10049d000,W
0x4000f8,0x10049e000,R
0x400140,0x10049f000,R
0x400094,0x1004a0000,R
0x400090,0x1004a1000,R
0x400128,0x1004a2000,R
0x4000fc,0x1004a3000,R
0x400014,0x1004a4000,R
0x4000e8,0x1004a5000,R
0x400050,0x1004a6000,R
0x40016c,0x1004a7000,W
0x400084,0x1004a8000,R
0x4001a4,0x1004a9000,R
0x40011c,0x1004aa000,R
0x4001c4,0x1004ab000,R
0x400144,0x1004ac000,R
0x400164,0x1004ad000,R
0x4001e4,0x1004ae000,R
0x4001dc,0x1004af000,R
0x4000f8,0x1004b0000,R
0x400024,0x1004b1000,R
0x400078,0x1004b2000,R
0x400114,0x1004b3000,R
0x4000ac,0x1004b4000,R
0x400034,0x1004b5000,R
0x400054,0x1004b6000,R
0x4000dc,0x1004b7000,R
0x4001f4,0x1004b8000,R
0x40000c,0x1004b9000,R
0x4000e8,0x1004ba000,R
0x400100,0x1004bb000,R
0x400080,0x1004bc000,R
0x400168,0x1004bd000,R
0x40008c,0x1004be000,R
0x4001f0,0x1004bf000,R
0x400164,0x1004c0000,R
0x400058,0x1004c1000,R
0x40019c,0x1004c2000,W
0x400198,0x1004c3000,R
0x4000f4,0x1004c4000,R
0x40019c,0x1004c5000,R
0x4001e4,0x1004c6000,R
0x4001f0,0x1004c7000,R
0x400024,0x1004c8000,W
0x4001a0,0x1004c9000,R
0x400010,0x1004ca000,R
0x400090,0x1004cb000,R
0x400144,0x1004cc000,R
0x40001c,0x1004cd000,R
0x400048,0x1004ce000,R
0x4000f0,0x1004cf000,R
0x4001e8,0x1004d0000,R
0x400050,0x1004d1000,R
0x400110,0x1004d2000,R
0x4001c4,0x1004d3000,R
0x4001e0,0x1004d4000,R
0x400188,0x1004d5000,R
0x400098,0x1004d6000,W
0x400070,0x1004d7000,R
0x400160,0x1004d8000,R
0x4000f4,0x1004d9000,R
0x400138,0x1004da000,R
0x400150,0x1004db000,R
0x400184,0x1004dc000,R
0x4000d8,0x1004dd000,R
0x40019c,0x1004de000,W
0x400060,0x1004df000,R
0x4000a0,0x1004e0000,R
0x4000d4,0x1004e1000,R
0x40014c,0x1004e2000,R
0x4001bc,0x1004e3000,R
0x400168,0x1004e4000,R
0x400140,0x1004e5000,R
0x4001ac,0x1004e6000,R
0x400160,0x1004e7000,R
0x400104,0x1004e8000,R
0x400054,0x1004e9000,R
0x400124,0x1004ea000,R
0x400070,0x1004eb000,R
0x400028,0x1004ec000,W
0x400104,0x1004ed000,R
0x400090,0x1004ee000,R
0x4001f0,0x1004ef000,R
0x40012c,0x1004f0000,R
0x40002c,0x1004f1000,R
0x4001d8,0x1004f2000,R
0x400124,0x1004f3000,R
0x4000ec,0x1004f4000,R
0x40016c,0x1004f5000,R
0x4000bc,0x1004f6000,R
0x4000a0,0x1004f7000,R
0x40017c,0x1004f8000,R
0x400104,0x1004f9000,R
0x400148,0x1004fa000,R
0x400020,0x1004fb000,R
0x40004c,0x1004fc000,R
0x400148,0x1004fd000,R
0x4001b4,0x1004fe000,R
0x400180,0x1004ff000,R
0x400188,0x100500000,R
0x40002c,0x100501000,R
0x4001d4,0x100502000,R
0x400020,0x100503000,R
0x40012c,0x100504000,R
0x4001c0,0x100505000,R
0x4001a0,0x100506000,R
0x4000e0,0x100507000,R
0x400028,0x100508000,R
0x400188,0x100509000,R
0x4001c4,0x10050a000,R
0x400074,0x10050b000,R
0x4001d8,0x10050c000,R
0x40000c,0x10050d000,R
0x4001e4,0x10050e000,R
0x4001ec,0x10050f000,R
0x4000c4,0x100510000,R
0x400060,0x100511000,R
0x4000a0,0x100512000,R
0x400104,0x100513000,R
0x400030,0x100514000,R
0x40002c,0x100515000,R
0x40008c,0x100516000,R
0x4000b0,0x100517000,R
0x400108,0x100518000,R
0x4001a0,0x100519000,R
0x400110,0x10051a000,R
0x4001b0,0x10051b000,R
0x400060,0x10051c000,R
0x40017c,0x10051d000,R
0x4000dc,0x10051e000,R
0x400128,0x10051f000,R
0x40002c,0x100520000,W
0x400114,0x100521000,R
0x400104,0x100522000,R
0x400058,0x100523000,R
0x40015c,0x100524000,R
0x4001c4,0x100525000,R
0x40012c,0x100526000,R
0x40000c,0x100527000,R
0x400030,0x100528000,R
0x400028,0x100529000,R
0x4000f8,0x10052a000,R
0x4000e4,0x10052b000,R
0x4000e8,0x10052c000,R
0x4000e0,0x10052d000,R
0x400180,0x10052e000,R
0x400164,0x10052f000,R
0x400134,0x100530000,R
0x4000a4,0x100531000,R
0x40019c,0x100532000,R
0x400174,0x100533000,R
0x4000e4,0x100534000,R
0x400054,0x100535000,R
0x4001e4,0x100536000,R
0x4001dc,0x100537000,R
0x4001f4,0x100538000,R
0x4000b8,0x100539000,W
0x400168,0x10053a000,R
0x400160,0x10053b000,R
0x40000c,0x10053c000,R
0x4001a8,0x10053d000,R
0x400114,0x10053e000,R
0x400168,0x10053f000,R
0x400008,0x100540000,R
0x4000e0,0x100541000,R
0x4000c4,0x100542000,R
0x4000ac,0x100543000,W
0x400184,0x100544000,R
0x4000d4,0x100545000,R
0x4001d4,0x100546000,R
0x4001fc,0x100547000,W
0x4001a4,0x100548000,R
0x4000ec,0x100549000,R
0x400070,0x10054a000,R
0x4000e4,0x10054b000,R
0x400074,0x10054c000,R
0x4000dc,0x10054d000,R
0x400094,0x10054e000,R
0x4000f0,0x10054f000,R
0x400090,0x100550000,R
0x400194,0x100551000,R
0x400040,0x100552000,R
0x4001fc,0x100553000,R
0x40006c,0x100554000,R
0x400054,0x100555000,R
0x4000e0,0x100556000,R
0x4001a8,0x100557000,R
0x400098,0x100558000,R
0x4001d8,0x100559000,R
0x400174,0x10055a000,R
0x4000f4,0x10055b000,R
0x400084,0x10055c000,R
0x4001cc,0x10055d000,R
0x4000fc,0x10055e000,R
0x4001d8,0x10055f000,R
0x4000b8,0x100560000,R
0x400178,0x100561000,R
0x4000cc,0x100562000,R
0x400064,0x100563000,R
0x400118,0x100564000,R
0x40009c,0x100565000,R
0x400110,0x100566000,R
0x400134,0x100567000,R
0x4000e8,0x100568000,R
0x400124,0x100569000,R
0x4001e0,0x10056a000,R
0x40008c,0x10056b000,R
0x400008,0x10056c000,R
0x400068,0x10056d000,R
0x400058,0x10056e000,R
0x4000cc,0x10056f000,R
0x400198,0x100570000,R
0x400170,0x100571000,R
0x4000b0,0x100572000,R
0x4001ec,0x100573000,R
0x4001bc,0x100574000,R
0x4001b8,0x100575000,R
0x400168,0x100576000,R
0x4001d0,0x100577000,R
0x400190,0x100578000,R
0x4001c0,0x100579000,W
0x4000f4,0x10057a000,R
0x4000f8,0x10057b000,R
0x400154,0x10057c000,R
0x400100,0x10057d000,R
0x40010c,0x10057e000,R
0x400168,0x10057f000,R
0x40005c,0x100580000,R
0x4000b8,0x100581000,R
0x4001c4,0x100582000,R
0x400068,0x100583000,R
0x4000f8,0x100584000,R
0x400194,0x100585000,R
0x40011c,0x100586000,R
0x4001dc,0x100587000,R
0x40007c,0x100588000,R
0x400124,0x100589000,R
0x400164,0x10058a000,R
0x4001cc,0x10058b000,R
0x4001f0,0x10058c000,R
0x4000a8,0x10058d000,R
0x4000f8,0x10058e000,R
0x400050,0x10058f000,R
0x40011c,0x100590000,R
0x400188,0x100591000,R
0x400014,0x100592000,R
0x4001d0,0x100593000,R
0x400084,0x100594000,R
0x4000ac,0x100595000,R
0x400028,0x100596000,R
0x400120,0x100597000,R
0x400098,0x100598000,R
0x400120,0x100599000,W
0x4000b4,0x10059a000,R
0x400010,0x10059b000,R
0x4000d4,0x10059c000,R
0x400184,0x10059d000,R
0x4001d8,0x10059e000,W
0x400070,0x10059f000,R
0x400104,0x1005a0000,R
0x400124,0x1005a1000,R
0x400034,0x1005a2000,R
0x400168,0x1005a3000,R
0x4001b8,0x1005a4000,R
0x400148,0x1005a5000,R
0x40002c,0x1005a6000,R
0x4000d0,0x1005a7000,R
0x400038,0x1005a8000,R
0x40009c,0x1005a9000,R
0x4001dc,0x1005aa000,R
0x40011c,0x1005ab000,R
0x400180,0x1005ac000,R
0x400160,0x1005ad000,W
0x4000a4,0x1005ae000,R
0x400118,0x1005af000,R
0x4001d4,0x1005b0000,R
0x400028,0x1005b1000,W
0x400078,0x1005b2000,R
0x4001e4,0x1005b3000,R
0x400014,0x1005b4000,W
0x4001d0,0x1005b5000,R
0x4001a8,0x1005b6000,R
0x400054,0x1005b7000,R
0x400174,0x1005b8000,R
0x400158,0x1005b9000,R
0x4001f0,0x1005ba000,R
0x40005c,0x1005bb000,R
0x400174,0x1005bc000,R
0x400140,0x1005bd000,R
0x4001fc,0x1005be000,R
0x4001d8,0x1005bf000,R
0x400068,0x1005c0000,W
0x4001f4,0x1005c1000,R
0x400014,0x1005c2000,R
0x400108,0x1005c3000,R
0x4000e4,0x1005c4000,R
0x400048,0x1005c5000,R
0x4000e4,0x1005c6000,R
0x400134,0x1005c7000,R
0x4000c8,0x1005c8000,R
0x400050,0x1005c9000,R
0x400040,0x1005ca000,R
0x400148,0x1005cb000,R
0x400170,0x1005cc000,R
0x400118,0x1005cd000,R
0x4001f0,0x1005ce000,R
0x400034,0x1005cf000,R
0x40003c,0x1005d0000,R
0x400030,0x1005d1000,R
0x400114,0x1005d2000,R
0x400054,0x1005d3000,R
0x40016c,0x1005d4000,R
0x400108,0x1005d5000,R
0x400130,0x1005d6000,R
0x4000c8,0x1005d7000,R
0x400030,0x1005d8000,R
0x40014c,0x1005d9000,R
0x4000f4,0x1005da000,R
0x4001c8,0x1005db000,W
0x400020,0x1005dc000,R
0x400188,0x1005dd000,R
0x4000fc,0x1005de000,R
0x40005c,0x1005df000,R
0x400108,0x1005e0000,R
0x4000b0,0x1005e1000,R
0x400108,0x1005e2000,R
0x400188,0x1005e3000,R
0x400110,0x1005e4000,R
0x400010,0x1005e5000,R
0x40007c,0x1005e6000,R
0x400120,0x1005e7000,R
0x400038,0x1005e8000,W
0x40008c,0x1005e9000,R
0x4000f4,0x1005ea000,R
0x400054,0x1005eb000,R
0x4001dc,0x1005ec000,R
0x400060,0x1005ed000,R
0x4000a8,0x1005ee000,R
0x4001f4,0x1005ef000,R
0x40012c,0x1005f0000,R
0x400138,0x1005f1000,R
0x400134,0x1005f2000,R
0x40005c,0x1005f3000,R
0x400088,0x1005f4000,R
0x400010,0x1005f5000,R
0x400160,0x1005f6000,R
0x4001b0,0x1005f7000,R
0x400168,0x1005f8000,R
0x4001dc,0x1005f9000,R
0x400128,0x1005fa000,R
0x4000a4,0x1005fb000,R
0x4000f0,0x1005fc000,R
0x400188,0x1005fd000,R
0x400034,0x1005fe000,R
0x400148,0x1005ff000,R
0x4001b0,0x100600000,R
0x4001bc,0x100601000,R
0x400158,0x100602000,R
0x4001c4,0x100603000,R
0x400118,0x100604000,R
0x400158,0x100605000,R
0x400054,0x100606000,R
0x4001d0,0x100607000,R
0x40012c,0x100608000,R
0x4001c8,0x100609000,R
0x400118,0x10060a000,R
0x400198,0x10060b000,R
0x400168,0x10060c000,R
0x4001b8,0x10060d000,R
0x4001d0,0x10060e000,R
0x400054,0x10060f000,R
0x4000ac,0x100610000,R
0x4000ac,0x100611000,R
0x400150,0x100612000,R
0x40005c,0x100613000,R
0x400018,0x100614000,R
0x40002c,0x100615000,R
0x400198,0x100616000,R
0x400024,0x100617000,R
0x40010c,0x100618000,R
0x400070,0x100619000,R
0x400108,0x10061a000,R
0x4001cc,0x10061b000,R
0x40012c,0x10061c000,R
0x400144,0x10061d000,R
0x4001ec,0x10061e000,R
0x40017c,0x10061f000,R
0x40009c,0x100620000,R
0x400064,0x100621000,R
0x40014c,0x100622000,R
0x40013c,0x100623000,R
0x40013c,0x100624000,R
0x400094,0x100625000,R
0x4000b4,0x100626000,R
0x400150,0x100627000,R
0x400158,0x100628000,R
0x400150,0x100629000,R
0x4000d0,0x10062a000,R
0x400008,0x10062b000,R
0x4000c0,0x10062c000,R
0x400044,0x10062d000,R
0x400140,0x10062e000,R
0x400194,0x10062f000,R
0x4000f8,0x100630000,R
0x400040,0x100631000,R
0x40008c,0x100632000,R
0x400160,0x100633000,R
0x40006c,0x100634000,R
0x400150,0x100635000,R
0x400190,0x100636000,R
0x4000cc,0x100637000,R
0x4001b8,0x100638000,R
0x40006c,0x100639000,W
0x400018,0x10063a000,R
0x4000b0,0x10063b000,R
0x4000b4,0x10063c000,R
0x40013c,0x10063d000,R
0x40014c,0x10063e000,R
0x400180,0x10063f000,R
0x4001a0,0x100640000,R
0x4001d4,0x100641000,R
0x4000f0,0x100642000,R
0x4000c4,0x100643000,R
0x400028,0x100644000,R
0x400118,0x100645000,R
0x400104,0x100646000,R
0x4000dc,0x100647000,R
0x400080,0x100648000,R
0x400150,0x100649000,R
0x400168,0x10064a000,R
0x40002c,0x10064b000,R
0x400170,0x10064c000,R
0x40002c,0x10064d000,R
0x4000d8,0x10064e000,R
0x400184,0x10064f000,R
0x4000d0,0x100650000,R
0x400094,0x100651000,R
0x400084,0x100652000,R
0x400130,0x100653000,R
0x400018,0x100654000,R
0x400114,0x100655000,W
0x400174,0x100656000,R
0x40001c,0x100657000,R
0x4001b8,0x100658000,R
0x4000d8,0x100659000,R
0x40014c,0x10065a000,R
0x400060,0x10065b000,R
0x4000d4,0x10065c000,R
0x400094,0x10065d000,R
0x400030,0x10065e000,R
0x4000f4,0x10065f000,R
0x40001c,0x100660000,R
0x40019c,0x100661000,R
0x400018,0x100662000,R
0x400018,0x100663000,R
0x4001f8,0x100664000,R
0x400124,0x100665000,W
0x400130,0x100666000,R
0x4001c8,0x100667000,W
0x4001c4,0x100668000,R
0x4001a0,0x100669000,R
0x400054,0x10066a000,R
0x4001a0,0x10066b000,R
0x400180,0x10066c000,R
0x40015c,0x10066d000,R
0x40011c,0x10066e000,R
0x4000b4,0x10066f000,R
0x4001ec,0x100670000,R
0x4001fc,0x100671000,R
0x40004c,0x100672000,R
0x400024,0x100673000,R
0x40017c,0x100674000,R
0x400160,0x100675000,R
0x4000e0,0x100676000,R
0x4000f8,0x100677000,R
0x4001f0,0x100678000,R
0x4001f8,0x100679000,W
0x400090,0x10067a000,R
0x400198,0x10067b000,R
0x400004,0x10067c000,R
0x4000a4,0x10067d000,R
0x4000e4,0x10067e000,R
0x4001b8,0x10067f000,R
0x400044,0x100680000,R
0x400180,0x100681000,R
0x40003c,0x100682000,R
0x40003c,0x100683000,R
0x40002c,0x100684000,R
0x400184,0x100685000,R
0x400034,0x100686000,R
0x400028,0x100687000,R
0x4000ac,0x100688000,R
0x4001a0,0x100689000,R
0x4001e4,0x10068a000,R
0x400134,0x10068b000,R
0x4000b0,0x10068c000,R
0x4000b4,0x10068d000,R
0x40001c,0x10068e000,R
0x400148,0x10068f000,R
0x400048,0x100690000,R
0x400128,0x100691000,W
0x400174,0x100692000,R
0x4000cc,0x100693000,R
0x40014c,0x100694000,R
0x400114,0x100695000,R
0x400110,0x100696000,R
0x4001f0,0x100697000,R
0x400128,0x100698000,R
0x40004c,0x100699000,W
0x400160,0x10069a000,R
0x4000b0,0x10069b000,R
0x4000b8,0x10069c000,R
0x40017c,0x10069d000,W
0x400188,0x10069e000,R
0x400144,0x10069f000,R
0x400040,0x1006a0000,R
0x400060,0x1006a1000,R
0x400198,0x1006a2000,R
0x40001c,0x1006a3000,R
0x40000c,0x1006a4000,R
0x400130,0x1006a5000,R
0x400108,0x1006a6000,R
0x40000c,0x1006a7000,R
0x4000c4,0x1006a8000,R
0x400008,0x1006a9000,R
0x400150,0x1006aa000,R
0x400134,0x1006ab000,R
0x4000f8,0x1006ac000,R
0x4000c0,0x1006ad000,R
0x4000f8,0x1006ae000,R
0x400128,0x1006af000,R
0x400068,0x1006b0000,R
0x400168,0x1006b1000,R
0x4001f4,0x1006b2000,R
0x400098,0x1006b3000,R
0x400034,0x1006b4000,R
0x400038,0x1006b5000,R
0x4000c8,0x1006b6000,R
0x4001b0,0x1006b7000,R
0x4000dc,0x1006b8000,R
0x4001e4,0x1006b9000,R
0x4001c4,0x1006ba000,R
0x4000e0,0x1006bb000,R
0x400100,0x1006bc000,R
0x4000c8,0x1006bd000,R
0x400090,0x1006be000,R
0x40005c,0x1006bf000,R
0x40006c,0x1006c0000,R
0x400060,0x1006c1000,R
0x4001e8,0x1006c2000,R
0x4001a8,0x1006c3000,R
0x4000cc,0x1006c4000,R
0x400038,0x1006c5000,R
0x400024,0x1006c6000,R
0x400130,0x1006c7000,W
0x400124,0x1006c8000,R
0x40007c,0x1006c9000,R
0x400018,0x1006ca000,R
0x40011c,0x1006cb000,R
0x4001e4,0x1006cc000,R
0x400048,0x1006cd000,R
0x4001d4,0x1006ce000,R
0x400198,0x1006cf000,W
0x4001b4,0x1006d0000,R
0x400080,0x1006d1000,W
0x4000a8,0x1006d2000,R
0x400014,0x1006d3000,R
0x4000c4,0x1006d4000,R
0x4000a0,0x1006d5000,R
0x400180,0x1006d6000,R
0x400084,0x1006d7000,R
0x40005c,0x1006d8000,R
0x4001f4,0x1006d9000,W
0x400138,0x1006da000,R
0x4000d4,0x1006db000,R
0x40000c,0x1006dc000,R
0x400174,0x1006dd000,R
0x4000a4,0x1006de000,R
0x40016c,0x1006df000,R
0x400164,0x1006e0000,R
0x400134,0x1006e1000,R
0x4001e0,0x1006e2000,R
0x40000c,0x1006e3000,R
0x400128,0x1006e4000,R
0x40006c,0x1006e5000,R
0x4000ec,0x1006e6000,R
0x4001f4,0x1006e7000,R
0x400060,0x1006e8000,R
0x4000d8,0x1006e9000,W
0x40010c,0x1006ea000,R
0x40009c,0x1006eb000,R
0x40017c,0x1006ec000,W
0x4001d4,0x1006ed000,R
0x400038,0x1006ee000,R
0x4000a8,0x1006ef000,R
0x40000c,0x1006f0000,R
0x4000f8,0x1006f1000,R
0x4001b0,0x1006f2000,R
0x400048,0x1006f3000,R
0x40008c,0x1006f4000,R
0x4000e4,0x1006f5000,R
0x400180,0x1006f6000,R
0x400144,0x1006f7000,W
0x400110,0x1006f8000,R
0x4000e8,0x1006f9000,R
0x400178,0x1006fa000,R
0x400194,0x1006fb000,R
0x400074,0x1006fc000,R
0x400104,0x1006fd000,R
0x400090,0x1006fe000,R
0x400104,0x1006ff000,R
0x4001fc,0x100700000,R
0x40001c,0x100701000,R
0x4001a8,0x100702000,W
0x400008,0x100703000,R
0x400074,0x100704000,R
0x400010,0x100705000,R
0x4000b0,0x100706000,R
0x4000d0,0x100707000,R
0x40001c,0x100708000,R
0x400090,0x100709000,R
0x400084,0x10070a000,R
0x4000b4,0x10070b000,R
0x40009c,0x10070c000,R
0x400108,0x10070d000,R
0x4000ec,0x10070e000,R
0x400100,0x10070f000,R
0x40013c,0x100710000,R
0x40011c,0x100711000,R
0x400004,0x100712000,R
0x400038,0x100713000,R
0x400160,0x100714000,R
0x4001f4,0x100715000,R
0x4000f4,0x100716000,R
0x4001f4,0x100717000,R
0x400004,0x100718000,W
0x400054,0x100719000,R
0x400174,0x10071a000,W
0x400064,0x10071b000,R
0x4000fc,0x10071c000,R
0x4001b8,0x10071d000,R
0x400058,0x10071e000,R
0x400138,0x10071f000,W
0x400144,0x100720000,R
0x4001c8,0x100721000,R
0x40000c,0x100722000,R
0x4000f8,0x100723000,R
0x400188,0x100724000,R
0x400168,0x100725000,R
0x400014,0x100726000,R
0x4000f0,0x100727000,R
0x400110,0x100728000,R
0x400100,0x100729000,R
0x4001d0,0x10072a000,R
0x4000f4,0x10072b000,R
0x400044,0x10072c000,R
0x4000a8,0x10072d000,R
0x4001d4,0x10072e000,R
0x400100,0x10072f000,R
0x400174,0x100730000,R
0x400058,0x100731000,R
0x400170,0x100732000,R
0x400110,0x100733000,R
0x4000f8,0x100734000,R
0x4000ac,0x100735000,R
0x4001c8,0x100736000,R
0x4001ac,0x100737000,R
0x4001e8,0x100738000,R
0x400144,0x100739000,R
0x4000c4,0x10073a000,R
0x400154,0x10073b000,R
0x400188,0x10073c000,R
0x4000c0,0x10073d000,R
0x400188,0x10073e000,R
0x4000b0,0x10073f000,W
0x400130,0x100740000,R
0x400120,0x100741000,R
0x400140,0x100742000,R
0x400164,0x100743000,R
0x4000f4,0x100744000,R
0x4000cc,0x100745000,R
0x4000e0,0x100746000,R
0x4001b0,0x100747000,R
0x400160,0x100748000,R
0x4000a4,0x100749000,W
0x40013c,0x10074a000,R
0x40013c,0x10074b000,R
0x4000b4,0x10074c000,R
0x4001bc,0x10074d000,R
0x40011c,0x10074e000,R
0x4001a0,0x10074f000,R
0x4000e4,0x100750000,R
0x40007c,0x100751000,R
0x4000b0,0x100752000,R
0x4000b0,0x100753000,R
0x40010c,0x100754000,R
0x4001c0,0x100755000,R
0x400058,0x100756000,R
0x4000ec,0x100757000,R
0x4000c0,0x100758000,R
0x400168,0x100759000,R
0x4001c8,0x10075a000,R
0x4001f0,0x10075b000,R
0x400044,0x10075c000,R
0x400008,0x10075d000,R
0x40002c,0x10075e000,R
0x400068,0x10075f000,R
0x400074,0x100760000,R
0x400180,0x100761000,R
0x4001b0,0x100762000,R
0x400194,0x100763000,R
0x400144,0x100764000,R
0x40017c,0x100765000,R
0x400040,0x100766000,R
0x4001fc,0x100767000,R
0x400040,0x100768000,R
0x40018c,0x100769000,R
0x400014,0x10076a000,R
0x40018c,0x10076b000,R
0x400014,0x10076c000,R
0x4001a4,0x10076d000,R
0x40013c,0x10076e000,R
0x400024,0x10076f000,R
0x4000bc,0x100770000,R
0x400040,0x100771000,R
0x4000e8,0x100772000,R
0x4000e4,0x100773000,R
0x4001dc,0x100774000,R
0x40005c,0x100775000,R
0x400174,0x100776000,R
0x4001cc,0x100777000,R
0x4001c8,0x100778000,R
0x40001c,0x100779000,R
0x400088,0x10077a000,R
0x40004c,0x10077b000,W
0x4000f0,0x10077c000,R
0x4000e0,0x10077d000,R
0x40003c,0x10077e000,R
0x400098,0x10077f000,R
0x400148,0x100780000,R
0x40014c,0x100781000,R
0x40011c,0x100782000,R
0x400148,0x100783000,W
0x400120,0x100784000,W
0x400048,0x100785000,R
0x4000bc,0x100786000,R
0x4001c0,0x100787000,R
0x400148,0x100788000,R
0x400020,0x100789000,R
0x40001c,0x10078a000,R
0x4001bc,0x10078b000,R
0x40007c,0x10078c000,R
0x4000bc,0x10078d000,W
0x4000b0,0x10078e000,W
0x4001dc,0x10078f000,R
0x400184,0x100790000,R
0x40006c,0x100791000,R
0x4000fc,0x100792000,R
0x4000f0,0x100793000,R
0x4000d8,0x100794000,R
0x40015c,0x100795000,R
0x400084,0x100796000,R
0x40000c,0x100797000,R
0x400034,0x100798000,R
0x4000c4,0x100799000,R
0x4000a0,0x10079a000,R
0x40004c,0x10079b000,R
0x40015c,0x10079c000,R
0x4001b4,0x10079d000,R
0x400154,0x10079e000,R
0x4000c0,0x10079f000,R
0x4000fc,0x1007a0000,R
0x40011c,0x1007a1000,R
0x400098,0x1007a2000,R
0x4001d0,0x1007a3000,R
0x40014c,0x1007a4000,R
0x400180,0x1007a5000,R
0x4000c4,0x1007a6000,W
0x400120,0x1007a7000,R
0x400050,0x1007a8000,R
0x400034,0x1007a9000,R
0x40007c,0x1007aa000,R
0x40017c,0x1007ab000,R
0x4000c8,0x1007ac000,R
0x4001e0,0x1007ad000,R
0x4000dc,0x1007ae000,R
0x40004c,0x1007af000,R
0x400188,0x1007b0000,R
0x40009c,0x1007b1000,R
0x4000ec,0x1007b2000,R
0x400094,0x1007b3000,R
0x4000d8,0x1007b4000,R
0x400130,0x1007b5000,R
0x4001a0,0x1007b6000,R
0x400164,0x1007b7000,R
0x4001b4,0x1007b8000,R
0x400150,0x1007b9000,R
0x400194,0x1007ba000,R
0x400190,0x1007bb000,R
0x40007c,0x1007bc000,R
0x4000e0,0x1007bd000,R
0x4000f0,0x1007be000,R
0x4001e8,0x1007bf000,W
0x40004c,0x1007c0000,R
0x40014c,0x1007c1000,R
0x40005c,0x1007c2000,R
0x4000c8,0x1007c3000,R
0x40008c,0x1007c4000,R
0x40017c,0x1007c5000,R
0x400010,0x1007c6000,R
0x40012c,0x1007c7000,R
0x4001fc,0x1007c8000,R
0x400070,0x1007c9000,R
0x40001c,0x1007ca000,R
0x40008c,0x1007cb000,R
0x4001cc,0x1007cc000,R
0x4000c0,0x1007cd000,R
0x4001a0,0x1007ce000,R
0x40012c,0x1007cf000,R
0x400114,0x1007d0000,R
0x400020,0x1007d1000,W
0x40008c,0x1007d2000,R
0x400130,0x1007d3000,R
0x40004c,0x1007d4000,R
0x400080,0x1007d5000,R
0x4001a4,0x1007d6000,R
0x4001a4,0x1007d7000,R
0x40008c,0x1007d8000,R
0x400098,0x1007d9000,R
0x400114,0x1007da000,R
0x4001a4,0x1007db000,R
0x400164,0x1007dc000,R
0x4001d0,0x1007dd000,R
0x4000f8,0x1007de000,R
0x400168,0x1007df000,R
0x4001c0,0x1007e0000,R
0x4001f4,0x1007e1000,R
0x4000c4,0x1007e2000,R
0x4000c0,0x1007e3000,R
0x4001e0,0x1007e4000,R
0x4000fc,0x1007e5000,R
0x4001c8,0x1007e6000,R
0x4001c0,0x1007e7000,R
0x400060,0x1007e8000,R
0x400118,0x1007e9000,W
0x40017c,0x1007ea000,R
0x400094,0x1007eb000,R
0x4001a8,0x1007ec000,R
0x400068,0x1007ed000,R
0x4001a4,0x1007ee000,R
0x400148,0x1007ef000,R
0x400100,0x1007f0000,R
0x400044,0x1007f1000,R
0x400154,0x1007f2000,R
0x4000c0,0x1007f3000,R
0x400038,0x1007f4000,R
0x40000c,0x1007f5000,R
0x400050,0x1007f6000,R
0x40009c,0x1007f7000,R
0x40011c,0x1007f8000,R
0x4001dc,0x1007f9000,W
0x400058,0x1007fa000,R
0x4000f0,0x1007fb000,R
0x4000e0,0x1007fc000,R
0x4001e0,0x1007fd000,R
0x40017c,0x1007fe000,R
0x4000e8,0x1007ff000,R
0x4010ac,0x100001000,R
0x401024,0x100003000,W
0x4010b0,0x100005000,R
0x401158,0x100007000,W
0x4011a4,0x100009000,W
0x4011a4,0x10000b000,R
0x401070,0x10000d000,R
0x4010cc,0x10000f000,R
0x4010d8,0x100011000,R
0x4010f8,0x100013000,R
0x401008,0x100015000,R
0x401038,0x100017000,R
0x401170,0x100019000,R
0x401014,0x10001b000,R
0x401004,0x10001d000,W
0x401038,0x10001f000,R
0x401144,0x100021000,R
0x401100,0x100023000,R
0x401114,0x100025000,R
0x4010a4,0x100027000,R
0x401130,0x100029000,R
0x40117c,0x10002b000,R
0x4010b0,0x10002d000,R
0x401110,0x10002f000,R
0x4011b0,0x100031000,R
0x40115c,0x100033000,R
0x40111c,0x100035000,R
0x4010b0,0x100037000,R
0x4011b4,0x100039000,R
0x401018,0x10003b000,R
0x401164,0x10003d000,R
0x401138,0x10003f000,R
0x40114c,0x100041000,R
0x40101c,0x100043000,W
0x401040,0x100045000,R
0x401174,0x100047000,R
0x4010dc,0x100049000,R
0x401064,0x10004b000,R
0x4010bc,0x10004d000,R
0x401160,0x10004f000,R
0x4011ec,0x100051000,R
0x4011c8,0x100053000,R
0x4011ac,0x100055000,R
0x401144,0x100057000,R
0x401128,0x100059000,R
0x401130,0x10005b000,R
0x4011f4,0x10005d000,R
0x4011e8,0x10005f000,R
0x401094,0x100061000,R
0x4011a8,0x100063000,R
0x40116c,0x100065000,R
0x4011cc,0x100067000,R
0x40118c,0x100069000,W
0x401084,0x10006b000,R
0x4011cc,0x10006d000,W
0x4010e8,0x10006f000,W
0x40108c,0x100071000,R
0x401144,0x100073000,R
0x4010cc,0x100075000,R
0x40108c,0x100077000,R
0x4010d4,0x100079000,W
0x401174,0x10007b000,R
0x4011ec,0x10007d000,R
0x4010a8,0x10007f000,R
0x4011d4,0x100081000,R
0x4011d4,0x100083000,W
0x4011f0,0x100085000,R
0x401064,0x100087000,W
0x4010a8,0x100089000,R
0x4011c8,0x10008b000,R
0x401054,0x10008d000,R
0x401000,0x10008f000,R
0x4010b8,0x100091000,R
0x40104c,0x100093000,R
0x401148,0x100095000,R
0x401184,0x100097000,R
0x401038,0x100099000,R
0x40106c,0x10009b000,R
0x4010b8,0x10009d000,R
0x40107c,0x10009f000,R
0x401160,0x1000a1000,R
0x4010d8,0x1000a3000,R
0x401160,0x1000a5000,R
0x4011fc,0x1000a7000,R
0x401084,0x1000a9000,R
0x401110,0x1000ab000,W
0x401184,0x1000ad000,R
0x401040,0x1000af000,R
0x401190,0x1000b1000,R
0x4011a8,0x1000b3000,R
0x4010f8,0x1000b5000,R
0x4011a0,0x1000b7000,R
0x401040,0x1000b9000,R
0x401144,0x1000bb000,R
0x401084,0x1000bd000,R
0x401198,0x1000bf000,R
0x4010d4,0x1000c1000,R
0x401144,0x1000c3000,R
0x40119c,0x1000c5000,W
0x401128,0x1000c7000,R
0x4011b0,0x1000c9000,R
0x40116c,0x1000cb000,R
0x401124,0x1000cd000,R
0x4010b8,0x1000cf000,W
0x401098,0x1000d1000,R
0x4011dc,0x1000d3000,W
0x4011ec,0x1000d5000,R
0x4010c0,0x1000d7000,R
0x401198,0x1000d9000,W
0x40109c,0x1000db000,R
0x4011a4,0x1000dd000,R
0x4011a8,0x1000df000,R
0x4011d4,0x1000e1000,R
0x40111c,0x1000e3000,W
0x401078,0x1000e5000,R
0x401004,0x1000e7000,R
0x401158,0x1000e9000,R
0x401040,0x1000eb000,R
0x40110c,0x1000ed000,R
0x40111c,0x1000ef000,R
0x401080,0x1000f1000,R
0x401090,0x1000f3000,R
0x4010b8,0x1000f5000,R
0x4010f8,0x1000f7000,R
0x4011d8,0x1000f9000,R
0x401070,0x1000fb000,R
0x40108c,0x1000fd000,R
0x401010,0x1000ff000,R
0x4011a8,0x100101000,R
0x4010d4,0x100103000,R
0x4010f4,0x100105000,W
0x401190,0x100107000,R
0x401110,0x100109000,R
0x401004,0x10010b000,R
0x4010fc,0x10010d000,R
0x401024,0x10010f000,R
0x4011b4,0x100111000,R
0x401134,0x100113000,R
0x401150,0x100115000,W
0x401184,0x100117000,R
0x401080,0x100119000,R
0x4011ac,0x10011b000,R
0x4010e8,0x10011d000,R
0x4011ac,0x10011f000,R
0x401130,0x100121000,R
0x40118c,0x100123000,R
0x40106c,0x100125000,R
0x401064,0x100127000,R
0x40106c,0x100129000,R
0x4010f4,0x10012b000,R
0x401074,0x10012d000,R
0x401108,0x10012f000,R
0x4011a8,0x100131000,R
0x401178,0x100133000,R
0x4010a8,0x100135000,R
0x401130,0x100137000,R
0x40104c,0x100139000,R
0x4010ac,0x10013b000,R
0x4010cc,0x10013d000,R
0x401074,0x10013f000,R
0x401154,0x100141000,R
0x401040,0x100143000,R
0x40117c,0x100145000,R
0x4010ec,0x100147000,R
0x4010b4,0x100149000,R
0x401154,0x10014b000,R
0x401080,0x10014d000,R
0x401008,0x10014f000,R
0x401004,0x100151000,R
0x401158,0x100153000,R
0x40105c,0x100155000,R
0x4011bc,0x100157000,R
0x401164,0x100159000,R
0x401080,0x10015b000,R
0x401110,0x10015d000,R
0x401158,0x10015f000,R
0x401028,0x100161000,R
0x401164,0x100163000,R
0x401104,0x100165000,R
0x4011a0,0x100167000,R
0x4011e0,0x100169000,R
0x401034,0x10016b000,R
0x4010d0,0x10016d000,R
0x4010ec,0x10016f000,R
0x401190,0x100171000,R
0x4010c4,0x100173000,R
0x401060,0x100175000,R
0x4011bc,0x100177000,R
0x401100,0x100179000,R
0x401024,0x10017b000,R
0x4011c0,0x10017d000,R
0x4010e8,0x10017f000,R
0x4011a8,0x100181000,R
0x40105c,0x100183000,R
0x4010c4,0x100185000,R
0x4011c8,0x100187000,R
0x401030,0x100189000,R
0x4011f4,0x10018b000,R
0x401104,0x10018d000,R
0x401130,0x10018f000,R
0x401070,0x100191000,R
0x401080,0x100193000,W
0x4011a4,0x100195000,R
0x401130,0x100197000,R
0x4011ac,0x100199000,R
0x40102c,0x10019b000,R
0x40110c,0x10019d000,R
0x4011c0,0x10019f000,R
0x4010dc,0x1001a1000,R
0x4010c8,0x1001a3000,R
0x40114c,0x1001a5000,W
0x401008,0x1001a7000,R
0x4010dc,0x1001a9000,R
0x401178,0x1001ab000,R
0x4010b0,0x1001ad000,R
0x401174,0x1001af000,R
0x401084,0x1001b1000,R
0x4011fc,0x1001b3000,R
0x4011f0,0x1001b5000,R
0x4010f4,0x1001b7000,R
0x401070,0x1001b9000,R
0x40115c,0x1001bb000,R
0x4011a4,0x1001bd000,R
0x401198,0x1001bf000,R
0x401080,0x1001c1000,R
0x4011bc,0x1001c3000,R
0x4011ec,0x1001c5000,R
0x401154,0x1001c7000,R
0x4011f8,0x1001c9000,W
0x401128,0x1001cb000,R
0x401138,0x1001cd000,R
0x4011fc,0x1001cf000,R
0x401054,0x1001d1000,R
0x40108c,0x1001d3000,R
0x40110c,0x1001d5000,W
0x4011bc,0x1001d7000,R
0x401118,0x1001d9000,R
0x4011ec,0x1001db000,R
0x4011a0,0x1001dd000,R
0x4011e0,0x1001df000,R
0x4010a8,0x1001e1000,R
0x4011f4,0x1001e3000,R
0x401084,0x1001e5000,R
0x4010ec,0x1001e7000,R
0x4010b4,0x1001e9000,R
0x401064,0x1001eb000,R
0x401004,0x1001ed000,R
0x401108,0x1001ef000,R
0x4010cc,0x1001f1000,R
0x4010a4,0x1001f3000,R
0x40108c,0x1001f5000,R
0x401110,0x1001f7000,R
0x401128,0x1001f9000,R
0x401100,0x1001fb000,R
0x401084,0x1001fd000,R
0x4011d4,0x1001ff000,R
0x401170,0x100201000,R
0x4010b4,0x100203000,R
0x40103c,0x100205000,R
0x401064,0x100207000,R
0x401110,0x100209000,R
0x401188,0x10020b000,R
0x4011c8,0x10020d000,R
0x4010d8,0x10020f000,R
0x401080,0x100211000,R
0x4010b0,0x100213000,R
0x401184,0x100215000,R
0x401130,0x100217000,R
0x4010d0,0x100219000,R
0x4010ac,0x10021b000,R
0x4010e4,0x10021d000,R
0x40104c,0x10021f000,R
0x401018,0x100221000,R
0x4011fc,0x100223000,R
0x40103c,0x100225000,R
0x401070,0x100227000,R
0x4011cc,0x100229000,R
0x4010a8,0x10022b000,R
0x4011f4,0x10022d000,R
0x40101c,0x10022f000,R
0x4010a8,0x100231000,R
0x401014,0x100233000,R
0x4011ec,0x100235000,R
0x401054,0x100237000,R
0x401074,0x100239000,R
0x401198,0x10023b000,R
0x401100,0x10023d000,W
0x401180,0x10023f000,R
0x40118c,0x100241000,R
0x401034,0x100243000,R
0x40109c,0x100245000,R
0x4011f4,0x100247000,R
0x401020,0x100249000,R
0x401164,0x10024b000,R
0x401138,0x10024d000,W
0x40101c,0x10024f000,R
0x4011c4,0x100251000,R
0x401014,0x100253000,R
0x4010b0,0x100255000,R
0x40114c,0x100257000,R
0x4011dc,0x100259000,R
0x4010b4,0x10025b000,R
0x4010d0,0x10025d000,R
0x401164,0x10025f000,R
0x40103c,0x100261000,R
0x401080,0x100263000,R
0x401098,0x100265000,R
0x401080,0x100267000,R
0x4010a0,0x100269000,R
0x4010ac,0x10026b000,R
0x4011f8,0x10026d000,R
0x401168,0x10026f000,R
0x4011b8,0x100271000,R
0x4010e8,0x100273000,R
0x4011a8,0x100275000,R
0x4011d0,0x100277000,R
0x4011c0,0x100279000,R
0x401100,0x10027b000,R
0x401104,0x10027d000,R
0x4011b0,0x10027f000,R
0x401048,0x100281000,R
0x401170,0x100283000,R
0x401128,0x100285000,R
0x40110c,0x100287000,R
0x401070,0x100289000,R
0x401198,0x10028b000,R
0x401134,0x10028d000,R
0x4010f8,0x10028f000,R
0x401134,0x100291000,W
0x401120,0x100293000,R
0x4011c4,0x100295000,R
0x401030,0x100297000,R
0x401170,0x100299000,R
0x401050,0x10029b000,R
0x401190,0x10029d000,W
0x401054,0x10029f000,W
0x4011c0,0x1002a1000,R
0x4011d4,0x1002a3000,R
0x401000,0x1002a5000,R
0x401104,0x1002a7000,R
0x401120,0x1002a9000,R
0x4010ec,0x1002ab000,R
0x401114,0x1002ad000,R
0x40101c,0x1002af000,R
0x401074,0x1002b1000,R
0x4010bc,0x1002b3000,R
0x4011d4,0x1002b5000,R
0x4011a0,0x1002b7000,R
0x4010c4,0x1002b9000,W
0x401098,0x1002bb000,R
0x401064,0x1002bd000,R
0x4010fc,0x1002bf000,R
0x4010f0,0x1002c1000,R
0x401078,0x1002c3000,R
0x401020,0x1002c5000,R
0x40114c,0x1002c7000,R
0x4011a0,0x1002c9000,R
0x40103c,0x1002cb000,R
0x40113c,0x1002cd000,R
0x4011dc,0x1002cf000,R
0x40115c,0x1002d1000,R
0x4010a8,0x1002d3000,R
0x401138,0x1002d5000,R
0x4010b0,0x1002d7000,R
0x401148,0x1002d9000,R
0x401024,0x1002db000,R
0x401024,0x1002dd000,R
0x401000,0x1002df000,R
0x401108,0x1002e1000,R
0x4010e8,0x1002e3000,R
0x401124,0x1002e5000,W
0x401004,0x1002e7000,R
0x401044,0x1002e9000,R
0x401040,0x1002eb000,R
0x4010ac,0x1002ed000,R
0x401118,0x1002ef000,R
0x40113c,0x1002f1000,R
0x4010b8,0x1002f3000,R
0x401130,0x1002f5000,R
0x401174,0x1002f7000,R
0x4011f0,0x1002f9000,R
0x4011b0,0x1002fb000,R
0x4010d4,0x1002fd000,R
0x4011f4,0x1002ff000,R
0x4010c4,0x100301000,R
0x401160,0x100303000,R
0x401064,0x100305000,R
0x401104,0x100307000,R
0x4011ac,0x100309000,R
0x401068,0x10030b000,R
0x4011a0,0x10030d000,R
0x40119c,0x10030f000,R
0x401114,0x100311000,R
0x40100c,0x100313000,R
0x401104,0x100315000,W
0x401160,0x100317000,R
0x401110,0x100319000,R
0x401118,0x10031b000,R
0x401100,0x10031d000,R
0x4010e8,0x10031f000,R
0x4011cc,0x100321000,R
0x40106c,0x100323000,R
0x4011e8,0x100325000,R
0x4010e0,0x100327000,R
0x4011d0,0x100329000,R
0x4011ec,0x10032b000,W
0x4011e4,0x10032d000,R
0x4010c0,0x10032f000,R
0x4011d0,0x100331000,R
0x401038,0x100333000,R
0x40113c,0x100335000,R
0x401114,0x100337000,R
0x401130,0x100339000,R
0x401030,0x10033b000,R
0x4011c0,0x10033d000,R
0x401144,0x10033f000,R
0x40113c,0x100341000,R
0x4010ac,0x100343000,R
0x4011ec,0x100345000,R
0x4011f0,0x100347000,R
0x401180,0x100349000,R
0x401018,0x10034b000,R
0x401120,0x10034d000,R
0x4011ac,0x10034f000,R
0x4011ac,0x100351000,R
0x401160,0x100353000,R
0x4011b4,0x100355000,R
0x40112c,0x100357000,R
0x4011e4,0x100359000,R
0x4011cc,0x10035b000,R
0x40107c,0x10035d000,R
0x4011b0,0x10035f000,R
0x401180,0x100361000,R
0x4011fc,0x100363000,W
0x4011d8,0x100365000,R
0x40110c,0x100367000,R
0x401018,0x100369000,R
0x40102c,0x10036b000,R
0x4011bc,0x10036d000,R
0x401054,0x10036f000,R
0x4011c8,0x100371000,R
0x40100c,0x100373000,R
0x401038,0x100375000,R
0x401150,0x100377000,R
0x401158,0x100379000,R
0x4010b8,0x10037b000,R
0x40101c,0x10037d000,R
0x401170,0x10037f000,R
0x401128,0x100381000,R
0x4011d8,0x100383000,R
0x401134,0x100385000,R
0x401198,0x100387000,R
0x401078,0x100389000,R
0x4011bc,0x10038b000,R
0x4010c0,0x10038d000,R
0x4011e8,0x10038f000,R
0x40102c,0x100391000,R
0x401100,0x100393000,W
0x401098,0x100395000,R
0x401044,0x100397000,R
0x4010c0,0x100399000,R
0x4011a0,0x10039b000,R
0x4011cc,0x10039d000,R
0x401110,0x10039f000,R
0x40105c,0x1003a1000,R
0x4011d8,0x1003a3000,R
0x4011d8,0x1003a5000,R
0x40109c,0x1003a7000,R
0x401094,0x1003a9000,R
0x401068,0x1003ab000,R
0x4011a8,0x1003ad000,R
0x40112c,0x1003af000,R
0x401100,0x1003b1000,R
0x4011ec,0x1003b3000,R
0x4010a8,0x1003b5000,R
0x4011f8,0x1003b7000,R
0x401028,0x1003b9000,R
0x4011ac,0x1003bb000,R
0x4011a4,0x1003bd000,W
0x40106c,0x1003bf000,R
0x401058,0x1003c1000,R
0x4010bc,0x1003c3000,R
0x4011dc,0x1003c5000,R
0x40108c,0x1003c7000,W
0x4010c4,0x1003c9000,R
0x401064,0x1003cb000,R
0x4010f0,0x1003cd000,R
0x401138,0x1003cf000,R
0x4011bc,0x1003d1000,R
0x40118c,0x1003d3000,R
0x401058,0x1003d5000,R
0x401174,0x1003d7000,R
0x401098,0x1003d9000,R
0x401054,0x1003db000,W
0x401120,0x1003dd000,R
0x40107c,0x1003df000,R
0x401118,0x1003e1000,R
0x4010b0,0x1003e3000,R
0x40102c,0x1003e5000,R
0x4011ec,0x1003e7000,R
0x401088,0x1003e9000,R
0x4011f8,0x1003eb000,R
0x401098,0x1003ed000,R
0x401114,0x1003ef000,R
0x401024,0x1003f1000,R
0x401048,0x1003f3000,R
0x401014,0x1003f5000,R
0x401158,0x1003f7000,R
0x4010a0,0x1003f9000,R
0x40117c,0x1003fb000,R
0x401044,0x1003fd000,R
0x4010ec,0x1003ff000,W
0x40115c,0x100401000,R
0x40119c,0x100403000,R
0x401044,0x100405000,R
0x40112c,0x100407000,R
0x40109c,0x100409000,R
0x40111c,0x10040b000,R
0x4010a0,0x10040d000,R
0x4011dc,0x10040f000,R
0x401158,0x100411000,R
0x40119c,0x100413000,R
0x40103c,0x100415000,R
0x4011b0,0x100417000,R
0x4010ac,0x100419000,R
0x4011d4,0x10041b000,R
0x4010d8,0x10041d000,R
0x401170,0x10041f000,R
0x4010f8,0x100421000,R
0x40111c,0x100423000,R
0x4010ac,0x100425000,R
0x4011f0,0x100427000,R
0x4011d4,0x100429000,R
0x401074,0x10042b000,W
0x401014,0x10042d000,R
0x4010c0,0x10042f000,W
0x4011e8,0x100431000,R
0x40115c,0x100433000,R
0x4011ac,0x100435000,R
0x401000,0x100437000,R
0x40117c,0x100439000,R
0x401014,0x10043b000,R
0x4011cc,0x10043d000,R
0x401000,0x10043f000,R
0x401084,0x100441000,R
0x4011d4,0x100443000,R
0x401160,0x100445000,R
0x401120,0x100447000,R
0x401094,0x100449000,R
0x4010e4,0x10044b000,R
0x401120,0x10044d000,R
0x401090,0x10044f000,R
0x4010e4,0x100451000,R
0x4010bc,0x100453000,R
0x4010fc,0x100455000,R
0x4011c4,0x100457000,R
0x401160,0x100459000,R
0x4011f4,0x10045b000,R
0x40111c,0x10045d000,R
0x401038,0x10045f000,R
0x401064,0x100461000,R
0x401148,0x100463000,R
0x40102c,0x100465000,R
0x4011b4,0x100467000,R
0x4010f4,0x100469000,R
0x401078,0x10046b000,R
0x401170,0x10046d000,R
0x4011d8,0x10046f000,R
0x401174,0x100471000,W
0x4010a8,0x100473000,R
0x401080,0x100475000,R
0x4010c4,0x100477000,R
0x401000,0x100479000,R
0x401118,0x10047b000,R
0x401030,0x10047d000,R
0x401104,0x10047f000,R
0x401004,0x100481000,R
0x401164,0x100483000,R
0x4010ec,0x100485000,R
0x40117c,0x100487000,R
0x401040,0x100489000,R
0x4010c8,0x10048b000,R
0x4010f8,0x10048d000,R
0x4011dc,0x10048f000,R
0x401030,0x100491000,R
0x401060,0x100493000,R
0x401070,0x100495000,R
0x401088,0x100497000,R
0x401068,0x100499000,R
0x401040,0x10049b000,R
0x4010b0,0x10049d000,R
0x40101c,0x10049f000,R
0x40113c,0x1004a1000,R
0x401024,0x1004a3000,R
0x40110c,0x1004a5000,R
0x401134,0x1004a7000,R
0x401054,0x1004a9000,R
0x40105c,0x1004ab000,R
0x401038,0x1004ad000,R
0x401000,0x1004af000,R
0x401014,0x1004b1000,R
0x401160,0x1004b3000,R
0x4011f0,0x1004b5000,R
0x401194,0x1004b7000,R
0x4010c8,0x1004b9000,R
0x401004,0x1004bb000,R
0x401130,0x1004bd000,R
0x4011e0,0x1004bf000,R
0x401170,0x1004c1000,R
0x401008,0x1004c3000,R
0x4010ac,0x1004c5000,R
0x401048,0x1004c7000,R
0x401018,0x1004c9000,R
0x401170,0x1004cb000,W
0x4010dc,0x1004cd000,R
0x401164,0x1004cf000,R
0x401170,0x1004d1000,R
0x401180,0x1004d3000,R
0x40117c,0x1004d5000,R
0x4010a4,0x1004d7000,R
0x401120,0x1004d9000,R
0x401094,0x1004db000,R
0x4011c4,0x1004dd000,R
0x401140,0x1004df000,R
0x40107c,0x1004e1000,R
0x401144,0x1004e3000,R
0x401078,0x1004e5000,R
0x4010b4,0x1004e7000,R
0x4010b0,0x1004e9000,R
0x401040,0x1004eb000,R
0x4010b0,0x1004ed000,R
0x40116c,0x1004ef000,R
0x4011e0,0x1004f1000,R
0x4010d4,0x1004f3000,R
0x401178,0x1004f5000,R
0x4011c0,0x1004f7000,R
0x4011bc,0x1004f9000,R
0x40104c,0x1004fb000,R
0x4010c8,0x1004fd000,R
0x401148,0x1004ff000,R
0x401164,0x100501000,R
0x401078,0x100503000,R
0x4010ec,0x100505000,R
0x4010e8,0x100507000,R
0x4011f4,0x100509000,R
0x401144,0x10050b000,R
0x4011a8,0x10050d000,R
0x401004,0x10050f000,R
0x40115c,0x100511000,R
0x40109c,0x100513000,R
0x401034,0x100515000,R
0x401050,0x100517000,R
0x401140,0x100519000,R
0x401040,0x10051b000,R
0x401104,0x10051d000,R
0x401138,0x10051f000,R
0x401090,0x100521000,R
0x401120,0x100523000,R
0x40100c,0x100525000,R
0x401008,0x100527000,R
0x4011f0,0x100529000,R
0x401100,0x10052b000,R
0x40118c,0x10052d000,R
0x4010f4,0x10052f000,R
0x401098,0x100531000,R
0x401050,0x100533000,R
0x401134,0x100535000,R
0x401100,0x100537000,R
0x401128,0x100539000,R
0x401080,0x10053b000,R
0x40107c,0x10053d000,R
0x401194,0x10053f000,R
0x401000,0x100541000,R
0x401028,0x100543000,R
0x4010d0,0x100545000,R
0x401004,0x100547000,R
0x4011ac,0x100549000,R
0x401170,0x10054b000,R
0x4011c0,0x10054d000,R
0x401178,0x10054f000,R
0x401190,0x100551000,R
0x40110c,0x100553000,R
0x401058,0x100555000,R
0x401020,0x100557000,R
0x4010e8,0x100559000,R
0x4011ac,0x10055b000,R
0x401184,0x10055d000,R
0x401050,0x10055f000,R
0x4011a0,0x100561000,W
0x401018,0x100563000,R
0x401064,0x100565000,R
0x401108,0x100567000,R
0x4010e4,0x100569000,R
0x40118c,0x10056b000,R
0x4010e8,0x10056d000,R
0x40107c,0x10056f000,R
0x4011a8,0x100571000,R
0x4010a4,0x100573000,R
0x40103c,0x100575000,R
0x401174,0x100577000,R
0x4010f4,0x100579000,R
0x4011a4,0x10057b000,R
0x4010e0,0x10057d000,R
0x401010,0x10057f000,R
0x40103c,0x100581000,R
0x401024,0x100583000,R
0x401100,0x100585000,R
0x4011c4,0x100587000,R
0x401024,0x100589000,R
0x401178,0x10058b000,R
0x4011a0,0x10058d000,R
0x401038,0x10058f000,R
0x4011bc,0x100591000,R
0x40114c,0x100593000,R
0x401088,0x100595000,R
0x401018,0x100597000,R
0x40103c,0x100599000,R
0x4010b4,0x10059b000,R
0x4011a0,0x10059d000,R
0x4011dc,0x10059f000,R
0x401100,0x1005a1000,R
0x4011f0,0x1005a3000,R
0x401044,0x1005a5000,R
0x401148,0x1005a7000,R
0x4010dc,0x1005a9000,W
0x401014,0x1005ab000,R
0x40106c,0x1005ad000,R
0x4011c8,0x1005af000,R
0x40104c,0x1005b1000,R
0x401178,0x1005b3000,R
0x4011a8,0x1005b5000,R
0x4011ec,0x1005b7000,R
0x4011d0,0x1005b9000,R
0x401038,0x1005bb000,W
0x401188,0x1005bd000,R
0x4011a8,0x1005bf000,R
0x401118,0x1005c1000,R
0x4010ec,0x1005c3000,R
0x4010b0,0x1005c5000,R
0x40102c,0x1005c7000,R
0x401140,0x1005c9000,R
0x4011f0,0x1005cb000,R
0x4011a0,0x1005cd000,R
0x4011cc,0x1005cf000,R
0x4010c0,0x1005d1000,R
0x4011c0,0x1005d3000,R
0x401054,0x1005d5000,R
0x401040,0x1005d7000,R
0x4011ec,0x1005d9000,R
0x4010d4,0x1005db000,R
0x4010d4,0x1005dd000,R
0x401128,0x1005df000,R
0x4011b4,0x1005e1000,R
0x401074,0x1005e3000,R
0x401100,0x1005e5000,R
0x40102c,0x1005e7000,R
0x401034,0x1005e9000,R
0x4011b8,0x1005eb000,R
0x4010f0,0x1005ed000,R
0x401158,0x1005ef000,R
0x40100c,0x1005f1000,R
0x401034,0x1005f3000,R
0x4010e0,0x1005f5000,R
0x401138,0x1005f7000,R
0x401148,0x1005f9000,R
0x401064,0x1005fb000,R
0x401004,0x1005fd000,R
0x401074,0x1005ff000,R
0x401050,0x100601000,R
0x4011cc,0x100603000,R
0x401000,0x100605000,R
0x40104c,0x100607000,R
0x401070,0x100609000,R
0x4010dc,0x10060b000,R
0x40108c,0x10060d000,R
0x401034,0x10060f000,R
0x40110c,0x100611000,R
0x4011c4,0x100613000,R
0x401160,0x100615000,R
0x401134,0x100617000,R
0x401144,0x100619000,W
0x4011ac,0x10061b000,R
0x401088,0x10061d000,R
0x40100c,0x10061f000,W
0x4011a4,0x100621000,R
0x401098,0x100623000,R
0x4011ec,0x100625000,R
0x4010bc,0x100627000,R
0x4010f0,0x100629000,R
0x401190,0x10062b000,R
0x40105c,0x10062d000,R
0x401194,0x10062f000,R
0x401124,0x100631000,R
0x4011c4,0x100633000,R
0x401114,0x100635000,R
0x4010c4,0x100637000,R
0x4010d8,0x100639000,R
0x40102c,0x10063b000,R
0x401058,0x10063d000,R
0x4010e4,0x10063f000,R
0x401030,0x100641000,R
0x4011ec,0x100643000,R
0x40116c,0x100645000,R
0x4011d4,0x100647000,R
0x401060,0x100649000,R
0x40101c,0x10064b000,R
0x4010b0,0x10064d000,R
0x401190,0x10064f000,R
0x401048,0x100651000,R
0x4011e4,0x100653000,R
0x4010cc,0x100655000,R
0x4010e4,0x100657000,R
0x401010,0x100659000,R
0x401098,0x10065b000,R
0x401104,0x10065d000,R
0x4011fc,0x10065f000,R
0x4010d8,0x100661000,R
0x4011a0,0x100663000,R
0x401190,0x100665000,R
0x4010d4,0x100667000,R
0x40103c,0x100669000,R
0x40108c,0x10066b000,R
0x40106c,0x10066d000,R
0x40107c,0x10066f000,R
0x40101c,0x100671000,R
0x4010b0,0x100673000,R
0x401064,0x100675000,R
0x4011c8,0x100677000,R
0x4010d0,0x100679000,R
0x4010b8,0x10067b000,R
0x401028,0x10067d000,R
0x4011f4,0x10067f000,R
0x401080,0x100681000,R
0x4011fc,0x100683000,R
0x401138,0x100685000,R
0x401160,0x100687000,W
0x401160,0x100689000,R
0x401164,0x10068b000,R
0x401180,0x10068d000,R
0x4010f8,0x10068f000,R
0x401084,0x100691000,R
0x4010f8,0x100693000,R
0x4011d4,0x100695000,R
0x401164,0x100697000,R
0x401150,0x100699000,R
0x40110c,0x10069b000,R
0x4011c8,0x10069d000,R
0x401040,0x10069f000,R
0x4010e0,0x1006a1000,R
0x401098,0x1006a3000,R
0x40112c,0x1006a5000,R
0x4011dc,0x1006a7000,R
0x4011b4,0x1006a9000,R
0x4010b4,0x1006ab000,R
0x4010a0,0x1006ad000,R
0x4011c0,0x1006af000,R
0x401100,0x1006b1000,R
0x4010bc,0x1006b3000,R
0x40113c,0x1006b5000,R
0x4011b8,0x1006b7000,R
0x4010d8,0x1006b9000,R
0x4011d0,0x1006bb000,R
0x401080,0x1006bd000,R
0x40113c,0x1006bf000,R
0x40114c,0x1006c1000,R
0x4010f0,0x1006c3000,R
0x40109c,0x1006c5000,R
0x4010e8,0x1006c7000,R
0x4010ec,0x1006c9000,R
0x40114c,0x1006cb000,R
0x401140,0x1006cd000,R
0x40102c,0x1006cf000,W
0x40100c,0x1006d1000,R
0x401000,0x1006d3000,R
0x401128,0x1006d5000,R
0x401104,0x1006d7000,R
0x401068,0x1006d9000,R
0x401100,0x1006db000,R
0x401138,0x1006dd000,R
0x4011e4,0x1006df000,R
0x40114c,0x1006e1000,R
0x401098,0x1006e3000,R
0x401148,0x1006e5000,R
0x401138,0x1006e7000,R
0x40101c,0x1006e9000,R
0x4011a4,0x1006eb000,R
0x4011a8,0x1006ed000,R
0x401004,0x1006ef000,W
0x4011b8,0x1006f1000,R
0x401144,0x1006f3000,R
0x4010f4,0x1006f5000,R
0x401120,0x1006f7000,R
0x401058,0x1006f9000,R
0x4011c0,0x1006fb000,R
0x40114c,0x1006fd000,R
0x4010f8,0x1006ff000,R
0x401194,0x100701000,R
0x401148,0x100703000,R
0x4010c0,0x100705000,R
0x401138,0x100707000,R
0x401060,0x100709000,R
0x401174,0x10070b000,R
0x4010dc,0x10070d000,R
0x401148,0x10070f000,R
0x4011e4,0x100711000,R
0x401004,0x100713000,R
0x401144,0x100715000,R
0x401038,0x100717000,R
0x401144,0x100719000,R
0x4011c4,0x10071b000,R
0x401034,0x10071d000,R
0x40100c,0x10071f000,R
0x401140,0x100721000,R
0x401168,0x100723000,R
0x4011e0,0x100725000,R
0x40118c,0x100727000,W
0x401008,0x100729000,R
0x401120,0x10072b000,R
0x4011a0,0x10072d000,R
0x40116c,0x10072f000,R
0x4010dc,0x100731000,R
0x401100,0x100733000,R
0x401018,0x100735000,R
0x4010f4,0x100737000,R
0x401120,0x100739000,R
0x4011b0,0x10073b000,R
0x40112c,0x10073d000,R
0x4011a4,0x10073f000,R
0x401068,0x100741000,R
0x4011e0,0x100743000,R
0x401020,0x100745000,R
0x401038,0x100747000,R
0x4010a8,0x100749000,R
0x40111c,0x10074b000,R
0x401000,0x10074d000,R
0x401120,0x10074f000,R
0x401164,0x100751000,R
0x401170,0x100753000,R
0x401044,0x100755000,R
0x401154,0x100757000,R
0x40100c,0x100759000,R
0x401074,0x10075b000,R
0x401068,0x10075d000,R
0x401084,0x10075f000,R
0x4011f4,0x100761000,R
0x40114c,0x100763000,R
0x401098,0x100765000,R
0x401090,0x100767000,R
0x4011a0,0x100769000,W
0x4011e4,0x10076b000,R
0x401134,0x10076d000,R
0x401020,0x10076f000,W
0x401158,0x100771000,R
0x401048,0x100773000,R
0x401188,0x100775000,R
0x401134,0x100777000,R
0x401158,0x100779000,R
0x4011e0,0x10077b000,R
0x40119c,0x10077d000,R
0x401104,0x10077f000,R
0x401194,0x100781000,R
0x401108,0x100783000,R
0x401004,0x100785000,R
0x401138,0x100787000,R
0x4010b8,0x100789000,R
0x401190,0x10078b000,R
0x40113c,0x10078d000,R
0x401100,0x10078f000,R
0x4011f4,0x100791000,R
0x40105c,0x100793000,R
0x4010bc,0x100795000,R
0x4011e0,0x100797000,W
0x401014,0x100799000,R
0x4011f8,0x10079b000,R
0x401024,0x10079d000,W
0x40113c,0x10079f000,R
0x4010b0,0x1007a1000,R
0x40106c,0x1007a3000,W
0x4010a8,0x1007a5000,R
0x4011f4,0x1007a7000,R
0x401138,0x1007a9000,R
0x401170,0x1007ab000,R
0x4010a4,0x1007ad000,R
0x40119c,0x1007af000,R
0x4010b8,0x1007b1000,R
0x4010f0,0x1007b3000,R
0x401190,0x1007b5000,R
0x401190,0x1007b7000,R
0x40104c,0x1007b9000,R
0x401034,0x1007bb000,R
0x40114c,0x1007bd000,R
0x401008,0x1007bf000,R
0x4011a8,0x1007c1000,R
0x4010c8,0x1007c3000,R
0x4010d8,0x1007c5000,R
0x4010dc,0x1007c7000,R
0x40110c,0x1007c9000,R
0x401078,0x1007cb000,R
0x401014,0x1007cd000,R
0x4011c8,0x1007cf000,R
0x401178,0x1007d1000,R
0x40101c,0x1007d3000,R
0x40101c,0x1007d5000,R
0x401008,0x1007d7000,R
0x4010f4,0x1007d9000,R
0x40118c,0x1007db000,R
0x40115c,0x1007dd000,R
0x4011d8,0x1007df000,R
0x4011a0,0x1007e1000,R
0x401110,0x1007e3000,R
0x401004,0x1007e5000,R
0x401150,0x1007e7000,R
0x4011bc,0x1007e9000,R
0x4010cc,0x1007eb000,R
0x40116c,0x1007ed000,R
0x40113c,0x1007ef000,R
0x4010ac,0x1007f1000,R
0x401038,0x1007f3000,R
0x401114,0x1007f5000,R
0x401058,0x1007f7000,R
0x40115c,0x1007f9000,R
0x40109c,0x1007fb000,R
0x4011b4,0x1007fd000,R
0x401000,0x1007ff000,R
0x4011bc,0x100001000,W
0x40105c,0x100003000,W
0x401178,0x100005000,R
0x40119c,0x100007000,R
0x4010c4,0x100009000,R
0x40111c,0x10000b000,R
0x401008,0x10000d000,R
0x4010bc,0x10000f000,R
0x401108,0x100011000,R
0x40118c,0x100013000,R
0x4011e8,0x100015000,R
0x4011f4,0x100017000,R
0x401120,0x100019000,R
0x401150,0x10001b000,R
0x4011c4,0x10001d000,R
0x4010a4,0x10001f000,R
0x401048,0x100021000,R
0x401114,0x100023000,R
0x4010e0,0x100025000,R
0x4010c0,0x100027000,R
0x4010dc,0x100029000,R
0x40115c,0x10002b000,R
0x40117c,0x10002d000,R
0x401154,0x10002f000,R
0x4011e8,0x100031000,R
0x401074,0x100033000,R
0x401180,0x100035000,R
0x4010e0,0x100037000,R
0x401098,0x100039000,R
0x401088,0x10003b000,R
0x40102c,0x10003d000,R
0x401030,0x10003f000,R
0x4011a4,0x100041000,R
0x401178,0x100043000,R
0x401064,0x100045000,R
0x4011e0,0x100047000,R
0x401058,0x100049000,R
0x401078,0x10004b000,R
0x401164,0x10004d000,R
0x401014,0x10004f000,R
0x4010c4,0x100051000,R
0x4011e4,0x100053000,R
0x401144,0x100055000,R
0x401028,0x100057000,R
0x401034,0x100059000,R
0x4011f4,0x10005b000,R
0x4010ec,0x10005d000,R
0x401178,0x10005f000,R
0x401098,0x100061000,R
0x401038,0x100063000,R
0x4010e4,0x100065000,R
0x4010c4,0x100067000,R
0x4010d4,0x100069000,R
0x401148,0x10006b000,R
0x40119c,0x10006d000,R
0x40107c,0x10006f000,R
0x40103c,0x100071000,R
0x40119c,0x100073000,R
0x401024,0x100075000,R
0x4011ec,0x100077000,R
0x401184,0x100079000,R
0x4011b0,0x10007b000,R
0x40102c,0x10007d000,R
0x401110,0x10007f000,R
0x4011e0,0x100081000,R
0x4011f0,0x100083000,R
0x401040,0x100085000,R
0x40102c,0x100087000,R
0x401160,0x100089000,R
0x40110c,0x10008b000,R
0x40111c,0x10008d000,R
0x40110c,0x10008f000,R
0x401170,0x100091000,R
0x401158,0x100093000,R
0x40112c,0x100095000,R
0x4011cc,0x100097000,W
0x401018,0x100099000,R
0x4011a4,0x10009b000,R
0x4010e8,0x10009d000,R
0x4010b4,0x10009f000,R
0x4011f0,0x1000a1000,R
0x40108c,0x1000a3000,R
0x401178,0x1000a5000,R
0x401070,0x1000a7000,R
0x401158,0x1000a9000,R
0x401048,0x1000ab000,R
0x401118,0x1000ad000,W
0x40119c,0x1000af000,W
0x4010e4,0x1000b1000,R
0x401160,0x1000b3000,R
0x401128,0x1000b5000,R
0x4011e4,0x1000b7000,R
0x401148,0x1000b9000,R
0x4011a8,0x1000bb000,R
0x4011ec,0x1000bd000,R
0x401148,0x1000bf000,R
0x40105c,0x1000c1000,R
0x401094,0x1000c3000,R
0x4011fc,0x1000c5000,R
0x401164,0x1000c7000,W
0x4011d4,0x1000c9000,R
0x4011a0,0x1000cb000,R
0x40107c,0x1000cd000,R
0x4010a8,0x1000cf000,R
0x4011bc,0x1000d1000,R
0x401058,0x1000d3000,R
0x401160,0x1000d5000,R
0x4010e8,0x1000d7000,R
0x4011c4,0x1000d9000,R
0x40116c,0x1000db000,R
0x40101c,0x1000dd000,R
0x40109c,0x1000df000,R
0x4011c4,0x1000e1000,R
0x401010,0x1000e3000,R
0x4010bc,0x1000e5000,R
0x401054,0x1000e7000,R
0x4011f0,0x1000e9000,R
0x4011a0,0x1000eb000,R
0x401188,0x1000ed000,R
0x401044,0x1000ef000,R
0x40105c,0x1000f1000,R
0x401188,0x1000f3000,R
0x4011c4,0x1000f5000,R
0x40106c,0x1000f7000,R
0x401194,0x1000f9000,R
0x4010a0,0x1000fb000,R
0x401034,0x1000fd000,R
0x401110,0x1000ff000,R
0x4011f8,0x100101000,R
0x401084,0x100103000,R
0x4011bc,0x100105000,R
0x401140,0x100107000,R
0x401084,0x100109000,R
0x401168,0x10010b000,R
0x401028,0x10010d000,R
0x40106c,0x10010f000,R
0x4010e8,0x100111000,R
0x4010a0,0x100113000,R
0x4010ec,0x100115000,R
0x401174,0x100117000,W
0x40103c,0x100119000,R
0x401180,0x10011b000,R
0x40115c,0x10011d000,R
0x4010f0,0x10011f000,R
0x4011cc,0x100121000,R
0x401088,0x100123000,R
0x401108,0x100125000,R
0x401194,0x100127000,R
0x40119c,0x100129000,R
0x401120,0x10012b000,R
0x4010c0,0x10012d000,W
0x4010e8,0x10012f000,R
0x401074,0x100131000,W
0x401088,0x100133000,R
0x401180,0x100135000,R
0x401068,0x100137000,R
0x401134,0x100139000,R
0x401084,0x10013b000,R
0x401160,0x10013d000,R
0x4010f0,0x10013f000,R
0x4010b8,0x100141000,R
0x401130,0x100143000,R
0x401030,0x100145000,R
0x401108,0x100147000,R
0x4011bc,0x100149000,R
0x4010e0,0x10014b000,R
0x401114,0x10014d000,R
0x401018,0x10014f000,R
0x4011a0,0x100151000,R
0x4010fc,0x100153000,R
0x4011c0,0x100155000,R
0x4011c4,0x100157000,R
0x40114c,0x100159000,R
0x4011c8,0x10015b000,W
0x401150,0x10015d000,R
0x401078,0x10015f000,R
0x40116c,0x100161000,R
0x401160,0x100163000,R
0x4011f4,0x100165000,R
0x4010b4,0x100167000,R
0x401118,0x100169000,R
0x40112c,0x10016b000,R
0x401118,0x10016d000,R
0x4010d0,0x10016f000,R
0x4010dc,0x100171000,R
0x4010ec,0x100173000,R
0x40103c,0x100175000,R
0x401180,0x100177000,R
0x4010f0,0x100179000,R
0x4010d4,0x10017b000,R
0x40100c,0x10017d000,R
0x401120,0x10017f000,R
0x4011c4,0x100181000,R
0x401054,0x100183000,R
0x401048,0x100185000,R
0x401184,0x100187000,R
0x4010c0,0x100189000,R
0x4011fc,0x10018b000,R
0x4010ac,0x10018d000,R
0x401134,0x10018f000,R
0x401004,0x100191000,R
0x4010c4,0x100193000,R
0x401184,0x100195000,R
0x4011f4,0x100197000,R
0x4010f4,0x100199000,R
0x4010c4,0x10019b000,R
0x4011a8,0x10019d000,R
0x401034,0x10019f000,R
0x401068,0x1001a1000,R
0x40103c,0x1001a3000,R
0x4011bc,0x1001a5000,R
0x401060,0x1001a7000,R
0x40108c,0x1001a9000,R
0x401018,0x1001ab000,R
0x4010a8,0x1001ad000,R
0x4011b8,0x1001af000,R
0x40112c,0x1001b1000,R
0x40118c,0x1001b3000,R
0x401010,0x1001b5000,R
0x4010e0,0x1001b7000,R
0x40111c,0x1001b9000,R
0x401000,0x1001bb000,R
0x4011d0,0x1001bd000,R
0x401034,0x1001bf000,R
0x401084,0x1001c1000,R
0x4010fc,0x1001c3000,R
0x4010ac,0x1001c5000,R
0x4010c4,0x1001c7000,R
0x4010d0,0x1001c9000,R
0x401050,0x1001cb000,W
0x401004,0x1001cd000,R
0x4011f4,0x1001cf000,R
0x4011cc,0x1001d1000,R
0x4011c0,0x1001d3000,R
0x401140,0x1001d5000,R
0x401080,0x1001d7000,R
0x4010f8,0x1001d9000,R
0x401190,0x1001db000,R
0x401174,0x1001dd000,R
0x4011a4,0x1001df000,R
0x401050,0x1001e1000,R
0x4010d4,0x1001e3000,W
0x40107c,0x1001e5000,R
0x401158,0x1001e7000,R
0x401070,0x1001e9000,R
0x40103c,0x1001eb000,R
0x401150,0x1001ed000,R
0x401060,0x1001ef000,R
0x401100,0x1001f1000,R
0x401044,0x1001f3000,R
0x401088,0x1001f5000,R
0x4011ac,0x1001f7000,R
0x4011dc,0x1001f9000,R
0x401044,0x1001fb000,R
0x401114,0x1001fd000,R
0x4011d4,0x1001ff000,R
0x401024,0x100201000,R
0x4011b8,0x100203000,R
0x4010a8,0x100205000,R
0x401054,0x100207000,R
0x401120,0x100209000,R
0x4010a8,0x10020b000,R
0x4011bc,0x10020d000,R
0x4011c0,0x10020f000,R
0x4011b4,0x100211000,R
0x401044,0x100213000,R
0x4011f8,0x100215000,R
0x401164,0x100217000,R
0x40109c,0x100219000,R
0x4010e8,0x10021b000,R
0x401128,0x10021d000,W
0x4011dc,0x10021f000,W
0x401158,0x100221000,R
0x4010a4,0x100223000,R
0x4010c4,0x100225000,R
0x401118,0x100227000,R
0x401114,0x100229000,R
0x401058,0x10022b000,R
0x4010dc,0x10022d000,R
0x4011e0,0x10022f000,R
0x401024,0x100231000,R
0x401194,0x100233000,R
0x4011f0,0x100235000,R
0x401194,0x100237000,R
0x4010ac,0x100239000,R
0x4011b8,0x10023b000,R
0x4011a8,0x10023d000,R
0x401148,0x10023f000,R
0x4011f8,0x100241000,R
0x40111c,0x100243000,R
0x401078,0x100245000,R
0x4011ac,0x100247000,R
0x401110,0x100249000,W
0x401170,0x10024b000,R
0x4010c8,0x10024d000,R
0x40106c,0x10024f000,R
0x401038,0x100251000,R
0x40104c,0x100253000,R
0x401190,0x100255000,R
0x401028,0x100257000,R
0x4010c0,0x100259000,R
0x401178,0x10025b000,W
0x4010cc,0x10025d000,R
0x401014,0x10025f000,R
0x4010e4,0x100261000,R
0x401060,0x100263000,R
0x401090,0x100265000,R
0x401130,0x100267000,R
0x4011c0,0x100269000,R
0x401078,0x10026b000,R
0x40112c,0x10026d000,R
0x401050,0x10026f000,R
0x4011bc,0x100271000,R
0x401108,0x100273000,R
0x40103c,0x100275000,R
0x401008,0x100277000,R
0x40102c,0x100279000,R
0x40102c,0x10027b000,R
0x40113c,0x10027d000,R
0x401004,0x10027f000,R
0x401144,0x100281000,R
0x401054,0x100283000,R
0x4011a0,0x100285000,R
0x4010bc,0x100287000,R
0x40108c,0x100289000,R
0x401084,0x10028b000,W
0x401040,0x10028d000,R
0x4010a0,0x10028f000,R
0x401180,0x100291000,R
0x401088,0x100293000,R
0x4011d8,0x100295000,W
0x4010a4,0x100297000,R
0x40116c,0x100299000,R
0x401090,0x10029b000,R
0x401154,0x10029d000,R
0x401008,0x10029f000,R
0x401004,0x1002a1000,R
0x401010,0x1002a3000,R
0x4011dc,0x1002a5000,R
0x4011e0,0x1002a7000,R
0x4010a0,0x1002a9000,R
0x401154,0x1002ab000,R
0x401068,0x1002ad000,R
0x401094,0x1002af000,R
0x4010b4,0x1002b1000,R
0x4011b8,0x1002b3000,R
0x401058,0x1002b5000,R
0x4010d0,0x1002b7000,R
0x401100,0x1002b9000,R
0x4011b8,0x1002bb000,R
0x40111c,0x1002bd000,R
0x401144,0x1002bf000,R
0x401044,0x1002c1000,R
0x401120,0x1002c3000,R
0x4011d8,0x1002c5000,R
0x4010a0,0x1002c7000,R
0x401148,0x1002c9000,R
0x40101c,0x1002cb000,R
0x4011e8,0x1002cd000,R
0x4010f4,0x1002cf000,R
0x4011e4,0x1002d1000,R
0x401134,0x1002d3000,R
0x401174,0x1002d5000,R
0x4011d0,0x1002d7000,R
0x401114,0x1002d9000,R
0x4010c4,0x1002db000,R
0x4011ac,0x1002dd000,R
0x40104c,0x1002df000,R
0x40108c,0x1002e1000,R
0x401008,0x1002e3000,R
0x401128,0x1002e5000,R
0x4010c4,0x1002e7000,R
0x4011ec,0x1002e9000,R
0x401034,0x1002eb000,W
0x401144,0x1002ed000,R
0x401078,0x1002ef000,R
0x4010c0,0x1002f1000,R
0x401144,0x1002f3000,R
0x4011f8,0x1002f5000,R
0x401078,0x1002f7000,R
0x401020,0x1002f9000,R
0x4010c8,0x1002fb000,R
0x4010e0,0x1002fd000,R
0x4011f4,0x1002ff000,R
0x4011f8,0x100301000,R
0x40112c,0x100303000,R
0x4011e0,0x100305000,R
0x40111c,0x100307000,R
0x4011d4,0x100309000,R
0x401098,0x10030b000,R
0x40113c,0x10030d000,R
0x4011b0,0x10030f000,R
0x40102c,0x100311000,R
0x401118,0x100313000,R
0x401060,0x100315000,R
0x401020,0x100317000,R
0x401114,0x100319000,R
0x4010cc,0x10031b000,R
0x4010a4,0x10031d000,R
0x401114,0x10031f000,R
0x401198,0x100321000,R
0x4010cc,0x100323000,R
0x4010e0,0x100325000,R
0x4011c0,0x100327000,R
0x401024,0x100329000,R
0x401020,0x10032b000,R
0x401114,0x10032d000,R
0x401104,0x10032f000,R
0x4011a4,0x100331000,R
0x40107c,0x100333000,W
0x401078,0x100335000,R
0x40105c,0x100337000,R
0x401140,0x100339000,R
0x401104,0x10033b000,R
0x4010ec,0x10033d000,R
0x401098,0x10033f000,R
0x4010a4,0x100341000,R
0x4010cc,0x100343000,R
0x4010f4,0x100345000,R
0x40102c,0x100347000,R
0x401184,0x100349000,R
0x40111c,0x10034b000,R
0x4011d8,0x10034d000,R
0x401014,0x10034f000,R
0x401078,0x100351000,R
0x4010a0,0x100353000,R
0x4011b4,0x100355000,R
0x40110c,0x100357000,R
0x4010ec,0x100359000,R
0x401114,0x10035b000,R
0x4010b0,0x10035d000,R
0x4010f8,0x10035f000,R
0x40116c,0x100361000,R
0x4010d8,0x100363000,R
0x4011c8,0x100365000,R
0x401050,0x100367000,R
0x4011e4,0x100369000,R
0x401020,0x10036b000,R
0x4011a8,0x10036d000,R
0x4010cc,0x10036f000,R
0x4010d0,0x100371000,W
0x4010e8,0x100373000,R
0x4010b8,0x100375000,R
0x4010fc,0x100377000,R
0x401050,0x100379000,R
0x401078,0x10037b000,R
0x401184,0x10037d000,R
0x401104,0x10037f000,R
0x401034,0x100381000,R
0x4011b4,0x100383000,R
0x401160,0x100385000,R
0x401028,0x100387000,R
0x401068,0x100389000,W
0x401024,0x10038b000,R
0x40111c,0x10038d000,R
0x40100c,0x10038f000,R
0x4010e4,0x100391000,R
0x401054,0x100393000,R
0x40117c,0x100395000,R
0x401044,0x100397000,R
0x401090,0x100399000,R
0x401074,0x10039b000,R
0x401054,0x10039d000,W
0x40105c,0x10039f000,R
0x4011a8,0x1003a1000,R
0x401074,0x1003a3000,R
0x4010dc,0x1003a5000,R
0x401014,0x1003a7000,R
0x401108,0x1003a9000,R
0x401198,0x1003ab000,R
0x4010a0,0x1003ad000,R
0x4010bc,0x1003af000,R
0x4010cc,0x1003b1000,R
0x401114,0x1003b3000,R
0x4011e0,0x1003b5000,R
0x4011c8,0x1003b7000,R
0x401104,0x1003b9000,R
0x401068,0x1003bb000,R
0x40103c,0x1003bd000,R
0x401060,0x1003bf000,R
0x40114c,0x1003c1000,R
0x4011ac,0x1003c3000,R
0x401048,0x1003c5000,R
0x401058,0x1003c7000,W
0x401060,0x1003c9000,R
0x401100,0x1003cb000,R
0x401020,0x1003cd000,R
0x401100,0x1003cf000,R
0x401074,0x1003d1000,R
0x40118c,0x1003d3000,R
0x401194,0x1003d5000,R
0x401068,0x1003d7000,R
0x401138,0x1003d9000,R
0x40109c,0x1003db000,R
0x401014,0x1003dd000,R
0x401134,0x1003df000,R
0x4011f0,0x1003e1000,R
0x401058,0x1003e3000,W
0x401074,0x1003e5000,R
0x4011a4,0x1003e7000,R
0x401084,0x1003e9000,R
0x40100c,0x1003eb000,R
0x401084,0x1003ed000,R
0x4011a8,0x1003ef000,W
0x401100,0x1003f1000,R
0x401088,0x1003f3000,R
0x40104c,0x1003f5000,W
0x401114,0x1003f7000,R
0x401160,0x1003f9000,R
0x4010c4,0x1003fb000,R
0x401110,0x1003fd000,R
0x401168,0x1003ff000,R
0x4010b8,0x100401000,R
0x401004,0x100403000,R
0x4011f4,0x100405000,R
0x401140,0x100407000,R
0x401150,0x100409000,R
0x401150,0x10040b000,R
0x401034,0x10040d000,R
0x40101c,0x10040f000,R
0x401184,0x100411000,R
0x40107c,0x100413000,R
0x4010c4,0x100415000,R
0x401118,0x100417000,R
0x401038,0x100419000,R
0x40117c,0x10041b000,R
0x401080,0x10041d000,R
0x401160,0x10041f000,R
0x401024,0x100421000,R
0x40119c,0x100423000,R
0x401078,0x100425000,R
0x4011ec,0x100427000,R
0x401194,0x100429000,W
0x401078,0x10042b000,R
0x40105c,0x10042d000,R
0x401098,0x10042f000,R
0x401134,0x100431000,R
0x401124,0x100433000,R
0x4011b8,0x100435000,R
0x40119c,0x100437000,R
0x4010e0,0x100439000,R
0x401138,0x10043b000,R
0x401140,0x10043d000,R
0x40101c,0x10043f000,R
0x40111c,0x100441000,R
0x401054,0x100443000,R
0x401120,0x100445000,W
0x401158,0x100447000,R
0x4011c0,0x100449000,R
0x4010d8,0x10044b000,R
0x4011d4,0x10044d000,R
0x4011e4,0x10044f000,R
0x40102c,0x100451000,W
0x401144,0x100453000,R
0x401120,0x100455000,R
0x401138,0x100457000,R
0x401154,0x100459000,R
0x4010c4,0x10045b000,R
0x4010d0,0x10045d000,R
0x401028,0x10045f000,R
0x401078,0x100461000,R
0x4010ac,0x100463000,R
0x401064,0x100465000,R
0x40103c,0x100467000,R
0x40107c,0x100469000,R
0x4010e8,0x10046b000,R
0x401178,0x10046d000,R
0x401038,0x10046f000,R
0x4011e4,0x100471000,R
0x401130,0x100473000,R
0x401184,0x100475000,R
0x4011c8,0x100477000,R
0x401098,0x100479000,R
0x4011b8,0x10047b000,R
0x401038,0x10047d000,R
0x401040,0x10047f000,R
0x4011b4,0x100481000,R
0x401080,0x100483000,R
0x40102c,0x100485000,R
0x401164,0x100487000,R
0x4011b4,0x100489000,W
0x40104c,0x10048b000,R
0x401064,0x10048d000,R
0x4010d4,0x10048f000,R
0x401008,0x100491000,R
0x4010c0,0x100493000,R
0x401170,0x100495000,R
0x401164,0x100497000,R
0x40118c,0x100499000,R
0x4011d4,0x10049b000,R
0x40117c,0x10049d000,R
0x401024,0x10049f000,R
0x401020,0x1004a1000,R
0x401128,0x1004a3000,R
0x401014,0x1004a5000,R
0x40105c,0x1004a7000,R
0x401040,0x1004a9000,R
0x401170,0x1004ab000,R
0x4011c0,0x1004ad000,R
0x4010ec,0x1004af000,W
0x4011ec,0x1004b1000,R
0x401080,0x1004b3000,R
0x40103c,0x1004b5000,R
0x401184,0x1004b7000,R
0x4011f0,0x1004b9000,R
0x401018,0x1004bb000,R
0x401154,0x1004bd000,R
0x4011d0,0x1004bf000,R
0x401050,0x1004c1000,R
0x4011b0,0x1004c3000,R
0x4011d0,0x1004c5000,R
0x4011a4,0x1004c7000,R
0x4011dc,0x1004c9000,R
0x4011a8,0x1004cb000,R
0x40100c,0x1004cd000,R
0x401030,0x1004cf000,R
0x401004,0x1004d1000,R
0x4010c8,0x1004d3000,R
0x4010d8,0x1004d5000,R
0x401178,0x1004d7000,R
0x40115c,0x1004d9000,R
0x401164,0x1004db000,R
0x4010e0,0x1004dd000,R
0x4010b0,0x1004df000,R
0x401084,0x1004e1000,R
0x4011dc,0x1004e3000,R
0x4010e4,0x1004e5000,R
0x401170,0x1004e7000,R
0x4010f0,0x1004e9000,R
0x401144,0x1004eb000,R
0x401030,0x1004ed000,R
0x401100,0x1004ef000,R
0x40117c,0x1004f1000,R
0x4010a0,0x1004f3000,R
0x401114,0x1004f5000,R
0x40108c,0x1004f7000,R
0x401124,0x1004f9000,R
0x401104,0x1004fb000,R
0x40118c,0x1004fd000,R
0x401168,0x1004ff000,R
0x4011a4,0x100501000,R
0x401008,0x100503000,R
0x40107c,0x100505000,R
0x4011b0,0x100507000,R
0x40116c,0x100509000,R
0x4010d4,0x10050b000,R
0x4011c8,0x10050d000,R
0x401004,0x10050f000,R
0x401160,0x100511000,R
0x401000,0x100513000,R
0x4010ec,0x100515000,R
0x4011bc,0x100517000,R
0x401138,0x100519000,R
0x4011e0,0x10051b000,R
0x40114c,0x10051d000,R
0x4010e0,0x10051f000,R
0x401134,0x100521000,R
0x4011a0,0x100523000,W
0x401134,0x100525000,R
0x401184,0x100527000,R
0x4010dc,0x100529000,R
0x4011cc,0x10052b000,R
0x401094,0x10052d000,R
0x40112c,0x10052f000,R
0x4011b4,0x100531000,R
0x401184,0x100533000,R
0x4010cc,0x100535000,R
0x4010a4,0x100537000,R
0x40119c,0x100539000,R
0x401084,0x10053b000,R
0x401124,0x10053d000,R
0x401068,0x10053f000,R
0x4011cc,0x100541000,R
0x40116c,0x100543000,R
0x401190,0x100545000,R
0x4011ec,0x100547000,R
0x4010f8,0x100549000,R
0x4011f8,0x10054b000,R
0x4010d0,0x10054d000,R
0x4011e8,0x10054f000,R
0x401094,0x100551000,R
0x401074,0x100553000,R
0x401154,0x100555000,R
0x4011d0,0x100557000,R
0x4011e4,0x100559000,R
0x4011e0,0x10055b000,R
0x4010a4,0x10055d000,R
0x4010f0,0x10055f000,R
0x40109c,0x100561000,R
0x4010bc,0x100563000,R
0x401064,0x100565000,R
0x4011bc,0x100567000,W
0x401078,0x100569000,R
0x40108c,0x10056b000,R
0x401174,0x10056d000,R
0x4011a4,0x10056f000,R
0x401178,0x100571000,R
0x4010cc,0x100573000,R
0x4010d4,0x100575000,R
0x401144,0x100577000,R
0x401058,0x100579000,R
0x401004,0x10057b000,R
0x401170,0x10057d000,R
0x401048,0x10057f000,R
0x401118,0x100581000,R
0x40110c,0x100583000,R
0x401094,0x100585000,R
0x40108c,0x100587000,R
0x40105c,0x100589000,R
0x4011b8,0x10058b000,R
0x40104c,0x10058d000,R
0x401134,0x10058f000,R
0x401100,0x100591000,R
0x4010d8,0x100593000,R
0x40103c,0x100595000,R
0x401198,0x100597000,R
0x40112c,0x100599000,R
0x40108c,0x10059b000,R
0x4010d8,0x10059d000,R
0x401070,0x10059f000,R
0x401114,0x1005a1000,R
0x4011cc,0x1005a3000,R
0x4011e4,0x1005a5000,R
0x401050,0x1005a7000,R
0x401110,0x1005a9000,R
0x40113c,0x1005ab000,R
0x401158,0x1005ad000,R
0x4011fc,0x1005af000,R
0x401078,0x1005b1000,R
0x4011e0,0x1005b3000,R
0x401074,0x1005b5000,R
0x40109c,0x1005b7000,R
0x401028,0x1005b9000,R
0x401008,0x1005bb000,R
0x40118c,0x1005bd000,R
0x401088,0x1005bf000,R
0x401078,0x1005c1000,R
0x4011c4,0x1005c3000,R
0x4010f8,0x1005c5000,R
0x401130,0x1005c7000,R
0x4011e4,0x1005c9000,R
0x4010b0,0x1005cb000,R
0x401050,0x1005cd000,W
0x401094,0x1005cf000,R
0x4010d8,0x1005d1000,R
0x4011e0,0x1005d3000,R
0x4010a4,0x1005d5000,R
0x401050,0x1005d7000,R
0x4010e0,0x1005d9000,R
0x40100c,0x1005db000,R
0x401168,0x1005dd000,R
0x40108c,0x1005df000,R
0x401050,0x1005e1000,R
0x40119c,0x1005e3000,W
0x401178,0x1005e5000,R
0x401068,0x1005e7000,R
0x4010a4,0x1005e9000,R
0x401118,0x1005eb000,R
0x401174,0x1005ed000,R
0x40118c,0x1005ef000,R
0x4010e4,0x1005f1000,R
0x401020,0x1005f3000,R
0x401164,0x1005f5000,R
0x4011d0,0x1005f7000,R
0x401150,0x1005f9000,R
0x401090,0x1005fb000,R
0x401090,0x1005fd000,R
0x4010cc,0x1005ff000,R
0x40109c,0x100601000,R
0x401068,0x100603000,R
0x4010d8,0x100605000,R
0x40104c,0x100607000,W
0x40117c,0x100609000,R
0x4010c8,0x10060b000,R
0x40109c,0x10060d000,R
0x4010c4,0x10060f000,R
0x4011e0,0x100611000,R
0x401024,0x100613000,R
0x401158,0x100615000,W
0x40107c,0x100617000,R
0x40105c,0x100619000,R
0x4011c8,0x10061b000,R
0x4011c0,0x10061d000,R
0x401058,0x10061f000,R
0x4010a4,0x100621000,R
0x40117c,0x100623000,R
0x401074,0x100625000,R
0x401164,0x100627000,R
0x401194,0x100629000,R
0x4011e8,0x10062b000,R
0x4011f4,0x10062d000,R
0x4011fc,0x10062f000,R
0x4010f4,0x100631000,R
0x40109c,0x100633000,R
0x4010b8,0x100635000,R
0x4011dc,0x100637000,R
0x401000,0x100639000,R
0x401168,0x10063b000,R
0x4011c4,0x10063d000,R
0x40105c,0x10063f000,R
0x4010cc,0x100641000,R
0x4011c8,0x100643000,R
0x40101c,0x100645000,R
0x401180,0x100647000,R
0x40102c,0x100649000,R
0x4011d4,0x10064b000,R
0x40107c,0x10064d000,R
0x4011e8,0x10064f000,R
0x401180,0x100651000,R
0x40107c,0x100653000,R
0x4010e0,0x100655000,R
0x401170,0x100657000,R
0x401140,0x100659000,R
0x4010ac,0x10065b000,R
0x4011f4,0x10065d000,R
0x401138,0x10065f000,R
0x4010cc,0x100661000,R
0x401140,0x100663000,R
0x401034,0x100665000,R
0x4010c4,0x100667000,R
0x401170,0x100669000,R
0x4010e4,0x10066b000,R
0x401180,0x10066d000,R
0x401144,0x10066f000,R
0x4011a8,0x100671000,R
0x4010cc,0x100673000,R
0x4011a4,0x100675000,R
0x4011b8,0x100677000,R
0x401108,0x100679000,R
0x401090,0x10067b000,W
0x401164,0x10067d000,R
0x4010bc,0x10067f000,R
0x40111c,0x100681000,R
0x401160,0x100683000,R
0x40118c,0x100685000,R
0x401140,0x100687000,W
0x4011a8,0x100689000,R
0x4010ec,0x10068b000,R
0x401184,0x10068d000,R
0x401034,0x10068f000,R
0x4010b8,0x100691000,R
0x40118c,0x100693000,R
0x401178,0x100695000,R
0x401140,0x100697000,R
0x4011c0,0x100699000,R
0x401080,0x10069b000,R
0x401008,0x10069d000,R
0x401108,0x10069f000,R
0x401058,0x1006a1000,R
0x401078,0x1006a3000,R
0x40107c,0x1006a5000,R
0x4010e0,0x1006a7000,R
0x401198,0x1006a9000,R
0x4010fc,0x1006ab000,R
0x4011b8,0x1006ad000,R
0x401030,0x1006af000,R
0x401180,0x1006b1000,R
0x4011b8,0x1006b3000,R
0x401144,0x1006b5000,R
0x401000,0x1006b7000,W
0x401168,0x1006b9000,R
0x401148,0x1006bb000,R
0x401170,0x1006bd000,R
0x40114c,0x1006bf000,R
0x4011a0,0x1006c1000,R
0x4010b0,0x1006c3000,R
0x401070,0x1006c5000,R
0x401194,0x1006c7000,R
0x40104c,0x1006c9000,R
0x401158,0x1006cb000,R
0x401138,0x1006cd000,R
0x401118,0x1006cf000,R
0x401088,0x1006d1000,R
0x401178,0x1006d3000,R
0x401134,0x1006d5000,R
0x401188,0x1006d7000,R
0x401000,0x1006d9000,R
0x401008,0x1006db000,R
0x401114,0x1006dd000,R
0x4010fc,0x1006df000,R
0x401170,0x1006e1000,R
0x401120,0x1006e3000,R
0x4010fc,0x1006e5000,R
0x401140,0x1006e7000,R
0x40117c,0x1006e9000,R
0x401188,0x1006eb000,R
0x4010e4,0x1006ed000,R
0x4011cc,0x1006ef000,R
0x401174,0x1006f1000,R
0x4010dc,0x1006f3000,W
0x401098,0x1006f5000,R
0x401194,0x1006f7000,R
0x40115c,0x1006f9000,R
0x4010d4,0x1006fb000,R
0x40109c,0x1006fd000,R
0x401080,0x1006ff000,R
0x401050,0x100701000,R
0x401084,0x100703000,R
0x40107c,0x100705000,R
0x4011ec,0x100707000,R
0x401014,0x100709000,R
0x401080,0x10070b000,R
0x4011a0,0x10070d000,R
0x401164,0x10070f000,R
0x401104,0x100711000,W
0x401060,0x100713000,R
0x4010b8,0x100715000,R
0x4011c8,0x100717000,R
0x401054,0x100719000,R
0x4010c0,0x10071b000,R
0x4010c0,0x10071d000,R
0x4010cc,0x10071f000,R
0x401058,0x100721000,R
0x401034,0x100723000,R
0x40118c,0x100725000,W
0x401128,0x100727000,R
0x401094,0x100729000,R
0x40103c,0x10072b000,R
0x401154,0x10072d000,R
0x4010ec,0x10072f000,R
0x4011d0,0x100731000,R
0x40115c,0x100733000,R
0x401138,0x100735000,R
0x4010c0,0x100737000,R
0x4011e0,0x100739000,R
0x401084,0x10073b000,R
0x401098,0x10073d000,R
0x401014,0x10073f000,R
0x4011e4,0x100741000,R
0x4011c0,0x100743000,R
0x4011cc,0x100745000,R
0x401144,0x100747000,W
0x4011d8,0x100749000,R
0x401188,0x10074b000,R
0x401194,0x10074d000,R
0x401194,0x10074f000,R
0x401070,0x100751000,R
0x4011cc,0x100753000,R
0x401048,0x100755000,R
0x401004,0x100757000,R
0x401138,0x100759000,R
0x401020,0x10075b000,R
0x401008,0x10075d000,R
0x4010fc,0x10075f000,R
0x4010c8,0x100761000,R
0x401020,0x100763000,R
0x4010cc,0x100765000,R
0x4011b8,0x100767000,R
0x4010a8,0x100769000,R
0x401104,0x10076b000,R
0x4010b8,0x10076d000,R
0x4010c4,0x10076f000,R
0x4011d0,0x100771000,R
0x401100,0x100773000,R
0x4011ec,0x100775000,R
0x4010d8,0x100777000,R
0x4010fc,0x100779000,R
0x4011c8,0x10077b000,R
0x401138,0x10077d000,R
0x4010b0,0x10077f000,R
0x4010c0,0x100781000,R
0x40112c,0x100783000,R
0x4010c0,0x100785000,R
0x4011d8,0x100787000,R
0x4010b8,0x100789000,R
0x40108c,0x10078b000,R
0x40118c,0x10078d000,R
0x401068,0x10078f000,R
0x401120,0x100791000,R
0x401198,0x100793000,R
0x4011b0,0x100795000,R
0x40101c,0x100797000,R
0x401064,0x100799000,R
0x401040,0x10079b000,R
0x401100,0x10079d000,R
0x4011bc,0x10079f000,R
0x4011fc,0x1007a1000,W
0x401044,0x1007a3000,R
0x401084,0x1007a5000,R
0x4011e0,0x1007a7000,R
0x40105c,0x1007a9000,R
0x4011ec,0x1007ab000,R
0x40113c,0x1007ad000,R
0x4011b0,0x1007af000,R
0x401044,0x1007b1000,R
0x4010bc,0x1007b3000,R
0x401094,0x1007b5000,R
0x401098,0x1007b7000,R
0x4010a8,0x1007b9000,R
0x401100,0x1007bb000,R
0x4011ac,0x1007bd000,R
0x4010e0,0x1007bf000,R
0x40113c,0x1007c1000,R
0x40119c,0x1007c3000,R
0x4010d4,0x1007c5000,R
0x401184,0x1007c7000,W
0x401140,0x1007c9000,R
0x401054,0x1007cb000,W
0x4011c0,0x1007cd000,R
0x4011d0,0x1007cf000,R
0x4011c4,0x1007d1000,R
0x40115c,0x1007d3000,R
0x401118,0x1007d5000,R
0x4011bc,0x1007d7000,R
0x4011fc,0x1007d9000,R
0x401128,0x1007db000,R
0x401110,0x1007dd000,R
0x4010b4,0x1007df000,R
0x401134,0x1007e1000,R
0x4010f0,0x1007e3000,R
0x4010b8,0x1007e5000,R
0x4011ec,0x1007e7000,W
0x401100,0x1007e9000,W
0x4011b4,0x1007eb000,R
0x401014,0x1007ed000,R
0x4011ec,0x1007ef000,R
0x4010e0,0x1007f1000,R
0x4010d4,0x1007f3000,W
0x401124,0x1007f5000,R
0x401100,0x1007f7000,R
0x4011ac,0x1007f9000,R
0x401018,0x1007fb000,R
0x4010dc,0x1007fd000,R
0x40108c,0x1007ff000,R
0x4020a8,0x100002000,R
0x4021d8,0x100005000,R
0x402044,0x100008000,R
0x402088,0x10000b000,W
0x402150,0x10000e000,R
0x402014,0x100011000,R
0x402148,0x100014000,R
0x4021f4,0x100017000,R
0x4021dc,0x10001a000,R
0x402024,0x10001d000,R
0x402040,0x100020000,R
0x40214c,0x100023000,R
0x4020c0,0x100026000,R
0x4020b4,0x100029000,R
0x40209c,0x10002c000,R
0x4021ac,0x10002f000,R
0x4020a4,0x100032000,R
0x402044,0x100035000,R
0x4020dc,0x100038000,R
0x40201c,0x10003b000,R
0x4020d4,0x10003e000,R
0x4020b4,0x100041000,W
0x402104,0x100044000,R
0x40206c,0x100047000,R
0x4021a8,0x10004a000,R
0x402040,0x10004d000,R
0x4021a0,0x100050000,R
0x402030,0x100053000,R
0x402184,0x100056000,R
0x402058,0x100059000,R
0x402180,0x10005c000,R
0x402038,0x10005f000,R
0x4020a0,0x100062000,R
0x402080,0x100065000,R
0x4021d4,0x100068000,R
0x4020d0,0x10006b000,R
0x402084,0x10006e000,R
0x402100,0x100071000,R
0x40207c,0x100074000,R
0x4021b4,0x100077000,R
0x402034,0x10007a000,R
0x402068,0x10007d000,R
0x4020c0,0x100080000,R
0x402010,0x100083000,R
0x4021f4,0x100086000,R
0x40219c,0x100089000,R
0x40204c,0x10008c000,R
0x402068,0x10008f000,R
0x4020d8,0x100092000,R
0x40218c,0x100095000,W
0x40214c,0x100098000,R
0x402194,0x10009b000,R
0x40208c,0x10009e000,R
0x40201c,0x1000a1000,R
0x4020e4,0x1000a4000,R
0x4021b8,0x1000a7000,R
0x40201c,0x1000aa000,R
0x4020b8,0x1000ad000,R
0x402188,0x1000b0000,R
0x4021bc,0x1000b3000,R
0x402020,0x1000b6000,R
0x402080,0x1000b9000,R
0x402138,0x1000bc000,R
0x40211c,0x1000bf000,R
0x40216c,0x1000c2000,W
0x402054,0x1000c5000,R
0x402160,0x1000c8000,R
0x402088,0x1000cb000,R
0x402100,0x1000ce000,R
0x4021e8,0x1000d1000,R
0x4021cc,0x1000d4000,R
0x4021bc,0x1000d7000,R
0x4021d8,0x1000da000,R
0x4020f8,0x1000dd000,R
0x4020a0,0x1000e0000,R
0x402100,0x1000e3000,R
0x4020f0,0x1000e6000,W
0x402168,0x1000e9000,R
0x4020cc,0x1000ec000,R
0x4021dc,0x1000ef000,R
0x4021ec,0x1000f2000,R
0x4020e0,0x1000f5000,R
0x4020c4,0x1000f8000,R
0x4020a0,0x1000fb000,R
0x402190,0x1000fe000,R
0x4020e8,0x100101000,R
0x402184,0x100104000,R
0x402078,0x100107000,R
0x402044,0x10010a000,R
0x4020cc,0x10010d000,R
0x4021dc,0x100110000,R
0x402008,0x100113000,R
0x402068,0x100116000,R
0x402080,0x100119000,R
0x402194,0x10011c000,R
0x402100,0x10011f000,R
0x4020d0,0x100122000,R
0x40210c,0x100125000,R
0x40215c,0x100128000,R
0x4020fc,0x10012b000,R
0x402018,0x10012e000,R
0x4021f4,0x100131000,R
0x4021a8,0x100134000,R
0x402024,0x100137000,R
0x402130,0x10013a000,R
0x40214c,0x10013d000,R
0x4021a0,0x100140000,R
0x4020d8,0x100143000,R
0x40202c,0x100146000,R
0x4020e8,0x100149000,R
0x402158,0x10014c000,R
0x4020dc,0x10014f000,R
0x402070,0x100152000,R
0x4021d0,0x100155000,R
0x40201c,0x100158000,R
0x4020bc,0x10015b000,R
0x402140,0x10015e000,R
0x402024,0x100161000,R
0x40213c,0x100164000,R
0x4021ac,0x100167000,R
0x402180,0x10016a000,R
0x4020b4,0x10016d000,R
0x4021f0,0x100170000,R
0x40210c,0x100173000,R
0x40214c,0x100176000,R
0x4020fc,0x100179000,R
0x4020cc,0x10017c000,R
0x402194,0x10017f000,R
0x402050,0x100182000,R
0x40217c,0x100185000,R
0x4021bc,0x100188000,R
0x402068,0x10018b000,R
0x40211c,0x10018e000,R
0x4020f0,0x100191000,W
0x402040,0x100194000,R
0x4020e0,0x100197000,R
0x402140,0x10019a000,R
0x4020c0,0x10019d000,R
0x402184,0x1001a0000,R
0x4020cc,0x1001a3000,R
0x402130,0x1001a6000,R
0x402118,0x1001a9000,R
0x4021d4,0x1001ac000,R
0x402190,0x1001af000,W
0x402098,0x1001b2000,R
0x402034,0x1001b5000,R
0x4020cc,0x1001b8000,R
0x4021b0,0x1001bb000,R
0x402190,0x1001be000,R
0x402088,0x1001c1000,R
0x4021e8,0x1001c4000,R
0x402174,0x1001c7000,R
0x4020c0,0x1001ca000,R
0x40209c,0x1001cd000,R
0x4020d0,0x1001d0000,R
0x4020f0,0x1001d3000,R
0x402140,0x1001d6000,R
0x4020a4,0x1001d9000,R
0x40217c,0x1001dc000,R
0x402128,0x1001df000,R
0x402158,0x1001e2000,R
0x402168,0x1001e5000,R
0x40217c,0x1001e8000,R
0x4020f4,0x1001eb000,R
0x402080,0x1001ee000,R
0x402088,0x1001f1000,R
0x40210c,0x1001f4000,R
0x4021f4,0x1001f7000,R
0x40211c,0x1001fa000,R
0x4020ac,0x1001fd000,R
0x40200c,0x100200000,R
0x4021b8,0x100203000,R
0x402174,0x100206000,R
0x402078,0x100209000,R
0x4021f8,0x10020c000,R
0x402090,0x10020f000,R
0x4020f0,0x100212000,R
0x4021a8,0x100215000,R
0x402044,0x100218000,R
0x4020a4,0x10021b000,R
0x402128,0x10021e000,R
0x40209c,0x100221000,R
0x402140,0x100224000,R
0x402028,0x100227000,R
0x4021c4,0x10022a000,R
0x40214c,0x10022d000,R
0x40207c,0x100230000,R
0x4020f8,0x100233000,R
0x402060,0x100236000,R
0x402120,0x100239000,R
0x402178,0x10023c000,W
0x402104,0x10023f000,R
0x402118,0x100242000,R
0x4021c8,0x100245000,R
0x402024,0x100248000,R
0x402178,0x10024b000,R
0x4020dc,0x10024e000,R
0x4020b8,0x100251000,R
0x402064,0x100254000,R
0x402018,0x100257000,R
0x4020fc,0x10025a000,R
0x40202c,0x10025d000,R
0x4021c4,0x100260000,R
0x402038,0x100263000,R
0x402030,0x100266000,R
0x40215c,0x100269000,R
0x4020e8,0x10026c000,R
0x4020a8,0x10026f000,R
0x4021a8,0x100272000,R
0x4020dc,0x100275000,R
0x4021b4,0x100278000,R
0x402148,0x10027b000,R
0x402184,0x10027e000,R
0x402120,0x100281000,W
0x402098,0x100284000,R
0x40207c,0x100287000,R
0x4020f8,0x10028a000,R
0x402128,0x10028d000,R
0x4021d8,0x100290000,R
0x402084,0x100293000,R
0x402078,0x100296000,R
0x4020a0,0x100299000,R
0x40211c,0x10029c000,R
0x402124,0x10029f000,R
0x4020f0,0x1002a2000,R
0x4021d4,0x1002a5000,W
0x40215c,0x1002a8000,R
0x402088,0x1002ab000,R
0x4021bc,0x1002ae000,R
0x402018,0x1002b1000,R
0x4020e0,0x1002b4000,R
0x402150,0x1002b7000,R
0x4021c4,0x1002ba000,W
0x40217c,0x1002bd000,R
0x402160,0x1002c0000,R
0x402054,0x1002c3000,R
0x402080,0x1002c6000,R
0x4020e8,0x1002c9000,R
0x40200c,0x1002cc000,W
0x4020ac,0x1002cf000,R
0x4021bc,0x1002d2000,R
0x402070,0x1002d5000,R
0x4021c0,0x1002d8000,R
0x402044,0x1002db000,R
0x4021a4,0x1002de000,W
0x4020b0,0x1002e1000,R
0x40200c,0x1002e4000,R
0x402150,0x1002e7000,R
0x402080,0x1002ea000,R
0x4021c4,0x1002ed000,R
0x4021ac,0x1002f0000,R
0x4021cc,0x1002f3000,R
0x402020,0x1002f6000,R
0x4020f4,0x1002f9000,R
0x402088,0x1002fc000,R
0x402198,0x1002ff000,R
0x40208c,0x100302000,R
0x40208c,0x100305000,R
0x402078,0x100308000,R
0x4020b8,0x10030b000,R
0x402054,0x10030e000,R
0x40201c,0x100311000,R
0x402174,0x100314000,R
0x402190,0x100317000,R
0x4020f8,0x10031a000,R
0x402090,0x10031d000,R
0x40217c,0x100320000,R
0x402088,0x100323000,R
0x402000,0x100326000,R
0x4021f0,0x100329000,R
0x402034,0x10032c000,R
0x402190,0x10032f000,R
0x402030,0x100332000,R
0x402148,0x100335000,R
0x40212c,0x100338000,R
0x402150,0x10033b000,R
0x402114,0x10033e000,R
0x4020b0,0x100341000,R
0x4021b0,0x100344000,R
0x402008,0x100347000,R
0x402168,0x10034a000,R
0x40216c,0x10034d000,R
0x40211c,0x100350000,R
0x402160,0x100353000,R
0x402148,0x100356000,R
0x4020e4,0x100359000,R
0x4020f4,0x10035c000,R
0x4020c0,0x10035f000,R
0x402034,0x100362000,R
0x402078,0x100365000,R
0x402034,0x100368000,R
0x4020d8,0x10036b000,R
0x402020,0x10036e000,R
0x4021d4,0x100371000,R
0x40212c,0x100374000,W
0x402144,0x100377000,R
0x40209c,0x10037a000,R
0x4020e8,0x10037d000,R
0x402054,0x100380000,R
0x402174,0x100383000,R
0x402174,0x100386000,R
0x4021c4,0x100389000,R
0x402128,0x10038c000,R
0x4020e8,0x10038f000,R
0x402130,0x100392000,R
0x402080,0x100395000,R
0x402078,0x100398000,R
0x402004,0x10039b000,R
0x4020c8,0x10039e000,R
0x402064,0x1003a1000,R
0x40215c,0x1003a4000,R
0x40212c,0x1003a7000,R
0x4020d8,0x1003aa000,R
0x402018,0x1003ad000,R
0x40206c,0x1003b0000,R
0x402130,0x1003b3000,R
0x402148,0x1003b6000,R
0x402050,0x1003b9000,R
0x4020f8,0x1003bc000,R
0x402010,0x1003bf000,R
0x402090,0x1003c2000,R
0x4021d0,0x1003c5000,R
0x4021a4,0x1003c8000,R
0x402168,0x1003cb000,R
0x402134,0x1003ce000,R
0x40209c,0x1003d1000,R
0x402150,0x1003d4000,R
0x4020dc,0x1003d7000,R
0x40216c,0x1003da000,R
0x402008,0x1003dd000,R
0x402074,0x1003e0000,R
0x40211c,0x1003e3000,R
0x4021d4,0x1003e6000,R
0x402034,0x1003e9000,R
0x402164,0x1003ec000,R
0x402148,0x1003ef000,R
0x4021e4,0x1003f2000,R
0x4021f0,0x1003f5000,R
0x402120,0x1003f8000,R
0x4021f4,0x1003fb000,R
0x40219c,0x1003fe000,R
0x40207c,0x100401000,R
0x4021c0,0x100404000,R
0x402148,0x100407000,R
0x4021c0,0x10040a000,R
0x4021ec,0x10040d000,R
0x4020f8,0x100410000,R
0x4020b8,0x100413000,R
0x402144,0x100416000,R
0x4021e0,0x100419000,R
0x402088,0x10041c000,R
0x4021a0,0x10041f000,R
0x4020a8,0x100422000,W
0x40209c,0x100425000,R
0x402178,0x100428000,R
0x402098,0x10042b000,W
0x40211c,0x10042e000,R
0x4021b4,0x100431000,R
0x4020ec,0x100434000,R
0x40215c,0x100437000,R
0x402100,0x10043a000,R
0x4021f4,0x10043d000,R
0x4021ac,0x100440000,R
0x402048,0x100443000,R
0x402018,0x100446000,R
0x4020c4,0x100449000,R
0x4020d0,0x10044c000,R
0x40210c,0x10044f000,R
0x4020f4,0x100452000,R
0x402170,0x100455000,R
0x40204c,0x100458000,R
0x4020fc,0x10045b000,R
0x4021dc,0x10045e000,R
0x4020a0,0x100461000,R
0x4020dc,0x100464000,R
0x402074,0x100467000,R
0x402168,0x10046a000,R
0x402160,0x10046d000,W
0x40208c,0x100470000,R
0x4021f0,0x100473000,R
0x402118,0x100476000,R
0x4020f8,0x100479000,R
0x4020fc,0x10047c000,R
0x4021b4,0x10047f000,R
0x402150,0x100482000,R
0x402054,0x100485000,W
0x402108,0x100488000,R
0x402090,0x10048b000,R
0x402004,0x10048e000,R
0x40206c,0x100491000,R
0x4021d4,0x100494000,R
0x4020f0,0x100497000,R
0x402044,0x10049a000,R
0x4020a4,0x10049d000,R
0x4020ac,0x1004a0000,R
0x4021d8,0x1004a3000,R
0x4020e0,0x1004a6000,R
0x402158,0x1004a9000,R
0x402094,0x1004ac000,R
0x402188,0x1004af000,R
0x4020a4,0x1004b2000,R
0x402024,0x1004b5000,R
0x402038,0x1004b8000,R
0x402098,0x1004bb000,R
0x40206c,0x1004be000,R
0x402054,0x1004c1000,R
0x402064,0x1004c4000,W
0x402188,0x1004c7000,R
0x40206c,0x1004ca000,R
0x40213c,0x1004cd000,R
0x402010,0x1004d0000,W
0x402110,0x1004d3000,R
0x4020a4,0x1004d6000,R
0x402168,0x1004d9000,W
0x4021b4,0x1004dc000,W
0x402148,0x1004df000,R
0x40203c,0x1004e2000,R
0x402150,0x1004e5000,R
0x402134,0x1004e8000,R
0x402148,0x1004eb000,R
0x402144,0x1004ee000,R
0x402004,0x1004f1000,R
0x402010,0x1004f4000,R
0x402160,0x1004f7000,R
0x4021a8,0x1004fa000,R
0x402054,0x1004fd000,R
0x402114,0x100500000,R
0x40200c,0x100503000,R
0x4020b8,0x100506000,R
0x402124,0x100509000,R
0x402134,0x10050c000,R
0x402100,0x10050f000,R
0x402190,0x100512000,R
0x402064,0x100515000,R
0x4020b0,0x100518000,R
0x402130,0x10051b000,R
0x402168,0x10051e000,R
0x402104,0x100521000,R
0x402130,0x100524000,R
0x40200c,0x100527000,R
0x402048,0x10052a000,R
0x4020f4,0x10052d000,W
0x4020bc,0x100530000,R
0x402084,0x100533000,R
0x40214c,0x100536000,R
0x40206c,0x100539000,R
0x4020fc,0x10053c000,R
0x402040,0x10053f000,R
0x4020d0,0x100542000,R
0x4021f8,0x100545000,R
0x402144,0x100548000,R
0x4020a8,0x10054b000,R
0x4021b8,0x10054e000,R
0x40212c,0x100551000,R
0x4021a4,0x100554000,R
0x402184,0x100557000,R
0x402170,0x10055a000,R
0x402048,0x10055d000,R
0x40212c,0x100560000,R
0x40208c,0x100563000,R
0x402084,0x100566000,R
0x402028,0x100569000,R
0x402044,0x10056c000,R
0x402138,0x10056f000,R
0x402014,0x100572000,R
0x402080,0x100575000,R
0x4020b0,0x100578000,R
0x402074,0x10057b000,R
0x4020c4,0x10057e000,R
0x402018,0x100581000,R
0x4021d0,0x100584000,R
0x4021f4,0x100587000,R
0x402150,0x10058a000,R
0x402178,0x10058d000,W
0x40208c,0x100590000,R
0x40204c,0x100593000,R
0x4021f4,0x100596000,R
0x402124,0x100599000,R
0x402158,0x10059c000,R
0x402160,0x10059f000,W
0x402160,0x1005a2000,R
0x402094,0x1005a5000,R
0x4021cc,0x1005a8000,R
0x402004,0x1005ab000,R
0x4021d0,0x1005ae000,R
0x40211c,0x1005b1000,R
0x402114,0x1005b4000,R
0x4021a8,0x1005b7000,R
0x402028,0x1005ba000,R
0x402138,0x1005bd000,W
0x402078,0x1005c0000,R
0x402128,0x1005c3000,R
0x4021a0,0x1005c6000,R
0x402080,0x1005c9000,R
0x402034,0x1005cc000,R
0x40210c,0x1005cf000,R
0x4020f8,0x1005d2000,R
0x402028,0x1005d5000,R
0x4021a0,0x1005d8000,R
0x4021a8,0x1005db000,R
0x4020c4,0x1005de000,R
0x402030,0x1005e1000,R
0x4020b0,0x1005e4000,R
0x402170,0x1005e7000,R
0x40209c,0x1005ea000,R
0x402140,0x1005ed000,R
0x4020ac,0x1005f0000,R
0x4020bc,0x1005f3000,R
0x402118,0x1005f6000,R
0x4020d8,0x1005f9000,R
0x4021b8,0x1005fc000,R
0x4020f0,0x1005ff000,R
0x4021ac,0x100602000,R
0x40200c,0x100605000,R
0x402068,0x100608000,R
0x40208c,0x10060b000,R
0x402094,0x10060e000,R
0x402048,0x100611000,R
0x402130,0x100614000,R
0x402150,0x100617000,R
0x402090,0x10061a000,R
0x40209c,0x10061d000,R
0x402028,0x100620000,R
0x40203c,0x100623000,R
0x402064,0x100626000,R
0x4021c4,0x100629000,R
0x4020a4,0x10062c000,R
0x402070,0x10062f000,R
0x402024,0x100632000,R
0x402170,0x100635000,R
0x4021fc,0x100638000,R
0x40208c,0x10063b000,R
0x402184,0x10063e000,R
0x402140,0x100641000,R
0x402198,0x100644000,R
0x4020e0,0x100647000,R
0x40209c,0x10064a000,R
0x4020a4,0x10064d000,R
0x40212c,0x100650000,R
0x402174,0x100653000,R
0x4020a4,0x100656000,R
0x40211c,0x100659000,R
0x4021c4,0x10065c000,R
0x402184,0x10065f000,R
0x402170,0x100662000,R
0x402174,0x100665000,R
0x402020,0x100668000,R
0x40205c,0x10066b000,R
0x40218c,0x10066e000,W
0x4021e8,0x100671000,R
0x402074,0x100674000,R
0x4020a4,0x100677000,R
0x402148,0x10067a000,R
0x402180,0x10067d000,R
0x402068,0x100680000,R
0x402140,0x100683000,R
0x402188,0x100686000,R
0x402134,0x100689000,R
0x4021fc,0x10068c000,R
0x4020d8,0x10068f000,R
0x402130,0x100692000,R
0x402094,0x100695000,R
0x402094,0x100698000,R
0x4020d4,0x10069b000,R
0x4021f0,0x10069e000,R
0x40203c,0x1006a1000,R
0x402120,0x1006a4000,R
0x402158,0x1006a7000,R
0x40204c,0x1006aa000,R
0x402198,0x1006ad000,R
0x402198,0x1006b0000,R
0x40207c,0x1006b3000,R
0x40206c,0x1006b6000,W
0x40203c,0x1006b9000,R
0x4020d8,0x1006bc000,R
0x402004,0x1006bf000,R
0x40202c,0x1006c2000,R
0x40205c,0x1006c5000,R
0x4020f4,0x1006c8000,R
0x402060,0x1006cb000,R
0x402020,0x1006ce000,W
0x402040,0x1006d1000,R
0x402184,0x1006d4000,R
0x402168,0x1006d7000,R
0x4021a0,0x1006da000,R
0x402174,0x1006dd000,R
0x402138,0x1006e0000,R
0x402178,0x1006e3000,R
0x40219c,0x1006e6000,R
0x4020b0,0x1006e9000,R
0x40204c,0x1006ec000,R
0x40214c,0x1006ef000,W
0x40206c,0x1006f2000,R
0x402158,0x1006f5000,R
0x40219c,0x1006f8000,R
0x4021a8,0x1006fb000,R
0x402020,0x1006fe000,R
0x4020e8,0x100701000,R
0x402104,0x100704000,R
0x4021d4,0x100707000,R
0x4021e8,0x10070a000,W
0x4020a4,0x10070d000,R
0x402138,0x100710000,R
0x4021e0,0x100713000,R
0x402034,0x100716000,R
0x4020f4,0x100719000,R
0x40218c,0x10071c000,R
0x402170,0x10071f000,R
0x40219c,0x100722000,R
0x40219c,0x100725000,R
0x402088,0x100728000,R
0x4020f4,0x10072b000,R
0x402110,0x10072e000,R
0x402114,0x100731000,R
0x4021b4,0x100734000,R
0x402128,0x100737000,R
0x402180,0x10073a000,R
0x4021d0,0x10073d000,R
0x4020c4,0x100740000,R
0x40209c,0x100743000,R
0x402140,0x100746000,R
0x40214c,0x100749000,W
0x402094,0x10074c000,R
0x402148,0x10074f000,R
0x4020c4,0x100752000,R
0x40219c,0x100755000,R
0x40216c,0x100758000,R
0x402118,0x10075b000,R
0x402130,0x10075e000,R
0x402164,0x100761000,R
0x402020,0x100764000,R
0x40216c,0x100767000,R
0x4021a8,0x10076a000,R
0x402130,0x10076d000,R
0x4021c4,0x100770000,R
0x402118,0x100773000,R
0x40214c,0x100776000,R
0x4020dc,0x100779000,R
0x402148,0x10077c000,R
0x4020ec,0x10077f000,R
0x4020c8,0x100782000,R
0x4020cc,0x100785000,W
0x402008,0x100788000,R
0x402198,0x10078b000,W
0x40203c,0x10078e000,R
0x402198,0x100791000,R
0x4021f0,0x100794000,R
0x4021cc,0x100797000,R
0x402100,0x10079a000,R
0x4020a4,0x10079d000,R
0x402078,0x1007a0000,R
0x4020d0,0x1007a3000,R
0x402050,0x1007a6000,R
0x402034,0x1007a9000,R
0x402150,0x1007ac000,R
0x4021f0,0x1007af000,W
0x4020e8,0x1007b2000,R
0x4020c8,0x1007b5000,R
0x4021c0,0x1007b8000,R
0x4021dc,0x1007bb000,R
0x40212c,0x1007be000,R
0x4021a4,0x1007c1000,R
0x4021f8,0x1007c4000,R
0x4021e0,0x1007c7000,R
0x402104,0x1007ca000,R
0x402064,0x1007cd000,R
0x4020c8,0x1007d0000,R
0x4021f4,0x1007d3000,R
0x4020a4,0x1007d6000,R
0x4021f0,0x1007d9000,R
0x4021d0,0x1007dc000,R
0x402164,0x1007df000,R
0x402064,0x1007e2000,R
0x4020a8,0x1007e5000,R
0x402180,0x1007e8000,R
0x4021e0,0x1007eb000,R
0x4020bc,0x1007ee000,R
0x402090,0x1007f1000,R
0x402194,0x1007f4000,R
0x402170,0x1007f7000,R
0x402144,0x1007fa000,R
0x402158,0x1007fd000,W
0x40202c,0x100000000,W
0x402100,0x100003000,W
0x4020ac,0x100006000,R
0x4021fc,0x100009000,W
0x402060,0x10000c000,R
0x402004,0x10000f000,R
0x402108,0x100012000,R
0x4020d8,0x100015000,R
0x4020b4,0x100018000,R
0x402108,0x10001b000,R
0x402170,0x10001e000,R
0x4021a0,0x100021000,R
0x4021f4,0x100024000,R
0x4020dc,0x100027000,R
0x4021b0,0x10002a000,R
0x402068,0x10002d000,R
0x4021f4,0x100030000,R
0x4020c8,0x100033000,R
0x40214c,0x100036000,R
0x402050,0x100039000,R
0x402170,0x10003c000,R
0x40208c,0x10003f000,R
0x4021f8,0x100042000,W
0x402070,0x100045000,R
0x4021f8,0x100048000,R
0x402140,0x10004b000,R
0x40209c,0x10004e000,R
0x402128,0x100051000,R
0x4020b4,0x100054000,R
0x4021a4,0x100057000,R
0x402170,0x10005a000,R
0x402194,0x10005d000,R
0x4021e4,0x100060000,R
0x402030,0x100063000,R
0x402108,0x100066000,R
0x402088,0x100069000,R
0x402064,0x10006c000,R
0x4020a4,0x10006f000,R
0x40219c,0x100072000,R
0x4021c8,0x100075000,W
0x40217c,0x100078000,R
0x4020c0,0x10007b000,W
0x402068,0x10007e000,R
0x40207c,0x100081000,R
0x402138,0x100084000,R
0x402010,0x100087000,R
0x4021bc,0x10008a000,R
0x40208c,0x10008d000,R
0x4021e8,0x100090000,R
0x4021ac,0x100093000,R
0x40214c,0x100096000,R
0x4021e4,0x100099000,R
0x40207c,0x10009c000,R
0x4021f4,0x10009f000,W
0x4021b8,0x1000a2000,R
0x402134,0x1000a5000,R
0x40211c,0x1000a8000,R
0x402018,0x1000ab000,R
0x402014,0x1000ae000,R
0x4021ec,0x1000b1000,R
0x402008,0x1000b4000,R
0x402164,0x1000b7000,R
0x402130,0x1000ba000,R
0x4020fc,0x1000bd000,R
0x4020a4,0x1000c0000,R
0x402020,0x1000c3000,W
0x40212c,0x1000c6000,R
0x4021a0,0x1000c9000,R
0x402104,0x1000cc000,R
0x402134,0x1000cf000,R
0x402178,0x1000d2000,W
0x402168,0x1000d5000,R
0x40210c,0x1000d8000,R
0x402060,0x1000db000,R
0x402100,0x1000de000,R
0x4021c0,0x1000e1000,R
0x402014,0x1000e4000,R
0x402194,0x1000e7000,R
0x402174,0x1000ea000,R
0x4021e0,0x1000ed000,R
0x402108,0x1000f0000,R
0x402150,0x1000f3000,R
0x402120,0x1000f6000,R
0x402110,0x1000f9000,R
0x40200c,0x1000fc000,R
0x402030,0x1000ff000,R
0x402120,0x100102000,R
0x4021c4,0x100105000,R
0x402184,0x100108000,R
0x402160,0x10010b000,R
0x40217c,0x10010e000,R
0x402174,0x100111000,R
0x402018,0x100114000,R
0x402048,0x100117000,R
0x402134,0x10011a000,R
0x4021dc,0x10011d000,R
0x402040,0x100120000,R
0x4021e0,0x100123000,R
0x40200c,0x100126000,R
0x40209c,0x100129000,R
0x4020ec,0x10012c000,R
0x402188,0x10012f000,R
0x40208c,0x100132000,R
0x4021d0,0x100135000,R
0x4020b4,0x100138000,R
0x402168,0x10013b000,R
0x402038,0x10013e000,R
0x402074,0x100141000,R
0x40203c,0x100144000,R
0x4020ac,0x100147000,R
0x402058,0x10014a000,R
0x4021d0,0x10014d000,R
0x402020,0x100150000,R
0x402028,0x100153000,R
0x4021d8,0x100156000,R
0x4020d4,0x100159000,R
0x4020fc,0x10015c000,R
0x402020,0x10015f000,R
0x40204c,0x100162000,R
0x40215c,0x100165000,R
0x4021e8,0x100168000,R
0x402154,0x10016b000,R
0x4020ac,0x10016e000,R
0x4021dc,0x100171000,R
0x4020cc,0x100174000,R
0x4020d0,0x100177000,R
0x402110,0x10017a000,R
0x402054,0x10017d000,R
0x4021d8,0x100180000,R
0x402064,0x100183000,R
0x402018,0x100186000,R
0x40202c,0x100189000,R
0x4020ac,0x10018c000,R
0x4021d0,0x10018f000,R
0x4020a0,0x100192000,R
0x4020c4,0x100195000,R
0x4021d4,0x100198000,R
0x402170,0x10019b000,R
0x4021ec,0x10019e000,R
0x40206c,0x1001a1000,R
0x40219c,0x1001a4000,R
0x40207c,0x1001a7000,R
0x4021fc,0x1001aa000,R
0x4020e0,0x1001ad000,R
0x40200c,0x1001b0000,W
0x402080,0x1001b3000,R
0x4021c0,0x1001b6000,W
0x402108,0x1001b9000,R
0x4021d4,0x1001bc000,R
0x4021c0,0x1001bf000,R
0x402184,0x1001c2000,R
0x402040,0x1001c5000,R
0x402024,0x1001c8000,W
0x402068,0x1001cb000,R
0x4020bc,0x1001ce000,R
0x4020e8,0x1001d1000,R
0x4021d0,0x1001d4000,R
0x402000,0x1001d7000,W
0x402128,0x1001da000,R
0x4021f8,0x1001dd000,R
0x402054,0x1001e0000,R
0x402010,0x1001e3000,R
0x402074,0x1001e6000,R
0x402114,0x1001e9000,R
0x4021c4,0x1001ec000,R
0x4020d4,0x1001ef000,R
0x4021c0,0x1001f2000,R
0x402128,0x1001f5000,R
0x402164,0x1001f8000,R
0x402104,0x1001fb000,R
0x402170,0x1001fe000,R
0x402130,0x100201000,R
0x4021fc,0x100204000,R
0x40212c,0x100207000,R
0x4021b0,0x10020a000,R
0x402178,0x10020d000,R
0x40215c,0x100210000,R
0x4020e8,0x100213000,R
0x402108,0x100216000,R
0x402030,0x100219000,R
0x40206c,0x10021c000,R
0x40218c,0x10021f000,R
0x40200c,0x100222000,R
0x402030,0x100225000,R
0x40209c,0x100228000,R
0x402150,0x10022b000,R
0x4021a8,0x10022e000,R
0x40206c,0x100231000,R
0x402174,0x100234000,R
0x4020a4,0x100237000,R
0x402100,0x10023a000,W
0x4021c0,0x10023d000,R
0x402190,0x100240000,R
0x4020dc,0x100243000,R
0x402114,0x100246000,R
0x402104,0x100249000,R
0x4020d4,0x10024c000,R
0x4020a4,0x10024f000,R
0x4021ec,0x100252000,R
0x4020c4,0x100255000,R
0x402154,0x100258000,R
0x4021b0,0x10025b000,R
0x402120,0x10025e000,R
0x4020e0,0x100261000,R
0x402164,0x100264000,R
0x4021d8,0x100267000,R
0x4021fc,0x10026a000,R
0x4020b4,0x10026d000,R
0x402184,0x100270000,R
0x402054,0x100273000,R
0x402074,0x100276000,R
0x402130,0x100279000,R
0x4021e8,0x10027c000,R
0x402060,0x10027f000,R
0x402198,0x100282000,R
0x402050,0x100285000,R
0x40211c,0x100288000,R
0x40210c,0x10028b000,R
0x4021e0,0x10028e000,R
0x4021d4,0x100291000,R
0x402090,0x100294000,R
0x4020e4,0x100297000,R
0x402054,0x10029a000,R
0x4020f0,0x10029d000,R
0x4020ac,0x1002a0000,R
0x402048,0x1002a3000,R
0x4021c8,0x1002a6000,R
0x402194,0x1002a9000,R
0x40202c,0x1002ac000,R
0x40203c,0x1002af000,R
0x402008,0x1002b2000,R
0x402004,0x1002b5000,R
0x402124,0x1002b8000,R
0x4021ac,0x1002bb000,R
0x4020d4,0x1002be000,R
0x40211c,0x1002c1000,R
0x402188,0x1002c4000,R
0x402054,0x1002c7000,R
0x40208c,0x1002ca000,R
0x402058,0x1002cd000,R
0x4020e0,0x1002d0000,R
0x4021a4,0x1002d3000,R
0x4021d4,0x1002d6000,R
0x402078,0x1002d9000,R
0x402120,0x1002dc000,R
0x4020e0,0x1002df000,R
0x4020d8,0x1002e2000,R
0x402120,0x1002e5000,R
0x402164,0x1002e8000,R
0x4021c8,0x1002eb000,R
0x402000,0x1002ee000,R
0x402130,0x1002f1000,R
0x4020e4,0x1002f4000,R
0x4020fc,0x1002f7000,R
0x40203c,0x1002fa000,R
0x4021e0,0x1002fd000,R
0x4021e4,0x100300000,W
0x402018,0x100303000,R
0x402110,0x100306000,R
0x4021b4,0x100309000,R
0x402084,0x10030c000,R
0x402070,0x10030f000,R
0x40201c,0x100312000,R
0x402144,0x100315000,R
0x402024,0x100318000,R
0x4020cc,0x10031b000,R
0x4021a0,0x10031e000,R
0x402038,0x100321000,R
0x40200c,0x100324000,R
0x402100,0x100327000,R
0x4021d8,0x10032a000,W
0x4021b8,0x10032d000,R
0x4020d0,0x100330000,R
0x402100,0x100333000,R
0x4021d8,0x100336000,R
0x402154,0x100339000,R
0x4021c4,0x10033c000,R
0x40211c,0x10033f000,R
0x4021bc,0x100342000,R
0x402024,0x100345000,R
0x402194,0x100348000,R
0x402170,0x10034b000,R
0x40219c,0x10034e000,R
0x402100,0x100351000,R
0x4021b4,0x100354000,R
0x402024,0x100357000,R
0x4021e0,0x10035a000,R
0x402018,0x10035d000,R
0x4020d0,0x100360000,R
0x4021f4,0x100363000,R
0x40212c,0x100366000,R
0x402064,0x100369000,R
0x4020f4,0x10036c000,R
0x402070,0x10036f000,R
0x4021a4,0x100372000,R
0x40205c,0x100375000,R
0x402068,0x100378000,R
0x4021a8,0x10037b000,R
0x4021f8,0x10037e000,R
0x4021ec,0x100381000,W
0x402038,0x100384000,R
0x4021ac,0x100387000,R
0x40201c,0x10038a000,W
0x4020e8,0x10038d000,R
0x402054,0x100390000,R
0x402028,0x100393000,R
0x402008,0x100396000,W
0x4020b8,0x100399000,R
0x4021c0,0x10039c000,R
0x4020e8,0x10039f000,R
0x402124,0x1003a2000,R
0x4020d4,0x1003a5000,R
0x4020fc,0x1003a8000,R
0x402178,0x1003ab000,R
0x4021c0,0x1003ae000,R
0x402058,0x1003b1000,R
0x402080,0x1003b4000,R
0x402198,0x1003b7000,R
0x402018,0x1003ba000,R
0x402084,0x1003bd000,R
0x402148,0x1003c0000,W
0x402178,0x1003c3000,R
0x4020ac,0x1003c6000,R
0x40219c,0x1003c9000,R
0x4021dc,0x1003cc000,R
0x4021c4,0x1003cf000,R
0x4021b0,0x1003d2000,R
0x402098,0x1003d5000,R
0x40217c,0x1003d8000,R
0x4021d4,0x1003db000,R
0x40207c,0x1003de000,R
0x402014,0x1003e1000,R
0x402150,0x1003e4000,R
0x40215c,0x1003e7000,R
0x4021f0,0x1003ea000,R
0x402174,0x1003ed000,R
0x4020d8,0x1003f0000,W
0x4021d8,0x1003f3000,R
0x402014,0x1003f6000,R
0x4021d0,0x1003f9000,R
0x402090,0x1003fc000,R
0x402198,0x1003ff000,R
0x402110,0x100402000,R
0x40204c,0x100405000,R
0x4020b4,0x100408000,R
0x402130,0x10040b000,R
0x4021a0,0x10040e000,W
0x4021a8,0x100411000,R
0x4021f4,0x100414000,R
0x4021a4,0x100417000,R
0x402158,0x10041a000,R
0x4020e0,0x10041d000,R
0x402174,0x100420000,R
0x402194,0x100423000,R
0x4021ec,0x100426000,R
0x402144,0x100429000,R
0x40212c,0x10042c000,R
0x402110,0x10042f000,R
0x4021e0,0x100432000,R
0x402060,0x100435000,R
0x402128,0x100438000,R
0x40210c,0x10043b000,R
0x40203c,0x10043e000,R
0x4020ec,0x100441000,R
0x402058,0x100444000,R
0x402194,0x100447000,R
0x402198,0x10044a000,R
0x4021f8,0x10044d000,R
0x40208c,0x100450000,R
0x402084,0x100453000,R
0x4020cc,0x100456000,R
0x4020f4,0x100459000,W
0x40219c,0x10045c000,W
0x402000,0x10045f000,R
0x40207c,0x100462000,R
0x40204c,0x100465000,R
0x402128,0x100468000,R
0x40211c,0x10046b000,R
0x40214c,0x10046e000,R
0x4020ac,0x100471000,R
0x402198,0x100474000,W
0x402168,0x100477000,R
0x4021e8,0x10047a000,R
0x40212c,0x10047d000,R
0x4021ec,0x100480000,R
0x402104,0x100483000,R
0x402134,0x100486000,R
0x402110,0x100489000,W
0x402048,0x10048c000,R
0x4021cc,0x10048f000,R
0x402198,0x100492000,R
0x402168,0x100495000,R
0x4021a8,0x100498000,R
0x40200c,0x10049b000,W
0x4020d0,0x10049e000,R
0x40202c,0x1004a1000,R
0x402164,0x1004a4000,R
0x402028,0x1004a7000,R
0x402048,0x1004aa000,R
0x4021a4,0x1004ad000,R
0x402070,0x1004b0000,R
0x402040,0x1004b3000,R
0x4021ec,0x1004b6000,R
0x402124,0x1004b9000,R
0x402030,0x1004bc000,R
0x4021dc,0x1004bf000,R
0x402070,0x1004c2000,R
0x402198,0x1004c5000,R
0x4021e8,0x1004c8000,R
0x4021d0,0x1004cb000,R
0x4020c4,0x1004ce000,R
0x40204c,0x1004d1000,R
0x402100,0x1004d4000,R
0x402134,0x1004d7000,R
0x402010,0x1004da000,R
0x4020e8,0x1004dd000,R
0x402114,0x1004e0000,R
0x402014,0x1004e3000,R
0x4020dc,0x1004e6000,R
0x4020d0,0x1004e9000,R
0x402088,0x1004ec000,R
0x402060,0x1004ef000,R
0x402168,0x1004f2000,W
0x4020f4,0x1004f5000,R
0x40202c,0x1004f8000,R
0x4020c0,0x1004fb000,R
0x4021cc,0x1004fe000,R
0x402130,0x100501000,R
0x402034,0x100504000,R
0x402004,0x100507000,R
0x4021b4,0x10050a000,R
0x402004,0x10050d000,R
0x402170,0x100510000,W
0x4021b8,0x100513000,W
0x4020d0,0x100516000,R
0x4021e8,0x100519000,R
0x402070,0x10051c000,R
0x4020a4,0x10051f000,R
0x402014,0x100522000,R
0x40208c,0x100525000,R
0x4021a4,0x100528000,R
0x402024,0x10052b000,R
0x402010,0x10052e000,R
0x40206c,0x100531000,R
0x402190,0x100534000,R
0x402114,0x100537000,R
0x4021d8,0x10053a000,R
0x4020f8,0x10053d000,R
0x40202c,0x100540000,R
0x4020d0,0x100543000,R
0x402070,0x100546000,R
0x40208c,0x100549000,R
0x402008,0x10054c000,R
0x4020e4,0x10054f000,R
0x402038,0x100552000,R
0x402160,0x100555000,R
0x40204c,0x100558000,R
0x4020b4,0x10055b000,R
0x4020d4,0x10055e000,R
0x4020e0,0x100561000,R
0x4021c8,0x100564000,R
0x402024,0x100567000,R
0x40204c,0x10056a000,R
0x4021e8,0x10056d000,R
0x402114,0x100570000,R
0x402178,0x100573000,R
0x402188,0x100576000,R
0x402198,0x100579000,R
0x4021a8,0x10057c000,R
0x40218c,0x10057f000,R
0x4020f0,0x100582000,R
0x4021f4,0x100585000,R
0x402014,0x100588000,R
0x40216c,0x10058b000,R
0x4021f4,0x10058e000,R
0x4021a8,0x100591000,R
0x40211c,0x100594000,R
0x4021e4,0x100597000,R
0x4021c0,0x10059a000,R
0x40205c,0x10059d000,R
0x402058,0x1005a0000,R
0x4020c8,0x1005a3000,R
0x402134,0x1005a6000,R
0x40214c,0x1005a9000,R
0x4021e4,0x1005ac000,R
0x402010,0x1005af000,R
0x4020cc,0x1005b2000,R
0x4021e8,0x1005b5000,R
0x402058,0x1005b8000,R
0x402008,0x1005bb000,R
0x402148,0x1005be000,R
0x402028,0x1005c1000,R
0x402144,0x1005c4000,R
0x402188,0x1005c7000,R
0x4021e0,0x1005ca000,R
0x40210c,0x1005cd000,R
0x402028,0x1005d0000,R
0x402114,0x1005d3000,R
0x402074,0x1005d6000,R
0x40200c,0x1005d9000,R
0x40216c,0x1005dc000,R
0x402010,0x1005df000,R
0x4021f4,0x1005e2000,R
0x402144,0x1005e5000,R
0x40212c,0x1005e8000,R
0x402028,0x1005eb000,R
0x4021e4,0x1005ee000,R
0x4020b0,0x1005f1000,W
0x40212c,0x1005f4000,R
0x402028,0x1005f7000,R
0x4020a8,0x1005fa000,R
0x4020e4,0x1005fd000,R
0x40203c,0x100600000,R
0x4020e8,0x100603000,R
0x402118,0x100606000,R
0x40210c,0x100609000,R
0x4020f8,0x10060c000,R
0x402110,0x10060f000,R
0x402010,0x100612000,R
0x40204c,0x100615000,R
0x402160,0x100618000,R
0x402088,0x10061b000,R
0x402054,0x10061e000,R
0x4021b0,0x100621000,R
0x402064,0x100624000,W
0x4021a0,0x100627000,R
0x402014,0x10062a000,R
0x4021c4,0x10062d000,R
0x4021d8,0x100630000,R
0x402188,0x100633000,R
0x402180,0x100636000,R
0x4021ec,0x100639000,R
0x4020e8,0x10063c000,R
0x4021a8,0x10063f000,R
0x402070,0x100642000,R
0x4021ac,0x100645000,R
0x4021dc,0x100648000,R
0x4021ec,0x10064b000,R
0x402034,0x10064e000,R
0x402130,0x100651000,W
0x4021a8,0x100654000,R
0x402070,0x100657000,R
0x4020b4,0x10065a000,R
0x40201c,0x10065d000,W
0x4020f8,0x100660000,R
0x4020b0,0x100663000,R
0x402034,0x100666000,R
0x402140,0x100669000,R
0x402018,0x10066c000,R
0x402054,0x10066f000,R
0x4020a0,0x100672000,R
0x40204c,0x100675000,R
0x402168,0x100678000,R
0x402164,0x10067b000,R
0x4021b4,0x10067e000,R
0x4020e0,0x100681000,R
0x402088,0x100684000,R
0x4021d4,0x100687000,R
0x402118,0x10068a000,R
0x4021e0,0x10068d000,R
0x402178,0x100690000,R
0x40208c,0x100693000,R
0x402018,0x100696000,R
0x40211c,0x100699000,R
0x402068,0x10069c000,R
0x4020c0,0x10069f000,W
0x402130,0x1006a2000,R
0x4020d8,0x1006a5000,R
0x4020e8,0x1006a8000,R
0x4020a0,0x1006ab000,R
0x40216c,0x1006ae000,R
0x402198,0x1006b1000,R
0x4021e8,0x1006b4000,R
0x402194,0x1006b7000,R
0x402164,0x1006ba000,R
0x402178,0x1006bd000,R
0x402104,0x1006c0000,R
0x402014,0x1006c3000,R
0x402180,0x1006c6000,R
0x4021c4,0x1006c9000,R
0x402060,0x1006cc000,R
0x4021ec,0x1006cf000,R
0x402088,0x1006d2000,R
0x402078,0x1006d5000,R
0x4020e8,0x1006d8000,R
0x402030,0x1006db000,R
0x4020a4,0x1006de000,R
0x402128,0x1006e1000,R
0x402090,0x1006e4000,R
0x402014,0x1006e7000,R
0x4020fc,0x1006ea000,R
0x4020fc,0x1006ed000,R
0x402160,0x1006f0000,W
0x402150,0x1006f3000,R
0x402044,0x1006f6000,R
0x4021ac,0x1006f9000,R
0x4021c0,0x1006fc000,R
0x40213c,0x1006ff000,R
0x4021d8,0x100702000,R
0x4021b8,0x100705000,R
0x4021c4,0x100708000,R
0x4021d4,0x10070b000,R
0x4021bc,0x10070e000,R
0x402020,0x100711000,R
0x402098,0x100714000,R
0x402104,0x100717000,R
0x4021f4,0x10071a000,R
0x402030,0x10071d000,R
0x4020fc,0x100720000,R
0x4021c8,0x100723000,W
0x4020bc,0x100726000,R
0x4021d0,0x100729000,R
0x4021b8,0x10072c000,R
0x40209c,0x10072f000,R
0x402050,0x100732000,W
0x4021a8,0x100735000,R
0x40210c,0x100738000,R
0x4021bc,0x10073b000,R
0x4021e0,0x10073e000,R
0x4020b8,0x100741000,R
0x402068,0x100744000,R
0x402170,0x100747000,R
0x4021ec,0x10074a000,R
0x4020b4,0x10074d000,R
0x40200c,0x100750000,R
0x4020d4,0x100753000,R
0x402084,0x100756000,W
0x4020cc,0x100759000,R
0x4021dc,0x10075c000,R
0x4021a0,0x10075f000,R
0x402054,0x100762000,R
0x402098,0x100765000,R
0x4020ac,0x100768000,R
0x4020ac,0x10076b000,R
0x402184,0x10076e000,R
0x402168,0x100771000,R
0x4021a4,0x100774000,R
0x4021bc,0x100777000,R
0x4020a8,0x10077a000,R
0x40209c,0x10077d000,R
0x402010,0x100780000,R
0x402178,0x100783000,R
0x402018,0x100786000,R
0x4020c0,0x100789000,R
0x402088,0x10078c000,R
0x402170,0x10078f000,R
0x402034,0x100792000,R
0x402054,0x100795000,R
0x4020bc,0x100798000,R
0x4020f4,0x10079b000,R
0x4021c8,0x10079e000,R
0x4021a8,0x1007a1000,R
0x402048,0x1007a4000,R
0x402020,0x1007a7000,R
0x4020bc,0x1007aa000,R
0x4020ec,0x1007ad000,W
0x402174,0x1007b0000,R
0x4021e0,0x1007b3000,R
0x402098,0x1007b6000,R
0x402130,0x1007b9000,R
0x4021c8,0x1007bc000,R
0x4021c8,0x1007bf000,R
0x40212c,0x1007c2000,R
0x4021c4,0x1007c5000,R
0x402150,0x1007c8000,R
0x402178,0x1007cb000,R
0x402010,0x1007ce000,R
0x4020a0,0x1007d1000,R
0x402148,0x1007d4000,R
0x402068,0x1007d7000,R
0x4020bc,0x1007da000,R
0x40209c,0x1007dd000,W
0x402144,0x1007e0000,R
0x402138,0x1007e3000,R
0x4021ac,0x1007e6000,W
0x40213c,0x1007e9000,R
0x402014,0x1007ec000,R
0x402120,0x1007ef000,R
0x402048,0x1007f2000,R
0x402008,0x1007f5000,R
0x4021f0,0x1007f8000,R
0x402048,0x1007fb000,R
0x402004,0x1007fe000,R
0x40214c,0x100001000,R
0x40213c,0x100004000,R
0x402174,0x100007000,R
0x4021a8,0x10000a000,W
0x402110,0x10000d000,W
0x402118,0x100010000,W
0x40210c,0x100013000,R
0x402014,0x100016000,R
0x402024,0x100019000,R
0x4021b0,0x10001c000,R
0x4021e4,0x10001f000,R
0x402068,0x100022000,R
0x40205c,0x100025000,R
0x40204c,0x100028000,R
0x40205c,0x10002b000,R
0x402190,0x10002e000,R
0x4020d0,0x100031000,R
0x402148,0x100034000,R
0x4020dc,0x100037000,R
0x402064,0x10003a000,R
0x402090,0x10003d000,R
0x402070,0x100040000,R
0x40217c,0x100043000,R
0x4020bc,0x100046000,R
0x4021d0,0x100049000,R
0x4021a4,0x10004c000,R
0x4020f0,0x10004f000,R
0x402130,0x100052000,R
0x4020c4,0x100055000,R
0x402188,0x100058000,R
0x402128,0x10005b000,R
0x4021b4,0x10005e000,R
0x4021f8,0x100061000,R
0x402100,0x100064000,R
0x402170,0x100067000,R
0x4020e4,0x10006a000,R
0x4020b0,0x10006d000,R
0x4020e4,0x100070000,R
0x402018,0x100073000,R
0x4020d8,0x100076000,R
0x4021ec,0x100079000,R
0x4020b8,0x10007c000,R
0x402140,0x10007f000,R
0x4020a8,0x100082000,R
0x402014,0x100085000,R
0x402070,0x100088000,R
0x402038,0x10008b000,R
0x40211c,0x10008e000,R
0x40207c,0x100091000,R
0x402190,0x100094000,R
0x402158,0x100097000,R
0x402094,0x10009a000,R
0x402084,0x10009d000,W
0x4021dc,0x1000a0000,R
0x4020c0,0x1000a3000,R
0x402024,0x1000a6000,R
0x402030,0x1000a9000,R
0x4020c0,0x1000ac000,R
0x4020f4,0x1000af000,R
0x402144,0x1000b2000,R
0x402050,0x1000b5000,R
0x402158,0x1000b8000,R
0x402108,0x1000bb000,R
0x4020a4,0x1000be000,R
0x4020e0,0x1000c1000,R
0x402088,0x1000c4000,R
0x4020ec,0x1000c7000,R
0x40213c,0x1000ca000,R
0x40216c,0x1000cd000,R
0x402198,0x1000d0000,R
0x4020f4,0x1000d3000,R
0x40204c,0x1000d6000,R
0x40209c,0x1000d9000,R
0x40211c,0x1000dc000,R
0x402178,0x1000df000,R
0x402128,0x1000e2000,R
0x40218c,0x1000e5000,R
0x402028,0x1000e8000,R
0x402020,0x1000eb000,R
0x402048,0x1000ee000,R
0x402158,0x1000f1000,R
0x402004,0x1000f4000,R
0x40207c,0x1000f7000,R
0x40207c,0x1000fa000,R
0x402174,0x1000fd000,R
0x402008,0x100100000,R
0x4021c0,0x100103000,R
0x4021cc,0x100106000,R
0x4020ec,0x100109000,R
0x402118,0x10010c000,R
0x402154,0x10010f000,R
0x402020,0x100112000,R
0x402020,0x100115000,R
0x4021bc,0x100118000,R
0x40214c,0x10011b000,R
0x40210c,0x10011e000,R
0x402100,0x100121000,R
0x40207c,0x100124000,R
0x402014,0x100127000,W
0x4020d8,0x10012a000,R
0x4020a8,0x10012d000,R
0x402114,0x100130000,R
0x40213c,0x100133000,R
0x40206c,0x100136000,R
0x4020a4,0x100139000,R
0x4020fc,0x10013c000,R
0x4020fc,0x10013f000,R
0x40204c,0x100142000,R
0x402094,0x100145000,R
0x402150,0x100148000,R
0x402194,0x10014b000,R
0x40213c,0x10014e000,R
0x40214c,0x100151000,W
0x4021e4,0x100154000,R
0x402058,0x100157000,R
0x402014,0x10015a000,R
0x4020e8,0x10015d000,R
0x4020f4,0x100160000,R
0x402070,0x100163000,R
0x402064,0x100166000,W
0x4021f8,0x100169000,R
0x4021a4,0x10016c000,R
0x4021b0,0x10016f000,R
0x402104,0x100172000,R
0x40206c,0x100175000,R
0x4020b8,0x100178000,R
0x4020d0,0x10017b000,R
0x4021b4,0x10017e000,R
0x4021c4,0x100181000,R
0x4020e0,0x100184000,R
0x4020bc,0x100187000,R
0x4020b0,0x10018a000,R
0x402004,0x10018d000,R
0x402130,0x100190000,R
0x4021b8,0x100193000,R
0x40216c,0x100196000,R
0x40219c,0x100199000,R
0x4020fc,0x10019c000,R
0x4021d8,0x10019f000,R
0x40216c,0x1001a2000,R
0x402024,0x1001a5000,R
0x4020d4,0x1001a8000,R
0x402068,0x1001ab000,R
0x402158,0x1001ae000,R
0x402108,0x1001b1000,R
0x402090,0x1001b4000,R
0x402168,0x1001b7000,R
0x402168,0x1001ba000,R
0x402044,0x1001bd000,R
0x4020f4,0x1001c0000,R
0x4021f0,0x1001c3000,R
0x402020,0x1001c6000,R
0x40205c,0x1001c9000,R
0x4020cc,0x1001cc000,R
0x40216c,0x1001cf000,R
0x402070,0x1001d2000,R
0x40215c,0x1001d5000,R
0x4020e8,0x1001d8000,R
0x4021e8,0x1001db000,R
0x402054,0x1001de000,R
0x40213c,0x1001e1000,W
0x4020a8,0x1001e4000,W
0x402128,0x1001e7000,R
0x4021ec,0x1001ea000,R
0x402138,0x1001ed000,R
0x402060,0x1001f0000,R
0x4020e4,0x1001f3000,R
0x402160,0x1001f6000,R
0x4021f4,0x1001f9000,R
0x402130,0x1001fc000,R
0x4020b0,0x1001ff000,R
0x402098,0x100202000,W
0x40202c,0x100205000,R
0x402168,0x100208000,R
0x4020d4,0x10020b000,R
0x402010,0x10020e000,R
0x402188,0x100211000,W
0x402038,0x100214000,R
0x402144,0x100217000,R
0x40216c,0x10021a000,R
0x4020dc,0x10021d000,R
0x402054,0x100220000,W
0x402180,0x100223000,R
0x402040,0x100226000,R
0x4020f4,0x100229000,R
0x4021bc,0x10022c000,R
0x40214c,0x10022f000,R
0x402160,0x100232000,R
0x402094,0x100235000,R
0x402058,0x100238000,R
0x402120,0x10023b000,R
0x4020d8,0x10023e000,R
0x4021ec,0x100241000,R
0x4021bc,0x100244000,R
0x40211c,0x100247000,R
0x402108,0x10024a000,R
0x40212c,0x10024d000,R
0x4021c0,0x100250000,R
0x4021b8,0x100253000,W
0x402184,0x100256000,R
0x4020b8,0x100259000,R
0x402090,0x10025c000,R
0x402184,0x10025f000,R
0x4021ac,0x100262000,R
0x402124,0x100265000,R
0x40202c,0x100268000,R
0x40209c,0x10026b000,R
0x40203c,0x10026e000,R
0x402184,0x100271000,R
0x402154,0x100274000,R
0x402024,0x100277000,R
0x4020f4,0x10027a000,R
0x402024,0x10027d000,R
0x402184,0x100280000,R
0x4021a8,0x100283000,R
0x4021f4,0x100286000,R
0x402050,0x100289000,R
0x4020c4,0x10028c000,R
0x40203c,0x10028f000,R
0x4021f4,0x100292000,R
0x4021b0,0x100295000,R
0x402114,0x100298000,R
0x402014,0x10029b000,R
0x402090,0x10029e000,R
0x40204c,0x1002a1000,R
0x4021a0,0x1002a4000,R
0x402134,0x1002a7000,R
0x40207c,0x1002aa000,R
0x4021ec,0x1002ad000,R
0x402150,0x1002b0000,R
0x4021e8,0x1002b3000,R
0x4021b4,0x1002b6000,R
0x402094,0x1002b9000,R
0x402160,0x1002bc000,R
0x402108,0x1002bf000,R
0x402090,0x1002c2000,R
0x402084,0x1002c5000,R
0x402184,0x1002c8000,R
0x4021d8,0x1002cb000,W
0x402090,0x1002ce000,R
0x4020a4,0x1002d1000,R
0x402094,0x1002d4000,R
0x402080,0x1002d7000,R
0x402198,0x1002da000,R
0x402118,0x1002dd000,R
0x4021c8,0x1002e0000,R
0x4020d0,0x1002e3000,R
0x4021e8,0x1002e6000,R
0x40209c,0x1002e9000,R
0x4021bc,0x1002ec000,R
0x402018,0x1002ef000,R
0x402034,0x1002f2000,R
0x4020ac,0x1002f5000,R
0x4020b8,0x1002f8000,R
0x402190,0x1002fb000,R
0x40201c,0x1002fe000,R
0x4021e0,0x100301000,R
0x402114,0x100304000,R
0x402050,0x100307000,R
0x40215c,0x10030a000,R
0x4020c8,0x10030d000,R
0x402088,0x100310000,R
0x40212c,0x100313000,R
0x402188,0x100316000,R
0x4021d4,0x100319000,R
0x402060,0x10031c000,R
0x40209c,0x10031f000,R
0x4021a4,0x100322000,R
0x4020b8,0x100325000,R
0x402104,0x100328000,R
0x4021d4,0x10032b000,W
0x4021e0,0x10032e000,R
0x402090,0x100331000,R
0x4021a8,0x100334000,R
0x402144,0x100337000,R
0x4020e0,0x10033a000,R
0x40205c,0x10033d000,R
0x4020e0,0x100340000,R
0x402184,0x100343000,R
0x402130,0x100346000,R
0x40205c,0x100349000,R
0x402054,0x10034c000,R
0x402134,0x10034f000,R
0x4021c4,0x100352000,R
0x4021ec,0x100355000,R
0x4020d0,0x100358000,R
0x4021ec,0x10035b000,R
0x402010,0x10035e000,R
0x402038,0x100361000,R
0x402048,0x100364000,R
0x402144,0x100367000,R
0x402198,0x10036a000,R
0x4021ec,0x10036d000,R
0x40200c,0x100370000,R
0x4020a8,0x100373000,R
0x402090,0x100376000,R
0x40215c,0x100379000,R
0x402034,0x10037c000,R
0x4021c4,0x10037f000,R
0x40218c,0x100382000,R
0x40202c,0x100385000,R
0x402044,0x100388000,R
0x4021d0,0x10038b000,R
0x40211c,0x10038e000,R
0x4020a0,0x100391000,R
0x4020b4,0x100394000,R
0x40210c,0x100397000,R
0x4020dc,0x10039a000,W
0x4020f0,0x10039d000,R
0x40214c,0x1003a0000,R
0x402144,0x1003a3000,R
0x4020e0,0x1003a6000,R
0x402074,0x1003a9000,R
0x4021e4,0x1003ac000,R
0x4021e8,0x1003af000,R
0x4021f8,0x1003b2000,R
0x402010,0x1003b5000,R
0x402068,0x1003b8000,R
0x402078,0x1003bb000,R
0x402038,0x1003be000,R
0x4021b4,0x1003c1000,R
0x4021a4,0x1003c4000,R
0x40202c,0x1003c7000,R
0x402040,0x1003ca000,R
0x402030,0x1003cd000,R
0x402060,0x1003d0000,R
0x402068,0x1003d3000,R
0x4020f4,0x1003d6000,R
0x402114,0x1003d9000,R
0x402058,0x1003dc000,R
0x4021c4,0x1003df000,R
0x402020,0x1003e2000,R
0x402000,0x1003e5000,R
0x4021b0,0x1003e8000,R
0x40206c,0x1003eb000,R
0x402178,0x1003ee000,R
0x4020d8,0x1003f1000,R
0x402120,0x1003f4000,W
0x4020e4,0x1003f7000,R
0x402144,0x1003fa000,R
0x4020c8,0x1003fd000,R
0x402190,0x100400000,R
0x4020b4,0x100403000,R
0x4021c4,0x100406000,R
0x402088,0x100409000,R
0x4021e4,0x10040c000,R
0x40202c,0x10040f000,R
0x4021a4,0x100412000,R
0x40207c,0x100415000,R
0x402190,0x100418000,R
0x4020dc,0x10041b000,R
0x402030,0x10041e000,R
0x402138,0x100421000,R
0x402090,0x100424000,R
0x402194,0x100427000,R
0x402010,0x10042a000,W
0x402108,0x10042d000,R
0x4020c8,0x100430000,R
0x402108,0x100433000,R
0x402108,0x100436000,R
0x4021e0,0x100439000,R
0x402170,0x10043c000,R
0x4020b0,0x10043f000,R
0x402130,0x100442000,R
0x402070,0x100445000,R
0x4020c4,0x100448000,R
0x402054,0x10044b000,R
0x4020f4,0x10044e000,R
0x402080,0x100451000,R
0x4021e4,0x100454000,R
0x402024,0x100457000,R
0x402138,0x10045a000,R
0x4021e4,0x10045d000,R
0x4021e0,0x100460000,R
0x4020a4,0x100463000,R
0x402010,0x100466000,R
0x402190,0x100469000,R
0x40205c,0x10046c000,R
0x4020a0,0x10046f000,R
0x402050,0x100472000,W
0x402198,0x100475000,R
0x402108,0x100478000,R
0x4021d0,0x10047b000,R
0x4021bc,0x10047e000,R
0x402060,0x100481000,R
0x402184,0x100484000,R
0x402110,0x100487000,R
0x40216c,0x10048a000,W
0x402170,0x10048d000,R
0x4020bc,0x100490000,R
0x40202c,0x100493000,R
0x4021c8,0x100496000,R
0x4020e0,0x100499000,R
0x4021c4,0x10049c000,R
0x402008,0x10049f000,R
0x402194,0x1004a2000,R
0x4021d0,0x1004a5000,R
0x4021ac,0x1004a8000,R
0x4021d0,0x1004ab000,R
0x4020b0,0x1004ae000,R
0x4021d8,0x1004b1000,R
0x4020ac,0x1004b4000,R
0x402098,0x1004b7000,R
0x402004,0x1004ba000,R
0x4021dc,0x1004bd000,R
0x40200c,0x1004c0000,R
0x4020b4,0x1004c3000,R
0x4020cc,0x1004c6000,R
0x402084,0x1004c9000,R
0x402144,0x1004cc000,R
0x4021c4,0x1004cf000,R
0x402018,0x1004d2000,R
0x402068,0x1004d5000,R
0x402074,0x1004d8000,R
0x4020b0,0x1004db000,R
0x402120,0x1004de000,R
0x402134,0x1004e1000,R
0x402118,0x1004e4000,R
0x402140,0x1004e7000,R
0x40204c,0x1004ea000,R
0x402074,0x1004ed000,R
0x402100,0x1004f0000,R
0x402104,0x1004f3000,R
0x40211c,0x1004f6000,R
0x4021b0,0x1004f9000,R
0x40202c,0x1004fc000,R
0x402118,0x1004ff000,R
0x402040,0x100502000,R
0x402104,0x100505000,R
0x4020a8,0x100508000,R
0x402088,0x10050b000,R
0x4021f8,0x10050e000,R
0x4021e4,0x100511000,R
0x4020f4,0x100514000,R
0x402008,0x100517000,R
0x40219c,0x10051a000,R
0x40202c,0x10051d000,R
0x4020c4,0x100520000,R
0x402028,0x100523000,R
0x4021c0,0x100526000,R
0x40219c,0x100529000,R
0x4020bc,0x10052c000,R
0x402060,0x10052f000,R
0x402164,0x100532000,R
0x402160,0x100535000,R
0x4021e4,0x100538000,R
0x4020a8,0x10053b000,R
0x402044,0x10053e000,R
0x40205c,0x100541000,R
0x402098,0x100544000,R
0x40210c,0x100547000,R
0x4021bc,0x10054a000,R
0x402078,0x10054d000,R
0x402110,0x100550000,R
0x4020e0,0x100553000,R
0x40215c,0x100556000,R
0x402108,0x100559000,R
0x4020d4,0x10055c000,R
0x40200c,0x10055f000,R
0x402030,0x100562000,R
0x402144,0x100565000,R
0x40219c,0x100568000,R
0x402090,0x10056b000,R
0x402018,0x10056e000,R
0x402018,0x100571000,R
0x4021f0,0x100574000,R
0x40218c,0x100577000,R
0x402038,0x10057a000,R
0x402178,0x10057d000,R
0x402040,0x100580000,R
0x4020bc,0x100583000,R
0x402190,0x100586000,R
0x4021b0,0x100589000,R
0x402154,0x10058c000,R
0x402044,0x10058f000,W
0x402158,0x100592000,R
0x40212c,0x100595000,R
0x4020d8,0x100598000,R
0x402110,0x10059b000,R
0x40209c,0x10059e000,R
0x4021a0,0x1005a1000,R
0x402020,0x1005a4000,W
0x4021b4,0x1005a7000,R
0x402060,0x1005aa000,R
0x4020e4,0x1005ad000,R
0x4020e4,0x1005b0000,R
0x4021d8,0x1005b3000,R
0x40210c,0x1005b6000,R
0x4021c0,0x1005b9000,R
0x402058,0x1005bc000,R
0x4021b0,0x1005bf000,R
0x402040,0x1005c2000,R
0x402004,0x1005c5000,R
0x4021f4,0x1005c8000,R
0x402018,0x1005cb000,R
0x402170,0x1005ce000,R
0x402154,0x1005d1000,R
0x4021e4,0x1005d4000,R
0x402038,0x1005d7000,R
0x4021cc,0x1005da000,R
0x4021b0,0x1005dd000,R
0x4020b4,0x1005e0000,R
0x4021c4,0x1005e3000,R
0x4021cc,0x1005e6000,R
0x402124,0x1005e9000,R
0x4020ac,0x1005ec000,R
0x402174,0x1005ef000,R
0x40208c,0x1005f2000,R
0x4020d0,0x1005f5000,R
0x4020c0,0x1005f8000,R
0x40206c,0x1005fb000,R
0x402138,0x1005fe000,R
0x4021b8,0x100601000,R
0x402058,0x100604000,R
0x4021e8,0x100607000,R
0x4020e4,0x10060a000,R
0x4021f0,0x10060d000,W
0x402184,0x100610000,R
0x402030,0x100613000,R
0x4020c8,0x100616000,R
0x4021c4,0x100619000,R
0x4020a0,0x10061c000,R
0x402108,0x10061f000,R
0x4020d8,0x100622000,R
0x402118,0x100625000,R
0x402008,0x100628000,R
0x402134,0x10062b000,R
0x402114,0x10062e000,R
0x402114,0x100631000,R
0x402118,0x100634000,R
0x40202c,0x100637000,W
0x402014,0x10063a000,R
0x4020e4,0x10063d000,R
0x4021d8,0x100640000,R
0x402158,0x100643000,R
0x4020e0,0x100646000,W
0x402104,0x100649000,R
0x402098,0x10064c000,R
0x402000,0x10064f000,R
0x402008,0x100652000,R
0x402028,0x100655000,R
0x40205c,0x100658000,R
0x402030,0x10065b000,R
0x402000,0x10065e000,R
0x402168,0x100661000,R
0x402154,0x100664000,R
0x402100,0x100667000,R
0x4020e8,0x10066a000,R
0x4020c4,0x10066d000,R
0x402018,0x100670000,R
0x402058,0x100673000,W
0x402034,0x100676000,R
0x4020dc,0x100679000,R
0x4021e4,0x10067c000,R
0x4020e4,0x10067f000,R
0x40214c,0x100682000,R
0x4020dc,0x100685000,R
0x402020,0x100688000,R
0x40216c,0x10068b000,R
0x402144,0x10068e000,R
0x4021d4,0x100691000,R
0x402158,0x100694000,R
0x402144,0x100697000,R
0x402170,0x10069a000,R
0x40206c,0x10069d000,R
0x40218c,0x1006a0000,R
0x402068,0x1006a3000,R
0x402000,0x1006a6000,R
0x4021a0,0x1006a9000,R
0x402114,0x1006ac000,R
0x402120,0x1006af000,R
0x40205c,0x1006b2000,R
0x402080,0x1006b5000,R
0x402100,0x1006b8000,R
0x402160,0x1006bb000,R
0x4021f4,0x1006be000,R
0x402054,0x1006c1000,R
0x40215c,0x1006c4000,W
0x402038,0x1006c7000,R
0x4021f4,0x1006ca000,R
0x4020c0,0x1006cd000,R
0x402184,0x1006d0000,R
0x4020c8,0x1006d3000,R
0x4020b0,0x1006d6000,W
0x402008,0x1006d9000,W
0x402048,0x1006dc000,R
0x402160,0x1006df000,R
0x40218c,0x1006e2000,R
0x402000,0x1006e5000,R
0x4020dc,0x1006e8000,R
0x402074,0x1006eb000,R
0x402054,0x1006ee000,R
0x40203c,0x1006f1000,R
0x402154,0x1006f4000,R
0x4021fc,0x1006f7000,R
0x40219c,0x1006fa000,R
0x4021c8,0x1006fd000,W
0x4020d0,0x100700000,R
0x4020b0,0x100703000,R
0x4020a0,0x100706000,R
0x402048,0x100709000,W
0x40201c,0x10070c000,R
0x4021c8,0x10070f000,R
0x402048,0x100712000,R
0x4021c8,0x100715000,R
0x402118,0x100718000,W
0x402148,0x10071b000,W
0x4020bc,0x10071e000,R
0x4020d4,0x100721000,R
0x402020,0x100724000,R
0x402018,0x100727000,R
0x4020b8,0x10072a000,W
0x402018,0x10072d000,R
0x4021e0,0x100730000,R
0x402050,0x100733000,R
0x402018,0x100736000,R
0x4020a4,0x100739000,R
0x40210c,0x10073c000,R
0x402074,0x10073f000,W
0x402020,0x100742000,R
0x4020b0,0x100745000,R
0x402158,0x100748000,R
0x402054,0x10074b000,R
0x4021c4,0x10074e000,R
0x402100,0x100751000,R
0x4021fc,0x100754000,R
0x402090,0x100757000,R
0x402078,0x10075a000,W
0x402090,0x10075d000,R
0x40219c,0x100760000,R
0x4020d8,0x100763000,R
0x402054,0x100766000,R
0x4020e8,0x100769000,R
0x4021d0,0x10076c000,R
0x4021c8,0x10076f000,R
0x4020f8,0x100772000,R
0x4020e8,0x100775000,R
0x402068,0x100778000,R
0x4021a4,0x10077b000,R
0x402140,0x10077e000,R
0x4020e8,0x100781000,R
0x4021fc,0x100784000,R
0x4020b8,0x100787000,R
0x402100,0x10078a000,R
0x402154,0x10078d000,R
0x402174,0x100790000,R
0x40212c,0x100793000,R
0x402130,0x100796000,R
0x4020d0,0x100799000,R
0x4020e4,0x10079c000,R
0x4021dc,0x10079f000,R
0x4020a4,0x1007a2000,R
0x402190,0x1007a5000,R
0x402020,0x1007a8000,R
0x402008,0x1007ab000,R
0x4020e0,0x1007ae000,R
0x402060,0x1007b1000,R
0x4020c4,0x1007b4000,R
0x402094,0x1007b7000,R
0x402094,0x1007ba000,R
0x402110,0x1007bd000,R
0x4020dc,0x1007c0000,R
0x4020c8,0x1007c3000,R
0x40208c,0x1007c6000,R
0x4020e4,0x1007c9000,R
0x402020,0x1007cc000,R
0x40202c,0x1007cf000,R
0x4021cc,0x1007d2000,W
0x4021b0,0x1007d5000,R
0x402128,0x1007d8000,R
0x4020d0,0x1007db000,R
0x402104,0x1007de000,R
0x402078,0x1007e1000,R
0x402174,0x1007e4000,W
0x402094,0x1007e7000,R
0x402178,0x1007ea000,R
0x402098,0x1007ed000,R
0x40209c,0x1007f0000,R
0x40210c,0x1007f3000,R
0x4020c0,0x1007f6000,R
0x4021c4,0x1007f9000,R
0x402094,0x1007fc000,R
0x40215c,0x1007ff000,R
0x4030f8,0x100003000,W
0x4031ac,0x100004000,R
0x403054,0x100005000,R
0x403124,0x100006000,W
0x4030e0,0x100007000,R
0x4030f4,0x100008000,R
0x40308c,0x100009000,R
0x40312c,0x10000a000,R
0x4031d4,0x10000b000,R
0x40306c,0x10000c000,R
0x403144,0x10000d000,R
0x4031e0,0x10000e000,R
0x403128,0x10000f000,R
0x4031e0,0x100010000,R
0x4030f8,0x100011000,R
0x4030e8,0x100012000,R
0x4031b4,0x100013000,W
0x403050,0x100014000,R
0x403128,0x100015000,R
0x40314c,0x100016000,R
0x40309c,0x100017000,R
0x403154,0x100018000,R
0x403030,0x100019000,R
0x40315c,0x10001a000,R
0x40312c,0x10001b000,R
0x40314c,0x10001c000,R
0x40306c,0x10001d000,R
0x4031a8,0x10001e000,R
0x4030dc,0x10001f000,R
0x403194,0x100020000,R
0x403148,0x100021000,R
0x4030c0,0x100022000,R
0x4031a0,0x100023000,R
0x403094,0x100024000,R
0x40306c,0x100025000,R
0x4030a8,0x100026000,R
0x4030a0,0x100027000,R
0x4031dc,0x100028000,R
0x4031f4,0x100029000,R
0x403118,0x10002a000,R
0x40309c,0x10002b000,R
0x403170,0x10002c000,R
0x40312c,0x10002d000,R
0x403020,0x10002e000,R
0x4030ec,0x10002f000,R
0x403190,0x100030000,R
0x403184,0x100031000,R
0x40309c,0x100032000,R
0x403020,0x100033000,R
0x403130,0x100034000,R
0x403158,0x100035000,R
0x403164,0x100036000,R
0x4031a0,0x100037000,W
0x403030,0x100038000,R
0x40317c,0x100039000,R
0x4031b0,0x10003a000,R
0x403170,0x10003b000,R
0x403008,0x10003c000,R
0x403090,0x10003d000,R
0x40311c,0x10003e000,R
0x4031c8,0x10003f000,R
0x40301c,0x100040000,W
0x403148,0x100041000,R
0x403014,0x100042000,R
0x4031b0,0x100043000,R
0x403128,0x100044000,R
0x403150,0x100045000,R
0x403098,0x100046000,R
0x403008,0x100047000,R
0x40311c,0x100048000,W
0x403060,0x100049000,R
0x4031a4,0x10004a000,R
0x4030cc,0x10004b000,R
0x403174,0x10004c000,R
0x40301c,0x10004d000,R
0x4030e0,0x10004e000,R
0x4031c8,0x10004f000,R
0x4031d0,0x100050000,W
0x403010,0x100051000,R
0x4030e8,0x100052000,R
0x4031d0,0x100053000,R
0x403138,0x100054000,R
0x40308c,0x100055000,R
0x403000,0x100056000,R
0x40305c,0x100057000,R
0x403138,0x100058000,R
0x40300c,0x100059000,R
0x403178,0x10005a000,R
0x4031d0,0x10005b000,R
0x40300c,0x10005c000,W
0x403144,0x10005d000,R
0x4031a4,0x10005e000,R
0x4030a8,0x10005f000,R
0x4030b8,0x100060000,R
0x40316c,0x100061000,R
0x403134,0x100062000,R
0x4030e0,0x100063000,R
0x403188,0x100064000,R
0x403068,0x100065000,R
0x40315c,0x100066000,R
0x4030ec,0x100067000,R
0x4031ac,0x100068000,R
0x4031d4,0x100069000,R
0x4031d4,0x10006a000,R
0x403184,0x10006b000,R
0x403064,0x10006c000,R
0x40314c,0x10006d000,R
0x403168,0x10006e000,R
0x40312c,0x10006f000,R
0x403038,0x100070000,W
0x403020,0x100071000,R
0x40318c,0x100072000,R
0x4030cc,0x100073000,R
0x403120,0x100074000,R
0x403078,0x100075000,R
0x403000,0x100076000,R
0x4030ec,0x100077000,W
0x4031e8,0x100078000,R
0x40317c,0x100079000,R
0x40303c,0x10007a000,R
0x403000,0x10007b000,R
0x4030cc,0x10007c000,R
0x403008,0x10007d000,R
0x403158,0x10007e000,R
0x4030b4,0x10007f000,R
0x4030bc,0x100080000,R
0x403000,0x100081000,W
0x40306c,0x100082000,R
0x4031c4,0x100083000,R
0x4030cc,0x100084000,R
0x4031dc,0x100085000,R
0x4031d4,0x100086000,R
0x4031ec,0x100087000,R
0x4031b8,0x100088000,R
0x403180,0x100089000,R
0x403100,0x10008a000,R
0x403058,0x10008b000,R
0x4031a4,0x10008c000,R
0x403198,0x10008d000,R
0x40303c,0x10008e000,R
0x403198,0x10008f000,R
0x4030b0,0x100090000,R
0x4031bc,0x100091000,R
0x403128,0x100092000,R
0x403140,0x100093000,R
0x403178,0x100094000,R
0x4031d0,0x100095000,R
0x4031c0,0x100096000,R
0x4030c0,0x100097000,R
0x403004,0x100098000,R
0x403148,0x100099000,R
0x4031a4,0x10009a000,R
0x403148,0x10009b000,R
0x403128,0x10009c000,R
0x403020,0x10009d000,R
0x4030a0,0x10009e000,R
0x403118,0x10009f000,R
0x4031a8,0x1000a0000,R
0x403128,0x1000a1000,R
0x403128,0x1000a2000,R
0x4031fc,0x1000a3000,R
0x403048,0x1000a4000,R
0x403174,0x1000a5000,R
0x4031c4,0x1000a6000,R
0x403010,0x1000a7000,R
0x4031a0,0x1000a8000,R
0x4030cc,0x1000a9000,R
0x4030bc,0x1000aa000,R
0x4031d8,0x1000ab000,R
0x40318c,0x1000ac000,W
0x4031f8,0x1000ad000,R
0x403034,0x1000ae000,R
0x403100,0x1000af000,R
0x4030e8,0x1000b0000,R
0x4031a0,0x1000b1000,R
0x403164,0x1000b2000,R
0x40305c,0x1000b3000,R
0x4031ec,0x1000b4000,W
0x403044,0x1000b5000,R
0x403054,0x1000b6000,R
0x403184,0x1000b7000,R
0x4030c0,0x1000b8000,R
0x403184,0x1000b9000,R
0x4030c8,0x1000ba000,R
0x403120,0x1000bb000,R
0x403128,0x1000bc000,R
0x4030e0,0x1000bd000,R
0x4030ac,0x1000be000,R
0x403074,0x1000bf000,R
0x403128,0x1000c0000,R
0x4030d8,0x1000c1000,R
0x403134,0x1000c2000,R
0x40312c,0x1000c3000,R
0x40307c,0x1000c4000,R
0x4030b8,0x1000c5000,R
0x4031bc,0x1000c6000,R
0x4031a4,0x1000c7000,R
0x4030f4,0x1000c8000,R
0x403044,0x1000c9000,R
0x40313c,0x1000ca000,R
0x403100,0x1000cb000,R
0x4031ec,0x1000cc000,R
0x4030c0,0x1000cd000,R
0x403180,0x1000ce000,R
0x4030a0,0x1000cf000,R
0x403180,0x1000d0000,R
0x403038,0x1000d1000,R
0x403008,0x1000d2000,R
0x4031ec,0x1000d3000,R
0x4030fc,0x1000d4000,W
0x403070,0x1000d5000,R
0x403134,0x1000d6000,R
0x403064,0x1000d7000,R
0x403034,0x1000d8000,R
0x403154,0x1000d9000,R
0x4031b0,0x1000da000,R
0x4031b0,0x1000db000,R
0x403118,0x1000dc000,W
0x40300c,0x1000dd000,R
0x4031e8,0x1000de000,R
0x4030a0,0x1000df000,R
0x403080,0x1000e0000,R
0x403138,0x1000e1000,R
0x4031f0,0x1000e2000,R
0x403008,0x1000e3000,R
0x40305c,0x1000e4000,R
0x4031ec,0x1000e5000,R
0x40319c,0x1000e6000,R
0x403124,0x1000e7000,R
0x4030a0,0x1000e8000,R
0x403040,0x1000e9000,R
0x40319c,0x1000ea000,R
0x403004,0x1000eb000,R
0x4030fc,0x1000ec000,R
0x403094,0x1000ed000,R
0x40310c,0x1000ee000,R
0x403018,0x1000ef000,R
0x40301c,0x1000f0000,R
0x403044,0x1000f1000,R
0x4030f0,0x1000f2000,R
0x403110,0x1000f3000,R
0x4031d4,0x1000f4000,R
0x40315c,0x1000f5000,R
0x40313c,0x1000f6000,R
0x403024,0x1000f7000,R
0x4030d0,0x1000f8000,R
0x403104,0x1000f9000,R
0x403064,0x1000fa000,W
0x4031e4,0x1000fb000,R
0x4031b0,0x1000fc000,R
0x403120,0x1000fd000,R
0x403130,0x1000fe000,R
0x403198,0x1000ff000,R
0x40309c,0x100100000,R
0x4031e4,0x100101000,R
0x403178,0x100102000,R
0x403020,0x100103000,R
0x403168,0x100104000,R
0x403048,0x100105000,R
0x40319c,0x100106000,R
0x4030d8,0x100107000,R
0x403010,0x100108000,R
0x4031c4,0x100109000,R
0x403180,0x10010a000,R
0x403160,0x10010b000,R
0x403118,0x10010c000,R
0x40305c,0x10010d000,R
0x4030d4,0x10010e000,R
0x403160,0x10010f000,R
0x4030c4,0x100110000,R
0x403008,0x100111000,R
0x403084,0x100112000,R
0x403098,0x100113000,R
0x4031b0,0x100114000,R
0x4031c8,0x100115000,R
0x4030b4,0x100116000,R
0x4031b0,0x100117000,R
0x403160,0x100118000,W
0x4031b0,0x100119000,R
0x403194,0x10011a000,R
0x4031c8,0x10011b000,R
0x4031b4,0x10011c000,R
0x403110,0x10011d000,R
0x403110,0x10011e000,R
0x40300c,0x10011f000,R
0x4030f0,0x100120000,W
0x4031ec,0x100121000,R
0x403080,0x100122000,R
0x403008,0x100123000,R
0x40315c,0x100124000,R
0x4030c4,0x100125000,R
0x4030b4,0x100126000,R
0x4030a8,0x100127000,R
0x4031fc,0x100128000,R
0x4030a8,0x100129000,R
0x40312c,0x10012a000,R
0x4031f4,0x10012b000,R
0x403164,0x10012c000,R
0x403000,0x10012d000,R
0x4031e4,0x10012e000,R
0x403150,0x10012f000,R
0x4031cc,0x100130000,R
0x403134,0x100131000,R
0x403170,0x100132000,R
0x4031c8,0x100133000,R
0x40306c,0x100134000,R
0x403098,0x100135000,R
0x40305c,0x100136000,R
0x4031f0,0x100137000,R
0x403174,0x100138000,R
0x4030e4,0x100139000,R
0x4031f0,0x10013a000,R
0x4031d0,0x10013b000,R
0x4030a8,0x10013c000,R
0x403004,0x10013d000,R
0x403148,0x10013e000,R
0x403110,0x10013f000,R
0x403188,0x100140000,R
0x403000,0x100141000,R
0x403198,0x100142000,R
0x403070,0x100143000,R
0x40308c,0x100144000,R
0x4030e0,0x100145000,R
0x4030d0,0x100146000,R
0x4031dc,0x100147000,R
0x4031bc,0x100148000,R
0x4030ac,0x100149000,R
0x4031f8,0x10014a000,R
0x4030d8,0x10014b000,R
0x403198,0x10014c000,R
0x403130,0x10014d000,R
0x403100,0x10014e000,R
0x4031ac,0x10014f000,R
0x4030a4,0x100150000,R
0x403050,0x100151000,R
0x4030e0,0x100152000,R
0x4030b8,0x100153000,R
0x403088,0x100154000,R
0x4031ec,0x100155000,R
0x403144,0x100156000,R
0x403130,0x100157000,R
0x40318c,0x100158000,R
0x4031cc,0x100159000,R
0x403080,0x10015a000,R
0x4030a8,0x10015b000,R
0x40305c,0x10015c000,R
0x4031b4,0x10015d000,R
0x4030f0,0x10015e000,R
0x4031b0,0x10015f000,R
0x4031d0,0x100160000,R
0x4031f8,0x100161000,R
0x40305c,0x100162000,R
0x403120,0x100163000,R
0x4030a4,0x100164000,R
0x4031cc,0x100165000,W
0x4031f8,0x100166000,R
0x4030a8,0x100167000,R
0x403030,0x100168000,R
0x4030d4,0x100169000,R
0x4031c0,0x10016a000,R
0x403060,0x10016b000,R
0x403060,0x10016c000,R
0x403040,0x10016d000,R
0x403090,0x10016e000,R
0x403174,0x10016f000,R
0x4030ac,0x100170000,R
0x4030a8,0x100171000,R
0x4031cc,0x100172000,R
0x4031ec,0x100173000,R
0x403100,0x100174000,R
0x4031dc,0x100175000,R
0x403188,0x100176000,R
0x403004,0x100177000,R
0x403044,0x100178000,R
0x4031f0,0x100179000,R
0x4030e0,0x10017a000,R
0x403010,0x10017b000,R
0x403040,0x10017c000,R
0x403108,0x10017d000,R
0x4030f4,0x10017e000,R
0x40312c,0x10017f000,R
0x4031c8,0x100180000,R
0x4030a8,0x100181000,R
0x403194,0x100182000,R
0x403178,0x100183000,R
0x403020,0x100184000,W
0x4031d4,0x100185000,R
0x4031e0,0x100186000,R
0x4031e0,0x100187000,R
0x403144,0x100188000,R
0x4030d4,0x100189000,R
0x403138,0x10018a000,R
0x40308c,0x10018b000,R
0x40304c,0x10018c000,R
0x403154,0x10018d000,R
0x403160,0x10018e000,R
0x403108,0x10018f000,R
0x40318c,0x100190000,R
0x403148,0x100191000,R
0x4030a4,0x100192000,R
0x403148,0x100193000,R
0x4031f8,0x100194000,R
0x4031c8,0x100195000,R
0x403038,0x100196000,R
0x403184,0x100197000,R
0x4031a4,0x100198000,R
0x4030d8,0x100199000,R
0x403004,0x10019a000,R
0x403170,0x10019b000,R
0x4030c4,0x10019c000,R
0x403178,0x10019d000,R
0x403140,0x10019e000,R
0x4031e4,0x10019f000,R
0x4030c0,0x1001a0000,R
0x403068,0x1001a1000,R
0x40306c,0x1001a2000,R
0x4031b4,0x1001a3000,R
0x403084,0x1001a4000,W
0x40310c,0x1001a5000,R
0x403114,0x1001a6000,R
0x40309c,0x1001a7000,R
0x403098,0x1001a8000,R
0x4031fc,0x1001a9000,R
0x403114,0x1001aa000,R
0x40311c,0x1001ab000,R
0x403040,0x1001ac000,R
0x403150,0x1001ad000,R
0x40308c,0x1001ae000,R
0x40301c,0x1001af000,R
0x40301c,0x1001b0000,R
0x40310c,0x1001b1000,W
0x403104,0x1001b2000,R
0x403038,0x1001b3000,R
0x403054,0x1001b4000,R
0x403048,0x1001b5000,R
0x4030e0,0x1001b6000,R
0x403028,0x1001b7000,R
0x403120,0x1001b8000,R
0x40300c,0x1001b9000,R
0x403020,0x1001ba000,R
0x4030e4,0x1001bb000,R
0x4031f4,0x1001bc000,R
0x403110,0x1001bd000,R
0x403030,0x1001be000,R
0x403134,0x1001bf000,R
0x403164,0x1001c0000,R
0x4031d4,0x1001c1000,R
0x403148,0x1001c2000,R
0x403114,0x1001c3000,R
0x403178,0x1001c4000,R
0x40310c,0x1001c5000,R
0x403118,0x1001c6000,R
0x4030d4,0x1001c7000,R
0x4031c8,0x1001c8000,R
0x403184,0x1001c9000,R
0x4030e0,0x1001ca000,R
0x4031d0,0x1001cb000,R
0x4031d4,0x1001cc000,R
0x40313c,0x1001cd000,R
0x4031f8,0x1001ce000,R
0x4031fc,0x1001cf000,R
0x403180,0x1001d0000,R
0x4030f4,0x1001d1000,W
0x40302c,0x1001d2000,R
0x403008,0x1001d3000,R
0x403048,0x1001d4000,R
0x40316c,0x1001d5000,R
0x40311c,0x1001d6000,R
0x4031f4,0x1001d7000,R
0x403028,0x1001d8000,R
0x403040,0x1001d9000,R
0x403064,0x1001da000,R
0x40304c,0x1001db000,R
0x4031c8,0x1001dc000,R
0x4031b4,0x1001dd000,R
0x403110,0x1001de000,R
0x4031bc,0x1001df000,R
0x403138,0x1001e0000,W
0x403194,0x1001e1000,W
0x4031b4,0x1001e2000,R
0x4030f4,0x1001e3000,R
0x40314c,0x1001e4000,W
0x40302c,0x1001e5000,R
0x403144,0x1001e6000,R
0x4030f0,0x1001e7000,W
0x40308c,0x1001e8000,R
0x4031d4,0x1001e9000,R
0x4030a0,0x1001ea000,R
0x403128,0x1001eb000,R
0x403068,0x1001ec000,R
0x40302c,0x1001ed000,R
0x403158,0x1001ee000,R
0x403020,0x1001ef000,R
0x40319c,0x1001f0000,R
0x40303c,0x1001f1000,R
0x4031dc,0x1001f2000,R
0x403074,0x1001f3000,R
0x403048,0x1001f4000,R
0x403134,0x1001f5000,R
0x403084,0x1001f6000,R
0x403154,0x1001f7000,R
0x403144,0x1001f8000,R
0x403154,0x1001f9000,W
0x40308c,0x1001fa000,W
0x40310c,0x1001fb000,R
0x403194,0x1001fc000,R
0x403178,0x1001fd000,R
0x403190,0x1001fe000,R
0x403014,0x1001ff000,R
0x403184,0x100200000,R
0x40318c,0x100201000,R
0x4030bc,0x100202000,R
0x403140,0x100203000,R
0x40304c,0x100204000,R
0x403110,0x100205000,R
0x403178,0x100206000,R
0x403114,0x100207000,R
0x4030c4,0x100208000,R
0x403070,0x100209000,R
0x4030d8,0x10020a000,R
0x4030f4,0x10020b000,R
0x403050,0x10020c000,R
0x4030f0,0x10020d000,R
0x403048,0x10020e000,R
0x4030a8,0x10020f000,R
0x403034,0x100210000,R
0x40308c,0x100211000,R
0x403038,0x100212000,R
0x403028,0x100213000,R
0x403180,0x100214000,R
0x4030e0,0x100215000,R
0x4031c4,0x100216000,R
0x403020,0x100217000,R
0x403180,0x100218000,R
0x403054,0x100219000,R
0x403138,0x10021a000,R
0x40319c,0x10021b000,R
0x403118,0x10021c000,R
0x403150,0x10021d000,W
0x4031d8,0x10021e000,R
0x4031e0,0x10021f000,R
0x403184,0x100220000,R
0x4031d8,0x100221000,R
0x4031d4,0x100222000,R
0x4031dc,0x100223000,R
0x403018,0x100224000,R
0x40306c,0x100225000,R
0x4031a0,0x100226000,R
0x4030cc,0x100227000,R
0x4031ec,0x100228000,R
0x403190,0x100229000,R
0x4031a8,0x10022a000,R
0x4031a8,0x10022b000,R
0x40317c,0x10022c000,R
0x4031f4,0x10022d000,R
0x403080,0x10022e000,R
0x403034,0x10022f000,R
0x4030b4,0x100230000,R
0x403080,0x100231000,R
0x40319c,0x100232000,R
0x4030d4,0x100233000,R
0x40304c,0x100234000,R
0x403098,0x100235000,R
0x4030d0,0x100236000,R
0x403048,0x100237000,R
0x403188,0x100238000,R
0x4030bc,0x100239000,R
0x403074,0x10023a000,R
0x40308c,0x10023b000,R
0x403034,0x10023c000,R
0x403024,0x10023d000,R
0x403174,0x10023e000,R
0x40301c,0x10023f000,R
0x403148,0x100240000,R
0x4030d8,0x100241000,R
0x40316c,0x100242000,R
0x4030ec,0x100243000,R
0x403020,0x100244000,R
0x403160,0x100245000,R
0x4031fc,0x100246000,W
0x403184,0x100247000,R
0x403110,0x100248000,R
0x4030ec,0x100249000,R
0x40310c,0x10024a000,R
0x403168,0x10024b000,R
0x4030fc,0x10024c000,R
0x4031f8,0x10024d000,R
0x4030d0,0x10024e000,R
0x403010,0x10024f000,R
0x4031f0,0x100250000,R
0x4031dc,0x100251000,R
0x403168,0x100252000,W
0x403124,0x100253000,R
0x403178,0x100254000,R
0x4030e4,0x100255000,R
0x4030f0,0x100256000,R
0x4031e4,0x100257000,R
0x403194,0x100258000,R
0x403018,0x100259000,R
0x4030e8,0x10025a000,R
0x403154,0x10025b000,R
0x4031d0,0x10025c000,R
0x40308c,0x10025d000,R
0x40316c,0x10025e000,R
0x4031d0,0x10025f000,R
0x40311c,0x100260000,R
0x4030c8,0x100261000,R
0x40304c,0x100262000,R
0x403110,0x100263000,R
0x40312c,0x100264000,R
0x4030b4,0x100265000,R
0x403124,0x100266000,R
0x4030b4,0x100267000,R
0x4031e0,0x100268000,R
0x4031bc,0x100269000,R
0x403114,0x10026a000,R
0x4030a0,0x10026b000,R
0x4031dc,0x10026c000,R
0x403074,0x10026d000,W
0x403010,0x10026e000,R
0x403054,0x10026f000,R
0x403114,0x100270000,R
0x4030e8,0x100271000,R
0x4031b4,0x100272000,R
0x4031b0,0x100273000,W
0x4030bc,0x100274000,W
0x403044,0x100275000,R
0x40306c,0x100276000,R
0x403178,0x100277000,R
0x403130,0x100278000,R
0x403020,0x100279000,R
0x4031bc,0x10027a000,R
0x4031d0,0x10027b000,R
0x403144,0x10027c000,R
0x4030b8,0x10027d000,R
0x403108,0x10027e000,R
0x403090,0x10027f000,R
0x4030fc,0x100280000,R
0x403084,0x100281000,R
0x40309c,0x100282000,W
0x4031b4,0x100283000,R
0x40303c,0x100284000,R
0x403094,0x100285000,R
0x403040,0x100286000,R
0x4030a4,0x100287000,R
0x403008,0x100288000,R
0x403100,0x100289000,R
0x4030f0,0x10028a000,R
0x4030b0,0x10028b000,R
0x4031a0,0x10028c000,R
0x4030cc,0x10028d000,R
0x4031b0,0x10028e000,R
0x403008,0x10028f000,R
0x403170,0x100290000,R
0x4031a0,0x100291000,R
0x4031ec,0x100292000,R
0x4031e8,0x100293000,R
0x403158,0x100294000,R
0x4030d4,0x100295000,R
0x403134,0x100296000,W
0x4031f0,0x100297000,R
0x40313c,0x100298000,R
0x403094,0x100299000,R
0x4031e8,0x10029a000,R
0x40309c,0x10029b000,R
0x4031ac,0x10029c000,R
0x403190,0x10029d000,R
0x403168,0x10029e000,R
0x403020,0x10029f000,R
0x4031cc,0x1002a0000,R
0x403098,0x1002a1000,R
0x40318c,0x1002a2000,R
0x403164,0x1002a3000,R
0x403030,0x1002a4000,R
0x4030e8,0x1002a5000,R
0x403060,0x1002a6000,R
0x4031c4,0x1002a7000,R
0x4030b8,0x1002a8000,R
0x4031e0,0x1002a9000,R
0x403010,0x1002aa000,R
0x4030c8,0x1002ab000,R
0x403048,0x1002ac000,R
0x4030e8,0x1002ad000,R
0x403118,0x1002ae000,R
0x403008,0x1002af000,R
0x403150,0x1002b0000,R
0x40302c,0x1002b1000,R
0x403134,0x1002b2000,R
0x40314c,0x1002b3000,R
0x403050,0x1002b4000,R
0x4030b0,0x1002b5000,R
0x403038,0x1002b6000,R
0x40311c,0x1002b7000,R
0x4031a8,0x1002b8000,R
0x403174,0x1002b9000,R
0x403004,0x1002ba000,R
0x40318c,0x1002bb000,R
0x4030e0,0x1002bc000,R
0x4031ec,0x1002bd000,R
0x403148,0x1002be000,R
0x40312c,0x1002bf000,R
0x4030d0,0x1002c0000,R
0x403058,0x1002c1000,R
0x40311c,0x1002c2000,R
0x403134,0x1002c3000,R
0x4031dc,0x1002c4000,R
0x4030e8,0x1002c5000,R
0x4031f8,0x1002c6000,R
0x40301c,0x1002c7000,R
0x4031b8,0x1002c8000,R
0x403158,0x1002c9000,R
0x403020,0x1002ca000,R
0x4030d4,0x1002cb000,R
0x403180,0x1002cc000,R
0x4030e8,0x1002cd000,R
0x4031bc,0x1002ce000,R
0x4030a4,0x1002cf000,R
0x403010,0x1002d0000,R
0x4030d4,0x1002d1000,R
0x403124,0x1002d2000,R
0x4031b0,0x1002d3000,R
0x40314c,0x1002d4000,R
0x40302c,0x1002d5000,R
0x4030b0,0x1002d6000,R
0x403100,0x1002d7000,R
0x4031c0,0x1002d8000,R
0x40317c,0x1002d9000,R
0x40304c,0x1002da000,R
0x403024,0x1002db000,R
0x403040,0x1002dc000,R
0x403194,0x1002dd000,R
0x403060,0x1002de000,R
0x40308c,0x1002df000,R
0x403044,0x1002e0000,R
0x40313c,0x1002e1000,R
0x4031a8,0x1002e2000,R
0x40302c,0x1002e3000,R
0x4031c8,0x1002e4000,W
0x4031a0,0x1002e5000,R
0x403130,0x1002e6000,R
0x4030c0,0x1002e7000,R
0x403000,0x1002e8000,R
0x403174,0x1002e9000,R
0x403168,0x1002ea000,R
0x4030a4,0x1002eb000,R
0x40313c,0x1002ec000,R
0x403038,0x1002ed000,R
0x4031d8,0x1002ee000,R
0x403040,0x1002ef000,R
0x4030e4,0x1002f0000,R
0x40301c,0x1002f1000,R
0x403118,0x1002f2000,R
0x403108,0x1002f3000,R
0x403024,0x1002f4000,R
0x4031fc,0x1002f5000,R
0x40315c,0x1002f6000,R
0x403140,0x1002f7000,R
0x403030,0x1002f8000,R
0x4030e4,0x1002f9000,R
0x403070,0x1002fa000,R
0x4030e0,0x1002fb000,R
0x40317c,0x1002fc000,R
0x4031b4,0x1002fd000,R
0x40319c,0x1002fe000,R
0x403144,0x1002ff000,R
0x4030d4,0x100300000,R
0x40306c,0x100301000,R
0x403108,0x100302000,R
0x40315c,0x100303000,R
0x40303c,0x100304000,R
0x403150,0x100305000,R
0x40300c,0x100306000,R
0x40310c,0x100307000,R
0x403174,0x100308000,R
0x40301c,0x100309000,R
0x403160,0x10030a000,R
0x4030f0,0x10030b000,R
0x403198,0x10030c000,R
0x4030f4,0x10030d000,R
0x403060,0x10030e000,R
0x40308c,0x10030f000,R
0x4030ac,0x100310000,R
0x403010,0x100311000,R
0x403168,0x100312000,R
0x4031ac,0x100313000,R
0x40312c,0x100314000,R
0x403060,0x100315000,R
0x403044,0x100316000,R
0x403008,0x100317000,R
0x4030e8,0x100318000,R
0x403160,0x100319000,R
0x403130,0x10031a000,R
0x403128,0x10031b000,R
0x4031f0,0x10031c000,R
0x4030a4,0x10031d000,R
0x4030c4,0x10031e000,R
0x4030a8,0x10031f000,R
0x4031a0,0x100320000,R
0x40305c,0x100321000,R
0x403084,0x100322000,R
0x4031fc,0x100323000,R
0x40314c,0x100324000,R
0x403154,0x100325000,R
0x403130,0x100326000,R
0x403184,0x100327000,R
0x4031e8,0x100328000,R
0x403074,0x100329000,R
0x403170,0x10032a000,R
0x4030f4,0x10032b000,R
0x4031b4,0x10032c000,R
0x4031fc,0x10032d000,R
0x4030c8,0x10032e000,R
0x4030f8,0x10032f000,R
0x40312c,0x100330000,R
0x403150,0x100331000,R
0x4031d4,0x100332000,R
0x403088,0x100333000,R
0x403060,0x100334000,R
0x403180,0x100335000,R
0x403154,0x100336000,R
0x4030f4,0x100337000,R
0x4030e4,0x100338000,R
0x4031a8,0x100339000,R
0x40307c,0x10033a000,R
0x40312c,0x10033b000,R
0x4030b8,0x10033c000,R
0x4030b0,0x10033d000,R
0x40317c,0x10033e000,R
0x4031ac,0x10033f000,R
0x4030d4,0x100340000,R
0x4030a4,0x100341000,R
0x403024,0x100342000,R
0x403150,0x100343000,R
0x4030ec,0x100344000,R
0x4031f0,0x100345000,R
0x4030bc,0x100346000,R
0x403078,0x100347000,R
0x4031f8,0x100348000,R
0x403040,0x100349000,R
0x403034,0x10034a000,R
0x403074,0x10034b000,R
0x4030f4,0x10034c000,R
0x403090,0x10034d000,R
0x40317c,0x10034e000,R
0x403028,0x10034f000,R
0x4031d8,0x100350000,R
0x40311c,0x100351000,R
0x4031c8,0x100352000,R
0x40307c,0x100353000,R
0x4030dc,0x100354000,R
0x4030c0,0x100355000,R
0x403078,0x100356000,R
0x4031d8,0x100357000,R
0x4031d8,0x100358000,R
0x40310c,0x100359000,R
0x4031f0,0x10035a000,R
0x4031fc,0x10035b000,R
0x403154,0x10035c000,R
0x4031fc,0x10035d000,R
0x4030d0,0x10035e000,R
0x4030bc,0x10035f000,R
0x403040,0x100360000,R
0x4030e8,0x100361000,R
0x4030dc,0x100362000,R
0x4030f8,0x100363000,R
0x4031b4,0x100364000,R
0x4031b4,0x100365000,R
0x403000,0x100366000,R
0x403054,0x100367000,R
0x4030cc,0x100368000,R
0x403120,0x100369000,R
0x4031d4,0x10036a000,R
0x4030e0,0x10036b000,R
0x4031a4,0x10036c000,R
0x403074,0x10036d000,R
0x403100,0x10036e000,R
0x403070,0x10036f000,R
0x403060,0x100370000,R
0x4030b0,0x100371000,R
0x4031c8,0x100372000,R
0x403058,0x100373000,R
0x403168,0x100374000,R
0x403198,0x100375000,R
0x403128,0x100376000,R
0x403134,0x100377000,R
0x40318c,0x100378000,R
0x4030d8,0x100379000,R
0x4030e8,0x10037a000,R
0x403018,0x10037b000,R
0x40307c,0x10037c000,R
0x403100,0x10037d000,R
0x4031d8,0x10037e000,R
0x4030f0,0x10037f000,R
0x403018,0x100380000,W
0x403140,0x100381000,R
0x403150,0x100382000,R
0x4030cc,0x100383000,R
0x403124,0x100384000,R
0x40318c,0x100385000,R
0x403138,0x100386000,R
0x40306c,0x100387000,R
0x4030f4,0x100388000,R
0x4030d8,0x100389000,R
0x403150,0x10038a000,R
0x403058,0x10038b000,R
0x403074,0x10038c000,R
0x403174,0x10038d000,R
0x403030,0x10038e000,R
0x403000,0x10038f000,R
0x4030bc,0x100390000,R
0x40318c,0x100391000,R
0x4030c0,0x100392000,R
0x4030d8,0x100393000,R
0x4030dc,0x100394000,W
0x403034,0x100395000,R
0x403164,0x100396000,R
0x403028,0x100397000,R
0x4031a4,0x100398000,R
0x4031b8,0x100399000,R
0x403060,0x10039a000,R
0x40302c,0x10039b000,R
0x403178,0x10039c000,R
0x4030e4,0x10039d000,R
0x4031a0,0x10039e000,R
0x4031b8,0x10039f000,R
0x403120,0x1003a0000,R
0x403168,0x1003a1000,R
0x4031dc,0x1003a2000,R
0x4030c8,0x1003a3000,R
0x403104,0x1003a4000,R
0x403028,0x1003a5000,R
0x4030f4,0x1003a6000,R
0x403064,0x1003a7000,R
0x403048,0x1003a8000,R
0x4030a0,0x1003a9000,R
0x40317c,0x1003aa000,R
0x4031e8,0x1003ab000,W
0x4030e8,0x1003ac000,R
0x4030e0,0x1003ad000,R
0x4031dc,0x1003ae000,R
0x403174,0x1003af000,R
0x4031f8,0x1003b0000,R
0x403164,0x1003b1000,R
0x4031cc,0x1003b2000,R
0x4030d0,0x1003b3000,R
0x4030ec,0x1003b4000,R
0x4031a0,0x1003b5000,R
0x403030,0x1003b6000,R
0x4031bc,0x1003b7000,R
0x403128,0x1003b8000,R
0x4030e0,0x1003b9000,R
0x4030e0,0x1003ba000,R
0x403194,0x1003bb000,R
0x4030b8,0x1003bc000,R
0x4030fc,0x1003bd000,R
0x403058,0x1003be000,R
0x403170,0x1003bf000,R
0x403114,0x1003c0000,R
0x403088,0x1003c1000,R
0x403084,0x1003c2000,R
0x403084,0x1003c3000,R
0x403178,0x1003c4000,R
0x403124,0x1003c5000,R
0x40313c,0x1003c6000,R
0x403030,0x1003c7000,R
0x40318c,0x1003c8000,W
0x403030,0x1003c9000,R
0x403110,0x1003ca000,R
0x40315c,0x1003cb000,R
0x403150,0x1003cc000,R
0x403178,0x1003cd000,R
0x4030f4,0x1003ce000,R
0x4030ac,0x1003cf000,R
0x4030a0,0x1003d0000,R
0x40316c,0x1003d1000,R
0x403050,0x1003d2000,R
0x4031bc,0x1003d3000,R
0x4031f0,0x1003d4000,R
0x4031ec,0x1003d5000,W
0x403008,0x1003d6000,R
0x4031c0,0x1003d7000,R
0x403078,0x1003d8000,R
0x403130,0x1003d9000,R
0x403178,0x1003da000,R
0x403060,0x1003db000,R
0x4030b0,0x1003dc000,R
0x40315c,0x1003dd000,W
0x403198,0x1003de000,R
0x4030e8,0x1003df000,R
0x40312c,0x1003e0000,R
0x4031e8,0x1003e1000,R
0x40311c,0x1003e2000,R
0x403178,0x1003e3000,R
0x4031f4,0x1003e4000,R
0x403078,0x1003e5000,R
0x403128,0x1003e6000,R
0x403190,0x1003e7000,R
0x403024,0x1003e8000,R
0x403070,0x1003e9000,R
0x403070,0x1003ea000,R
0x403044,0x1003eb000,R
0x4030f4,0x1003ec000,R
0x403088,0x1003ed000,R
0x403198,0x1003ee000,R
0x4031d8,0x1003ef000,R
0x40317c,0x1003f0000,R
0x4031e0,0x1003f1000,R
0x40313c,0x1003f2000,R
0x403114,0x1003f3000,R
0x4031dc,0x1003f4000,R
0x403194,0x1003f5000,R
0x403090,0x1003f6000,R
0x4030d4,0x1003f7000,R
0x4030c8,0x1003f8000,R
0x4031cc,0x1003f9000,W
0x403064,0x1003fa000,R
0x403164,0x1003fb000,R
0x40306c,0x1003fc000,R
0x403178,0x1003fd000,R
0x4031c0,0x1003fe000,W
0x40305c,0x1003ff000,R
0x40307c,0x100400000,R
0x403198,0x100401000,R
0x403104,0x100402000,R
0x403018,0x100403000,W
0x403178,0x100404000,R
0x40318c,0x100405000,R
0x403058,0x100406000,R
0x403038,0x100407000,R
0x403008,0x100408000,R
0x4030cc,0x100409000,R
0x4031e0,0x10040a000,R
0x4031d0,0x10040b000,R
0x403018,0x10040c000,R
0x403188,0x10040d000,R
0x4031e8,0x10040e000,R
0x4030b4,0x10040f000,R
0x4031d4,0x100410000,R
0x403144,0x100411000,R
0x403128,0x100412000,R
0x403090,0x100413000,R
0x403164,0x100414000,R
0x4030b4,0x100415000,R
0x403138,0x100416000,R
0x4031d4,0x100417000,R
0x403194,0x100418000,R
0x403130,0x100419000,R
0x4031a8,0x10041a000,R
0x4031c8,0x10041b000,R
0x4031a0,0x10041c000,R
0x403050,0x10041d000,R
0x403144,0x10041e000,R
0x403194,0x10041f000,R
0x403070,0x100420000,R
0x4030e8,0x100421000,R
0x403180,0x100422000,W
0x4031a8,0x100423000,R
0x40316c,0x100424000,R
0x403180,0x100425000,R
0x4031d4,0x100426000,R
0x4030e4,0x100427000,R
0x403088,0x100428000,R
0x403078,0x100429000,R
0x40306c,0x10042a000,R
0x4031c8,0x10042b000,R
0x403160,0x10042c000,R
0x403108,0x10042d000,R
0x4031ec,0x10042e000,R
0x4031f4,0x10042f000,R
0x403094,0x100430000,R
0x403030,0x100431000,R
0x4030a4,0x100432000,R
0x403020,0x100433000,R
0x4031d8,0x100434000,R
0x403048,0x100435000,R
0x403190,0x100436000,R
0x403048,0x100437000,R
0x403130,0x100438000,R
0x403100,0x100439000,R
0x403088,0x10043a000,R
0x4031f4,0x10043b000,R
0x403060,0x10043c000,R
0x403114,0x10043d000,R
0x403048,0x10043e000,R
0x4031d4,0x10043f000,R
0x4031c0,0x100440000,R
0x403164,0x100441000,R
0x4030e0,0x100442000,R
0x403134,0x100443000,R
0x403048,0x100444000,R
0x40303c,0x100445000,R
0x4031e4,0x100446000,R
0x403138,0x100447000,R
0x403084,0x100448000,R
0x403168,0x100449000,R
0x403020,0x10044a000,R
0x40313c,0x10044b000,R
0x4031fc,0x10044c000,R
0x40315c,0x10044d000,R
0x403064,0x10044e000,R
0x403094,0x10044f000,R
0x4031ac,0x100450000,R
0x4030b4,0x100451000,R
0x403084,0x100452000,R
0x403120,0x100453000,R
0x4030dc,0x100454000,R
0x40302c,0x100455000,R
0x4031f4,0x100456000,R
0x403050,0x100457000,R
0x4030b0,0x100458000,R
0x40304c,0x100459000,R
0x403018,0x10045a000,R
0x403074,0x10045b000,R
0x4030f8,0x10045c000,R
0x403130,0x10045d000,R
0x4030d0,0x10045e000,R
0x403178,0x10045f000,R
0x4030e4,0x100460000,R
0x403104,0x100461000,R
0x403114,0x100462000,R
0x40308c,0x100463000,R
0x40301c,0x100464000,R
0x403160,0x100465000,R
0x403124,0x100466000,R
0x403194,0x100467000,R
0x403194,0x100468000,R
0x403168,0x100469000,R
0x4030b0,0x10046a000,R
0x403050,0x10046b000,R
0x4030f8,0x10046c000,R
0x403188,0x10046d000,R
0x403190,0x10046e000,R
0x4030d8,0x10046f000,R
0x403060,0x100470000,R
0x40305c,0x100471000,R
0x4030a0,0x100472000,R
0x403168,0x100473000,R
0x403114,0x100474000,R
0x4031e4,0x100475000,R
0x403054,0x100476000,R
0x4030a0,0x100477000,R
0x403114,0x100478000,R
0x40300c,0x100479000,R
0x403134,0x10047a000,R
0x403100,0x10047b000,R
0x403184,0x10047c000,R
0x403038,0x10047d000,R
0x4030f0,0x10047e000,R
0x4031c4,0x10047f000,R
0x403174,0x100480000,R
0x4031fc,0x100481000,R
0x403160,0x100482000,R
0x4031cc,0x100483000,R
0x403008,0x100484000,R
0x403008,0x100485000,R
0x4030bc,0x100486000,R
0x403090,0x100487000,R
0x403034,0x100488000,R
0x4031c4,0x100489000,R
0x403190,0x10048a000,R
0x40310c,0x10048b000,R
0x403100,0x10048c000,R
0x4030f0,0x10048d000,R
0x403188,0x10048e000,R
0x4031b8,0x10048f000,R
0x40317c,0x100490000,R
0x403198,0x100491000,R
0x403118,0x100492000,R
0x403098,0x100493000,R
0x4030f4,0x100494000,W
0x4031e0,0x100495000,R
0x4030e8,0x100496000,R
0x40304c,0x100497000,R
0x4030e0,0x100498000,R
0x403088,0x100499000,R
0x4031e4,0x10049a000,R
0x4030e0,0x10049b000,R
0x403170,0x10049c000,R
0x403138,0x10049d000,R
0x4030a0,0x10049e000,R
0x403168,0x10049f000,R
0x40300c,0x1004a0000,R
0x4031a4,0x1004a1000,R
0x40308c,0x1004a2000,R
0x403160,0x1004a3000,R
0x4031f8,0x1004a4000,R
0x4030e0,0x1004a5000,W
0x4030bc,0x1004a6000,R
0x40319c,0x1004a7000,R
0x403120,0x1004a8000,R
0x4031c0,0x1004a9000,R
0x403020,0x1004aa000,R
0x403094,0x1004ab000,R
0x4030a8,0x1004ac000,R
0x4031e4,0x1004ad000,R
0x40317c,0x1004ae000,R
0x4031ac,0x1004af000,R
0x403054,0x1004b0000,R
0x4030cc,0x1004b1000,R
0x40311c,0x1004b2000,W
0x4030ac,0x1004b3000,R
0x40304c,0x1004b4000,R
0x403130,0x1004b5000,R
0x4031f0,0x1004b6000,R
0x403050,0x1004b7000,R
0x4031c8,0x1004b8000,R
0x4030cc,0x1004b9000,R
0x40310c,0x1004ba000,R
0x403054,0x1004bb000,R
0x4030ac,0x1004bc000,R
0x403198,0x1004bd000,R
0x40311c,0x1004be000,R
0x40318c,0x1004bf000,R
0x403118,0x1004c0000,R
0x4031b4,0x1004c1000,R
0x403128,0x1004c2000,R
0x4031d0,0x1004c3000,R
0x4030cc,0x1004c4000,R
0x403188,0x1004c5000,R
0x403090,0x1004c6000,R
0x4030f4,0x1004c7000,R
0x403078,0x1004c8000,R
0x403198,0x1004c9000,R
0x4030fc,0x1004ca000,R
0x403090,0x1004cb000,R
0x4030ec,0x1004cc000,R
0x403070,0x1004cd000,R
0x403050,0x1004ce000,R
0x40301c,0x1004cf000,R
0x40307c,0x1004d0000,R
0x4031e4,0x1004d1000,R
0x40303c,0x1004d2000,R
0x4031f0,0x1004d3000,R
0x4030dc,0x1004d4000,R
0x4030a4,0x1004d5000,R
0x40314c,0x1004d6000,R
0x40317c,0x1004d7000,R
0x40304c,0x1004d8000,R
0x4030bc,0x1004d9000,R
0x4030a4,0x1004da000,R
0x403084,0x1004db000,R
0x40308c,0x1004dc000,R
0x4031cc,0x1004dd000,R
0x4031c4,0x1004de000,R
0x403160,0x1004df000,R
0x403114,0x1004e0000,R
0x403064,0x1004e1000,R
0x403050,0x1004e2000,R
0x4030bc,0x1004e3000,R
0x40315c,0x1004e4000,R
0x403164,0x1004e5000,R
0x403030,0x1004e6000,R
0x4030b8,0x1004e7000,R
0x403148,0x1004e8000,R
0x403190,0x1004e9000,R
0x40303c,0x1004ea000,R
0x40300c,0x1004eb000,R
0x403148,0x1004ec000,R
0x40312c,0x1004ed000,R
0x403160,0x1004ee000,W
0x403114,0x1004ef000,R
0x4031fc,0x1004f0000,R
0x403104,0x1004f1000,R
0x4030ac,0x1004f2000,W
0x4031c4,0x1004f3000,R
0x4030ec,0x1004f4000,W
0x403158,0x1004f5000,R
0x403070,0x1004f6000,R
0x403040,0x1004f7000,R
0x40312c,0x1004f8000,R
0x403154,0x1004f9000,R
0x4030a4,0x1004fa000,R
0x403150,0x1004fb000,R
0x403044,0x1004fc000,W
0x403128,0x1004fd000,R
0x4030a4,0x1004fe000,R
0x403040,0x1004ff000,W
0x4031ec,0x100500000,R
0x403138,0x100501000,R
0x403044,0x100502000,R
0x403114,0x100503000,R
0x403090,0x100504000,R
0x403028,0x100505000,R
0x403060,0x100506000,R
0x403058,0x100507000,R
0x4031fc,0x100508000,R
0x403148,0x100509000,R
0x403188,0x10050a000,R
0x4031cc,0x10050b000,R
0x4030d4,0x10050c000,R
0x403150,0x10050d000,R
0x403028,0x10050e000,R
0x4030e4,0x10050f000,R
0x40312c,0x100510000,R
0x403048,0x100511000,R
0x403030,0x100512000,R
0x4030b8,0x100513000,R
0x40319c,0x100514000,R
0x40318c,0x100515000,R
0x403074,0x100516000,R
0x403050,0x100517000,R
0x4031f0,0x100518000,R
0x4030a8,0x100519000,R
0x403048,0x10051a000,R
0x4030f0,0x10051b000,R
0x403188,0x10051c000,R
0x40318c,0x10051d000,R
0x4031f0,0x10051e000,R
0x403188,0x10051f000,R
0x403188,0x100520000,R
0x40304c,0x100521000,R
0x403140,0x100522000,R
0x4031d4,0x100523000,R
0x4031a4,0x100524000,W
0x40313c,0x100525000,R
0x40309c,0x100526000,R
0x403164,0x100527000,R
0x403098,0x100528000,R
0x403108,0x100529000,R
0x4031f4,0x10052a000,R
0x403104,0x10052b000,R
0x403168,0x10052c000,R
0x403178,0x10052d000,R
0x4031b4,0x10052e000,R
0x403134,0x10052f000,R
0x403074,0x100530000,R
0x4031a0,0x100531000,R
0x4031b8,0x100532000,R
0x4030b4,0x100533000,R
0x40314c,0x100534000,R
0x4031ec,0x100535000,R
0x40308c,0x100536000,R
0x40310c,0x100537000,R
0x4031e8,0x100538000,R
0x403004,0x100539000,R
0x4031e0,0x10053a000,R
0x403054,0x10053b000,R
0x403128,0x10053c000,W
0x4030e0,0x10053d000,R
0x40319c,0x10053e000,R
0x4031a0,0x10053f000,R
0x403188,0x100540000,R
0x403060,0x100541000,R
0x4030ec,0x100542000,R
0x403084,0x100543000,R
0x4030c0,0x100544000,R
0x4030f4,0x100545000,R
0x403060,0x100546000,R
0x4030d8,0x100547000,R
0x403128,0x100548000,R
0x4030b4,0x100549000,R
0x40314c,0x10054a000,R
0x4030b0,0x10054b000,R
0x4031b8,0x10054c000,R
0x403140,0x10054d000,W
0x403090,0x10054e000,R
0x403198,0x10054f000,R
0x40318c,0x100550000,R
0x403080,0x100551000,R
0x4030f0,0x100552000,R
0x403028,0x100553000,R
0x403084,0x100554000,R
0x40316c,0x100555000,R
0x403100,0x100556000,R
0x403118,0x100557000,R
0x4031ec,0x100558000,R
0x403150,0x100559000,R
0x403170,0x10055a000,R
0x40311c,0x10055b000,R
0x40312c,0x10055c000,R
0x4031b8,0x10055d000,R
0x40304c,0x10055e000,R
0x40307c,0x10055f000,R
0x403110,0x100560000,R
0x403030,0x100561000,R
0x403038,0x100562000,R
0x4031a0,0x100563000,R
0x403028,0x100564000,R
0x4031a4,0x100565000,R
0x403128,0x100566000,R
0x40308c,0x100567000,R
0x4030b0,0x100568000,R
0x403048,0x100569000,R
0x4030a4,0x10056a000,R
0x403130,0x10056b000,R
0x4031bc,0x10056c000,W
0x403050,0x10056d000,R
0x403034,0x10056e000,R
0x403040,0x10056f000,R
0x4030a4,0x100570000,R
0x4030f0,0x100571000,R
0x403084,0x100572000,R
0x4031dc,0x100573000,R
0x40318c,0x100574000,R
0x403160,0x100575000,R
0x4030b8,0x100576000,R
0x403090,0x100577000,R
0x403144,0x100578000,R
0x4031f8,0x100579000,R
0x403030,0x10057a000,R
0x403074,0x10057b000,R
0x4031e4,0x10057c000,R
0x403064,0x10057d000,R
0x403018,0x10057e000,R
0x403154,0x10057f000,R
0x4030f0,0x100580000,R
0x40307c,0x100581000,R
0x403084,0x100582000,R
0x4031f4,0x100583000,R
0x403004,0x100584000,R
0x4031cc,0x100585000,R
0x403164,0x100586000,R
0x4031b4,0x100587000,R
0x4030ac,0x100588000,R
0x403014,0x100589000,R
0x403038,0x10058a000,R
0x4030f8,0x10058b000,R
0x403094,0x10058c000,R
0x40306c,0x10058d000,R
0x403140,0x10058e000,R
0x403148,0x10058f000,R
0x403044,0x100590000,W
0x403098,0x100591000,R
0x403114,0x100592000,R
0x403174,0x100593000,R
0x4030cc,0x100594000,R
0x403160,0x100595000,W
0x4031e0,0x100596000,R
0x40312c,0x100597000,R
0x4031d4,0x100598000,R
0x4031cc,0x100599000,R
0x40303c,0x10059a000,R
0x403184,0x10059b000,R
0x4030f8,0x10059c000,R
0x40315c,0x10059d000,R
0x403038,0x10059e000,W
0x403060,0x10059f000,R
0x403184,0x1005a0000,R
0x403038,0x1005a1000,R
0x403050,0x1005a2000,R
0x4030e4,0x1005a3000,R
0x4031d4,0x1005a4000,R
0x403124,0x1005a5000,R
0x4030d4,0x1005a6000,R
0x403114,0x1005a7000,R
0x4030fc,0x1005a8000,R
0x40308c,0x1005a9000,R
0x4031b4,0x1005aa000,R
0x4030e4,0x1005ab000,W
0x4031f0,0x1005ac000,R
0x4031e8,0x1005ad000,R
0x403118,0x1005ae000,R
0x40308c,0x1005af000,R
0x4030bc,0x1005b0000,R
0x403170,0x1005b1000,R
0x40318c,0x1005b2000,R
0x4031ec,0x1005b3000,R
0x403068,0x1005b4000,R
0x403048,0x1005b5000,R
0x4030cc,0x1005b6000,R
0x40317c,0x1005b7000,R
0x40313c,0x1005b8000,R
0x403020,0x1005b9000,W
0x4031a4,0x1005ba000,R
0x403104,0x1005bb000,R
0x403198,0x1005bc000,R
0x403128,0x1005bd000,R
0x4030b8,0x1005be000,R
0x403138,0x1005bf000,R
0x403030,0x1005c0000,R
0x403034,0x1005c1000,R
0x4030a4,0x1005c2000,R
0x403084,0x1005c3000,R
0x403160,0x1005c4000,R
0x403178,0x1005c5000,R
0x403160,0x1005c6000,R
0x403064,0x1005c7000,R
0x403054,0x1005c8000,R
0x4030a8,0x1005c9000,R
0x403184,0x1005ca000,R
0x4031f0,0x1005cb000,R
0x403010,0x1005cc000,R
0x40315c,0x1005cd000,R
0x403030,0x1005ce000,R
0x403100,0x1005cf000,R
0x403118,0x1005d0000,R
0x4030c4,0x1005d1000,R
0x403094,0x1005d2000,R
0x403158,0x1005d3000,R
0x4030b8,0x1005d4000,R
0x403054,0x1005d5000,R
0x4030b0,0x1005d6000,W
0x403068,0x1005d7000,R
0x403168,0x1005d8000,R
0x403030,0x1005d9000,R
0x403164,0x1005da000,R
0x403000,0x1005db000,R
0x40317c,0x1005dc000,R
0x403018,0x1005dd000,R
0x403118,0x1005de000,R
0x403194,0x1005df000,R
0x4030e0,0x1005e0000,R
0x403148,0x1005e1000,R
0x403170,0x1005e2000,R
0x4030b4,0x1005e3000,R
0x4031fc,0x1005e4000,R
0x403090,0x1005e5000,R
0x4031d8,0x1005e6000,R
0x403150,0x1005e7000,R
0x403180,0x1005e8000,R
0x4031e0,0x1005e9000,R
0x4031c0,0x1005ea000,R
0x4031f8,0x1005eb000,R
0x403068,0x1005ec000,R
0x4031a4,0x1005ed000,R
0x403158,0x1005ee000,R
0x4030c0,0x1005ef000,R
0x4031e8,0x1005f0000,R
0x403028,0x1005f1000,R
0x40318c,0x1005f2000,R
0x4030ac,0x1005f3000,R
0x4030c4,0x1005f4000,R
0x403024,0x1005f5000,R
0x403158,0x1005f6000,R
0x403194,0x1005f7000,R
0x4031b8,0x1005f8000,R
0x403180,0x1005f9000,R
0x40319c,0x1005fa000,R
0x403140,0x1005fb000,R
0x403054,0x1005fc000,R
0x403170,0x1005fd000,R
0x4031cc,0x1005fe000,R
0x4030b8,0x1005ff000,R
0x403018,0x100600000,R
0x40309c,0x100601000,R
0x4030b8,0x100602000,R
0x4031ec,0x100603000,R
0x403044,0x100604000,R
0x403038,0x100605000,R
0x4031e0,0x100606000,R
0x403078,0x100607000,R
0x403018,0x100608000,R
0x4030b0,0x100609000,R
0x403064,0x10060a000,W
0x40304c,0x10060b000,R
0x403140,0x10060c000,R
0x403048,0x10060d000,R
0x403074,0x10060e000,R
0x40302c,0x10060f000,R
0x4031b4,0x100610000,R
0x403074,0x100611000,R
0x403098,0x100612000,R
0x403008,0x100613000,R
0x403104,0x100614000,R
0x4030b8,0x100615000,W
0x403008,0x100616000,R
0x4030c8,0x100617000,R
0x40314c,0x100618000,R
0x403198,0x100619000,R
0x403038,0x10061a000,R
0x403110,0x10061b000,R
0x4030fc,0x10061c000,R
0x403030,0x10061d000,R
0x4031c4,0x10061e000,R
0x4031c4,0x10061f000,W
0x403084,0x100620000,R
0x403018,0x100621000,R
0x4030b4,0x100622000,R
0x40316c,0x100623000,R
0x403088,0x100624000,R
0x403128,0x100625000,R
0x4030f4,0x100626000,W
0x4031f0,0x100627000,R
0x4030e8,0x100628000,R
0x403144,0x100629000,R
0x403034,0x10062a000,R
0x40319c,0x10062b000,R
0x4030c8,0x10062c000,R
0x4030d4,0x10062d000,R
0x403148,0x10062e000,R
0x4031e4,0x10062f000,R
0x403020,0x100630000,R
0x40312c,0x100631000,R
0x4030d8,0x100632000,R
0x4031e8,0x100633000,R
0x4030c8,0x100634000,R
0x4031ec,0x100635000,R
0x4031d4,0x100636000,R
0x40318c,0x100637000,W
0x40308c,0x100638000,R
0x403040,0x100639000,R
0x40301c,0x10063a000,R
0x403078,0x10063b000,R
0x403178,0x10063c000,R
0x403160,0x10063d000,R
0x403070,0x10063e000,R
0x4031e4,0x10063f000,R
0x403134,0x100640000,R
0x403014,0x100641000,R
0x403034,0x100642000,R
0x4031f0,0x100643000,R
0x403194,0x100644000,R
0x4031c8,0x100645000,R
0x4030b8,0x100646000,R
0x4031e8,0x100647000,R
0x403064,0x100648000,R
0x4030a0,0x100649000,R
0x4031f4,0x10064a000,R
0x4030f0,0x10064b000,R
0x4031ac,0x10064c000,R
0x4030d4,0x10064d000,R
0x40301c,0x10064e000,R
0x4030f8,0x10064f000,R
0x403160,0x100650000,R
0x40302c,0x100651000,R
0x403084,0x100652000,R
0x4031d0,0x100653000,R
0x403000,0x100654000,R
0x403194,0x100655000,R
0x4030cc,0x100656000,R
0x40304c,0x100657000,R
0x4031bc,0x100658000,R
0x4031e0,0x100659000,R
0x403064,0x10065a000,R
0x403174,0x10065b000,R
0x403154,0x10065c000,R
0x4030c0,0x10065d000,R
0x403000,0x10065e000,R
0x4031d8,0x10065f000,R
0x4031d0,0x100660000,W
0x4030d8,0x100661000,R
0x4030cc,0x100662000,R
0x403058,0x100663000,R
0x403110,0x100664000,R
0x403124,0x100665000,R
0x403010,0x100666000,R
0x403198,0x100667000,R
0x403198,0x100668000,W
0x403154,0x100669000,R
0x403024,0x10066a000,R
0x403070,0x10066b000,R
0x403160,0x10066c000,R
0x4031c8,0x10066d000,R
0x4030ac,0x10066e000,R
0x40317c,0x10066f000,R
0x403014,0x100670000,R
0x403050,0x100671000,R
0x403194,0x100672000,R
0x403184,0x100673000,R
0x403164,0x100674000,R
0x403004,0x100675000,R
0x40309c,0x100676000,R
0x403044,0x100677000,R
0x403064,0x100678000,R
0x403000,0x100679000,R
0x40301c,0x10067a000,W
0x403050,0x10067b000,R
0x4031f8,0x10067c000,R
0x4030f0,0x10067d000,R
0x403184,0x10067e000,R
0x403060,0x10067f000,R
0x403030,0x100680000,R
0x40300c,0x100681000,R
0x40311c,0x100682000,R
0x403078,0x100683000,R
0x403038,0x100684000,R
0x403080,0x100685000,R
0x403178,0x100686000,R
0x4031b4,0x100687000,R
0x40302c,0x100688000,R
0x40317c,0x100689000,R
0x403054,0x10068a000,R
0x4031a8,0x10068b000,R
0x403158,0x10068c000,R
0x4030e8,0x10068d000,R
0x4030b8,0x10068e000,R
0x40312c,0x10068f000,R
0x403178,0x100690000,R
0x4031f0,0x100691000,R
0x4031dc,0x100692000,R
0x4030a4,0x100693000,R
0x403000,0x100694000,R
0x40313c,0x100695000,R
0x403108,0x100696000,R
0x403024,0x100697000,R
0x4030b8,0x100698000,R
0x403150,0x100699000,R
0x403064,0x10069a000,R
0x4031c4,0x10069b000,R
0x403090,0x10069c000,R
0x40319c,0x10069d000,R
0x4031f8,0x10069e000,R
0x4030c0,0x10069f000,R
0x4030d8,0x1006a0000,R
0x4031a4,0x1006a1000,W
0x4030a8,0x1006a2000,R
0x4031f4,0x1006a3000,R
0x403138,0x1006a4000,R
0x4031ec,0x1006a5000,R
0x403028,0x1006a6000,R
0x403098,0x1006a7000,R
0x40310c,0x1006a8000,R
0x403044,0x1006a9000,R
0x4031fc,0x1006aa000,R
0x4031b0,0x1006ab000,R
0x40305c,0x1006ac000,R
0x4031b8,0x1006ad000,R
0x403070,0x1006ae000,R
0x4031d8,0x1006af000,R
0x4031fc,0x1006b0000,R
0x4031d8,0x1006b1000,R
0x403018,0x1006b2000,R
0x4031cc,0x1006b3000,R
0x403194,0x1006b4000,R
0x4030d8,0x1006b5000,R
0x4031a0,0x1006b6000,R
0x4031d4,0x1006b7000,R
0x4030a0,0x1006b8000,R
0x403060,0x1006b9000,R
0x4030f0,0x1006ba000,R
0x403108,0x1006bb000,R
0x403050,0x1006bc000,R
0x403108,0x1006bd000,R
0x4030b8,0x1006be000,R
0x403120,0x1006bf000,R
0x403070,0x1006c0000,R
0x403174,0x1006c1000,R
0x403068,0x1006c2000,R
0x40308c,0x1006c3000,R
0x40305c,0x1006c4000,R
0x4031a8,0x1006c5000,R
0x403120,0x1006c6000,R
0x40310c,0x1006c7000,R
0x4031bc,0x1006c8000,R
0x4030a4,0x1006c9000,R
0x403158,0x1006ca000,R
0x4031f4,0x1006cb000,W
0x403108,0x1006cc000,R
0x403064,0x1006cd000,R
0x4030ec,0x1006ce000,R
0x40311c,0x1006cf000,R
0x4031a8,0x1006d0000,R
0x40317c,0x1006d1000,R
0x403018,0x1006d2000,R
0x4030ec,0x1006d3000,R
0x403040,0x1006d4000,R
0x403168,0x1006d5000,R
0x40301c,0x1006d6000,R
0x40304c,0x1006d7000,R
0x403024,0x1006d8000,R
0x4031f0,0x1006d9000,R
0x4031a8,0x1006da000,R
0x403160,0x1006db000,R
0x4031f4,0x1006dc000,R
0x4030c0,0x1006dd000,R
0x4030ec,0x1006de000,R
0x4031c0,0x1006df000,R
0x4031d0,0x1006e0000,R
0x403014,0x1006e1000,R
0x4031b4,0x1006e2000,R
0x40309c,0x1006e3000,R
0x40301c,0x1006e4000,R
0x40302c,0x1006e5000,R
0x4031b8,0x1006e6000,R
0x4030a8,0x1006e7000,R
0x4031a8,0x1006e8000,R
0x4030cc,0x1006e9000,R
0x4030a0,0x1006ea000,R
0x403064,0x1006eb000,R
0x403020,0x1006ec000,R
0x403010,0x1006ed000,R
0x403184,0x1006ee000,R
0x4031bc,0x1006ef000,R
0x403098,0x1006f0000,R
0x4030d4,0x1006f1000,R
0x40314c,0x1006f2000,R
0x4031b8,0x1006f3000,R
0x4030d8,0x1006f4000,R
0x403034,0x1006f5000,R
0x4031f8,0x1006f6000,R
0x4030f8,0x1006f7000,R
0x4031a8,0x1006f8000,R
0x403180,0x1006f9000,R
0x403174,0x1006fa000,R
0x4030e0,0x1006fb000,W
0x403158,0x1006fc000,R
0x403150,0x1006fd000,R
0x403098,0x1006fe000,R
0x40311c,0x1006ff000,W
0x403174,0x100700000,R
0x4031e8,0x100701000,R
0x4031e0,0x100702000,R
0x403110,0x100703000,R
0x403010,0x100704000,R
0x4030b4,0x100705000,R
0x4031cc,0x100706000,R
0x403128,0x100707000,R
0x40309c,0x100708000,R
0x403098,0x100709000,R
0x4031a0,0x10070a000,R
0x4030a0,0x10070b000,R
0x40303c,0x10070c000,R
0x4030e8,0x10070d000,R
0x4031b8,0x10070e000,R
0x4030f8,0x10070f000,R
0x403020,0x100710000,R
0x403134,0x100711000,R
0x40307c,0x100712000,R
0x40314c,0x100713000,R
0x40302c,0x100714000,R
0x40300c,0x100715000,R
0x40315c,0x100716000,R
0x403068,0x100717000,R
0x4030f4,0x100718000,R
0x40313c,0x100719000,R
0x4030dc,0x10071a000,R
0x403128,0x10071b000,R
0x403088,0x10071c000,R
0x4030b0,0x10071d000,R
0x40304c,0x10071e000,R
0x4031d8,0x10071f000,R
0x40309c,0x100720000,W
0x40306c,0x100721000,R
0x403104,0x100722000,R
0x40307c,0x100723000,R
0x4031c4,0x100724000,R
0x403164,0x100725000,R
0x403100,0x100726000,R
0x4031d0,0x100727000,R
0x403138,0x100728000,R
0x403040,0x100729000,R
0x403118,0x10072a000,R
0x403014,0x10072b000,R
0x40315c,0x10072c000,R
0x4030ec,0x10072d000,R
0x403084,0x10072e000,R
0x403154,0x10072f000,R
0x4030e4,0x100730000,R
0x4030f8,0x100731000,R
0x4031a0,0x100732000,R
0x4031a0,0x100733000,R
0x4030fc,0x100734000,R
0x40314c,0x100735000,R
0x40319c,0x100736000,R
0x40312c,0x100737000,R
0x40301c,0x100738000,R
0x4031c0,0x100739000,R
0x4031e0,0x10073a000,R
0x40315c,0x10073b000,R
0x40305c,0x10073c000,R
0x403050,0x10073d000,R
0x40305c,0x10073e000,R
0x4030a0,0x10073f000,R
0x403108,0x100740000,R
0x4030b8,0x100741000,R
0x403104,0x100742000,R
0x40309c,0x100743000,W
0x403108,0x100744000,R
0x4030a4,0x100745000,R
0x4030d4,0x100746000,R
0x4031ec,0x100747000,R
0x403054,0x100748000,R
0x40300c,0x100749000,R
0x40303c,0x10074a000,R
0x40312c,0x10074b000,R
0x4031d8,0x10074c000,R
0x4031dc,0x10074d000,R
0x4030a8,0x10074e000,R
0x403090,0x10074f000,R
0x4030f4,0x100750000,R
0x403174,0x100751000,R
0x403138,0x100752000,W
0x4031ac,0x100753000,R
0x403194,0x100754000,R
0x403020,0x100755000,W
0x40309c,0x100756000,R
0x40314c,0x100757000,R
0x403024,0x100758000,R
0x403054,0x100759000,R
0x403084,0x10075a000,R
0x4031a8,0x10075b000,R
0x4030c0,0x10075c000,R
0x403104,0x10075d000,R
0x403178,0x10075e000,R
0x403020,0x10075f000,R
0x4030d4,0x100760000,W
0x403050,0x100761000,R
0x4031c0,0x100762000,R
0x403118,0x100763000,R
0x403084,0x100764000,R
0x403008,0x100765000,W
0x4030f4,0x100766000,R
0x403090,0x100767000,R
0x403078,0x100768000,R
0x4030f0,0x100769000,R
0x4030c0,0x10076a000,R
0x403140,0x10076b000,R
0x40308c,0x10076c000,R
0x4031f8,0x10076d000,R
0x403118,0x10076e000,R
0x403158,0x10076f000,R
0x4031c4,0x100770000,R
0x4031d8,0x100771000,R
0x4031c4,0x100772000,R
0x403154,0x100773000,R
0x4030e0,0x100774000,W
0x403158,0x100775000,R
0x40318c,0x100776000,R
0x403048,0x100777000,R
0x4030dc,0x100778000,R
0x403044,0x100779000,R
0x4031bc,0x10077a000,R
0x4030e0,0x10077b000,R
0x403158,0x10077c000,R
0x403184,0x10077d000,R
0x403148,0x10077e000,R
0x403190,0x10077f000,R
0x403074,0x100780000,R
0x403134,0x100781000,R
0x4031b8,0x100782000,R
0x4031e8,0x100783000,R
0x40309c,0x100784000,R
0x4030d0,0x100785000,R
0x403130,0x100786000,R
0x40308c,0x100787000,R
0x4030cc,0x100788000,W
0x403154,0x100789000,R
0x4031bc,0x10078a000,W
0x40319c,0x10078b000,R
0x40312c,0x10078c000,R
0x4030b0,0x10078d000,R
0x4031fc,0x10078e000,R
0x40316c,0x10078f000,R
0x403020,0x100790000,R
0x403020,0x100791000,R
0x4031f4,0x100792000,R
0x4030e4,0x100793000,R
0x403124,0x100794000,R
0x403018,0x100795000,W
0x4031fc,0x100796000,R
0x40314c,0x100797000,R
0x403068,0x100798000,R
0x4030dc,0x100799000,R
0x4031cc,0x10079a000,R
0x403040,0x10079b000,R
0x403180,0x10079c000,R
0x40316c,0x10079d000,R
0x403080,0x10079e000,R
0x403024,0x10079f000,R
0x403120,0x1007a0000,R
0x4031b0,0x1007a1000,R
0x4030c0,0x1007a2000,R
0x403178,0x1007a3000,R
0x403190,0x1007a4000,R
0x403068,0x1007a5000,R
0x403094,0x1007a6000,R
0x4031f4,0x1007a7000,R
0x4030fc,0x1007a8000,R
0x403070,0x1007a9000,R
0x403178,0x1007aa000,R
0x403174,0x1007ab000,R
0x40315c,0x1007ac000,R
0x403044,0x1007ad000,R
0x4031cc,0x1007ae000,R
0x403080,0x1007af000,R
0x40313c,0x1007b0000,R
0x4030f8,0x1007b1000,R
0x403170,0x1007b2000,R
0x4030d4,0x1007b3000,R
0x4030c4,0x1007b4000,R
0x403118,0x1007b5000,R
0x403004,0x1007b6000,R
0x403118,0x1007b7000,R
0x403110,0x1007b8000,R
0x40306c,0x1007b9000,R
0x4030b8,0x1007ba000,R
0x403140,0x1007bb000,R
0x40300c,0x1007bc000,R
0x4031f0,0x1007bd000,R
0x403110,0x1007be000,R
0x4030b8,0x1007bf000,R
0x4030cc,0x1007c0000,R
0x403098,0x1007c1000,R
0x4030a0,0x1007c2000,R
0x403068,0x1007c3000,W
0x4031cc,0x1007c4000,R
0x403118,0x1007c5000,R
0x403168,0x1007c6000,R
0x403100,0x1007c7000,R
0x403068,0x1007c8000,R
0x403178,0x1007c9000,R
0x4030fc,0x1007ca000,R
0x403160,0x1007cb000,R
0x4030ac,0x1007cc000,R
0x4031ac,0x1007cd000,R
0x4031ac,0x1007ce000,R
0x403158,0x1007cf000,R
0x4031f4,0x1007d0000,R
0x403150,0x1007d1000,R
0x4030ec,0x1007d2000,R
0x403140,0x1007d3000,R
0x40313c,0x1007d4000,R
0x40319c,0x1007d5000,R
0x4030c0,0x1007d6000,R
0x4031e0,0x1007d7000,R
0x40306c,0x1007d8000,R
0x403138,0x1007d9000,R
0x403138,0x1007da000,R
0x403004,0x1007db000,R
0x4030b8,0x1007dc000,R
0x4031c8,0x1007dd000,R
0x4031ac,0x1007de000,R
0x4030f8,0x1007df000,R
0x403030,0x1007e0000,R
0x4030d4,0x1007e1000,R
0x4031b0,0x1007e2000,R
0x403168,0x1007e3000,R
0x403064,0x1007e4000,R
0x403114,0x1007e5000,R
0x4030cc,0x1007e6000,R
0x4030d0,0x1007e7000,R
0x4030f8,0x1007e8000,R
0x4030e0,0x1007e9000,R
0x403044,0x1007ea000,R
0x403100,0x1007eb000,R
0x403098,0x1007ec000,R
0x4030e0,0x1007ed000,R
0x403170,0x1007ee000,R
0x403054,0x1007ef000,R
0x40315c,0x1007f0000,R
0x4031fc,0x1007f1000,R
0x403190,0x1007f2000,R
0x403180,0x1007f3000,R
0x403140,0x1007f4000,R
0x40311c,0x1007f5000,R
0x4030bc,0x1007f6000,R
0x403030,0x1007f7000,R
0x4030b8,0x1007f8000,R
0x40301c,0x1007f9000,R
0x403014,0x1007fa000,R
0x403068,0x1007fb000,R
0x4030a8,0x1007fc000,R
0x4031c4,0x1007fd000,R
0x40307c,0x1007fe000,R
0x4030c4,0x1007ff000,R
0x40313c,0x100000000,W
0x403160,0x100001000,R
0x4030dc,0x100002000,R
0x400110,0x100004000,R
0x400110,0x100006000,W
0x400030,0x100008000,R
0x4001a0,0x10000a000,R
0x400038,0x10000c000,R
0x400120,0x10000e000,W
0x4000e4,0x100010000,R
0x400054,0x100012000,R
0x400114,0x100014000,W
0x4000c0,0x100016000,R
0x400058,0x100018000,R
0x400090,0x10001a000,R
0x400178,0x10001c000,R
0x400180,0x10001e000,R
0x40008c,0x100020000,W
0x4001c0,0x100022000,R
0x4000f8,0x100024000,R
0x4000a8,0x100026000,R
0x400128,0x100028000,R
0x400098,0x10002a000,R
0x400020,0x10002c000,R
0x400024,0x10002e000,R
0x4000e0,0x100030000,R
0x4001bc,0x100032000,R
0x400170,0x100034000,R
0x4000a0,0x100036000,R
0x400044,0x100038000,R
0x400080,0x10003a000,R
0x40001c,0x10003c000,R
0x400084,0x10003e000,R
0x400110,0x100040000,R
0x4000a0,0x100042000,R
0x400064,0x100044000,R
0x40005c,0x100046000,R
0x4001e0,0x100048000,R
0x40009c,0x10004a000,R
0x400094,0x10004c000,R
0x400160,0x10004e000,R
0x4001e4,0x100050000,R
0x400024,0x100052000,R
0x400150,0x100054000,R
0x400134,0x100056000,R
0x400180,0x100058000,R
0x4001c4,0x10005a000,R
0x40004c,0x10005c000,R
0x400104,0x10005e000,R
0x400194,0x100060000,R
0x4001a0,0x100062000,R
0x400044,0x100064000,R
0x400160,0x100066000,R
0x400110,0x100068000,R
0x40013c,0x10006a000,R
0x400034,0x10006c000,R
0x400078,0x10006e000,R
0x400034,0x100070000,R
0x4000d4,0x100072000,R
0x400074,0x100074000,R
0x4000ac,0x100076000,R
0x40005c,0x100078000,R
0x40002c,0x10007a000,R
0x4001c8,0x10007c000,R
0x4000fc,0x10007e000,R
0x400194,0x100080000,R
0x400168,0x100082000,R
0x4001ec,0x100084000,R
0x400044,0x100086000,R
0x400094,0x100088000,R
0x400188,0x10008a000,R
0x400148,0x10008c000,W
0x400078,0x10008e000,R
0x4001ec,0x100090000,R
0x4001e8,0x100092000,R
0x400050,0x100094000,R
0x400110,0x100096000,R
0x400098,0x100098000,R
0x40003c,0x10009a000,R
0x400030,0x10009c000,R
0x400060,0x10009e000,R
0x400014,0x1000a0000,R
0x400130,0x1000a2000,R
0x4001d8,0x1000a4000,R
0x400178,0x1000a6000,R
0x4001b4,0x1000a8000,W
0x400084,0x1000aa000,R
0x4000a4,0x1000ac000,R
0x400078,0x1000ae000,R
0x400024,0x1000b0000,R
0x40000c,0x1000b2000,R
0x4000c0,0x1000b4000,R
0x40001c,0x1000b6000,R
0x400144,0x1000b8000,R
0x400064,0x1000ba000,R
0x400104,0x1000bc000,R
0x4001f4,0x1000be000,R
0x400158,0x1000c0000,R
0x400194,0x1000c2000,R
0x4001b0,0x1000c4000,R
0x400028,0x1000c6000,R
0x4000ac,0x1000c8000,R
0x4000c0,0x1000ca000,R
0x4001ec,0x1000cc000,R
0x4001ac,0x1000ce000,R
0x400100,0x1000d0000,R
0x400168,0x1000d2000,W
0x4000a4,0x1000d4000,R
0x40018c,0x1000d6000,R
0x4001ec,0x1000d8000,R
0x400110,0x1000da000,R
0x400048,0x1000dc000,R
0x400104,0x1000de000,R
0x4000f4,0x1000e0000,R
0x4000dc,0x1000e2000,R
0x400180,0x1000e4000,R
0x4001d0,0x1000e6000,R
0x400034,0x1000e8000,W
0x4001d8,0x1000ea000,R
0x40010c,0x1000ec000,R
0x400120,0x1000ee000,R
0x400070,0x1000f0000,R
0x400010,0x1000f2000,R
0x4000a0,0x1000f4000,R
0x400030,0x1000f6000,R
0x4001f4,0x1000f8000,R
0x4001c0,0x1000fa000,R
0x400020,0x1000fc000,R
0x400000,0x1000fe000,R
0x4000a8,0x100100000,R
0x4001f8,0x100102000,R
0x400020,0x100104000,R
0x4000f0,0x100106000,R
0x4001ac,0x100108000,R
0x400034,0x10010a000,R
0x400114,0x10010c000,R
0x400004,0x10010e000,R
0x4000a4,0x100110000,R
0x400174,0x100112000,R
0x4001a4,0x100114000,R
0x400060,0x100116000,R
0x400090,0x100118000,R
0x400188,0x10011a000,R
0x400064,0x10011c000,R
0x4000ac,0x10011e000,R
0x400194,0x100120000,R
0x40016c,0x100122000,R
0x400024,0x100124000,R
0x40015c,0x100126000,R
0x4001a4,0x100128000,R
0x40012c,0x10012a000,R
0x4001b4,0x10012c000,R
0x4001f8,0x10012e000,R
0x400144,0x100130000,R
0x400150,0x100132000,R
0x40008c,0x100134000,R
0x4001b8,0x100136000,R
0x4000b8,0x100138000,R
0x400160,0x10013a000,R
0x400134,0x10013c000,R
0x400118,0x10013e000,R
0x40002c,0x100140000,R
0x400164,0x100142000,R
0x4001f8,0x100144000,R
0x400184,0x100146000,R
0x400168,0x100148000,R
0x4000d4,0x10014a000,W
0x400058,0x10014c000,R
0x400168,0x10014e000,W
0x4000c8,0x100150000,R
0x40016c,0x100152000,R
0x400038,0x100154000,R
0x4001fc,0x100156000,W
0x4000e8,0x100158000,R
0x40016c,0x10015a000,R
0x400090,0x10015c000,R
0x400078,0x10015e000,R
0x400174,0x100160000,R
0x400190,0x100162000,R
0x400088,0x100164000,R
0x400044,0x100166000,R
0x400178,0x100168000,R
0x4000d8,0x10016a000,R
0x400184,0x10016c000,R
0x4000d8,0x10016e000,R
0x400028,0x100170000,R
0x4001f4,0x100172000,R
0x4000c4,0x100174000,R
0x4000ec,0x100176000,W
0x400038,0x100178000,R
0x400170,0x10017a000,R
0x400080,0x10017c000,R
0x4001b4,0x10017e000,R
0x400108,0x100180000,R
0x4000d0,0x100182000,R
0x4001e4,0x100184000,R
0x4001b0,0x100186000,R
0x4001d0,0x100188000,R
0x400090,0x10018a000,R
0x40007c,0x10018c000,W
0x400090,0x10018e000,R
0x400178,0x100190000,R
0x400154,0x100192000,R
0x40003c,0x100194000,R
0x400040,0x100196000,R
0x400044,0x100198000,R
0x400158,0x10019a000,R
0x4001f4,0x10019c000,R
0x400050,0x10019e000,R
0x400124,0x1001a0000,W
0x400058,0x1001a2000,R
0x40019c,0x1001a4000,R
0x4000a0,0x1001a6000,R
0x4000c0,0x1001a8000,R
0x4001e4,0x1001aa000,R
0x400160,0x1001ac000,R
0x40017c,0x1001ae000,R
0x400038,0x1001b0000,R
0x4000d4,0x1001b2000,R
0x4000c8,0x1001b4000,R
0x400090,0x1001b6000,R
0x400010,0x1001b8000,R
0x4001f4,0x1001ba000,R
0x4000c0,0x1001bc000,R
0x4000c4,0x1001be000,R
0x400154,0x1001c0000,R
0x400130,0x1001c2000,R
0x400080,0x1001c4000,R
0x4001cc,0x1001c6000,R
0x4001bc,0x1001c8000,R
0x4000c8,0x1001ca000,R
0x400078,0x1001cc000,R
0x40004c,0x1001ce000,R
0x400094,0x1001d0000,R
0x400180,0x1001d2000,R
0x40001c,0x1001d4000,R
0x400094,0x1001d6000,R
0x400164,0x1001d8000,R
0x4001ec,0x1001da000,R
0x400054,0x1001dc000,R
0x400170,0x1001de000,R
0x4000a0,0x1001e0000,R
0x400108,0x1001e2000,R
0x4000ac,0x1001e4000,R
0x40010c,0x1001e6000,R
0x4001c0,0x1001e8000,R
0x4001e4,0x1001ea000,R
0x400138,0x1001ec000,R
0x4001cc,0x1001ee000,R
0x4000b8,0x1001f0000,R
0x400064,0x1001f2000,R
0x4000bc,0x1001f4000,R
0x40009c,0x1001f6000,R
0x400058,0x1001f8000,W
0x400094,0x1001fa000,R
0x40012c,0x1001fc000,R
0x400194,0x1001fe000,W
0x4000bc,0x100200000,R
0x400074,0x100202000,R
0x400154,0x100204000,R
0x4000e0,0x100206000,R
0x4001d0,0x100208000,R
0x400170,0x10020a000,W
0x400184,0x10020c000,R
0x400138,0x10020e000,R
0x4001a0,0x100210000,R
0x400074,0x100212000,R
0x4001a8,0x100214000,R
0x400158,0x100216000,R
0x400124,0x100218000,R
0x400134,0x10021a000,W
0x400180,0x10021c000,R
0x400198,0x10021e000,R
0x40003c,0x100220000,R
0x4000d4,0x100222000,R
0x40010c,0x100224000,R
0x400094,0x100226000,R
0x40003c,0x100228000,R
0x40011c,0x10022a000,R
0x400004,0x10022c000,R
0x4001ec,0x10022e000,R
0x40010c,0x100230000,R
0x4001bc,0x100232000,R
0x4000d4,0x100234000,R
0x400144,0x100236000,R
0x400024,0x100238000,R
0x400024,0x10023a000,R
0x400080,0x10023c000,R
0x4000ac,0x10023e000,R
0x400138,0x100240000,R
0x400128,0x100242000,R
0x40003c,0x100244000,R
0x400048,0x100246000,R
0x4001fc,0x100248000,R
0x400044,0x10024a000,R
0x40009c,0x10024c000,W
0x400174,0x10024e000,R
0x4000bc,0x100250000,R
0x4001d4,0x100252000,R
0x4001d8,0x100254000,R
0x4001bc,0x100256000,R
0x4000f8,0x100258000,R
0x4000c0,0x10025a000,W
0x400138,0x10025c000,R
0x400128,0x10025e000,R
0x4001a4,0x100260000,R
0x4001c0,0x100262000,R
0x40006c,0x100264000,R
0x400098,0x100266000,R
0x400154,0x100268000,R
0x4001bc,0x10026a000,R
0x400094,0x10026c000,R
0x400000,0x10026e000,R
0x4001b8,0x100270000,R
0x4001c8,0x100272000,R
0x40011c,0x100274000,R
0x4000b0,0x100276000,R
0x400048,0x100278000,R
0x400064,0x10027a000,R
0x400148,0x10027c000,R
0x400000,0x10027e000,R
0x4000cc,0x100280000,R
0x400008,0x100282000,R
0x4001c0,0x100284000,R
0x40011c,0x100286000,R
0x400054,0x100288000,R
0x40012c,0x10028a000,R
0x4000ac,0x10028c000,R
0x4000a8,0x10028e000,R
0x400170,0x100290000,R
0x400018,0x100292000,R
0x4000e0,0x100294000,R
0x400164,0x100296000,R
0x400048,0x100298000,W
0x4001e8,0x10029a000,R
0x400080,0x10029c000,R
0x400120,0x10029e000,R
0x400058,0x1002a0000,R
0x40002c,0x1002a2000,R
0x4001a4,0x1002a4000,R
0x4000f0,0x1002a6000,R
0x400078,0x1002a8000,R
0x400050,0x1002aa000,R
0x400100,0x1002ac000,R
0x400038,0x1002ae000,R
0x4001a0,0x1002b0000,R
0x400064,0x1002b2000,R
0x400090,0x1002b4000,R
0x400190,0x1002b6000,R
0x4001c0,0x1002b8000,R
0x400118,0x1002ba000,R
0x4001e8,0x1002bc000,R
0x400158,0x1002be000,R
0x400198,0x1002c0000,R
0x4001e8,0x1002c2000,R
0x400178,0x1002c4000,R
0x400170,0x1002c6000,R
0x400034,0x1002c8000,R
0x400130,0x1002ca000,R
0x400110,0x1002cc000,R
0x40015c,0x1002ce000,R
0x4001c4,0x1002d0000,R
0x400090,0x1002d2000,R
0x400104,0x1002d4000,R
0x4000a0,0x1002d6000,R
0x400110,0x1002d8000,W
0x400148,0x1002da000,R
0x400084,0x1002dc000,R
0x4000f0,0x1002de000,R
0x400088,0x1002e0000,R
0x4001fc,0x1002e2000,R
0x400054,0x1002e4000,R
0x400028,0x1002e6000,R
0x400070,0x1002e8000,R
0x4000dc,0x1002ea000,R
0x4001bc,0x1002ec000,R
0x400154,0x1002ee000,R
0x40003c,0x1002f0000,R
0x4000c0,0x1002f2000,W
0x400018,0x1002f4000,R
0x4001c4,0x1002f6000,R
0x4000d8,0x1002f8000,W
0x400134,0x1002fa000,R
0x400044,0x1002fc000,R
0x400174,0x1002fe000,R
0x4000d0,0x100300000,R
0x400128,0x100302000,R
0x4001ec,0x100304000,R
0x4000d8,0x100306000,R
0x4000fc,0x100308000,R
0x400194,0x10030a000,R
0x40006c,0x10030c000,R
0x400164,0x10030e000,R
0x400084,0x100310000,R
0x40017c,0x100312000,R
0x4000d4,0x100314000,R
0x400154,0x100316000,R
0x400158,0x100318000,R
0x4000f0,0x10031a000,R
0x4001c0,0x10031c000,R
0x4000e4,0x10031e000,R
0x400140,0x100320000,R
0x4000e4,0x100322000,R
0x4000f8,0x100324000,R
0x400160,0x100326000,R
0x40006c,0x100328000,R
0x400090,0x10032a000,R
0x4000fc,0x10032c000,R
0x400044,0x10032e000,R
0x400094,0x100330000,R
0x400044,0x100332000,R
0x40018c,0x100334000,R
0x4000c4,0x100336000,R
0x40000c,0x100338000,R
0x40012c,0x10033a000,R
0x400134,0x10033c000,R
0x40001c,0x10033e000,R
0x400114,0x100340000,R
0x400154,0x100342000,W
0x4001cc,0x100344000,W
0x4000f4,0x100346000,R
0x400064,0x100348000,R
0x400024,0x10034a000,R
0x40003c,0x10034c000,R
0x4001fc,0x10034e000,R
0x400084,0x100350000,W
0x4001c8,0x100352000,R
0x400190,0x100354000,R
0x4000ac,0x100356000,R
0x4001e0,0x100358000,R
0x40018c,0x10035a000,W
0x4001c4,0x10035c000,R
0x400128,0x10035e000,R
0x400158,0x100360000,R
0x400128,0x100362000,R
0x400028,0x100364000,R
0x40003c,0x100366000,R
0x400074,0x100368000,R
0x40011c,0x10036a000,R
0x400034,0x10036c000,R
0x40010c,0x10036e000,R
0x40006c,0x100370000,R
0x400058,0x100372000,R
0x4001ec,0x100374000,R
0x4000ec,0x100376000,R
0x4000b0,0x100378000,R
0x400130,0x10037a000,R
0x4001b0,0x10037c000,R
0x400064,0x10037e000,R
0x40013c,0x100380000,R
0x400150,0x100382000,R
0x400150,0x100384000,W
0x400158,0x100386000,R
0x4001cc,0x100388000,R
0x400010,0x10038a000,W
0x400058,0x10038c000,R
0x4000b8,0x10038e000,R
0x40003c,0x100390000,R
0x400014,0x100392000,R
0x400040,0x100394000,R
0x4000bc,0x100396000,W
0x400130,0x100398000,R
0x4000c8,0x10039a000,R
0x400020,0x10039c000,R
0x400144,0x10039e000,R
0x400074,0x1003a0000,R
0x4001dc,0x1003a2000,R
0x4000b0,0x1003a4000,R
0x400090,0x1003a6000,R
0x400050,0x1003a8000,R
0x4001c8,0x1003aa000,R
0x4001f4,0x1003ac000,R
0x4001c4,0x1003ae000,R
0x4000d4,0x1003b0000,R
0x4001f4,0x1003b2000,R
0x4001dc,0x1003b4000,R
0x400004,0x1003b6000,R
0x400050,0x1003b8000,R
0x400134,0x1003ba000,R
0x4001f4,0x1003bc000,R
0x4001e0,0x1003be000,R
0x4000b4,0x1003c0000,W
0x4000e0,0x1003c2000,R
0x4001bc,0x1003c4000,R
0x4000b8,0x1003c6000,R
0x4000ec,0x1003c8000,R
0x4001f4,0x1003ca000,R
0x400164,0x1003cc000,R
0x4000a4,0x1003ce000,R
0x400190,0x1003d0000,R
0x400030,0x1003d2000,R
0x40012c,0x1003d4000,R
0x400040,0x1003d6000,R
0x4001b0,0x1003d8000,R
0x4001bc,0x1003da000,R
0x4001d0,0x1003dc000,R
0x40016c,0x1003de000,R
0x400070,0x1003e0000,R
0x4000cc,0x1003e2000,R
0x400104,0x1003e4000,R
0x400120,0x1003e6000,R
0x40013c,0x1003e8000,R
0x400088,0x1003ea000,R
0x40015c,0x1003ec000,R
0x400074,0x1003ee000,R
0x40002c,0x1003f0000,R
0x400174,0x1003f2000,R
0x400070,0x1003f4000,R
0x400068,0x1003f6000,R
0x400190,0x1003f8000,R
0x400070,0x1003fa000,R
0x40016c,0x1003fc000,W
0x400054,0x1003fe000,R
0x4000a4,0x100400000,R
0x4000f4,0x100402000,R
0x400048,0x100404000,R
0x4001c4,0x100406000,R
0x400038,0x100408000,R
0x400038,0x10040a000,R
0x4000b0,0x10040c000,R
0x400100,0x10040e000,R
0x4000b0,0x100410000,R
0x40001c,0x100412000,R
0x4000f4,0x100414000,R
0x4001b8,0x100416000,R
0x400144,0x100418000,R
0x400144,0x10041a000,R
0x400030,0x10041c000,R
0x4000cc,0x10041e000,R
0x400120,0x100420000,R
0x400050,0x100422000,R
0x4001c8,0x100424000,R
0x400020,0x100426000,R
0x400160,0x100428000,R
0x400194,0x10042a000,R
0x400170,0x10042c000,R
0x400180,0x10042e000,R
0x4000fc,0x100430000,R
0x400150,0x100432000,R
0x40012c,0x100434000,R
0x400198,0x100436000,R
0x400138,0x100438000,R
0x400108,0x10043a000,R
0x4001b4,0x10043c000,R
0x4001f4,0x10043e000,R
0x4000ec,0x100440000,R
0x400008,0x100442000,R
0x400184,0x100444000,R
0x40002c,0x100446000,W
0x4001e0,0x100448000,R
0x4000f4,0x10044a000,R
0x4000fc,0x10044c000,R
0x400134,0x10044e000,R
0x400164,0x100450000,R
0x400164,0x100452000,R
0x4001d8,0x100454000,R
0x400054,0x100456000,R
0x40000c,0x100458000,R
0x400110,0x10045a000,R
0x400034,0x10045c000,R
0x400034,0x10045e000,R
0x40017c,0x100460000,R
0x400020,0x100462000,R
0x4000d0,0x100464000,R
0x40009c,0x100466000,R
0x400178,0x100468000,R
0x4001a4,0x10046a000,R
0x4000dc,0x10046c000,R
0x40006c,0x10046e000,R
0x4001d4,0x100470000,R
0x40007c,0x100472000,R
0x40015c,0x100474000,R
0x4000b0,0x100476000,R
0x4000d8,0x100478000,R
0x400000,0x10047a000,R
0x400070,0x10047c000,R
0x400034,0x10047e000,R
0x4000c8,0x100480000,R
0x400018,0x100482000,R
0x400128,0x100484000,R
0x4000ac,0x100486000,R
0x400110,0x100488000,R
0x40002c,0x10048a000,R
0x4001e4,0x10048c000,R
0x4001a8,0x10048e000,R
0x400048,0x100490000,R
0x400004,0x100492000,R
0x4001c4,0x100494000,R
0x4000c0,0x100496000,R
0x400168,0x100498000,R
0x400028,0x10049a000,R
0x4001ac,0x10049c000,R
0x40006c,0x10049e000,R
0x40006c,0x1004a0000,R
0x4000a8,0x1004a2000,R
0x400140,0x1004a4000,W
0x40007c,0x1004a6000,R
0x400198,0x1004a8000,R
0x4001b8,0x1004aa000,R
0x400098,0x1004ac000,R
0x40009c,0x1004ae000,R
0x400070,0x1004b0000,R
0x4001bc,0x1004b2000,R
0x40015c,0x1004b4000,R
0x400138,0x1004b6000,R
0x400014,0x1004b8000,R
0x400124,0x1004ba000,R
0x400128,0x1004bc000,R
0x400030,0x1004be000,R
0x400104,0x1004c0000,R
0x400094,0x1004c2000,R
0x400198,0x1004c4000,R
0x400060,0x1004c6000,R
0x4000e8,0x1004c8000,R
0x400018,0x1004ca000,R
0x4001ac,0x1004cc000,R
0x4001c4,0x1004ce000,R
0x400140,0x1004d0000,R
0x4000bc,0x1004d2000,R
0x4000a0,0x1004d4000,R
0x4001fc,0x1004d6000,R
0x4001e4,0x1004d8000,R
0x4001f4,0x1004da000,R
0x400100,0x1004dc000,R
0x400158,0x1004de000,R
0x4001a0,0x1004e0000,R
0x4000dc,0x1004e2000,R
0x40005c,0x1004e4000,R
0x400094,0x1004e6000,R
0x400098,0x1004e8000,R
0x4001bc,0x1004ea000,R
0x400020,0x1004ec000,R
0x40003c,0x1004ee000,R
0x400070,0x1004f0000,R
0x40016c,0x1004f2000,R
0x4001f8,0x1004f4000,R
0x400178,0x1004f6000,R
0x4000a4,0x1004f8000,R
0x400108,0x1004fa000,W
0x4000b8,0x1004fc000,R
0x4001d4,0x1004fe000,R
0x400198,0x100500000,R
0x4001c8,0x100502000,R
0x40009c,0x100504000,R
0x4001e4,0x100506000,R
0x4000dc,0x100508000,R
0x4000fc,0x10050a000,R
0x40002c,0x10050c000,R
0x400078,0x10050e000,R
0x400010,0x100510000,R
0x400060,0x100512000,R
0x4001d8,0x100514000,R
0x4001dc,0x100516000,W
0x40004c,0x100518000,R
0x4001ec,0x10051a000,R
0x4000f4,0x10051c000,R
0x400048,0x10051e000,R
0x400090,0x100520000,R
0x4000f0,0x100522000,R
0x40006c,0x100524000,W
0x400100,0x100526000,R
0x400190,0x100528000,R
0x400104,0x10052a000,R
0x4000f4,0x10052c000,R
0x400038,0x10052e000,R
0x400018,0x100530000,R
0x4001ac,0x100532000,W
0x4000f0,0x100534000,R
0x4000b0,0x100536000,R
0x400160,0x100538000,R
0x4001e8,0x10053a000,R
0x4001cc,0x10053c000,R
0x4001f8,0x10053e000,R
0x400024,0x100540000,R
0x400114,0x100542000,R
0x4000cc,0x100544000,R
0x400134,0x100546000,R
0x400118,0x100548000,R
0x40004c,0x10054a000,R
0x400084,0x10054c000,R
0x4001ec,0x10054e000,R
0x400050,0x100550000,R
0x400188,0x100552000,R
0x4001d0,0x100554000,R
0x40002c,0x100556000,R
0x400188,0x100558000,R
0x400030,0x10055a000,R
0x400184,0x10055c000,R
0x4001a4,0x10055e000,R
0x4000c4,0x100560000,R
0x4000c8,0x100562000,R
0x40006c,0x100564000,R
0x4000f0,0x100566000,R
0x4000f0,0x100568000,R
0x4000f0,0x10056a000,R
0x400150,0x10056c000,R
0x4001a8,0x10056e000,R
0x4001b8,0x100570000,R
0x400128,0x100572000,R
0x4001f4,0x100574000,R
0x400058,0x100576000,R
0x400178,0x100578000,W
0x4000dc,0x10057a000,R
0x400088,0x10057c000,R
0x400004,0x10057e000,R
0x4000e0,0x100580000,R
0x400110,0x100582000,R
0x40013c,0x100584000,R
0x400104,0x100586000,R
0x400084,0x100588000,R
0x400074,0x10058a000,R
0x4000a4,0x10058c000,R
0x4001a8,0x10058e000,R
0x400034,0x100590000,R
0x40004c,0x100592000,R
0x4000e0,0x100594000,R
0x400048,0x100596000,R
0x4001e4,0x100598000,R
0x400160,0x10059a000,R
0x400074,0x10059c000,R
0x4001d8,0x10059e000,R
0x400018,0x1005a0000,R
0x40008c,0x1005a2000,R
0x4001b4,0x1005a4000,R
0x400054,0x1005a6000,R
0x400050,0x1005a8000,R
0x400124,0x1005aa000,R
0x4001e4,0x1005ac000,R
0x4000d8,0x1005ae000,R
0x4000d0,0x1005b0000,R
0x400120,0x1005b2000,R
0x400118,0x1005b4000,R
0x400094,0x1005b6000,R
0x4001f8,0x1005b8000,R
0x400154,0x1005ba000,R
0x400118,0x1005bc000,R
0x4001c4,0x1005be000,R
0x400000,0x1005c0000,R
0x40013c,0x1005c2000,R
0x400134,0x1005c4000,R
0x4000f0,0x1005c6000,R
0x400064,0x1005c8000,R
0x400184,0x1005ca000,R
0x4000e4,0x1005cc000,R
0x4001fc,0x1005ce000,R
0x4000c0,0x1005d0000,R
0x4001a0,0x1005d2000,R
0x400174,0x1005d4000,R
0x4000b8,0x1005d6000,R
0x4000b0,0x1005d8000,R
0x4000a0,0x1005da000,R
0x40000c,0x1005dc000,R
0x400160,0x1005de000,R
0x4001b8,0x1005e0000,R
0x40006c,0x1005e2000,R
0x40014c,0x1005e4000,R
0x4000a8,0x1005e6000,R
0x4000d4,0x1005e8000,R
0x40018c,0x1005ea000,R
0x4000e4,0x1005ec000,R
0x400140,0x1005ee000,R
0x4001b4,0x1005f0000,R
0x4001ac,0x1005f2000,R
0x4000c4,0x1005f4000,R
0x4001ec,0x1005f6000,R
0x40003c,0x1005f8000,R
0x400038,0x1005fa000,R
0x400084,0x1005fc000,R
0x400130,0x1005fe000,R
0x4000bc,0x100600000,R
0x400174,0x100602000,R
0x400014,0x100604000,R
0x4000f0,0x100606000,R
0x4000cc,0x100608000,R
0x4000ec,0x10060a000,R
0x4000bc,0x10060c000,R
0x400040,0x10060e000,R
0x40012c,0x100610000,W
0x4000f4,0x100612000,W
0x400018,0x100614000,R
0x400164,0x100616000,R
0x40001c,0x100618000,R
0x400018,0x10061a000,R
0x4001c8,0x10061c000,R
0x4000d8,0x10061e000,R
0x40018c,0x100620000,R
0x4001c8,0x100622000,R
0x400110,0x100624000,R
0x4001b4,0x100626000,R
0x40003c,0x100628000,R
0x4001e8,0x10062a000,R
0x400144,0x10062c000,R
0x4000c0,0x10062e000,R
0x4001b4,0x100630000,R
0x4001a8,0x100632000,R
0x4000f0,0x100634000,R
0x4000dc,0x100636000,R
0x400038,0x100638000,R
0x4000a0,0x10063a000,R
0x400068,0x10063c000,R
0x400080,0x10063e000,R
0x4001c8,0x100640000,R
0x400170,0x100642000,R
0x4000e0,0x100644000,R
0x400034,0x100646000,R
0x400014,0x100648000,R
0x40002c,0x10064a000,R
0x4001a4,0x10064c000,R
0x400070,0x10064e000,R
0x40005c,0x100650000,R
0x400100,0x100652000,R
0x4001d8,0x100654000,R
0x400078,0x100656000,R
0x4000f0,0x100658000,R
0x400178,0x10065a000,R
0x4001f4,0x10065c000,R
0x400114,0x10065e000,R
0x400060,0x100660000,R
0x4000a8,0x100662000,R
0x4001c4,0x100664000,R
0x400188,0x100666000,R
0x40016c,0x100668000,R
0x4000b0,0x10066a000,R
0x400084,0x10066c000,R
0x400010,0x10066e000,R
0x4001c0,0x100670000,R
0x400008,0x100672000,R
0x400180,0x100674000,R
0x4000f0,0x100676000,W
0x40014c,0x100678000,R
0x40000c,0x10067a000,R
0x400080,0x10067c000,R
0x4001c8,0x10067e000,R
0x40009c,0x100680000,R
0x40004c,0x100682000,R
0x40018c,0x100684000,R
0x400074,0x100686000,R
0x400088,0x100688000,R
0x400064,0x10068a000,R
0x400078,0x10068c000,R
0x4001f0,0x10068e000,W
0x400154,0x100690000,R
0x40008c,0x100692000,R
0x4001d4,0x100694000,R
0x4001f4,0x100696000,R
0x4001e8,0x100698000,R
0x400140,0x10069a000,R
0x400148,0x10069c000,R
0x40019c,0x10069e000,R
0x400130,0x1006a0000,R
0x40002c,0x1006a2000,R
0x400118,0x1006a4000,R
0x40002c,0x1006a6000,R
0x400130,0x1006a8000,R
0x400084,0x1006aa000,R
0x4000cc,0x1006ac000,R
0x400160,0x1006ae000,R
0x400060,0x1006b0000,R
0x400104,0x1006b2000,R
0x400058,0x1006b4000,R
0x40001c,0x1006b6000,R
0x40004c,0x1006b8000,R
0x4001b0,0x1006ba000,R
0x40006c,0x1006bc000,R
0x400078,0x1006be000,R
0x400168,0x1006c0000,R
0x400078,0x1006c2000,R
0x40012c,0x1006c4000,R
0x4000c8,0x1006c6000,R
0x40004c,0x1006c8000,R
0x400158,0x1006ca000,R
0x40000c,0x1006cc000,R
0x4001e4,0x1006ce000,R
0x4001f8,0x1006d0000,R
0x4001c8,0x1006d2000,R
0x4000b4,0x1006d4000,W
0x400000,0x1006d6000,R
0x4000d8,0x1006d8000,R
0x40002c,0x1006da000,R
0x4001fc,0x1006dc000,R
0x40008c,0x1006de000,R
0x400064,0x1006e0000,R
0x4000d4,0x1006e2000,R
0x400114,0x1006e4000,R
0x400150,0x1006e6000,R
0x400148,0x1006e8000,R
0x400130,0x1006ea000,R
0x40019c,0x1006ec000,W
0x4001b4,0x1006ee000,W
0x400038,0x1006f0000,R
0x400000,0x1006f2000,R
0x40015c,0x1006f4000,R
0x400088,0x1006f6000,R
0x400084,0x1006f8000,R
0x40014c,0x1006fa000,R
0x40008c,0x1006fc000,W
0x400058,0x1006fe000,R
0x400010,0x100700000,R
0x4001c4,0x100702000,R
0x400164,0x100704000,R
0x400084,0x100706000,R
0x400004,0x100708000,W
0x400054,0x10070a000,R
0x40011c,0x10070c000,R
0x4000b0,0x10070e000,R
0x4000d8,0x100710000,R
0x4000a0,0x100712000,R
0x4000dc,0x100714000,R
0x4001ac,0x100716000,R
0x400154,0x100718000,R
0x4001a8,0x10071a000,R
0x4001a8,0x10071c000,R
0x400154,0x10071e000,R
0x40014c,0x100720000,R
0x4001ec,0x100722000,R
0x400188,0x100724000,R
0x400008,0x100726000,R
0x400050,0x100728000,R
0x400024,0x10072a000,R
0x4001e0,0x10072c000,R
0x4000b0,0x10072e000,R
0x400130,0x100730000,R
0x4000e0,0x100732000,R
0x4001b4,0x100734000,R
0x4001cc,0x100736000,R
0x400000,0x100738000,R
0x400188,0x10073a000,R
0x4000a8,0x10073c000,R
0x4001c0,0x10073e000,R
0x4001c0,0x100740000,R
0x400188,0x100742000,R
0x4000b4,0x100744000,R
0x400110,0x100746000,R
0x40019c,0x100748000,R
0x4000b8,0x10074a000,R
0x400008,0x10074c000,R
0x4000d8,0x10074e000,R
0x4001bc,0x100750000,R
0x400064,0x100752000,R
0x400004,0x100754000,R
0x4001d4,0x100756000,R
0x400148,0x100758000,R
0x400168,0x10075a000,R
0x400058,0x10075c000,R
0x400050,0x10075e000,R
0x4001a8,0x100760000,R
0x400060,0x100762000,R
0x400090,0x100764000,R
0x400178,0x100766000,R
0x4001f0,0x100768000,R
0x400164,0x10076a000,R
0x400000,0x10076c000,R
0x400164,0x10076e000,R
0x4001e0,0x100770000,R
0x40003c,0x100772000,R
0x400010,0x100774000,R
0x400140,0x100776000,R
0x400168,0x100778000,R
0x400014,0x10077a000,R
0x400100,0x10077c000,R
0x400014,0x10077e000,R
0x400148,0x100780000,R
0x400034,0x100782000,R
0x400038,0x100784000,R
0x40000c,0x100786000,R
0x400018,0x100788000,R
0x40019c,0x10078a000,R
0x400128,0x10078c000,R
0x4001b8,0x10078e000,R
0x4001e8,0x100790000,R
0x400108,0x100792000,R
0x400160,0x100794000,R
0x400074,0x100796000,R
0x400028,0x100798000,R
0x40014c,0x10079a000,R
0x400088,0x10079c000,R
0x400164,0x10079e000,R
0x4001ac,0x1007a0000,R
0x4000a4,0x1007a2000,R
0x40009c,0x1007a4000,R
0x400004,0x1007a6000,R
0x400158,0x1007a8000,R
0x400148,0x1007aa000,R
0x40002c,0x1007ac000,R
0x4000b8,0x1007ae000,R
0x4001f4,0x1007b0000,R
0x4000f8,0x1007b2000,R
0x400018,0x1007b4000,R
0x4000a4,0x1007b6000,R
0x400128,0x1007b8000,R
0x400088,0x1007ba000,R
0x4000c8,0x1007bc000,R
0x4001f8,0x1007be000,R
0x400028,0x1007c0000,R
0x4001b4,0x1007c2000,R
0x4001dc,0x1007c4000,R
0x4000d4,0x1007c6000,R
0x40000c,0x1007c8000,R
0x400068,0x1007ca000,R
0x400018,0x1007cc000,R
0x400034,0x1007ce000,R
0x4001c4,0x1007d0000,R
0x4001c8,0x1007d2000,R
0x400038,0x1007d4000,R
0x400190,0x1007d6000,R
0x4000cc,0x1007d8000,R
0x40019c,0x1007da000,R
0x4001e0,0x1007dc000,R
0x400044,0x1007de000,R
0x400194,0x1007e0000,R
0x4000cc,0x1007e2000,R
0x40001c,0x1007e4000,R
0x400088,0x1007e6000,R
0x400084,0x1007e8000,R
0x400048,0x1007ea000,R
0x4000d0,0x1007ec000,R
0x4001e8,0x1007ee000,R
0x400060,0x1007f0000,W
0x4001a0,0x1007f2000,R
0x400070,0x1007f4000,R
0x4000e8,0x1007f6000,R
0x4001d0,0x1007f8000,W
0x400078,0x1007fa000,R
0x4000b0,0x1007fc000,R
0x4001d4,0x1007fe000,R
0x4000ec,0x100000000,R
0x400108,0x100002000,R
0x4000e8,0x100004000,R
0x400150,0x100006000,R
0x400174,0x100008000,R
0x400154,0x10000a000,R
0x400084,0x10000c000,R
0x40002c,0x10000e000,R
0x4000d4,0x100010000,R
0x400158,0x100012000,R
0x4001d8,0x100014000,R
0x40007c,0x100016000,R
0x400088,0x100018000,R
0x4000dc,0x10001a000,R
0x400048,0x10001c000,R
0x4000c0,0x10001e000,R
0x400050,0x100020000,R
0x40007c,0x100022000,R
0x4000b0,0x100024000,R
0x4001a8,0x100026000,R
0x400100,0x100028000,R
0x400020,0x10002a000,R
0x4000f4,0x10002c000,R
0x400138,0x10002e000,R
0x400154,0x100030000,R
0x400188,0x100032000,R
0x4001a4,0x100034000,R
0x400054,0x100036000,R
0x40010c,0x100038000,R
0x400088,0x10003a000,R
0x40002c,0x10003c000,R
0x400184,0x10003e000,R
0x4001d4,0x100040000,R
0x400114,0x100042000,R
0x400194,0x100044000,R
0x40014c,0x100046000,R
0x40002c,0x100048000,R
0x400000,0x10004a000,R
0x4001d4,0x10004c000,R
0x400094,0x10004e000,R
0x40005c,0x100050000,R
0x400018,0x100052000,R
0x40017c,0x100054000,R
0x40019c,0x100056000,R
0x400144,0x100058000,W
0x40006c,0x10005a000,R
0x4000d4,0x10005c000,R
0x40019c,0x10005e000,R
0x4001c0,0x100060000,R
0x4001b0,0x100062000,R
0x4000f4,0x100064000,R
0x4000b0,0x100066000,R
0x4000ec,0x100068000,R
0x400124,0x10006a000,R
0x400090,0x10006c000,R
0x400070,0x10006e000,R
0x40009c,0x100070000,R
0x400110,0x100072000,R
0x40005c,0x100074000,R
0x4000c0,0x100076000,R
0x400118,0x100078000,R
0x40004c,0x10007a000,R
0x400188,0x10007c000,R
0x400168,0x10007e000,R
0x400020,0x100080000,R
0x400008,0x100082000,R
0x4001bc,0x100084000,R
0x4000b0,0x100086000,R
0x4000f8,0x100088000,R
0x4000b8,0x10008a000,R
0x4000fc,0x10008c000,R
0x4001f8,0x10008e000,R
0x4000d0,0x100090000,R
0x4001b4,0x100092000,R
0x400030,0x100094000,R
0x400114,0x100096000,R
0x40004c,0x100098000,R
0x400074,0x10009a000,R
0x400034,0x10009c000,R
0x40014c,0x10009e000,R
0x400194,0x1000a0000,R
0x4000b8,0x1000a2000,R
0x400050,0x1000a4000,R
0x4001d8,0x1000a6000,R
0x400150,0x1000a8000,R
0x400028,0x1000aa000,W
0x400150,0x1000ac000,R
0x400084,0x1000ae000,R
0x400110,0x1000b0000,R
0x4001e8,0x1000b2000,R
0x400050,0x1000b4000,R
0x400020,0x1000b6000,R
0x4000d0,0x1000b8000,R
0x400060,0x1000ba000,R
0x4001a8,0x1000bc000,R
0x40002c,0x1000be000,R
0x4000d8,0x1000c0000,R
0x400194,0x1000c2000,R
0x40014c,0x1000c4000,R
0x400158,0x1000c6000,R
0x4001ac,0x1000c8000,R
0x4000c0,0x1000ca000,R
0x40002c,0x1000cc000,R
0x40018c,0x1000ce000,R
0x4001c4,0x1000d0000,R
0x400098,0x1000d2000,R
0x4000cc,0x1000d4000,R
0x4001c4,0x1000d6000,R
0x40012c,0x1000d8000,R
0x4001bc,0x1000da000,R
0x400048,0x1000dc000,R
0x400110,0x1000de000,R
0x4001f0,0x1000e0000,W
0x40011c,0x1000e2000,R
0x400134,0x1000e4000,R
0x400140,0x1000e6000,R
0x400040,0x1000e8000,R
0x40015c,0x1000ea000,R
0x400094,0x1000ec000,R
0x400138,0x1000ee000,R
0x400158,0x1000f0000,R
0x4000e4,0x1000f2000,R
0x400194,0x1000f4000,W
0x40009c,0x1000f6000,R
0x400084,0x1000f8000,R
0x4001c8,0x1000fa000,R
0x400148,0x1000fc000,R
0x40004c,0x1000fe000,R
0x400078,0x100100000,R
0x400064,0x100102000,R
0x4000d4,0x100104000,R
0x4000f4,0x100106000,R
0x4000c8,0x100108000,R
0x4001f8,0x10010a000,R
0x4000e4,0x10010c000,R
0x4001c4,0x10010e000,R
0x40019c,0x100110000,R
0x4001b8,0x100112000,R
0x400020,0x100114000,R
0x40002c,0x100116000,R
0x400164,0x100118000,R
0x4000c4,0x10011a000,R
0x400074,0x10011c000,R
0x400094,0x10011e000,R
0x40004c,0x100120000,R
0x400114,0x100122000,R
0x400088,0x100124000,W
0x40015c,0x100126000,R
0x4000a0,0x100128000,R
0x400130,0x10012a000,R
0x40011c,0x10012c000,R
0x40002c,0x10012e000,R
0x400058,0x100130000,R
0x400014,0x100132000,R
0x400128,0x100134000,R
0x400160,0x100136000,R
0x4000f4,0x100138000,R
0x400080,0x10013a000,R
0x40009c,0x10013c000,R
0x400054,0x10013e000,R
0x4001b8,0x100140000,R
0x400004,0x100142000,R
0x400084,0x100144000,R
0x4000f0,0x100146000,R
0x400080,0x100148000,R
0x4000c4,0x10014a000,R
0x4001cc,0x10014c000,R
0x40003c,0x10014e000,R
0x400018,0x100150000,R
0x400180,0x100152000,R
0x400178,0x100154000,R
0x40008c,0x100156000,R
0x4001c8,0x100158000,R
0x400020,0x10015a000,R
0x400068,0x10015c000,R
0x40016c,0x10015e000,R
0x4000a8,0x100160000,R
0x400090,0x100162000,W
0x4000b4,0x100164000,R
0x4001c0,0x100166000,R
0x4000e8,0x100168000,R
0x4001bc,0x10016a000,R
0x400000,0x10016c000,R
0x400174,0x10016e000,R
0x4000dc,0x100170000,R
0x400134,0x100172000,R
0x40004c,0x100174000,R
0x400004,0x100176000,R
0x4001dc,0x100178000,R
0x400108,0x10017a000,R
0x400090,0x10017c000,W
0x400180,0x10017e000,R
0x400168,0x100180000,R
0x400000,0x100182000,R
0x400010,0x100184000,R
0x4001c0,0x100186000,R
0x400178,0x100188000,R
0x400158,0x10018a000,R
0x40015c,0x10018c000,R
0x40019c,0x10018e000,R
0x40009c,0x100190000,R
0x400154,0x100192000,R
0x400140,0x100194000,R
0x400098,0x100196000,W
0x4000d8,0x100198000,R
0x4000b4,0x10019a000,R
0x4000e0,0x10019c000,R
0x400194,0x10019e000,R
0x4000b4,0x1001a0000,R
0x4000e0,0x1001a2000,R
0x4000f4,0x1001a4000,W
0x40018c,0x1001a6000,R
0x400008,0x1001a8000,R
0x4000b4,0x1001aa000,R
0x400004,0x1001ac000,R
0x400038,0x1001ae000,R
0x4001b0,0x1001b0000,R
0x4000ac,0x1001b2000,R
0x400134,0x1001b4000,R
0x400078,0x1001b6000,R
0x400174,0x1001b8000,R
0x400034,0x1001ba000,R
0x4000c4,0x1001bc000,R
0x4000b8,0x1001be000,R
0x400060,0x1001c0000,R
0x400130,0x1001c2000,R
0x40002c,0x1001c4000,R
0x4000a4,0x1001c6000,R
0x4001ec,0x1001c8000,R
0x400018,0x1001ca000,R
0x400034,0x1001cc000,R
0x4001c4,0x1001ce000,R
0x4001e8,0x1001d0000,R
0x4001e8,0x1001d2000,R
0x400164,0x1001d4000,R
0x400120,0x1001d6000,R
0x400094,0x1001d8000,R
0x400098,0x1001da000,R
0x4001b0,0x1001dc000,R
0x400098,0x1001de000,R
0x4000f4,0x1001e0000,R
0x400008,0x1001e2000,R
0x400008,0x1001e4000,R
0x40005c,0x1001e6000,W
0x400038,0x1001e8000,R
0x400058,0x1001ea000,R
0x400018,0x1001ec000,R
0x400198,0x1001ee000,W
0x400020,0x1001f0000,R
0x40003c,0x1001f2000,R
0x400164,0x1001f4000,R
0x400070,0x1001f6000,W
0x4000a8,0x1001f8000,R
0x40010c,0x1001fa000,R
0x4000d4,0x1001fc000,R
0x400130,0x1001fe000,R
0x400108,0x100200000,R
0x400010,0x100202000,R
0x4000f0,0x100204000,R
0x400104,0x100206000,R
0x400118,0x100208000,R
0x4001f4,0x10020a000,R
0x4001d0,0x10020c000,R
0x400040,0x10020e000,R
0x400130,0x100210000,R
0x400174,0x100212000,R
0x400114,0x100214000,R
0x400068,0x100216000,R
0x40002c,0x100218000,R
0x4000fc,0x10021a000,R
0x4001a0,0x10021c000,W
0x40018c,0x10021e000,R
0x400038,0x100220000,R
0x40012c,0x100222000,R
0x400110,0x100224000,R
0x400130,0x100226000,R
0x40012c,0x100228000,R
0x4000bc,0x10022a000,R
0x400174,0x10022c000,R
0x400120,0x10022e000,R
0x4000a0,0x100230000,R
0x40008c,0x100232000,R
0x40004c,0x100234000,R
0x400180,0x100236000,R
0x4001e8,0x100238000,R
0x400144,0x10023a000,R
0x4001b4,0x10023c000,R
0x400060,0x10023e000,R
0x4001d4,0x100240000,R
0x4001b4,0x100242000,W
0x400150,0x100244000,R
0x400010,0x100246000,R
0x400070,0x100248000,R
0x4000a4,0x10024a000,R
0x400108,0x10024c000,R
0x4001b0,0x10024e000,R
0x400028,0x100250000,R
0x4000fc,0x100252000,R
0x4000e4,0x100254000,R
0x40018c,0x100256000,R
0x40016c,0x100258000,R
0x400130,0x10025a000,R
0x400100,0x10025c000,R
0x400030,0x10025e000,R
0x4000d4,0x100260000,R
0x4000c8,0x100262000,R
0x4001a8,0x100264000,R
0x4001c0,0x100266000,R
0x400068,0x100268000,R
0x4000d4,0x10026a000,R
0x400068,0x10026c000,R
0x4001bc,0x10026e000,R
0x400118,0x100270000,W
0x4000a4,0x100272000,R
0x400058,0x100274000,R
0x4001f0,0x100276000,R
0x400048,0x100278000,R
0x4001f8,0x10027a000,R
0x400104,0x10027c000,R
0x4001ec,0x10027e000,R
0x4001c8,0x100280000,R
0x4000b4,0x100282000,R
0x40002c,0x100284000,R
0x400134,0x100286000,R
0x4000dc,0x100288000,W
0x400020,0x10028a000,R
0x4001b0,0x10028c000,R
0x400000,0x10028e000,R
0x400008,0x100290000,R
0x4000c4,0x100292000,W
0x400098,0x100294000,R
0x4000e4,0x100296000,R
0x400054,0x100298000,R
0x4000dc,0x10029a000,R
0x4000b8,0x10029c000,R
0x400000,0x10029e000,R
0x400198,0x1002a0000,R
0x4001fc,0x1002a2000,R
0x400170,0x1002a4000,R
0x4001a4,0x1002a6000,R
0x400128,0x1002a8000,R
0x400160,0x1002aa000,R
0x4000d8,0x1002ac000,R
0x4000e4,0x1002ae000,R
0x4001c4,0x1002b0000,R
0x4001b8,0x1002b2000,R
0x400040,0x1002b4000,R
0x400060,0x1002b6000,R
0x4001b0,0x1002b8000,R
0x4000e0,0x1002ba000,R
0x4001c8,0x1002bc000,R
0x400114,0x1002be000,R
0x400110,0x1002c0000,R
0x4001c4,0x1002c2000,R
0x4001e0,0x1002c4000,R
0x4001a0,0x1002c6000,R
0x400034,0x1002c8000,R
0x40013c,0x1002ca000,R
0x400020,0x1002cc000,R
0x400078,0x1002ce000,R
0x40008c,0x1002d0000,R
0x40009c,0x1002d2000,W
0x400100,0x1002d4000,R
0x4001dc,0x1002d6000,R
0x4000d4,0x1002d8000,R
0x400144,0x1002da000,R
0x4000b8,0x1002dc000,R
0x4001bc,0x1002de000,R
0x400190,0x1002e0000,R
0x4001d8,0x1002e2000,R
0x4001e4,0x1002e4000,R
0x4001d8,0x1002e6000,R
0x40011c,0x1002e8000,R
0x400194,0x1002ea000,R
0x4000a4,0x1002ec000,R
0x400170,0x1002ee000,R
0x400100,0x1002f0000,R
0x40000c,0x1002f2000,R
0x4000b4,0x1002f4000,R
0x4000a4,0x1002f6000,R
0x4000c4,0x1002f8000,R
0x4001fc,0x1002fa000,R
0x400000,0x1002fc000,R
0x4000b0,0x1002fe000,R
0x400000,0x100300000,R
0x40003c,0x100302000,R
0x4001b0,0x100304000,R
0x400170,0x100306000,R
0x400024,0x100308000,R
0x4000b4,0x10030a000,R
0x4000b8,0x10030c000,R
0x400034,0x10030e000,R
0x400070,0x100310000,R
0x4001f0,0x100312000,R
0x4001f0,0x100314000,R
0x4001f0,0x100316000,R
0x400020,0x100318000,R
0x400018,0x10031a000,R
0x4000a4,0x10031c000,R
0x400144,0x10031e000,R
0x4001f4,0x100320000,R
0x400154,0x100322000,R
0x4000d0,0x100324000,R
0x40002c,0x100326000,R
0x400078,0x100328000,R
0x40006c,0x10032a000,R
0x400064,0x10032c000,R
0x4001e0,0x10032e000,R
0x400140,0x100330000,R
0x400064,0x100332000,R
0x40007c,0x100334000,R
0x4000b0,0x100336000,R
0x400020,0x100338000,R
0x4001cc,0x10033a000,R
0x400138,0x10033c000,R
0x4000f4,0x10033e000,R
0x400170,0x100340000,R
0x400044,0x100342000,R
0x4000ac,0x100344000,R
0x400030,0x100346000,R
0x400170,0x100348000,R
0x400000,0x10034a000,R
0x4000f4,0x10034c000,R
0x40016c,0x10034e000,R
0x4001e8,0x100350000,R
0x4000f8,0x100352000,R
0x40003c,0x100354000,R
0x4001b0,0x100356000,R
0x400014,0x100358000,R
0x400118,0x10035a000,R
0x4000f4,0x10035c000,R
0x400154,0x10035e000,R
0x400170,0x100360000,R
0x400050,0x100362000,R
0x400058,0x100364000,R
0x400028,0x100366000,R
0x4001a8,0x100368000,R
0x400008,0x10036a000,R
0x400054,0x10036c000,R
0x400158,0x10036e000,R
0x400010,0x100370000,R
0x40018c,0x100372000,R
0x4001ac,0x100374000,R
0x400014,0x100376000,R
0x40016c,0x100378000,R
0x400080,0x10037a000,R
0x400134,0x10037c000,R
0x4000f0,0x10037e000,R
0x400180,0x100380000,R
0x400138,0x100382000,R
0x40013c,0x100384000,R
0x400008,0x100386000,R
0x4000e8,0x100388000,R
0x4001c8,0x10038a000,R
0x40008c,0x10038c000,R
0x40015c,0x10038e000,W
0x40008c,0x100390000,R
0x4001dc,0x100392000,W
0x400074,0x100394000,R
0x400038,0x100396000,R
0x400194,0x100398000,R
0x400000,0x10039a000,R
0x400178,0x10039c000,R
0x4001d0,0x10039e000,R
0x40012c,0x1003a0000,R
0x4001c8,0x1003a2000,R
0x40014c,0x1003a4000,R
0x4000bc,0x1003a6000,R
0x400080,0x1003a8000,R
0x4000a4,0x1003aa000,W
0x4000b0,0x1003ac000,R
0x4001b4,0x1003ae000,R
0x400084,0x1003b0000,R
0x400060,0x1003b2000,R
0x400184,0x1003b4000,R
0x4001e0,0x1003b6000,R
0x4001d0,0x1003b8000,R
0x4000dc,0x1003ba000,R
0x400098,0x1003bc000,R
0x400154,0x1003be000,R
0x4001e0,0x1003c0000,R
0x400038,0x1003c2000,R
0x4001e8,0x1003c4000,R
0x40001c,0x1003c6000,R
0x4000ac,0x1003c8000,R
0x40008c,0x1003ca000,R
0x4000d8,0x1003cc000,R
0x4001a0,0x1003ce000,R
0x400114,0x1003d0000,R
0x400048,0x1003d2000,R
0x400104,0x1003d4000,R
0x4001cc,0x1003d6000,R
0x40005c,0x1003d8000,R
0x4001b8,0x1003da000,R
0x400028,0x1003dc000,R
0x40009c,0x1003de000,R
0x4000f4,0x1003e0000,R
0x400014,0x1003e2000,R
0x4001e0,0x1003e4000,R
0x4001b4,0x1003e6000,W
0x4001f4,0x1003e8000,W
0x400134,0x1003ea000,R
0x4001f4,0x1003ec000,R
0x40004c,0x1003ee000,R
0x40016c,0x1003f0000,R
0x4001d4,0x1003f2000,R
0x400038,0x1003f4000,R
0x40003c,0x1003f6000,R
0x400058,0x1003f8000,R
0x4001bc,0x1003fa000,R
0x4001a8,0x1003fc000,R
0x400124,0x1003fe000,R
0x4001d0,0x100400000,R
0x400124,0x100402000,R
0x4001c8,0x100404000,R
0x400010,0x100406000,R
0x400188,0x100408000,R
0x4001d8,0x10040a000,R
0x400130,0x10040c000,R
0x4001e8,0x10040e000,R
0x400088,0x100410000,R
0x400078,0x100412000,R
0x400130,0x100414000,R
0x4001ec,0x100416000,R
0x400084,0x100418000,R
0x4000f8,0x10041a000,R
0x4001b0,0x10041c000,R
0x40010c,0x10041e000,R
0x4001f0,0x100420000,R
0x4000d0,0x100422000,W
0x40009c,0x100424000,R
0x400110,0x100426000,R
0x4000d0,0x100428000,R
0x400040,0x10042a000,R
0x400150,0x10042c000,R
0x400024,0x10042e000,R
0x400188,0x100430000,R
0x4001e8,0x100432000,R
0x4000ec,0x100434000,R
0x400054,0x100436000,R
0x400130,0x100438000,R
0x400114,0x10043a000,R
0x40010c,0x10043c000,R
0x400068,0x10043e000,R
0x400084,0x100440000,R
0x4000d0,0x100442000,R
0x4000a0,0x100444000,R
0x400070,0x100446000,R
0x400010,0x100448000,R
0x400158,0x10044a000,R
0x4000e0,0x10044c000,R
0x400090,0x10044e000,R
0x400100,0x100450000,W
0x400140,0x100452000,R
0x4001a0,0x100454000,R
0x40001c,0x100456000,R
0x40007c,0x100458000,R
0x400144,0x10045a000,R
0x4000f8,0x10045c000,R
0x400158,0x10045e000,R
0x40014c,0x100460000,R
0x4000b8,0x100462000,R
0x4001b4,0x100464000,R
0x400150,0x100466000,R
0x4001e0,0x100468000,R
0x4000c8,0x10046a000,R
0x4001b8,0x10046c000,R
0x4000e8,0x10046e000,R
0x40006c,0x100470000,R
0x400024,0x100472000,W
0x400184,0x100474000,R
0x4001e0,0x100476000,R
0x400178,0x100478000,R
0x400014,0x10047a000,R
0x400010,0x10047c000,R
0x400014,0x10047e000,R
0x4001a8,0x100480000,R
0x400104,0x100482000,R
0x400070,0x100484000,R
0x400128,0x100486000,R
0x4001d8,0x100488000,R
0x4000ac,0x10048a000,R
0x4000d8,0x10048c000,R
0x4001c0,0x10048e000,R
0x4000e4,0x100490000,R
0x4000f0,0x100492000,R
0x4001cc,0x100494000,R
0x400088,0x100496000,R
0x400198,0x100498000,W
0x400018,0x10049a000,R
0x400108,0x10049c000,R
0x4001ec,0x10049e000,R
0x4000f0,0x1004a0000,R
0x400034,0x1004a2000,R
0x4000e8,0x1004a4000,R
0x400174,0x1004a6000,R
0x4001cc,0x1004a8000,R
0x4001ac,0x1004aa000,R
0x4001a4,0x1004ac000,R
0x4001f8,0x1004ae000,R
0x40007c,0x1004b0000,R
0x400174,0x1004b2000,W
0x400010,0x1004b4000,R
0x400080,0x1004b6000,R
0x400178,0x1004b8000,R
0x4001dc,0x1004ba000,R
0x400084,0x1004bc000,R
0x400088,0x1004be000,R
0x4000cc,0x1004c0000,R
0x400060,0x1004c2000,R
0x400104,0x1004c4000,R
0x40010c,0x1004c6000,R
0x400038,0x1004c8000,R
0x400024,0x1004ca000,R
0x4001fc,0x1004cc000,R
0x400060,0x1004ce000,R
0x40008c,0x1004d0000,R
0x400168,0x1004d2000,R
0x400150,0x1004d4000,R
0x400080,0x1004d6000,R
0x40011c,0x1004d8000,R
0x400180,0x1004da000,R
0x40019c,0x1004dc000,R
0x4000c0,0x1004de000,R
0x4001bc,0x1004e0000,R
0x400090,0x1004e2000,R
0x400058,0x1004e4000,R
0x40019c,0x1004e6000,R
0x4000f4,0x1004e8000,R
0x400184,0x1004ea000,R
0x4000f4,0x1004ec000,R
0x400164,0x1004ee000,R
0x400184,0x1004f0000,R
0x4001b8,0x1004f2000,R
0x400028,0x1004f4000,R
0x4001f0,0x1004f6000,R
0x400140,0x1004f8000,R
0x40018c,0x1004fa000,R
0x400030,0x1004fc000,R
0x4001f4,0x1004fe000,R
0x40015c,0x100500000,R
0x400184,0x100502000,R
0x400098,0x100504000,R
0x400030,0x100506000,R
0x400130,0x100508000,R
0x400178,0x10050a000,R
0x400010,0x10050c000,R
0x400018,0x10050e000,R
0x400030,0x100510000,R
0x400024,0x100512000,R
0x40006c,0x100514000,R
0x400068,0x100516000,R
0x40019c,0x100518000,R
0x400170,0x10051a000,R
0x4000c0,0x10051c000,R
0x400030,0x10051e000,R
0x40014c,0x100520000,R
0x400104,0x100522000,W
0x40007c,0x100524000,R
0x4001cc,0x100526000,R
0x400014,0x100528000,R
0x400074,0x10052a000,R
0x4001e8,0x10052c000,R
0x400140,0x10052e000,R
0x40008c,0x100530000,R
0x400104,0x100532000,R
0x4000b0,0x100534000,R
0x400100,0x100536000,R
0x40002c,0x100538000,R
0x4001e0,0x10053a000,R
0x4000f8,0x10053c000,R
0x4000bc,0x10053e000,R
0x4000e4,0x100540000,R
0x4001b4,0x100542000,R
0x400048,0x100544000,R
0x40006c,0x100546000,R
0x4000d8,0x100548000,R
0x40005c,0x10054a000,R
0x4001c0,0x10054c000,R
0x400068,0x10054e000,R
0x4000a4,0x100550000,R
0x400158,0x100552000,R
0x400108,0x100554000,R
0x40016c,0x100556000,R
0x400118,0x100558000,R
0x4000c8,0x10055a000,R
0x4001cc,0x10055c000,R
0x400108,0x10055e000,R
0x4000a8,0x100560000,R
0x40017c,0x100562000,R
0x40001c,0x100564000,R
0x400124,0x100566000,R
0x400018,0x100568000,R
0x400198,0x10056a000,R
0x4001c8,0x10056c000,R
0x40019c,0x10056e000,R
0x4001d0,0x100570000,R
0x4001dc,0x100572000,R
0x400114,0x100574000,R
0x400004,0x100576000,R
0x400148,0x100578000,R
0x400034,0x10057a000,R
0x400168,0x10057c000,R
0x400104,0x10057e000,R
0x400174,0x100580000,R
0x400040,0x100582000,R
0x4001dc,0x100584000,R
0x400108,0x100586000,R
0x40009c,0x100588000,R
0x40004c,0x10058a000,R
0x40003c,0x10058c000,R
0x40017c,0x10058e000,R
0x400014,0x100590000,R
0x4000d8,0x100592000,R
0x4001c0,0x100594000,R
0x400044,0x100596000,R
0x40002c,0x100598000,R
0x400038,0x10059a000,R
0x4000dc,0x10059c000,R
0x40019c,0x10059e000,R
0x4001ac,0x1005a0000,R
0x400184,0x1005a2000,R
0x400014,0x1005a4000,R
0x40002c,0x1005a6000,R
0x4001c0,0x1005a8000,R
0x400084,0x1005aa000,R
0x4001ec,0x1005ac000,R
0x400190,0x1005ae000,R
0x4001bc,0x1005b0000,R
0x40000c,0x1005b2000,R
0x400020,0x1005b4000,R
0x400044,0x1005b6000,R
0x400020,0x1005b8000,R
0x400150,0x1005ba000,R
0x4001e0,0x1005bc000,R
0x4000f0,0x1005be000,R
0x40005c,0x1005c0000,R
0x400094,0x1005c2000,R
0x40011c,0x1005c4000,R
0x4001bc,0x1005c6000,R
0x400050,0x1005c8000,R
0x400198,0x1005ca000,R
0x4000bc,0x1005cc000,R
0x4000b0,0x1005ce000,R
0x4000f0,0x1005d0000,R
0x400050,0x1005d2000,R
0x400064,0x1005d4000,R
0x400010,0x1005d6000,R
0x4001cc,0x1005d8000,R
0x4001ec,0x1005da000,R
0x400050,0x1005dc000,R
0x4001b0,0x1005de000,R
0x400120,0x1005e0000,R
0x400118,0x1005e2000,R
0x400114,0x1005e4000,R
0x4001d0,0x1005e6000,R
0x400074,0x1005e8000,R
0x4001f0,0x1005ea000,R
0x4001ec,0x1005ec000,R
0x4000a0,0x1005ee000,R
0x4001ac,0x1005f0000,R
0x4001a8,0x1005f2000,R
0x4001a4,0x1005f4000,R
0x400060,0x1005f6000,R
0x4001c0,0x1005f8000,R
0x400170,0x1005fa000,R
0x400000,0x1005fc000,R
0x4000d0,0x1005fe000,R
0x4001f0,0x100600000,R
0x40004c,0x100602000,R
0x400144,0x100604000,R
0x4000fc,0x100606000,R
0x4001ec,0x100608000,R
0x4001fc,0x10060a000,R
0x4000cc,0x10060c000,R
0x40007c,0x10060e000,R
0x400008,0x100610000,R
0x400104,0x100612000,R
0x400164,0x100614000,R
0x400128,0x100616000,R
0x400008,0x100618000,R
0x40017c,0x10061a000,R
0x400158,0x10061c000,R
0x400194,0x10061e000,R
0x4000fc,0x100620000,R
0x400088,0x100622000,R
0x4001f8,0x100624000,R
0x400140,0x100626000,R
0x400058,0x100628000,R
0x4001b0,0x10062a000,R
0x4000e0,0x10062c000,R
0x400148,0x10062e000,R
0x4001ac,0x100630000,R
0x400074,0x100632000,R
0x400070,0x100634000,R
0x400084,0x100636000,W
0x400134,0x100638000,R
0x40003c,0x10063a000,R
0x400048,0x10063c000,R
0x4001d8,0x10063e000,R
0x400138,0x100640000,R
0x4000e4,0x100642000,R
0x4000b8,0x100644000,R
0x400068,0x100646000,R
0x4000e4,0x100648000,R
0x40001c,0x10064a000,R
0x40019c,0x10064c000,R
0x4000e0,0x10064e000,R
0x4001e0,0x100650000,W
0x4000f0,0x100652000,R
0x4001c8,0x100654000,R
0x400040,0x100656000,R
0x4000c8,0x100658000,R
0x400050,0x10065a000,R
0x4001cc,0x10065c000,R
0x400070,0x10065e000,R
0x4001b4,0x100660000,R
0x4000bc,0x100662000,R
0x400160,0x100664000,R
0x400108,0x100666000,R
0x400104,0x100668000,R
0x400020,0x10066a000,R
0x400040,0x10066c000,R
0x400168,0x10066e000,W
0x4000dc,0x100670000,R
0x4001e8,0x100672000,R
0x4000ac,0x100674000,R
0x400178,0x100676000,R
0x400160,0x100678000,R
0x400068,0x10067a000,R
0x400038,0x10067c000,R
0x400018,0x10067e000,W
0x4001f4,0x100680000,R
0x400020,0x100682000,R
0x400154,0x100684000,R
0x4001f8,0x100686000,R
0x4000a8,0x100688000,R
0x40004c,0x10068a000,R
0x400098,0x10068c000,R
0x400028,0x10068e000,R
0x400150,0x100690000,R
0x40015c,0x100692000,R
0x400078,0x100694000,R
0x4001b8,0x100696000,R
0x400090,0x100698000,R
0x4000e0,0x10069a000,R
0x4001bc,0x10069c000,R
0x400084,0x10069e000,R
0x400144,0x1006a0000,R
0x4001b4,0x1006a2000,R
0x40007c,0x1006a4000,R
0x400104,0x1006a6000,R
0x4000dc,0x1006a8000,W
0x4000c0,0x1006aa000,R
0x4000c8,0x1006ac000,R
0x400124,0x1006ae000,W
0x4000dc,0x1006b0000,R
0x40011c,0x1006b2000,R
0x400168,0x1006b4000,R
0x400178,0x1006b6000,R
0x400108,0x1006b8000,R
0x400174,0x1006ba000,W
0x4000e0,0x1006bc000,R
0x400124,0x1006be000,R
0x4001c4,0x1006c0000,R
0x400030,0x1006c2000,R
0x400198,0x1006c4000,R
0x4001e0,0x1006c6000,R
0x40015c,0x1006c8000,R
0x400050,0x1006ca000,R
0x40007c,0x1006cc000,R
0x4000bc,0x1006ce000,R
0x4001ac,0x1006d0000,R
0x400198,0x1006d2000,R
0x40014c,0x1006d4000,R
0x400168,0x1006d6000,R
0x400008,0x1006d8000,R
0x400150,0x1006da000,R
0x400108,0x1006dc000,R
0x4001b0,0x1006de000,R
0x400160,0x1006e0000,R
0x400058,0x1006e2000,R
0x4000e8,0x1006e4000,R
0x4001b8,0x1006e6000,R
0x400188,0x1006e8000,W
0x400178,0x1006ea000,R
0x400000,0x1006ec000,R
0x4000c4,0x1006ee000,R
0x40009c,0x1006f0000,R
0x40004c,0x1006f2000,R
0x400118,0x1006f4000,R
0x4001cc,0x1006f6000,R
0x400154,0x1006f8000,R
0x4000b0,0x1006fa000,R
0x400008,0x1006fc000,R
0x4000a4,0x1006fe000,R
0x4000b8,0x100700000,R
0x400158,0x100702000,R
0x400024,0x100704000,R
0x400080,0x100706000,R
0x4000d4,0x100708000,R
0x400124,0x10070a000,R
0x400080,0x10070c000,R
0x400010,0x10070e000,R
0x400058,0x100710000,R
0x4001e0,0x100712000,R
0x400060,0x100714000,R
0x40007c,0x100716000,R
0x4001c4,0x100718000,R
0x4001bc,0x10071a000,R
0x4000b0,0x10071c000,R
0x400048,0x10071e000,R
0x400194,0x100720000,R
0x400150,0x100722000,R
0x4000f8,0x100724000,W
0x4000ac,0x100726000,R
0x40014c,0x100728000,R
0x400084,0x10072a000,R
0x40019c,0x10072c000,R
0x400124,0x10072e000,R
0x400098,0x100730000,R
0x400064,0x100732000,R
0x40010c,0x100734000,R
0x400130,0x100736000,R
0x400018,0x100738000,R
0x4000f0,0x10073a000,R
0x4001d0,0x10073c000,R
0x400174,0x10073e000,R
0x40019c,0x100740000,R
0x400060,0x100742000,R
0x40000c,0x100744000,R
0x400034,0x100746000,R
0x400134,0x100748000,R
0x40008c,0x10074a000,R
0x40013c,0x10074c000,R
0x4001c8,0x10074e000,R
0x4001c4,0x100750000,R
0x4001e4,0x100752000,R
0x4001e0,0x100754000,W
0x4000cc,0x100756000,R
0x4000fc,0x100758000,R
0x4001e0,0x10075a000,R
0x40001c,0x10075c000,R
0x4000bc,0x10075e000,R
0x400008,0x100760000,R
0x400130,0x100762000,R
0x4000d0,0x100764000,W
0x400154,0x100766000,R
0x4000c8,0x100768000,R
0x400008,0x10076a000,R
0x40003c,0x10076c000,R
0x400118,0x10076e000,R
0x4000d8,0x100770000,R
0x400040,0x100772000,R
0x400104,0x100774000,R
0x4000c0,0x100776000,R
0x400010,0x100778000,R
0x40003c,0x10077a000,R
0x40010c,0x10077c000,R
0x400078,0x10077e000,R
0x400048,0x100780000,R
0x40017c,0x100782000,R
0x4001a4,0x100784000,R
0x400000,0x100786000,R
0x400138,0x100788000,R
0x400168,0x10078a000,R
0x40004c,0x10078c000,R
0x4001a4,0x10078e000,R
0x4000b0,0x100790000,R
0x400130,0x100792000,R
0x400034,0x100794000,R
0x40007c,0x100796000,R
0x40011c,0x100798000,R
0x4001e0,0x10079a000,R
0x4000c8,0x10079c000,R
0x40009c,0x10079e000,R
0x400130,0x1007a0000,R
0x400010,0x1007a2000,R
0x4000d8,0x1007a4000,W
0x4001f0,0x1007a6000,R
0x4001f0,0x1007a8000,R
0x400124,0x1007aa000,R
0x400110,0x1007ac000,R
0x400004,0x1007ae000,R
0x40006c,0x1007b0000,R
0x400128,0x1007b2000,R
0x400060,0x1007b4000,R
0x4001fc,0x1007b6000,W
0x4001f4,0x1007b8000,R
0x400170,0x1007ba000,R
0x4000c0,0x1007bc000,R
0x40009c,0x1007be000,R
0x4001d4,0x1007c0000,R
0x4000bc,0x1007c2000,R
0x4001c0,0x1007c4000,R
0x400124,0x1007c6000,R
0x4000f4,0x1007c8000,R
0x4001b8,0x1007ca000,R
0x4000c0,0x1007cc000,R
0x400008,0x1007ce000,R
0x4000c4,0x1007d0000,R
0x4001e0,0x1007d2000,R
0x40016c,0x1007d4000,R
0x400044,0x1007d6000,R
0x400114,0x1007d8000,R
0x4001b0,0x1007da000,R
0x400040,0x1007dc000,R
0x400100,0x1007de000,R
0x400088,0x1007e0000,R
0x4001c0,0x1007e2000,R
0x400184,0x1007e4000,R
0x400060,0x1007e6000,R
0x4001e4,0x1007e8000,R
0x400160,0x1007ea000,R
0x400024,0x1007ec000,R
0x4000d4,0x1007ee000,R
0x4001e0,0x1007f0000,R
0x400028,0x1007f2000,R
0x4000d4,0x1007f4000,R
0x4001d0,0x1007f6000,R
0x400090,0x1007f8000,R
0x400020,0x1007fa000,R
0x400064,0x1007fc000,R
0x400028,0x1007fe000,R
0x400120,0x100000000,R
0x400178,0x100002000,W
0x401098,0x100005000,W
0x4011f4,0x100008000,R
0x401174,0x10000b000,W
0x4011d0,0x10000e000,W
0x40103c,0x100011000,R
0x401054,0x100014000,R
0x4011e4,0x100017000,R
0x401078,0x10001a000,R
0x4010d8,0x10001d000,R
0x4011c4,0x100020000,R
0x4010b8,0x100023000,R
0x401198,0x100026000,R
0x40109c,0x100029000,R
0x4010f4,0x10002c000,R
0x401128,0x10002f000,R
0x4011b0,0x100032000,R
0x401158,0x100035000,R
0x401104,0x100038000,R
0x40101c,0x10003b000,R
0x401118,0x10003e000,R
0x401108,0x100041000,R
0x401068,0x100044000,R
0x4011a4,0x100047000,R
0x401174,0x10004a000,R
0x401088,0x10004d000,R
0x401090,0x100050000,R
0x401050,0x100053000,R
0x4011b0,0x100056000,R
0x4010e8,0x100059000,R
0x401110,0x10005c000,R
0x4011d8,0x10005f000,R
0x401108,0x100062000,R
0x4011d0,0x100065000,R
0x4011b4,0x100068000,R
0x401064,0x10006b000,R
0x4011e4,0x10006e000,R
0x401190,0x100071000,R
0x401048,0x100074000,R
0x401088,0x100077000,R
0x40113c,0x10007a000,R
0x401080,0x10007d000,R
0x40109c,0x100080000,R
0x401188,0x100083000,R
0x401044,0x100086000,R
0x40101c,0x100089000,R
0x401074,0x10008c000,W
0x401028,0x10008f000,R
0x401050,0x100092000,R
0x401018,0x100095000,R
0x401108,0x100098000,R
0x401134,0x10009b000,R
0x401094,0x10009e000,R
0x4011a4,0x1000a1000,R
0x401058,0x1000a4000,R
0x401118,0x1000a7000,R
0x4011bc,0x1000aa000,R
0x401098,0x1000ad000,R
0x4010bc,0x1000b0000,R
0x4010dc,0x1000b3000,R
0x4010e4,0x1000b6000,R
0x4011b8,0x1000b9000,R
0x4011fc,0x1000bc000,R
0x40110c,0x1000bf000,R
0x40108c,0x1000c2000,R
0x401068,0x1000c5000,R
0x40114c,0x1000c8000,R
0x4011d8,0x1000cb000,R
0x4011e4,0x1000ce000,W
0x401130,0x1000d1000,R
0x401144,0x1000d4000,R
0x4011e4,0x1000d7000,R
0x4010f8,0x1000da000,W
0x4010e8,0x1000dd000,R
0x401088,0x1000e0000,R
0x4010f8,0x1000e3000,R
0x4010d0,0x1000e6000,R
0x4011a8,0x1000e9000,W
0x401020,0x1000ec000,R
0x401108,0x1000ef000,R
0x4011fc,0x1000f2000,R
0x401160,0x1000f5000,R
0x401018,0x1000f8000,R
0x401008,0x1000fb000,R
0x401100,0x1000fe000,R
0x401104,0x100101000,R
0x401138,0x100104000,R
0x4010c0,0x100107000,W
0x4010c4,0x10010a000,R
0x4010d8,0x10010d000,W
0x4011ac,0x100110000,R
0x401040,0x100113000,R
0x401040,0x100116000,R
0x401010,0x100119000,R
0x401024,0x10011c000,R
0x401004,0x10011f000,R
0x401120,0x100122000,R
0x401150,0x100125000,R
0x401034,0x100128000,R
0x4011f4,0x10012b000,R
0x401040,0x10012e000,R
0x401188,0x100131000,R
0x401164,0x100134000,R
0x40101c,0x100137000,W
0x4010f4,0x10013a000,R
0x4011dc,0x10013d000,R
0x401078,0x100140000,R
0x4010e8,0x100143000,R
0x401140,0x100146000,R
0x401010,0x100149000,R
0x401040,0x10014c000,R
0x40100c,0x10014f000,R
0x401014,0x100152000,R
0x4010c0,0x100155000,R
0x401040,0x100158000,R
0x4010c8,0x10015b000,R
0x401100,0x10015e000,R
0x40106c,0x100161000,R
0x401150,0x100164000,R
0x401158,0x100167000,R
0x4011d0,0x10016a000,R
0x401000,0x10016d000,R
0x4010c8,0x100170000,R
0x4010ec,0x100173000,R
0x401120,0x100176000,W
0x40105c,0x100179000,R
0x4011b4,0x10017c000,R
0x40114c,0x10017f000,R
0x401124,0x100182000,R
0x40118c,0x100185000,R
0x4011b0,0x100188000,R
0x401140,0x10018b000,R
0x401078,0x10018e000,R
0x401110,0x100191000,W
0x4010e0,0x100194000,R
0x401138,0x100197000,R
0x4011f8,0x10019a000,R
0x40101c,0x10019d000,R
0x401120,0x1001a0000,R
0x40111c,0x1001a3000,R
0x40107c,0x1001a6000,R
0x4010a0,0x1001a9000,R
0x401004,0x1001ac000,R
0x40107c,0x1001af000,R
0x4011e8,0x1001b2000,R
0x40101c,0x1001b5000,R
0x4011b4,0x1001b8000,R
0x401050,0x1001bb000,R
0x401124,0x1001be000,R
0x40115c,0x1001c1000,R
0x40117c,0x1001c4000,R
0x40118c,0x1001c7000,R
0x401018,0x1001ca000,R
0x401148,0x1001cd000,R
0x401198,0x1001d0000,R
0x4011b8,0x1001d3000,R
0x4011cc,0x1001d6000,R
0x40105c,0x1001d9000,R
0x401180,0x1001dc000,R
0x4011fc,0x1001df000,R
0x4011c0,0x1001e2000,R
0x4011ec,0x1001e5000,R
0x40112c,0x1001e8000,R
0x401108,0x1001eb000,R
0x4011a8,0x1001ee000,W
0x401194,0x1001f1000,R
0x40114c,0x1001f4000,R
0x4010f0,0x1001f7000,R
0x401190,0x1001fa000,R
0x4010c0,0x1001fd000,R
0x401090,0x100200000,R
0x4011bc,0x100203000,R
0x4010c8,0x100206000,R
0x4010e0,0x100209000,W
0x4011e8,0x10020c000,R
0x401194,0x10020f000,R
0x4010b8,0x100212000,W
0x401144,0x100215000,R
0x4011bc,0x100218000,R
0x4010a8,0x10021b000,R
0x4011d8,0x10021e000,R
0x4011f0,0x100221000,R
0x401050,0x100224000,R
0x4011b4,0x100227000,R
0x401170,0x10022a000,R
0x401030,0x10022d000,R
0x40116c,0x100230000,R
0x40107c,0x100233000,R
0x4010e8,0x100236000,R
0x4011a8,0x100239000,R
0x401184,0x10023c000,R
0x4010f4,0x10023f000,R
0x4011e4,0x100242000,R
0x401024,0x100245000,R
0x40104c,0x100248000,R
0x4010cc,0x10024b000,R
0x40110c,0x10024e000,R
0x40118c,0x100251000,R
0x4011fc,0x100254000,W
0x401124,0x100257000,R
0x401134,0x10025a000,R
0x401014,0x10025d000,R
0x4010dc,0x100260000,R
0x401048,0x100263000,R
0x401020,0x100266000,R
0x4011e4,0x100269000,R
0x401070,0x10026c000,R
0x4010c8,0x10026f000,R
0x401184,0x100272000,R
0x401158,0x100275000,R
0x401128,0x100278000,R
0x4010f8,0x10027b000,R
0x4010bc,0x10027e000,R
0x401194,0x100281000,R
0x401008,0x100284000,R
0x40111c,0x100287000,R
0x4010f0,0x10028a000,R
0x401098,0x10028d000,R
0x4011a0,0x100290000,R
0x40119c,0x100293000,R
0x4011e0,0x100296000,R
0x401030,0x100299000,R
0x4010a0,0x10029c000,R
0x40114c,0x10029f000,R
0x40110c,0x1002a2000,W
0x401080,0x1002a5000,W
0x401128,0x1002a8000,R
0x401130,0x1002ab000,R
0x4011d8,0x1002ae000,R
0x4011fc,0x1002b1000,R
0x401174,0x1002b4000,R
0x401108,0x1002b7000,R
0x4010a4,0x1002ba000,R
0x4010ac,0x1002bd000,R
0x4010c0,0x1002c0000,R
0x401184,0x1002c3000,R
0x401074,0x1002c6000,R
0x401160,0x1002c9000,R
0x4010c4,0x1002cc000,R
0x401144,0x1002cf000,W
0x401168,0x1002d2000,W
0x40111c,0x1002d5000,R
0x4011d8,0x1002d8000,R
0x4011a4,0x1002db000,R
0x4010c0,0x1002de000,R
0x401198,0x1002e1000,R
0x4010f0,0x1002e4000,R
0x4010d8,0x1002e7000,R
0x401128,0x1002ea000,R
0x401098,0x1002ed000,R
0x4010d4,0x1002f0000,R
0x4011ac,0x1002f3000,R
0x40119c,0x1002f6000,R
0x4010dc,0x1002f9000,R
0x4010cc,0x1002fc000,R
0x401008,0x1002ff000,R
0x401100,0x100302000,R
0x4010c4,0x100305000,R
0x401068,0x100308000,R
0x401198,0x10030b000,R
0x401034,0x10030e000,R
0x4011f8,0x100311000,R
0x40102c,0x100314000,R
0x4010b8,0x100317000,R
0x401030,0x10031a000,R
0x4011cc,0x10031d000,R
0x4011c8,0x100320000,R
0x401010,0x100323000,R
0x401064,0x100326000,R
0x4011a0,0x100329000,R
0x4010dc,0x10032c000,R
0x4011e4,0x10032f000,R
0x40106c,0x100332000,R
0x4011c0,0x100335000,R
0x4011c8,0x100338000,R
0x401174,0x10033b000,R
0x401128,0x10033e000,R
0x4010b4,0x100341000,R
0x401108,0x100344000,R
0x40104c,0x100347000,R
0x4011a4,0x10034a000,R
0x401104,0x10034d000,R
0x401050,0x100350000,R
0x401038,0x100353000,R
0x401044,0x100356000,R
0x4010dc,0x100359000,R
0x401160,0x10035c000,R
0x4010f8,0x10035f000,R
0x401104,0x100362000,R
0x401198,0x100365000,R
0x401180,0x100368000,R
0x401188,0x10036b000,R
0x4011a0,0x10036e000,R
0x40105c,0x100371000,R
0x401038,0x100374000,R
0x4011c4,0x100377000,R
0x40108c,0x10037a000,R
0x401168,0x10037d000,R
0x4010a8,0x100380000,R
0x401000,0x100383000,R
0x4011c0,0x100386000,R
0x40104c,0x100389000,R
0x401164,0x10038c000,R
0x401068,0x10038f000,R
0x401158,0x100392000,R
0x401038,0x100395000,R
0x4010cc,0x100398000,R
0x401088,0x10039b000,R
0x401134,0x10039e000,R
0x401184,0x1003a1000,R
0x401094,0x1003a4000,R
0x401040,0x1003a7000,R
0x4010a8,0x1003aa000,R
0x401198,0x1003ad000,R
0x401164,0x1003b0000,W
0x40106c,0x1003b3000,R
0x4011cc,0x1003b6000,R
0x4010c8,0x1003b9000,R
0x401180,0x1003bc000,R
0x4011f4,0x1003bf000,R
0x401094,0x1003c2000,R
0x40109c,0x1003c5000,R
0x4011e0,0x1003c8000,R
0x4011d0,0x1003cb000,R
0x40113c,0x1003ce000,R
0x401018,0x1003d1000,R
0x4010b4,0x1003d4000,R
0x401018,0x1003d7000,R
0x401180,0x1003da000,R
0x4011bc,0x1003dd000,R
0x4010b4,0x1003e0000,R
0x401010,0x1003e3000,R
0x4011ec,0x1003e6000,R
0x401140,0x1003e9000,R
0x401198,0x1003ec000,R
0x4011dc,0x1003ef000,R
0x401150,0x1003f2000,R
0x401114,0x1003f5000,W
0x401178,0x1003f8000,R
0x40105c,0x1003fb000,R
0x4010c0,0x1003fe000,R
0x401148,0x100401000,R
0x4011f4,0x100404000,W
0x40111c,0x100407000,R
0x4010e4,0x10040a000,R
0x4011b4,0x10040d000,R
0x4010b8,0x100410000,R
0x4011fc,0x100413000,W
0x40113c,0x100416000,W
0x401098,0x100419000,R
0x4010f4,0x10041c000,R
0x40103c,0x10041f000,W
0x40115c,0x100422000,R
0x401054,0x100425000,R
0x40106c,0x100428000,R
0x40103c,0x10042b000,R
0x401140,0x10042e000,W
0x401174,0x100431000,R
0x401130,0x100434000,R
0x40103c,0x100437000,R
0x4010f8,0x10043a000,W
0x4011c8,0x10043d000,R
0x4011dc,0x100440000,R
0x4011c4,0x100443000,R
0x4011d0,0x100446000,R
0x401114,0x100449000,R
0x401050,0x10044c000,R
0x401048,0x10044f000,R
0x4011b4,0x100452000,R
0x401130,0x100455000,R
0x401130,0x100458000,R
0x4010b4,0x10045b000,R
0x401104,0x10045e000,R
0x4010a8,0x100461000,R
0x4010fc,0x100464000,W
0x40107c,0x100467000,R
0x4010bc,0x10046a000,W
0x401184,0x10046d000,R
0x401184,0x100470000,R
0x40113c,0x100473000,R
0x40108c,0x100476000,R
0x401098,0x100479000,R
0x401108,0x10047c000,R
0x40105c,0x10047f000,R
0x401198,0x100482000,W
0x40103c,0x100485000,R
0x40100c,0x100488000,R
0x401094,0x10048b000,R
0x4011e0,0x10048e000,R
0x401194,0x100491000,R
0x401178,0x100494000,R
0x401020,0x100497000,R
0x40100c,0x10049a000,W
0x4011ec,0x10049d000,R
0x401044,0x1004a0000,R
0x4010b8,0x1004a3000,R
0x401150,0x1004a6000,R
0x401158,0x1004a9000,R
0x4010d8,0x1004ac000,R
0x4010c4,0x1004af000,R
0x4010d4,0x1004b2000,R
0x401070,0x1004b5000,R
0x4011c4,0x1004b8000,W
0x401100,0x1004bb000,R
0x4010e0,0x1004be000,R
0x4011dc,0x1004c1000,R
0x401098,0x1004c4000,R
0x401110,0x1004c7000,R
0x401078,0x1004ca000,R
0x40106c,0x1004cd000,R
0x401018,0x1004d0000,R
0x401088,0x1004d3000,R
0x4011a8,0x1004d6000,R
0x4011ec,0x1004d9000,R
0x4010c4,0x1004dc000,R
0x401018,0x1004df000,R
0x401158,0x1004e2000,R
0x401040,0x1004e5000,R
0x401094,0x1004e8000,W
0x4010dc,0x1004eb000,R
0x401150,0x1004ee000,R
0x40100c,0x1004f1000,R
0x4011e4,0x1004f4000,W
0x4011ec,0x1004f7000,R
0x401184,0x1004fa000,R
0x4010c0,0x1004fd000,R
0x4011a4,0x100500000,R
0x4011f0,0x100503000,R
0x4010c8,0x100506000,R
0x4010b0,0x100509000,R
0x401050,0x10050c000,R
0x4011ac,0x10050f000,R
0x4011dc,0x100512000,R
0x4010b8,0x100515000,R
0x4011fc,0x100518000,R
0x401060,0x10051b000,R
0x4011f8,0x10051e000,R
0x401100,0x100521000,R
0x4011e0,0x100524000,R
0x4011d8,0x100527000,R
0x401158,0x10052a000,R
0x4010bc,0x10052d000,R
0x401140,0x100530000,R
0x401064,0x100533000,R
0x40117c,0x100536000,R
0x4011e8,0x100539000,R
0x401064,0x10053c000,R
0x401068,0x10053f000,R
0x40107c,0x100542000,R
0x401104,0x100545000,R
0x40114c,0x100548000,R
0x4011d4,0x10054b000,W
0x4010d0,0x10054e000,R
0x401080,0x100551000,R
0x401060,0x100554000,R
0x40105c,0x100557000,R
0x4010c8,0x10055a000,R
0x4011b8,0x10055d000,R
0x401194,0x100560000,R
0x401040,0x100563000,R
0x401138,0x100566000,R
0x401070,0x100569000,R
0x401164,0x10056c000,R
0x4011cc,0x10056f000,R
0x401018,0x100572000,R
0x40114c,0x100575000,R
0x401068,0x100578000,R
0x40101c,0x10057b000,R
0x4011e4,0x10057e000,R
0x401000,0x100581000,R
0x40107c,0x100584000,R
0x4010e8,0x100587000,R
0x4011ec,0x10058a000,R
0x4011e0,0x10058d000,R
0x401158,0x100590000,R
0x401184,0x100593000,R
0x401058,0x100596000,R
0x4010cc,0x100599000,R
0x401128,0x10059c000,R
0x401170,0x10059f000,R
0x401008,0x1005a2000,R
0x401080,0x1005a5000,R
0x401154,0x1005a8000,R
0x401170,0x1005ab000,R
0x401174,0x1005ae000,R
0x4011c4,0x1005b1000,R
0x40109c,0x1005b4000,R
0x401074,0x1005b7000,R
0x40118c,0x1005ba000,R
0x401174,0x1005bd000,R
0x4011a0,0x1005c0000,R
0x4010a8,0x1005c3000,R
0x401088,0x1005c6000,R
0x4010b8,0x1005c9000,R
0x4011fc,0x1005cc000,R
0x4011b8,0x1005cf000,R
0x401164,0x1005d2000,R
0x4011a0,0x1005d5000,R
0x4010b4,0x1005d8000,R
0x4010b0,0x1005db000,R
0x401090,0x1005de000,R
0x4011bc,0x1005e1000,R
0x40112c,0x1005e4000,R
0x401074,0x1005e7000,R
0x401050,0x1005ea000,R
0x401178,0x1005ed000,R
0x401058,0x1005f0000,R
0x401138,0x1005f3000,R
0x4010dc,0x1005f6000,R
0x401130,0x1005f9000,R
0x401018,0x1005fc000,R
0x401040,0x1005ff000,R
0x4010c4,0x100602000,R
0x401178,0x100605000,R
0x401044,0x100608000,R
0x401110,0x10060b000,R
0x401104,0x10060e000,R
0x40114c,0x100611000,R
0x401158,0x100614000,R
0x4010a4,0x100617000,R
0x40100c,0x10061a000,R
0x40114c,0x10061d000,R
0x401198,0x100620000,R
0x401110,0x100623000,W
0x4010b0,0x100626000,R
0x4010cc,0x100629000,R
0x4011a0,0x10062c000,R
0x4011b8,0x10062f000,R
0x401038,0x100632000,R
0x401050,0x100635000,R
0x4011f8,0x100638000,R
0x401134,0x10063b000,R
0x40104c,0x10063e000,R
0x401100,0x100641000,R
0x40119c,0x100644000,R
0x4011a4,0x100647000,R
0x4010f8,0x10064a000,R
0x401098,0x10064d000,R
0x4011c4,0x100650000,R
0x4010d4,0x100653000,W
0x4010c4,0x100656000,R
0x401194,0x100659000,R
0x401010,0x10065c000,R
0x40108c,0x10065f000,R
0x401140,0x100662000,R
0x4011a0,0x100665000,R
0x4011dc,0x100668000,R
0x4010f0,0x10066b000,R
0x4011a0,0x10066e000,R
0x4010f0,0x100671000,R
0x4011e0,0x100674000,R
0x4010dc,0x100677000,R
0x401030,0x10067a000,R
0x40102c,0x10067d000,R
0x4011f8,0x100680000,R
0x4010a8,0x100683000,R
0x40111c,0x100686000,R
0x4010a8,0x100689000,R
0x4011f0,0x10068c000,R
0x401100,0x10068f000,R
0x401180,0x100692000,R
0x401130,0x100695000,R
0x4011bc,0x100698000,R
0x401080,0x10069b000,R
0x4011b8,0x10069e000,R
0x4010d8,0x1006a1000,R
0x401080,0x1006a4000,R
0x40103c,0x1006a7000,R
0x4010c0,0x1006aa000,R
0x401060,0x1006ad000,R
0x401050,0x1006b0000,R
0x4011f8,0x1006b3000,R
0x401088,0x1006b6000,R
0x4011e8,0x1006b9000,R
0x4011a4,0x1006bc000,R
0x401154,0x1006bf000,R
0x401194,0x1006c2000,R
0x401040,0x1006c5000,R
0x40103c,0x1006c8000,R
0x401088,0x1006cb000,R
0x4010c8,0x1006ce000,R
0x4010e4,0x1006d1000,R
0x401104,0x1006d4000,R
0x4010c8,0x1006d7000,R
0x4010e8,0x1006da000,R
0x401070,0x1006dd000,R
0x4011a8,0x1006e0000,R
0x4011d4,0x1006e3000,R
0x401004,0x1006e6000,R
0x4010f4,0x1006e9000,R
0x401094,0x1006ec000,R
0x401008,0x1006ef000,R
0x401094,0x1006f2000,R
0x4011b0,0x1006f5000,R
0x4010e0,0x1006f8000,R
0x401000,0x1006fb000,R
0x40116c,0x1006fe000,R
0x4011fc,0x100701000,R
0x4011d0,0x100704000,R
0x4010f4,0x100707000,R
0x401058,0x10070a000,R
0x4011ac,0x10070d000,R
0x4010c0,0x100710000,R
0x401090,0x100713000,R
0x4010d4,0x100716000,R
0x4010e8,0x100719000,R
0x401194,0x10071c000,R
0x4011f0,0x10071f000,R
0x4011bc,0x100722000,R
0x401144,0x100725000,R
0x401104,0x100728000,R
0x401168,0x10072b000,R
0x40108c,0x10072e000,R
0x4010f0,0x100731000,R
0x401120,0x100734000,R
0x40109c,0x100737000,R
0x401104,0x10073a000,R
0x401048,0x10073d000,R
0x401050,0x100740000,R
0x4011a0,0x100743000,R
0x4011bc,0x100746000,R
0x4011fc,0x100749000,R
0x4010b0,0x10074c000,R
0x4010c4,0x10074f000,R
0x401120,0x100752000,R
0x4011a8,0x100755000,R
0x4011f0,0x100758000,R
0x401020,0x10075b000,R
0x401154,0x10075e000,R
0x401138,0x100761000,R
0x4010cc,0x100764000,R
0x40108c,0x100767000,R
0x401060,0x10076a000,W
0x4010dc,0x10076d000,R
0x4011c0,0x100770000,R
0x4011d8,0x100773000,R
0x4011e0,0x100776000,R
0x40102c,0x100779000,R
0x40107c,0x10077c000,W
0x4011d4,0x10077f000,R
0x4010ac,0x100782000,R
0x4011b0,0x100785000,R
0x4010b8,0x100788000,R
0x40107c,0x10078b000,R
0x401144,0x10078e000,W
0x4010ac,0x100791000,R
0x401014,0x100794000,R
0x401020,0x100797000,R
0x4010e8,0x10079a000,R
0x401040,0x10079d000,R
0x4011a4,0x1007a0000,R
0x4010e0,0x1007a3000,R
0x401128,0x1007a6000,R
0x401040,0x1007a9000,R
0x401128,0x1007ac000,R
0x401098,0x1007af000,R
0x401044,0x1007b2000,R
0x401180,0x1007b5000,R
0x401040,0x1007b8000,R
0x40100c,0x1007bb000,R
0x4011e0,0x1007be000,R
0x4010cc,0x1007c1000,R
0x40118c,0x1007c4000,W
0x401124,0x1007c7000,R
0x401184,0x1007ca000,W
0x40101c,0x1007cd000,R
0x401074,0x1007d0000,R
0x401158,0x1007d3000,R
0x401158,0x1007d6000,R
0x401004,0x1007d9000,R
0x4011b0,0x1007dc000,R
0x401174,0x1007df000,R
0x401174,0x1007e2000,R
0x401084,0x1007e5000,R
0x401128,0x1007e8000,R
0x4010b4,0x1007eb000,R
0x4011a0,0x1007ee000,R
0x401114,0x1007f1000,R
0x4010c4,0x1007f4000,R
0x40103c,0x1007f7000,R
0x4011c8,0x1007fa000,R
0x4010e4,0x1007fd000,R
0x4011c0,0x100000000,W
0x401090,0x100003000,W
0x40100c,0x100006000,R
0x40110c,0x100009000,R
0x401130,0x10000c000,R
0x401068,0x10000f000,R
0x4010c0,0x100012000,R
0x4010f8,0x100015000,R
0x401184,0x100018000,R
0x401048,0x10001b000,R
0x4010b0,0x10001e000,R
0x401178,0x100021000,R
0x401044,0x100024000,R
0x4010bc,0x100027000,R
0x4010ec,0x10002a000,R
0x4010a4,0x10002d000,W
0x401074,0x100030000,R
0x401074,0x100033000,R
0x401188,0x100036000,R
0x401010,0x100039000,R
0x4011c4,0x10003c000,R
0x401130,0x10003f000,R
0x401110,0x100042000,R
0x4010f0,0x100045000,R
0x4010f4,0x100048000,R
0x40107c,0x10004b000,R
0x4011b4,0x10004e000,R
0x40100c,0x100051000,R
0x401040,0x100054000,R
0x401078,0x100057000,R
0x401098,0x10005a000,R
0x401024,0x10005d000,R
0x401030,0x100060000,R
0x4011ec,0x100063000,R
0x401068,0x100066000,R
0x40101c,0x100069000,R
0x40104c,0x10006c000,R
0x40108c,0x10006f000,R
0x4011b8,0x100072000,R
0x401070,0x100075000,R
0x401044,0x100078000,R
0x401090,0x10007b000,R
0x401168,0x10007e000,R
0x401048,0x100081000,R
0x401118,0x100084000,R
0x4010c0,0x100087000,R
0x401180,0x10008a000,R
0x4010c8,0x10008d000,R
0x401168,0x100090000,R
0x401160,0x100093000,R
0x401118,0x100096000,R
0x401074,0x100099000,R
0x40117c,0x10009c000,R
0x401100,0x10009f000,R
0x401100,0x1000a2000,R
0x401040,0x1000a5000,R
0x4011d0,0x1000a8000,R
0x401118,0x1000ab000,R
0x4011ac,0x1000ae000,R
0x401078,0x1000b1000,W
0x401104,0x1000b4000,R
0x40114c,0x1000b7000,R
0x401068,0x1000ba000,W
0x4010d4,0x1000bd000,R
0x401134,0x1000c0000,R
0x401070,0x1000c3000,R
0x401064,0x1000c6000,R
0x401144,0x1000c9000,R
0x401070,0x1000cc000,R
0x401020,0x1000cf000,R
0x401060,0x1000d2000,R
0x4011d8,0x1000d5000,R
0x401128,0x1000d8000,R
0x401144,0x1000db000,R
0x401130,0x1000de000,R
0x401104,0x1000e1000,R
0x401008,0x1000e4000,R
0x40114c,0x1000e7000,R
0x4010a8,0x1000ea000,R
0x401034,0x1000ed000,R
0x4011c0,0x1000f0000,R
0x4010fc,0x1000f3000,R
0x4010ac,0x1000f6000,R
0x4010c8,0x1000f9000,R
0x40117c,0x1000fc000,R
0x401098,0x1000ff000,R
0x4011dc,0x100102000,R
0x4011e4,0x100105000,R
0x401070,0x100108000,R
0x401094,0x10010b000,R
0x401114,0x10010e000,W
0x4010e0,0x100111000,W
0x4011d4,0x100114000,R
0x401098,0x100117000,R
0x4011a8,0x10011a000,R
0x4010a8,0x10011d000,R
0x401194,0x100120000,W
0x401070,0x100123000,R
0x40100c,0x100126000,R
0x4011f4,0x100129000,R
0x401154,0x10012c000,R
0x401130,0x10012f000,R
0x4011a8,0x100132000,R
0x4010e8,0x100135000,R
0x4011dc,0x100138000,R
0x401128,0x10013b000,R
0x401078,0x10013e000,R
0x4011e0,0x100141000,R
0x401014,0x100144000,R
0x401098,0x100147000,R
0x401118,0x10014a000,R
0x4011b8,0x10014d000,R
0x40105c,0x100150000,R
0x40100c,0x100153000,R
0x4011b0,0x100156000,R
0x4011ec,0x100159000,R
0x4010e4,0x10015c000,R
0x401014,0x10015f000,R
0x40117c,0x100162000,R
0x401194,0x100165000,R
0x4011b0,0x100168000,R
0x401024,0x10016b000,R
0x4011f8,0x10016e000,R
0x4010c8,0x100171000,R
0x4011a8,0x100174000,R
0x401054,0x100177000,R
0x40104c,0x10017a000,R
0x401030,0x10017d000,R
0x40100c,0x100180000,R
0x40118c,0x100183000,R
0x4010c8,0x100186000,R
0x40101c,0x100189000,R
0x40115c,0x10018c000,R
0x401170,0x10018f000,R
0x401028,0x100192000,R
0x4011c4,0x100195000,W
0x401000,0x100198000,R
0x4010d8,0x10019b000,R
0x4011d0,0x10019e000,R
0x401118,0x1001a1000,R
0x401064,0x1001a4000,R
0x40100c,0x1001a7000,R
0x4011a8,0x1001aa000,R
0x401184,0x1001ad000,W
0x40109c,0x1001b0000,W
0x401084,0x1001b3000,W
0x4010fc,0x1001b6000,R
0x40107c,0x1001b9000,R
0x40119c,0x1001bc000,R
0x40102c,0x1001bf000,R
0x4010bc,0x1001c2000,R
0x4011ec,0x1001c5000,R
0x40116c,0x1001c8000,R
0x401150,0x1001cb000,R
0x4011d0,0x1001ce000,R
0x4011ec,0x1001d1000,R
0x4011a8,0x1001d4000,W
0x4011ec,0x1001d7000,R
0x40101c,0x1001da000,R
0x4010b8,0x1001dd000,R
0x401030,0x1001e0000,R
0x401058,0x1001e3000,R
0x40105c,0x1001e6000,R
0x4011a4,0x1001e9000,R
0x40100c,0x1001ec000,R
0x4010a4,0x1001ef000,W
0x4010d0,0x1001f2000,R
0x401060,0x1001f5000,R
0x401138,0x1001f8000,R
0x4010ac,0x1001fb000,R
0x401068,0x1001fe000,R
0x401170,0x100201000,R
0x4011f8,0x100204000,R
0x4011a4,0x100207000,R
0x4010dc,0x10020a000,R
0x401150,0x10020d000,R
0x401198,0x100210000,R
0x401080,0x100213000,W
0x40115c,0x100216000,R
0x40106c,0x100219000,R
0x4010f0,0x10021c000,R
0x4010a0,0x10021f000,R
0x401088,0x100222000,R
0x40115c,0x100225000,R
0x401130,0x100228000,R
0x401054,0x10022b000,R
0x401070,0x10022e000,R
0x40114c,0x100231000,R
0x4011f8,0x100234000,R
0x4010f4,0x100237000,R
0x4010fc,0x10023a000,R
0x401124,0x10023d000,R
0x4010d4,0x100240000,R
0x401014,0x100243000,R
0x40114c,0x100246000,R
0x401070,0x100249000,R
0x401094,0x10024c000,R
0x4011e0,0x10024f000,R
0x401020,0x100252000,R
0x401074,0x100255000,R
0x4010c4,0x100258000,R
0x401118,0x10025b000,R
0x401020,0x10025e000,W
0x4010a0,0x100261000,R
0x4010e8,0x100264000,R
0x4010ac,0x100267000,R
0x401178,0x10026a000,R
0x40108c,0x10026d000,R
0x4010b4,0x100270000,R
0x4010d0,0x100273000,R
0x4010a4,0x100276000,W
0x40102c,0x100279000,R
0x4010c4,0x10027c000,W
0x4011e8,0x10027f000,R
0x4010d0,0x100282000,R
0x401194,0x100285000,R
0x401154,0x100288000,R
0x40100c,0x10028b000,R
0x4010d8,0x10028e000,R
0x4010b8,0x100291000,R
0x4011b0,0x100294000,R
0x40102c,0x100297000,R
0x4011d8,0x10029a000,W
0x4010a4,0x10029d000,R
0x40112c,0x1002a0000,R
0x401080,0x1002a3000,R
0x401104,0x1002a6000,R
0x40107c,0x1002a9000,R
0x4011d0,0x1002ac000,R
0x401030,0x1002af000,R
0x401094,0x1002b2000,R
0x4011d0,0x1002b5000,R
0x401100,0x1002b8000,R
0x401010,0x1002bb000,R
0x40102c,0x1002be000,W
0x4011d4,0x1002c1000,W
0x401130,0x1002c4000,R
0x4011e8,0x1002c7000,R
0x4010d0,0x1002ca000,R
0x401154,0x1002cd000,R
0x401168,0x1002d0000,R
0x401040,0x1002d3000,R
0x4011ac,0x1002d6000,R
0x401140,0x1002d9000,R
0x401084,0x1002dc000,R
0x4010f4,0x1002df000,R
0x40112c,0x1002e2000,R
0x401148,0x1002e5000,R
0x401090,0x1002e8000,R
0x4010f4,0x1002eb000,W
0x401030,0x1002ee000,R
0x401194,0x1002f1000,R
0x401194,0x1002f4000,R
0x401064,0x1002f7000,R
0x401024,0x1002fa000,R
0x4010b4,0x1002fd000,R
0x401018,0x100300000,R
0x401050,0x100303000,R
0x401114,0x100306000,R
0x4010cc,0x100309000,R
0x401124,0x10030c000,R
0x401074,0x10030f000,R
0x401138,0x100312000,R
0x4010ec,0x100315000,W
0x401078,0x100318000,R
0x40109c,0x10031b000,R
0x4010ec,0x10031e000,R
0x40116c,0x100321000,R
0x4011c4,0x100324000,R
0x401058,0x100327000,R
0x4011bc,0x10032a000,R
0x401074,0x10032d000,R
0x401014,0x100330000,R
0x401158,0x100333000,R
0x4011a8,0x100336000,R
0x40118c,0x100339000,R
0x4011a8,0x10033c000,R
0x4011b4,0x10033f000,R
0x4011d8,0x100342000,R
0x401188,0x100345000,R
0x4010dc,0x100348000,R
0x401090,0x10034b000,R
0x4010f0,0x10034e000,R
0x401160,0x100351000,R
0x4010e8,0x100354000,R
0x4010a8,0x100357000,R
0x4010e4,0x10035a000,R
0x40103c,0x10035d000,R
0x401148,0x100360000,R
0x401188,0x100363000,R
0x401198,0x100366000,R
0x40107c,0x100369000,R
0x40115c,0x10036c000,R
0x401070,0x10036f000,R
0x40100c,0x100372000,R
0x401188,0x100375000,R
0x401054,0x100378000,R
0x401100,0x10037b000,R
0x4010d4,0x10037e000,R
0x401050,0x100381000,R
0x4011ec,0x100384000,R
0x401020,0x100387000,R
0x4011c4,0x10038a000,R
0x4010e0,0x10038d000,R
0x401098,0x100390000,R
0x40108c,0x100393000,R
0x4011b4,0x100396000,R
0x4010f4,0x100399000,R
0x401030,0x10039c000,R
0x401088,0x10039f000,R
0x40108c,0x1003a2000,R
0x40102c,0x1003a5000,R
0x401170,0x1003a8000,R
0x401054,0x1003ab000,R
0x40118c,0x1003ae000,R
0x401198,0x1003b1000,R
0x40105c,0x1003b4000,W
0x401094,0x1003b7000,R
0x401110,0x1003ba000,R
0x40109c,0x1003bd000,R
0x4010e4,0x1003c0000,R
0x4011a4,0x1003c3000,R
0x4011ac,0x1003c6000,R
0x401170,0x1003c9000,R
0x4011b4,0x1003cc000,W
0x401028,0x1003cf000,R
0x4010dc,0x1003d2000,R
0x4010fc,0x1003d5000,R
0x40103c,0x1003d8000,R
0x4011f8,0x1003db000,R
0x401048,0x1003de000,R
0x401040,0x1003e1000,R
0x4010e0,0x1003e4000,W
0x40106c,0x1003e7000,R
0x401000,0x1003ea000,R
0x401068,0x1003ed000,R
0x401124,0x1003f0000,R
0x401000,0x1003f3000,R
0x401040,0x1003f6000,R
0x40100c,0x1003f9000,R
0x4010d8,0x1003fc000,R
0x4011b0,0x1003ff000,W
0x401148,0x100402000,R
0x4011fc,0x100405000,R
0x4011bc,0x100408000,R
0x4010d8,0x10040b000,R
0x401060,0x10040e000,R
0x4010d4,0x100411000,R
0x4010f8,0x100414000,R
0x4011dc,0x100417000,R
0x401134,0x10041a000,R
0x401000,0x10041d000,R
0x4010ac,0x100420000,R
0x401084,0x100423000,R
0x401034,0x100426000,R
0x4010b0,0x100429000,R
0x401048,0x10042c000,R
0x401134,0x10042f000,R
0x401048,0x100432000,R
0x4011e0,0x100435000,R
0x40117c,0x100438000,R
0x4010bc,0x10043b000,R
0x401030,0x10043e000,R
0x4011a8,0x100441000,R
0x401108,0x100444000,R
0x40118c,0x100447000,R
0x4011c8,0x10044a000,R
0x4011d0,0x10044d000,R
0x401020,0x100450000,R
0x401094,0x100453000,W
0x4011b4,0x100456000,R
0x4011dc,0x100459000,R
0x401020,0x10045c000,R
0x40106c,0x10045f000,W
0x401040,0x100462000,R
0x401110,0x100465000,R
0x4010dc,0x100468000,R
0x4011c4,0x10046b000,R
0x401090,0x10046e000,R
0x40109c,0x100471000,R
0x401170,0x100474000,R
0x4010f0,0x100477000,W
0x401104,0x10047a000,R
0x40119c,0x10047d000,R
0x4010b8,0x100480000,R
0x401088,0x100483000,W
0x401088,0x100486000,R
0x401180,0x100489000,R
0x401008,0x10048c000,R
0x401010,0x10048f000,R
0x401120,0x100492000,R
0x401140,0x100495000,R
0x401158,0x100498000,R
0x401150,0x10049b000,R
0x401088,0x10049e000,R
0x401074,0x1004a1000,R
0x4011d4,0x1004a4000,R
0x4010f4,0x1004a7000,R
0x4010d0,0x1004aa000,R
0x4010ac,0x1004ad000,R
0x401118,0x1004b0000,R
0x40118c,0x1004b3000,R
0x401130,0x1004b6000,R
0x401134,0x1004b9000,R
0x401170,0x1004bc000,R
0x401024,0x1004bf000,R
0x4011dc,0x1004c2000,R
0x401144,0x1004c5000,R
0x40113c,0x1004c8000,R
0x401108,0x1004cb000,R
0x401158,0x1004ce000,R
0x4010b8,0x1004d1000,R
0x40113c,0x1004d4000,R
0x4011b4,0x1004d7000,R
0x4011ec,0x1004da000,R
0x4011a8,0x1004dd000,R
0x4010c8,0x1004e0000,R
0x40110c,0x1004e3000,R
0x4010e0,0x1004e6000,R
0x4010bc,0x1004e9000,W
0x401028,0x1004ec000,R
0x401154,0x1004ef000,R
0x4010a0,0x1004f2000,R
0x4010b8,0x1004f5000,R
0x401104,0x1004f8000,W
0x4010ec,0x1004fb000,R
0x401114,0x1004fe000,R
0x401148,0x100501000,R
0x401134,0x100504000,R
0x401028,0x100507000,R
0x40119c,0x10050a000,R
0x4011f0,0x10050d000,R
0x4011b0,0x100510000,R
0x401100,0x100513000,R
0x401124,0x100516000,R
0x401164,0x100519000,R
0x401040,0x10051c000,R
0x401184,0x10051f000,R
0x4010b0,0x100522000,R
0x401024,0x100525000,R
0x401008,0x100528000,R
0x40105c,0x10052b000,R
0x401174,0x10052e000,R
0x401164,0x100531000,R
0x401184,0x100534000,R
0x401084,0x100537000,R
0x401184,0x10053a000,R
0x40115c,0x10053d000,R
0x401038,0x100540000,R
0x4011dc,0x100543000,R
0x40116c,0x100546000,R
0x401194,0x100549000,R
0x401170,0x10054c000,R
0x401168,0x10054f000,R
0x401088,0x100552000,R
0x401044,0x100555000,R
0x4011bc,0x100558000,R
0x40116c,0x10055b000,R
0x4011f0,0x10055e000,R
0x40111c,0x100561000,R
0x4011dc,0x100564000,R
0x401048,0x100567000,R
0x4011d8,0x10056a000,R
0x401070,0x10056d000,R
0x4011ec,0x100570000,R
0x401168,0x100573000,W
0x40109c,0x100576000,R
0x4010cc,0x100579000,R
0x401190,0x10057c000,W
0x40104c,0x10057f000,R
0x40117c,0x100582000,R
0x40109c,0x100585000,R
0x401084,0x100588000,R
0x401038,0x10058b000,R
0x4010f4,0x10058e000,W
0x401020,0x100591000,R
0x401118,0x100594000,R
0x40109c,0x100597000,R
0x4010c4,0x10059a000,R
0x401050,0x10059d000,R
0x40115c,0x1005a0000,R
0x40101c,0x1005a3000,R
0x40112c,0x1005a6000,R
0x40117c,0x1005a9000,R
0x401010,0x1005ac000,R
0x4011ec,0x1005af000,R
0x401128,0x1005b2000,R
0x40104c,0x1005b5000,R
0x4010e4,0x1005b8000,R
0x401008,0x1005bb000,R
0x4010f4,0x1005be000,R
0x4010c8,0x1005c1000,R
0x4010a4,0x1005c4000,R
0x4011ec,0x1005c7000,W
0x401058,0x1005ca000,R
0x401138,0x1005cd000,R
0x401148,0x1005d0000,R
0x4010c4,0x1005d3000,R
0x4010dc,0x1005d6000,R
0x401118,0x1005d9000,R
0x401020,0x1005dc000,R
0x401188,0x1005df000,R
0x4011dc,0x1005e2000,R
0x40113c,0x1005e5000,R
0x4011fc,0x1005e8000,R
0x401158,0x1005eb000,R
0x401048,0x1005ee000,R
0x401164,0x1005f1000,R
0x4010f0,0x1005f4000,R
0x4011f0,0x1005f7000,R
0x40119c,0x1005fa000,R
0x40105c,0x1005fd000,R
0x401130,0x100600000,R
0x401020,0x100603000,R
0x401128,0x100606000,R
0x40110c,0x100609000,R
0x401128,0x10060c000,R
0x401018,0x10060f000,R
0x401090,0x100612000,R
0x4010d0,0x100615000,R
0x4010b8,0x100618000,R
0x40110c,0x10061b000,R
0x4010c8,0x10061e000,R
0x4011a8,0x100621000,R
0x4010cc,0x100624000,R
0x401070,0x100627000,W
0x4011f0,0x10062a000,R
0x401160,0x10062d000,R
0x401078,0x100630000,R
0x4010b0,0x100633000,R
0x401080,0x100636000,R
0x401114,0x100639000,R
0x4011d8,0x10063c000,W
0x4010e8,0x10063f000,R
0x401130,0x100642000,R
0x4010f4,0x100645000,R
0x40112c,0x100648000,R
0x40112c,0x10064b000,R
0x4010f8,0x10064e000,R
0x401118,0x100651000,R
0x401034,0x100654000,R
0x4010e0,0x100657000,R
0x4010e4,0x10065a000,R
0x401058,0x10065d000,R
0x4011c8,0x100660000,R
0x4010c0,0x100663000,R
0x401124,0x100666000,R
0x401038,0x100669000,R
0x401080,0x10066c000,R
0x4011b0,0x10066f000,R
0x4011e0,0x100672000,R
0x401084,0x100675000,R
0x401104,0x100678000,R
0x4010f8,0x10067b000,R
0x4010a0,0x10067e000,R
0x401054,0x100681000,R
0x4010ec,0x100684000,W
0x401058,0x100687000,R
0x4011a4,0x10068a000,R
0x4011f4,0x10068d000,R
0x401060,0x100690000,R
0x4011d4,0x100693000,R
0x40100c,0x100696000,R
0x401040,0x100699000,R
0x40109c,0x10069c000,R
0x4010ac,0x10069f000,R
0x4011d0,0x1006a2000,R
0x4010e0,0x1006a5000,R
0x40111c,0x1006a8000,W
0x401068,0x1006ab000,R
0x4010b0,0x1006ae000,R
0x401188,0x1006b1000,W
0x4010f0,0x1006b4000,R
0x401078,0x1006b7000,R
0x401148,0x1006ba000,R
0x4011cc,0x1006bd000,R
0x401094,0x1006c0000,R
0x4010a0,0x1006c3000,R
0x40116c,0x1006c6000,R
0x401124,0x1006c9000,R
0x401004,0x1006cc000,R
0x401088,0x1006cf000,R
0x40117c,0x1006d2000,R
0x4011b8,0x1006d5000,R
0x401030,0x1006d8000,R
0x401050,0x1006db000,R
0x401034,0x1006de000,R
0x401164,0x1006e1000,R
0x401154,0x1006e4000,R
0x401144,0x1006e7000,R
0x401170,0x1006ea000,R
0x401034,0x1006ed000,R
0x401154,0x1006f0000,R
0x4011a0,0x1006f3000,R
0x4010d0,0x1006f6000,R
0x4011d0,0x1006f9000,R
0x4010b8,0x1006fc000,R
0x40111c,0x1006ff000,R
0x40102c,0x100702000,R
0x4010dc,0x100705000,R
0x401024,0x100708000,R
0x40103c,0x10070b000,R
0x401140,0x10070e000,R
0x4010b8,0x100711000,R
0x401130,0x100714000,R
0x401004,0x100717000,R
0x4010b8,0x10071a000,R
0x4011cc,0x10071d000,R
0x401098,0x100720000,R
0x4010fc,0x100723000,R
0x401084,0x100726000,R
0x401148,0x100729000,R
0x401188,0x10072c000,R
0x4011dc,0x10072f000,R
0x401038,0x100732000,R
0x401158,0x100735000,R
0x401170,0x100738000,R
0x401054,0x10073b000,R
0x401190,0x10073e000,R
0x401104,0x100741000,R
0x401020,0x100744000,R
0x4011ac,0x100747000,R
0x401040,0x10074a000,R
0x40113c,0x10074d000,R
0x401184,0x100750000,R
0x401038,0x100753000,R
0x401170,0x100756000,R
0x401140,0x100759000,R
0x4010e8,0x10075c000,R
0x401110,0x10075f000,R
0x401124,0x100762000,R
0x401154,0x100765000,R
0x4010dc,0x100768000,R
0x4011c4,0x10076b000,R
0x401014,0x10076e000,R
0x4011bc,0x100771000,R
0x401118,0x100774000,R
0x4011c8,0x100777000,R
0x401110,0x10077a000,R
0x401058,0x10077d000,R
0x40107c,0x100780000,R
0x401090,0x100783000,W
0x4010d8,0x100786000,R
0x4010dc,0x100789000,R
0x401068,0x10078c000,R
0x40114c,0x10078f000,R
0x401060,0x100792000,R
0x4010c4,0x100795000,R
0x40115c,0x100798000,R
0x4011d4,0x10079b000,R
0x4010e4,0x10079e000,R
0x4010cc,0x1007a1000,R
0x40110c,0x1007a4000,R
0x4010a4,0x1007a7000,R
0x40111c,0x1007aa000,W
0x401028,0x1007ad000,R
0x401050,0x1007b0000,R
0x40105c,0x1007b3000,R
0x401064,0x1007b6000,R
0x40104c,0x1007b9000,R
0x4010fc,0x1007bc000,R
0x401040,0x1007bf000,R
0x40118c,0x1007c2000,R
0x4011e8,0x1007c5000,R
0x4011c8,0x1007c8000,W
0x4010ac,0x1007cb000,R
0x40113c,0x1007ce000,R
0x401134,0x1007d1000,R
0x40119c,0x1007d4000,W
0x401004,0x1007d7000,R
0x401118,0x1007da000,R
0x401114,0x1007dd000,R
0x4011e8,0x1007e0000,R
0x40110c,0x1007e3000,R
0x401094,0x1007e6000,R
0x4010ec,0x1007e9000,R
0x401070,0x1007ec000,W
0x401188,0x1007ef000,R
0x4011f8,0x1007f2000,W
0x4010cc,0x1007f5000,R
0x4010a8,0x1007f8000,R
0x40109c,0x1007fb000,R
0x401038,0x1007fe000,R
0x4010b0,0x100001000,W
0x401148,0x100004000,R
0x4010ec,0x100007000,W
0x4010b4,0x10000a000,W
0x401054,0x10000d000,R
0x4011cc,0x100010000,R
0x4010e0,0x100013000,W
0x401110,0x100016000,R
0x4011a4,0x100019000,R
0x4010dc,0x10001c000,R
0x4010ac,0x10001f000,R
0x4011f8,0x100022000,R
0x401128,0x100025000,R
0x4011b4,0x100028000,R
0x4010a4,0x10002b000,R
0x4010b4,0x10002e000,R
0x401084,0x100031000,R
0x40101c,0x100034000,R
0x401038,0x100037000,R
0x40107c,0x10003a000,R
0x401190,0x10003d000,R
0x401038,0x100040000,R
0x401044,0x100043000,R
0x4010c4,0x100046000,R
0x401104,0x100049000,R
0x4011c4,0x10004c000,R
0x401054,0x10004f000,R
0x4010b0,0x100052000,R
0x401044,0x100055000,R
0x4010c8,0x100058000,R
0x4011c8,0x10005b000,R
0x4011e8,0x10005e000,R
0x40110c,0x100061000,R
0x40118c,0x100064000,R
0x401084,0x100067000,R
0x401164,0x10006a000,R
0x401100,0x10006d000,R
0x401110,0x100070000,R
0x4011c0,0x100073000,R
0x4010cc,0x100076000,R
0x4010b8,0x100079000,R
0x401038,0x10007c000,R
0x401008,0x10007f000,R
0x401108,0x100082000,R
0x401120,0x100085000,R
0x40102c,0x100088000,R
0x40114c,0x10008b000,R
0x40117c,0x10008e000,R
0x40114c,0x100091000,R
0x401090,0x100094000,R
0x40103c,0x100097000,R
0x40107c,0x10009a000,R
0x401084,0x10009d000,R
0x401014,0x1000a0000,R
0x401134,0x1000a3000,W
0x401160,0x1000a6000,R
0x40102c,0x1000a9000,R
0x401020,0x1000ac000,R
0x401144,0x1000af000,R
0x401188,0x1000b2000,R
0x4010b8,0x1000b5000,R
0x4010a0,0x1000b8000,R
0x401008,0x1000bb000,R
0x40105c,0x1000be000,R
0x401064,0x1000c1000,R
0x401170,0x1000c4000,R
0x4011dc,0x1000c7000,R
0x401188,0x1000ca000,R
0x401014,0x1000cd000,R
0x401198,0x1000d0000,R
0x401118,0x1000d3000,R
0x40107c,0x1000d6000,R
0x40111c,0x1000d9000,R
0x401078,0x1000dc000,R
0x40117c,0x1000df000,R
0x40116c,0x1000e2000,R
0x40100c,0x1000e5000,R
0x4010bc,0x1000e8000,R
0x4011cc,0x1000eb000,R
0x4011b4,0x1000ee000,R
0x40115c,0x1000f1000,R
0x401010,0x1000f4000,R
0x4011b4,0x1000f7000,R
0x4011d4,0x1000fa000,R
0x401144,0x1000fd000,R
0x4010b0,0x100100000,W
0x4011b4,0x100103000,R
0x4011ec,0x100106000,R
0x401074,0x100109000,R
0x401198,0x10010c000,R
0x4011ec,0x10010f000,R
0x4010f4,0x100112000,R
0x401090,0x100115000,R
0x401074,0x100118000,R
0x40105c,0x10011b000,R
0x4011d8,0x10011e000,R
0x4010d8,0x100121000,R
0x4010f0,0x100124000,W
0x4011d8,0x100127000,R
0x4011cc,0x10012a000,R
0x4011d8,0x10012d000,W
0x401168,0x100130000,W
0x401184,0x100133000,R
0x4011f0,0x100136000,R
0x40116c,0x100139000,R
0x401184,0x10013c000,R
0x401174,0x10013f000,R
0x401004,0x100142000,R
0x401184,0x100145000,R
0x40113c,0x100148000,R
0x401120,0x10014b000,R
0x401064,0x10014e000,R
0x401064,0x100151000,R
0x401044,0x100154000,R
0x4011d8,0x100157000,R
0x401064,0x10015a000,R
0x401004,0x10015d000,R
0x401020,0x100160000,W
0x40118c,0x100163000,R
0x401058,0x100166000,R
0x40100c,0x100169000,R
0x40109c,0x10016c000,R
0x40103c,0x10016f000,R
0x4010d8,0x100172000,R
0x4010f0,0x100175000,R
0x401044,0x100178000,R
0x401178,0x10017b000,R
0x40112c,0x10017e000,R
0x4010dc,0x100181000,R
0x40112c,0x100184000,R
0x401100,0x100187000,R
0x401170,0x10018a000,R
0x4011cc,0x10018d000,R
0x4011c0,0x100190000,R
0x401024,0x100193000,R
0x4010b8,0x100196000,R
0x4010fc,0x100199000,W
0x4010a4,0x10019c000,R
0x401168,0x10019f000,R
0x40108c,0x1001a2000,R
0x40101c,0x1001a5000,R
0x4010c0,0x1001a8000,R
0x401094,0x1001ab000,R
0x4011e4,0x1001ae000,R
0x40117c,0x1001b1000,R
0x4011bc,0x1001b4000,R
0x40104c,0x1001b7000,R
0x401084,0x1001ba000,R
0x401048,0x1001bd000,R
0x401138,0x1001c0000,R
0x401180,0x1001c3000,R
0x4011f4,0x1001c6000,R
0x401050,0x1001c9000,R
0x401160,0x1001cc000,R
0x401138,0x1001cf000,W
0x4011ec,0x1001d2000,R
0x40107c,0x1001d5000,R
0x401028,0x1001d8000,R
0x4011d8,0x1001db000,R
0x4010d4,0x1001de000,R
0x401124,0x1001e1000,R
0x401030,0x1001e4000,W
0x40113c,0x1001e7000,R
0x4010c8,0x1001ea000,R
0x4010e4,0x1001ed000,R
0x4010d4,0x1001f0000,R
0x401180,0x1001f3000,R
0x40117c,0x1001f6000,W
0x4010d8,0x1001f9000,W
0x40111c,0x1001fc000,R
0x4010e8,0x1001ff000,R
0x401100,0x100202000,R
0x4011bc,0x100205000,R
0x40117c,0x100208000,R
0x4010f4,0x10020b000,R
0x401044,0x10020e000,R
0x401114,0x100211000,R
0x40104c,0x100214000,R
0x401188,0x100217000,R
0x401018,0x10021a000,R
0x401088,0x10021d000,R
0x4010fc,0x100220000,R
0x401094,0x100223000,R
0x40108c,0x100226000,R
0x40107c,0x100229000,R
0x401014,0x10022c000,R
0x40115c,0x10022f000,R
0x4011b8,0x100232000,R
0x401050,0x100235000,R
0x401108,0x100238000,R
0x40102c,0x10023b000,R
0x401138,0x10023e000,R
0x401170,0x100241000,R
0x4010cc,0x100244000,R
0x401188,0x100247000,R
0x4011c8,0x10024a000,R
0x4010e8,0x10024d000,R
0x4011e4,0x100250000,R
0x4011b4,0x100253000,R
0x4011a0,0x100256000,R
0x401060,0x100259000,R
0x40104c,0x10025c000,R
0x40103c,0x10025f000,R
0x401010,0x100262000,R
0x401088,0x100265000,R
0x4010cc,0x100268000,R
0x401194,0x10026b000,W
0x4010b4,0x10026e000,W
0x40101c,0x100271000,R
0x401078,0x100274000,R
0x401144,0x100277000,R
0x401050,0x10027a000,R
0x401194,0x10027d000,R
0x4011d8,0x100280000,R
0x4011bc,0x100283000,R
0x4010a4,0x100286000,W
0x4011f0,0x100289000,R
0x401004,0x10028c000,R
0x401008,0x10028f000,R
0x401190,0x100292000,R
0x4010f4,0x100295000,R
0x401170,0x100298000,R
0x401040,0x10029b000,R
0x4011d0,0x10029e000,R
0x4010a4,0x1002a1000,R
0x4011ec,0x1002a4000,W
0x4010dc,0x1002a7000,R
0x4011cc,0x1002aa000,R
0x4010c8,0x1002ad000,R
0x401168,0x1002b0000,R
0x4010c8,0x1002b3000,R
0x401014,0x1002b6000,R
0x4011d4,0x1002b9000,R
0x4010b8,0x1002bc000,R
0x4011d8,0x1002bf000,R
0x4011c0,0x1002c2000,R
0x401074,0x1002c5000,R
0x40102c,0x1002c8000,R
0x4010a4,0x1002cb000,R
0x4010fc,0x1002ce000,R
0x401084,0x1002d1000,R
0x401014,0x1002d4000,R
0x401194,0x1002d7000,R
0x401108,0x1002da000,R
0x401038,0x1002dd000,R
0x401124,0x1002e0000,R
0x401188,0x1002e3000,R
0x40108c,0x1002e6000,R
0x4010d0,0x1002e9000,R
0x40111c,0x1002ec000,R
0x40105c,0x1002ef000,R
0x401104,0x1002f2000,R
0x4011f4,0x1002f5000,R
0x40102c,0x1002f8000,R
0x401038,0x1002fb000,R
0x401004,0x1002fe000,R
0x401024,0x100301000,R
0x401074,0x100304000,R
0x4010d4,0x100307000,R
0x401148,0x10030a000,R
0x4011c8,0x10030d000,R
0x401070,0x100310000,R
0x401028,0x100313000,R
0x4010e8,0x100316000,R
0x401170,0x100319000,R
0x40111c,0x10031c000,R
0x40114c,0x10031f000,R
0x401024,0x100322000,R
0x4011b8,0x100325000,R
0x401164,0x100328000,R
0x401190,0x10032b000,R
0x40112c,0x10032e000,R
0x401070,0x100331000,R
0x40114c,0x100334000,R
0x40115c,0x100337000,R
0x401178,0x10033a000,R
0x401100,0x10033d000,R
0x4011e8,0x100340000,R
0x401164,0x100343000,R
0x40102c,0x100346000,R
0x401004,0x100349000,R
0x4011f8,0x10034c000,R
0x4010c0,0x10034f000,R
0x40105c,0x100352000,R
0x4010ac,0x100355000,R
0x401120,0x100358000,R
0x40100c,0x10035b000,R
0x401024,0x10035e000,R
0x4011ec,0x100361000,R
0x401138,0x100364000,R
0x401038,0x100367000,R
0x401018,0x10036a000,R
0x4010d4,0x10036d000,R
0x4011b4,0x100370000,R
0x401078,0x100373000,R
0x4011c0,0x100376000,R
0x4010e4,0x100379000,R
0x401044,0x10037c000,R
0x4010f0,0x10037f000,R
0x4011bc,0x100382000,W
0x401078,0x100385000,R
0x401180,0x100388000,W
0x401190,0x10038b000,R
0x4010bc,0x10038e000,R
0x4011d0,0x100391000,R
0x4010f0,0x100394000,R
0x4011e4,0x100397000,R
0x401144,0x10039a000,R
0x4010d4,0x10039d000,R
0x401164,0x1003a0000,R
0x401018,0x1003a3000,R
0x401190,0x1003a6000,R
0x401078,0x1003a9000,R
0x4010d8,0x1003ac000,R
0x4011ac,0x1003af000,R
0x40115c,0x1003b2000,W
0x401024,0x1003b5000,R
0x4011f0,0x1003b8000,R
0x401150,0x1003bb000,R
0x40112c,0x1003be000,R
0x40112c,0x1003c1000,R
0x4011c4,0x1003c4000,R
0x4011c4,0x1003c7000,R
0x4010f4,0x1003ca000,R
0x401120,0x1003cd000,R
0x401014,0x1003d0000,R
0x401168,0x1003d3000,R
0x4011b8,0x1003d6000,R
0x4011d0,0x1003d9000,R
0x401168,0x1003dc000,W
0x4010d4,0x1003df000,R
0x4011bc,0x1003e2000,W
0x401160,0x1003e5000,R
0x401060,0x1003e8000,R
0x40105c,0x1003eb000,R
0x4011f0,0x1003ee000,R
0x4010d0,0x1003f1000,R
0x40112c,0x1003f4000,R
0x401088,0x1003f7000,R
0x40108c,0x1003fa000,R
0x401178,0x1003fd000,R
0x4011a4,0x100400000,R
0x401158,0x100403000,R
0x4011fc,0x100406000,R
0x401110,0x100409000,R
0x401180,0x10040c000,R
0x401148,0x10040f000,R
0x4011b0,0x100412000,R
0x401030,0x100415000,R
0x40108c,0x100418000,R
0x40104c,0x10041b000,R
0x4010c4,0x10041e000,R
0x401164,0x100421000,R
0x401144,0x100424000,W
0x401114,0x100427000,R
0x401118,0x10042a000,R
0x4011d4,0x10042d000,R
0x4011e8,0x100430000,R
0x4011b8,0x100433000,R
0x4011a0,0x100436000,R
0x401158,0x100439000,R
0x401194,0x10043c000,R
0x401004,0x10043f000,R
0x4011d4,0x100442000,R
0x401050,0x100445000,R
0x4010b8,0x100448000,R
0x401084,0x10044b000,R
0x4010d0,0x10044e000,W
0x4010f8,0x100451000,R
0x401180,0x100454000,R
0x401100,0x100457000,R
0x401184,0x10045a000,R
0x4011bc,0x10045d000,R
0x401004,0x100460000,R
0x40100c,0x100463000,R
0x401148,0x100466000,R
0x401118,0x100469000,R
0x4011f4,0x10046c000,R
0x4010d0,0x10046f000,R
0x401008,0x100472000,R
0x40119c,0x100475000,R
0x401114,0x100478000,R
0x40119c,0x10047b000,R
0x4010c4,0x10047e000,R
0x4010d8,0x100481000,R
0x401058,0x100484000,R
0x401174,0x100487000,R
0x401130,0x10048a000,R
0x401030,0x10048d000,R
0x401160,0x100490000,R
0x401164,0x100493000,R
0x40111c,0x100496000,R
0x401038,0x100499000,R
0x40113c,0x10049c000,R
0x4010bc,0x10049f000,R
0x4010a0,0x1004a2000,R
0x401068,0x1004a5000,R
0x401030,0x1004a8000,R
0x401024,0x1004ab000,R
0x4010ec,0x1004ae000,R
0x4011a4,0x1004b1000,R
0x401098,0x1004b4000,W
0x401088,0x1004b7000,R
0x401064,0x1004ba000,R
0x40102c,0x1004bd000,R
0x4010a4,0x1004c0000,R
0x4010f8,0x1004c3000,W
0x40108c,0x1004c6000,R
0x401024,0x1004c9000,R
0x4010a8,0x1004cc000,W
0x4010e8,0x1004cf000,R
0x4010b8,0x1004d2000,R
0x40108c,0x1004d5000,W
0x40112c,0x1004d8000,R
0x40115c,0x1004db000,R
0x40109c,0x1004de000,R
0x4011f8,0x1004e1000,R
0x4010a0,0x1004e4000,R
0x40119c,0x1004e7000,R
0x401044,0x1004ea000,R
0x40110c,0x1004ed000,R
0x401128,0x1004f0000,R
0x4011b0,0x1004f3000,R
0x4011f0,0x1004f6000,W
0x4010e8,0x1004f9000,R
0x4010d0,0x1004fc000,R
0x401090,0x1004ff000,R
0x401134,0x100502000,R
0x401114,0x100505000,W
0x401184,0x100508000,W
0x401090,0x10050b000,R
0x4011b0,0x10050e000,R
0x40114c,0x100511000,R
0x4010a8,0x100514000,R
0x4010d0,0x100517000,R
0x40118c,0x10051a000,R
0x4011c4,0x10051d000,R
0x4010a0,0x100520000,R
0x4011ec,0x100523000,R
0x4011a8,0x100526000,R
0x40109c,0x100529000,R
0x4011bc,0x10052c000,R
0x401030,0x10052f000,R
0x401044,0x100532000,R
0x4010f4,0x100535000,R
0x40100c,0x100538000,W
0x4010ac,0x10053b000,R
0x401004,0x10053e000,W
0x40100c,0x100541000,R
0x4010a8,0x100544000,R
0x401024,0x100547000,R
0x40112c,0x10054a000,R
0x401130,0x10054d000,R
0x401170,0x100550000,R
0x4011e8,0x100553000,R
0x401198,0x100556000,R
0x4010c8,0x100559000,R
0x401040,0x10055c000,W
0x4010c0,0x10055f000,R
0x4010e4,0x100562000,W
0x4011b0,0x100565000,R
0x40105c,0x100568000,R
0x4011d0,0x10056b000,R
0x401180,0x10056e000,R
0x401138,0x100571000,R
0x401190,0x100574000,W
0x401184,0x100577000,R
0x4010e4,0x10057a000,R
0x40111c,0x10057d000,W
0x40113c,0x100580000,R
0x4010b8,0x100583000,R
0x4011a8,0x100586000,R
0x4010a4,0x100589000,R
0x401178,0x10058c000,R
0x401060,0x10058f000,R
0x4010d0,0x100592000,W
0x40112c,0x100595000,W
0x401144,0x100598000,R
0x4010a0,0x10059b000,R
0x401134,0x10059e000,R
0x401054,0x1005a1000,R
0x401074,0x1005a4000,R
0x4011e0,0x1005a7000,W
0x401050,0x1005aa000,R
0x401100,0x1005ad000,R
0x4011bc,0x1005b0000,R
0x4011c0,0x1005b3000,R
0x401198,0x1005b6000,R
0x401044,0x1005b9000,R
0x40112c,0x1005bc000,R
0x401174,0x1005bf000,R
0x401008,0x1005c2000,R
0x4011a8,0x1005c5000,R
0x401038,0x1005c8000,R
0x4011e4,0x1005cb000,R
0x40103c,0x1005ce000,R
0x4011b4,0x1005d1000,R
0x4010f8,0x1005d4000,R
0x401018,0x1005d7000,R
0x40115c,0x1005da000,R
0x40102c,0x1005dd000,R
0x40108c,0x1005e0000,R
0x40114c,0x1005e3000,R
0x4011ec,0x1005e6000,R
0x40100c,0x1005e9000,R
0x401084,0x1005ec000,R
0x40113c,0x1005ef000,R
0x401198,0x1005f2000,R
0x4011b8,0x1005f5000,R
0x401070,0x1005f8000,R
0x4011cc,0x1005fb000,R
0x4010e4,0x1005fe000,R
0x401050,0x100601000,R
0x401084,0x100604000,R
0x4010a4,0x100607000,R
0x4011c8,0x10060a000,R
0x401008,0x10060d000,R
0x4011c4,0x100610000,R
0x401024,0x100613000,W
0x4010e4,0x100616000,W
0x401134,0x100619000,R
0x401184,0x10061c000,R
0x4011f0,0x10061f000,R
0x401194,0x100622000,R
0x4011e0,0x100625000,R
0x4011e8,0x100628000,R
0x401044,0x10062b000,R
0x401050,0x10062e000,R
0x4010ac,0x100631000,R
0x401090,0x100634000,R
0x40119c,0x100637000,R
0x40114c,0x10063a000,R
0x401154,0x10063d000,R
0x401004,0x100640000,R
0x4010a8,0x100643000,R
0x4011d0,0x100646000,R
0x401068,0x100649000,R
0x401068,0x10064c000,R
0x401118,0x10064f000,R
0x40108c,0x100652000,R
0x4011cc,0x100655000,R
0x4010d8,0x100658000,R
0x4011c8,0x10065b000,R
0x401044,0x10065e000,R
0x401134,0x100661000,R
0x401174,0x100664000,R
0x401194,0x100667000,R
0x401058,0x10066a000,R
0x40111c,0x10066d000,R
0x40100c,0x100670000,R
0x401008,0x100673000,R
0x401138,0x100676000,R
0x401030,0x100679000,R
0x401060,0x10067c000,R
0x4010bc,0x10067f000,R
0x401178,0x100682000,R
0x4011c4,0x100685000,R
0x401064,0x100688000,W
0x4010e0,0x10068b000,R
0x40111c,0x10068e000,R
0x40119c,0x100691000,R
0x401050,0x100694000,R
0x40117c,0x100697000,W
0x401074,0x10069a000,R
0x401020,0x10069d000,R
0x4010f8,0x1006a0000,R
0x4010e0,0x1006a3000,R
0x40102c,0x1006a6000,R
0x401014,0x1006a9000,R
0x4010e8,0x1006ac000,R
0x401174,0x1006af000,R
0x40101c,0x1006b2000,R
0x401150,0x1006b5000,R
0x401040,0x1006b8000,R
0x401124,0x1006bb000,R
0x4011e4,0x1006be000,R
0x4010b0,0x1006c1000,R
0x40119c,0x1006c4000,R
0x401158,0x1006c7000,R
0x40112c,0x1006ca000,R
0x401018,0x1006cd000,R
0x40113c,0x1006d0000,R
0x401010,0x1006d3000,R
0x4010e0,0x1006d6000,R
0x401014,0x1006d9000,R
0x4010a0,0x1006dc000,R
0x401094,0x1006df000,R
0x401034,0x1006e2000,R
0x401150,0x1006e5000,R
0x40114c,0x1006e8000,W
0x4010c0,0x1006eb000,R
0x4010a0,0x1006ee000,R
0x4011f8,0x1006f1000,R
0x4010ac,0x1006f4000,R
0x4011ac,0x1006f7000,W
0x40119c,0x1006fa000,R
0x401158,0x1006fd000,R
0x4011c0,0x100700000,R
0x4010e8,0x100703000,R
0x40108c,0x100706000,R
0x4011f0,0x100709000,R
0x401194,0x10070c000,R
0x4011f8,0x10070f000,R
0x4010d8,0x100712000,R
0x401040,0x100715000,R
0x401138,0x100718000,R
0x401098,0x10071b000,R
0x401074,0x10071e000,R
0x401160,0x100721000,R
0x401164,0x100724000,R
0x4010f0,0x100727000,R
0x401074,0x10072a000,R
0x4010a4,0x10072d000,R
0x4010a0,0x100730000,R
0x40107c,0x100733000,R
0x40108c,0x100736000,R
0x401160,0x100739000,R
0x401118,0x10073c000,R
0x4010f0,0x10073f000,R
0x401114,0x100742000,R
0x40108c,0x100745000,R
0x401138,0x100748000,R
0x4010a0,0x10074b000,R
0x401104,0x10074e000,R
0x4011a8,0x100751000,R
0x40101c,0x100754000,R
0x4011f4,0x100757000,R
0x4011d4,0x10075a000,R
0x4010ec,0x10075d000,R
0x401018,0x100760000,R
0x4010f0,0x100763000,R
0x401100,0x100766000,R
0x4011b0,0x100769000,W
0x401134,0x10076c000,R
0x4011c8,0x10076f000,R
0x40112c,0x100772000,R
0x401028,0x100775000,R
0x401084,0x100778000,R
0x4011b4,0x10077b000,R
0x401190,0x10077e000,R
0x40108c,0x100781000,R
0x4011e0,0x100784000,R
0x4011c8,0x100787000,R
0x4010d0,0x10078a000,R
0x40104c,0x10078d000,R
0x4011c8,0x100790000,R
0x4010dc,0x100793000,R
0x401044,0x100796000,R
0x40101c,0x100799000,R
0x401078,0x10079c000,R
0x40100c,0x10079f000,R
0x40113c,0x1007a2000,R
0x401068,0x1007a5000,R
0x4010d0,0x1007a8000,R
0x401048,0x1007ab000,R
0x4010d4,0x1007ae000,R
0x401010,0x1007b1000,R
0x4010e0,0x1007b4000,R
0x40106c,0x1007b7000,R
0x4010a4,0x1007ba000,R
0x4011b0,0x1007bd000,W
0x4011b8,0x1007c0000,R
0x401064,0x1007c3000,R
0x40117c,0x1007c6000,R
0x4011f0,0x1007c9000,R
0x401088,0x1007cc000,R
0x4010a8,0x1007cf000,R
0x4010fc,0x1007d2000,R
0x4011bc,0x1007d5000,R
0x401040,0x1007d8000,R
0x401040,0x1007db000,R
0x401040,0x1007de000,R
0x4010b4,0x1007e1000,R
0x401100,0x1007e4000,R
0x4011e0,0x1007e7000,W
0x40117c,0x1007ea000,R
0x4010cc,0x1007ed000,R
0x401058,0x1007f0000,R
0x4011ec,0x1007f3000,R
0x401148,0x1007f6000,R
0x401110,0x1007f9000,R
0x4010c0,0x1007fc000,R
0x401110,0x1007ff000,R
0x4010bc,0x100002000,W
0x4020b4,0x100006000,R
0x40207c,0x100007000,R
0x40210c,0x100008000,R
0x402040,0x100009000,R
0x402190,0x10000a000,R
0x4020e8,0x10000b000,R
0x4020f4,0x10000c000,R
0x402114,0x10000d000,R
0x4020ec,0x10000e000,R
0x402144,0x10000f000,R
0x4020f4,0x100010000,R
0x4021f4,0x100011000,R
0x402128,0x100012000,R
0x4020c0,0x100013000,R
0x402058,0x100014000,R
0x4021dc,0x100015000,R
0x4021f8,0x100016000,R
0x4021c8,0x100017000,R
0x402040,0x100018000,R
0x402074,0x100019000,R
0x402048,0x10001a000,R
0x4020f8,0x10001b000,R
0x4020bc,0x10001c000,R
0x4021e8,0x10001d000,R
0x4021a8,0x10001e000,W
0x402040,0x10001f000,R
0x402118,0x100020000,R
0x402148,0x100021000,R
0x4020a4,0x100022000,R
0x4020b4,0x100023000,R
0x4020e0,0x100024000,W
0x4020a0,0x100025000,R
0x4020bc,0x100026000,R
0x402180,0x100027000,R
0x40205c,0x100028000,R
0x4020b0,0x100029000,R
0x4021d8,0x10002a000,R
0x402180,0x10002b000,R
0x4020bc,0x10002c000,R
0x402030,0x10002d000,R
0x40219c,0x10002e000,R
0x402134,0x10002f000,R
0x4020c4,0x100030000,R
0x402130,0x100031000,R
0x4021bc,0x100032000,R
0x4021e0,0x100033000,R
0x4020b0,0x100034000,R
0x40217c,0x100035000,R
0x402168,0x100036000,R
0x402120,0x100037000,R
0x40202c,0x100038000,R
0x4020e0,0x100039000,R
0x402024,0x10003a000,R
0x402174,0x10003b000,R
0x40214c,0x10003c000,R
0x4020d4,0x10003d000,R
0x40214c,0x10003e000,R
0x4021f4,0x10003f000,R
0x4020a0,0x100040000,R
0x40204c,0x100041000,R
0x40201c,0x100042000,R
0x402048,0x100043000,R
0x4021ec,0x100044000,R
0x402040,0x100045000,R
0x40206c,0x100046000,R
0x4020c0,0x100047000,R
0x4021bc,0x100048000,R
0x402058,0x100049000,R
0x402010,0x10004a000,R
0x40209c,0x10004b000,R
0x402118,0x10004c000,R
0x402018,0x10004d000,R
0x4020c8,0x10004e000,R
0x402114,0x10004f000,R
0x4020c0,0x100050000,R
0x4021f8,0x100051000,R
0x4021a0,0x100052000,R
0x402110,0x100053000,R
0x402154,0x100054000,R
0x4020c0,0x100055000,R
0x402048,0x100056000,R
0x4020cc,0x100057000,R
0x4020a8,0x100058000,R
0x4021b4,0x100059000,R
0x4020a0,0x10005a000,R
0x4021d0,0x10005b000,R
0x402118,0x10005c000,R
0x402054,0x10005d000,R
0x4020e0,0x10005e000,R
0x402078,0x10005f000,R
0x402138,0x100060000,R
0x402170,0x100061000,R
0x402130,0x100062000,W
0x402068,0x100063000,R
0x40215c,0x100064000,R
0x4021e0,0x100065000,R
0x402094,0x100066000,R
0x402194,0x100067000,R
0x4021e0,0x100068000,R
0x402130,0x100069000,R
0x402108,0x10006a000,R
0x4021e0,0x10006b000,R
0x40215c,0x10006c000,R
0x402148,0x10006d000,R
0x4020a8,0x10006e000,R
0x4020c0,0x10006f000,R
0x4020c0,0x100070000,R
0x4021b8,0x100071000,R
0x4021d0,0x100072000,R
0x402160,0x100073000,R
0x402044,0x100074000,R
0x4021a0,0x100075000,R
0x402128,0x100076000,R
0x4020b8,0x100077000,R
0x402114,0x100078000,R
0x4021fc,0x100079000,R
0x402004,0x10007a000,R
0x402104,0x10007b000,R
0x402118,0x10007c000,R
0x402180,0x10007d000,R
0x40200c,0x10007e000,R
0x402118,0x10007f000,R
0x4020c4,0x100080000,R
0x4020fc,0x100081000,R
0x4020b4,0x100082000,R
0x4021dc,0x100083000,R
0x402040,0x100084000,R
0x4020b0,0x100085000,R
0x40200c,0x100086000,R
0x4021a8,0x100087000,R
0x4021f8,0x100088000,R
0x40207c,0x100089000,R
0x4021d4,0x10008a000,R
0x402130,0x10008b000,W
0x4021c0,0x10008c000,R
0x4021d0,0x10008d000,R
0x402054,0x10008e000,R
0x40200c,0x10008f000,R
0x4020c4,0x100090000,R
0x402064,0x100091000,R
0x40211c,0x100092000,R
0x4021c0,0x100093000,R
0x4020f4,0x100094000,R
0x402148,0x100095000,R
0x40212c,0x100096000,R
0x40200c,0x100097000,R
0x402144,0x100098000,R
0x402080,0x100099000,R
0x402148,0x10009a000,R
0x402184,0x10009b000,R
0x4021f0,0x10009c000,R
0x4020f8,0x10009d000,R
0x402068,0x10009e000,R
0x402118,0x10009f000,R
0x40215c,0x1000a0000,W
0x40200c,0x1000a1000,R
0x4021b0,0x1000a2000,R
0x402120,0x1000a3000,R
0x402010,0x1000a4000,R
0x402184,0x1000a5000,R
0x402120,0x1000a6000,R
0x4020bc,0x1000a7000,R
0x402074,0x1000a8000,R
0x40209c,0x1000a9000,R
0x402058,0x1000aa000,R
0x4021dc,0x1000ab000,R
0x4021d8,0x1000ac000,R
0x402064,0x1000ad000,R
0x4021f8,0x1000ae000,R
0x402188,0x1000af000,R
0x40211c,0x1000b0000,R
0x402098,0x1000b1000,R
0x4020b4,0x1000b2000,R
0x402110,0x1000b3000,R
0x40207c,0x1000b4000,R
0x402134,0x1000b5000,R
0x402170,0x1000b6000,R
0x402134,0x1000b7000,R
0x4021c8,0x1000b8000,R
0x402080,0x1000b9000,R
0x4020a0,0x1000ba000,R
0x402138,0x1000bb000,R
0x4020f8,0x1000bc000,R
0x402118,0x1000bd000,R
0x402054,0x1000be000,R
0x402020,0x1000bf000,R
0x4021cc,0x1000c0000,R
0x402090,0x1000c1000,R
0x4020f0,0x1000c2000,R
0x402128,0x1000c3000,R
0x402068,0x1000c4000,R
0x4021f0,0x1000c5000,R
0x402124,0x1000c6000,R
0x40218c,0x1000c7000,R
0x402054,0x1000c8000,R
0x402110,0x1000c9000,R
0x402088,0x1000ca000,W
0x40202c,0x1000cb000,R
0x402014,0x1000cc000,R
0x402090,0x1000cd000,R
0x402104,0x1000ce000,W
0x4020c8,0x1000cf000,R
0x402128,0x1000d0000,R
0x402054,0x1000d1000,R
0x4021dc,0x1000d2000,R
0x402150,0x1000d3000,R
0x40209c,0x1000d4000,R
0x4021ec,0x1000d5000,R
0x4020d4,0x1000d6000,R
0x402168,0x1000d7000,R
0x40208c,0x1000d8000,R
0x40207c,0x1000d9000,R
0x402114,0x1000da000,R
0x4020b0,0x1000db000,R
0x402110,0x1000dc000,R
0x402058,0x1000dd000,R
0x4021b8,0x1000de000,R
0x4020c0,0x1000df000,R
0x402130,0x1000e0000,R
0x402030,0x1000e1000,R
0x4020f4,0x1000e2000,R
0x4020f8,0x1000e3000,R
0x402150,0x1000e4000,R
0x402100,0x1000e5000,R
0x4021b0,0x1000e6000,R
0x402144,0x1000e7000,R
0x4020ac,0x1000e8000,R
0x402098,0x1000e9000,R
0x4020e4,0x1000ea000,R
0x402020,0x1000eb000,W
0x402128,0x1000ec000,W
0x4020d8,0x1000ed000,R
0x40203c,0x1000ee000,R
0x402190,0x1000ef000,R
0x402058,0x1000f0000,R
0x4021d0,0x1000f1000,R
0x4021a8,0x1000f2000,R
0x4021bc,0x1000f3000,R
0x40214c,0x1000f4000,R
0x40202c,0x1000f5000,R
0x402034,0x1000f6000,R
0x402150,0x1000f7000,R
0x4020b8,0x1000f8000,R
0x4021d0,0x1000f9000,W
0x402000,0x1000fa000,R
0x402044,0x1000fb000,R
0x402060,0x1000fc000,R
0x40212c,0x1000fd000,R
0x402028,0x1000fe000,R
0x402050,0x1000ff000,R
0x402110,0x100100000,R
0x4020a8,0x100101000,R
0x402134,0x100102000,R
0x40210c,0x100103000,R
0x4020f8,0x100104000,R
0x402168,0x100105000,R
0x402188,0x100106000,R
0x4021bc,0x100107000,R
0x402198,0x100108000,R
0x4020e4,0x100109000,R
0x402070,0x10010a000,R
0x402050,0x10010b000,W
0x402068,0x10010c000,R
0x4021f4,0x10010d000,R
0x402070,0x10010e000,R
0x4020ec,0x10010f000,R
0x402128,0x100110000,R
0x402020,0x100111000,R
0x4021a4,0x100112000,R
0x402028,0x100113000,W
0x402098,0x100114000,R
0x402098,0x100115000,R
0x4021fc,0x100116000,W
0x4020b0,0x100117000,R
0x4021ac,0x100118000,R
0x402068,0x100119000,R
0x40203c,0x10011a000,R
0x4020e4,0x10011b000,R
0x402180,0x10011c000,W
0x4021e0,0x10011d000,R
0x402140,0x10011e000,R
0x4020d0,0x10011f000,R
0x402150,0x100120000,R
0x402170,0x100121000,R
0x402158,0x100122000,R
0x4021a8,0x100123000,R
0x402074,0x100124000,R
0x40205c,0x100125000,R
0x402064,0x100126000,R
0x4021dc,0x100127000,R
0x402168,0x100128000,R
0x4020ec,0x100129000,R
0x402110,0x10012a000,R
0x40206c,0x10012b000,R
0x402158,0x10012c000,R
0x402090,0x10012d000,R
0x40215c,0x10012e000,R
0x4020d0,0x10012f000,R
0x4021c0,0x100130000,R
0x402188,0x100131000,R
0x4021f0,0x100132000,R
0x4021e8,0x100133000,R
0x4020c8,0x100134000,R
0x4021cc,0x100135000,W
0x402108,0x100136000,R
0x4020cc,0x100137000,R
0x402134,0x100138000,R
0x4020e4,0x100139000,R
0x40218c,0x10013a000,R
0x402070,0x10013b000,R
0x402128,0x10013c000,R
0x402000,0x10013d000,R
0x402180,0x10013e000,R
0x40205c,0x10013f000,R
0x4020f4,0x100140000,R
0x40201c,0x100141000,R
0x4020d4,0x100142000,R
0x402180,0x100143000,R
0x4020b0,0x100144000,R
0x40211c,0x100145000,R
0x402188,0x100146000,R
0x40203c,0x100147000,W
0x402110,0x100148000,R
0x40213c,0x100149000,R
0x402034,0x10014a000,R
0x4021a0,0x10014b000,R
0x4021bc,0x10014c000,R
0x402088,0x10014d000,R
0x402110,0x10014e000,R
0x402034,0x10014f000,R
0x40215c,0x100150000,R
0x4020d8,0x100151000,R
0x4020a8,0x100152000,R
0x402184,0x100153000,R
0x40211c,0x100154000,R
0x402180,0x100155000,R
0x4021d4,0x100156000,R
0x402134,0x100157000,R
0x4020bc,0x100158000,W
0x40215c,0x100159000,W
0x4020f4,0x10015a000,R
0x40214c,0x10015b000,R
0x402070,0x10015c000,R
0x402194,0x10015d000,R
0x402190,0x10015e000,R
0x4020a4,0x10015f000,R
0x402144,0x100160000,R
0x402034,0x100161000,R
0x402194,0x100162000,R
0x402188,0x100163000,W
0x402138,0x100164000,W
0x402170,0x100165000,R
0x402084,0x100166000,R
0x402168,0x100167000,R
0x402124,0x100168000,R
0x402190,0x100169000,R
0x4021dc,0x10016a000,R
0x4021e4,0x10016b000,R
0x40209c,0x10016c000,R
0x40215c,0x10016d000,R
0x4021b8,0x10016e000,R
0x4020a4,0x10016f000,R
0x4020e0,0x100170000,R
0x4021b8,0x100171000,R
0x402114,0x100172000,R
0x402144,0x100173000,W
0x402068,0x100174000,R
0x402020,0x100175000,R
0x402048,0x100176000,R
0x4021d8,0x100177000,R
0x402098,0x100178000,R
0x402078,0x100179000,R
0x40210c,0x10017a000,R
0x402070,0x10017b000,R
0x4021a4,0x10017c000,R
0x4020a0,0x10017d000,R
0x402084,0x10017e000,R
0x402084,0x10017f000,R
0x402098,0x100180000,R
0x40207c,0x100181000,R
0x40205c,0x100182000,R
0x402124,0x100183000,R
0x40216c,0x100184000,R
0x4020a4,0x100185000,R
0x402048,0x100186000,R
0x40206c,0x100187000,R
0x4020e0,0x100188000,R
0x402080,0x100189000,R
0x4020ac,0x10018a000,R
0x4020e0,0x10018b000,R
0x40210c,0x10018c000,R
0x4021d4,0x10018d000,R
0x402008,0x10018e000,R
0x402134,0x10018f000,R
0x402138,0x100190000,R
0x4020ec,0x100191000,R
0x4020a0,0x100192000,R
0x40214c,0x100193000,R
0x4021e8,0x100194000,R
0x402044,0x100195000,R
0x4020a0,0x100196000,R
0x402070,0x100197000,R
0x402058,0x100198000,R
0x4020ac,0x100199000,R
0x4020ac,0x10019a000,R
0x402198,0x10019b000,R
0x402120,0x10019c000,R
0x4021e4,0x10019d000,R
0x40206c,0x10019e000,R
0x4021a0,0x10019f000,R
0x4021bc,0x1001a0000,R
0x402130,0x1001a1000,R
0x4021e8,0x1001a2000,R
0x402040,0x1001a3000,R
0x4021d4,0x1001a4000,R
0x40218c,0x1001a5000,R
0x40208c,0x1001a6000,R
0x402070,0x1001a7000,R
0x4021ec,0x1001a8000,R
0x402110,0x1001a9000,R
0x402090,0x1001aa000,R
0x402080,0x1001ab000,R
0x4021b0,0x1001ac000,R
0x402074,0x1001ad000,R
0x4021f8,0x1001ae000,R
0x402134,0x1001af000,R
0x4020a0,0x1001b0000,R
0x40204c,0x1001b1000,R
0x40213c,0x1001b2000,R
0x402164,0x1001b3000,R
0x402174,0x1001b4000,R
0x4020fc,0x1001b5000,R
0x402048,0x1001b6000,R
0x402068,0x1001b7000,R
0x402038,0x1001b8000,R
0x402124,0x1001b9000,R
0x402070,0x1001ba000,R
0x4020a8,0x1001bb000,W
0x4020bc,0x1001bc000,R
0x4021bc,0x1001bd000,R
0x402118,0x1001be000,R
0x4021f4,0x1001bf000,R
0x402010,0x1001c0000,R
0x4020f8,0x1001c1000,R
0x4020cc,0x1001c2000,R
0x4020c0,0x1001c3000,R
0x402124,0x1001c4000,R
0x4021dc,0x1001c5000,R
0x402174,0x1001c6000,R
0x4021b4,0x1001c7000,R
0x402004,0x1001c8000,R
0x402148,0x1001c9000,R
0x4020ec,0x1001ca000,R
0x402060,0x1001cb000,R
0x40204c,0x1001cc000,R
0x4020c4,0x1001cd000,R
0x4021e8,0x1001ce000,R
0x4021c4,0x1001cf000,R
0x402054,0x1001d0000,R
0x402070,0x1001d1000,R
0x40200c,0x1001d2000,R
0x4020ec,0x1001d3000,R
0x4020c4,0x1001d4000,R
0x402120,0x1001d5000,R
0x402108,0x1001d6000,R
0x40214c,0x1001d7000,R
0x402198,0x1001d8000,R
0x402138,0x1001d9000,R
0x4020a4,0x1001da000,R
0x4020bc,0x1001db000,W
0x4020ec,0x1001dc000,R
0x402104,0x1001dd000,R
0x40214c,0x1001de000,R
0x402008,0x1001df000,R
0x4021c4,0x1001e0000,R
0x4021c8,0x1001e1000,R
0x4021ec,0x1001e2000,R
0x40209c,0x1001e3000,R
0x4020b8,0x1001e4000,R
0x402194,0x1001e5000,R
0x4020c0,0x1001e6000,R
0x402148,0x1001e7000,R
0x4021d8,0x1001e8000,R
0x4020b4,0x1001e9000,R
0x4021c8,0x1001ea000,R
0x4021e0,0x1001eb000,R
0x402148,0x1001ec000,R
0x4020d8,0x1001ed000,R
0x40200c,0x1001ee000,R
0x40204c,0x1001ef000,R
0x40208c,0x1001f0000,R
0x4021b4,0x1001f1000,R
0x402080,0x1001f2000,R
0x40208c,0x1001f3000,R
0x4021dc,0x1001f4000,R
0x402048,0x1001f5000,R
0x40215c,0x1001f6000,R
0x40200c,0x1001f7000,R
0x402010,0x1001f8000,R
0x40204c,0x1001f9000,R
0x4021a8,0x1001fa000,R
0x402174,0x1001fb000,R
0x402174,0x1001fc000,R
0x40216c,0x1001fd000,R
0x402100,0x1001fe000,R
0x4021c8,0x1001ff000,R
0x4020a4,0x100200000,R
0x4021dc,0x100201000,R
0x402098,0x100202000,R
0x402108,0x100203000,R
0x402128,0x100204000,R
0x402178,0x100205000,R
0x4021c0,0x100206000,R
0x4020f8,0x100207000,R
0x4020fc,0x100208000,R
0x402020,0x100209000,R
0x4021d4,0x10020a000,R
0x402008,0x10020b000,R
0x4021a8,0x10020c000,R
0x40214c,0x10020d000,R
0x4021d0,0x10020e000,R
0x40200c,0x10020f000,R
0x4021d4,0x100210000,W
0x40209c,0x100211000,R
0x4020f4,0x100212000,W
0x402020,0x100213000,R
0x4021e8,0x100214000,R
0x4021a4,0x100215000,W
0x402068,0x100216000,R
0x4020f8,0x100217000,R
0x402188,0x100218000,R
0x4020bc,0x100219000,R
0x402034,0x10021a000,R
0x4021ac,0x10021b000,R
0x402070,0x10021c000,R
0x402068,0x10021d000,R
0x402044,0x10021e000,R
0x402090,0x10021f000,R
0x402110,0x100220000,R
0x402104,0x100221000,R
0x40202c,0x100222000,R
0x4020ec,0x100223000,R
0x4020cc,0x100224000,R
0x4020a4,0x100225000,R
0x402028,0x100226000,R
0x402154,0x100227000,R
0x402094,0x100228000,R
0x402124,0x100229000,R
0x4021b4,0x10022a000,W
0x402004,0x10022b000,W
0x4020bc,0x10022c000,R
0x4020f8,0x10022d000,R
0x40216c,0x10022e000,R
0x40209c,0x10022f000,R
0x402024,0x100230000,R
0x4021ec,0x100231000,R
0x402104,0x100232000,R
0x402028,0x100233000,R
0x402028,0x100234000,R
0x4020ac,0x100235000,R
0x402110,0x100236000,R
0x4020f0,0x100237000,R
0x4021fc,0x100238000,R
0x4021fc,0x100239000,R
0x402064,0x10023a000,R
0x4021ac,0x10023b000,W
0x4020c4,0x10023c000,R
0x402118,0x10023d000,R
0x402154,0x10023e000,R
0x402114,0x10023f000,R
0x4020dc,0x100240000,R
0x402144,0x100241000,R
0x40208c,0x100242000,R
0x4020b8,0x100243000,R
0x402088,0x100244000,R
0x402038,0x100245000,R
0x4021f4,0x100246000,R
0x4020f0,0x100247000,R
0x402178,0x100248000,R
0x40217c,0x100249000,R
0x4021e8,0x10024a000,R
0x4021a0,0x10024b000,R
0x40209c,0x10024c000,R
0x402118,0x10024d000,R
0x402108,0x10024e000,R
0x402188,0x10024f000,R
0x402044,0x100250000,R
0x402194,0x100251000,R
0x402064,0x100252000,R
0x4020fc,0x100253000,R
0x402024,0x100254000,R
0x4021f4,0x100255000,R
0x40201c,0x100256000,W
0x40206c,0x100257000,R
0x402068,0x100258000,W
0x4020d0,0x100259000,R
0x402008,0x10025a000,R
0x402114,0x10025b000,R
0x402008,0x10025c000,R
0x402058,0x10025d000,R
0x402044,0x10025e000,R
0x4020b0,0x10025f000,R
0x4021c8,0x100260000,R
0x402088,0x100261000,R
0x402180,0x100262000,R
0x4020f4,0x100263000,R
0x4020ac,0x100264000,R
0x402140,0x100265000,R
0x40207c,0x100266000,R
0x402074,0x100267000,R
0x4021a4,0x100268000,R
0x4020f4,0x100269000,R
0x40218c,0x10026a000,R
0x4020d0,0x10026b000,R
0x402000,0x10026c000,R
0x402100,0x10026d000,R
0x4020a4,0x10026e000,R
0x40208c,0x10026f000,R
0x402010,0x100270000,R
0x402090,0x100271000,R
0x40206c,0x100272000,R
0x40205c,0x100273000,R
0x4020e4,0x100274000,R
0x402158,0x100275000,R
0x402140,0x100276000,R
0x402174,0x100277000,R
0x402014,0x100278000,R
0x4021e4,0x100279000,R
0x402118,0x10027a000,R
0x40202c,0x10027b000,R
0x4020e8,0x10027c000,R
0x4021c4,0x10027d000,R
0x402068,0x10027e000,R
0x402084,0x10027f000,R
0x4020c4,0x100280000,R
0x4021c0,0x100281000,R
0x402108,0x100282000,R
0x402114,0x100283000,R
0x4020fc,0x100284000,R
0x40208c,0x100285000,R
0x4020a4,0x100286000,R
0x402020,0x100287000,R
0x402180,0x100288000,R
0x402000,0x100289000,R
0x402154,0x10028a000,R
0x402084,0x10028b000,R
0x402184,0x10028c000,R
0x402160,0x10028d000,R
0x402168,0x10028e000,R
0x4021f8,0x10028f000,R
0x4020ac,0x100290000,W
0x402084,0x100291000,R
0x4021ec,0x100292000,R
0x40217c,0x100293000,R
0x4021cc,0x100294000,R
0x4021dc,0x100295000,R
0x402070,0x100296000,R
0x402198,0x100297000,R
0x4020bc,0x100298000,R
0x402008,0x100299000,R
0x402178,0x10029a000,R
0x402010,0x10029b000,R
0x402170,0x10029c000,R
0x4020ac,0x10029d000,R
0x4020c8,0x10029e000,R
0x4020c8,0x10029f000,R
0x4020cc,0x1002a0000,R
0x402140,0x1002a1000,R
0x402040,0x1002a2000,R
0x402084,0x1002a3000,R
0x402078,0x1002a4000,R
0x40218c,0x1002a5000,R
0x4021b4,0x1002a6000,R
0x402164,0x1002a7000,R
0x4020c8,0x1002a8000,R
0x40215c,0x1002a9000,R
0x402024,0x1002aa000,R
0x402150,0x1002ab000,W
0x40214c,0x1002ac000,R
0x40212c,0x1002ad000,R
0x402084,0x1002ae000,R
0x4021cc,0x1002af000,R
0x402030,0x1002b0000,R
0x40200c,0x1002b1000,R
0x40202c,0x1002b2000,R
0x402178,0x1002b3000,R
0x40204c,0x1002b4000,R
0x4020e4,0x1002b5000,R
0x402020,0x1002b6000,R
0x402158,0x1002b7000,R
0x402144,0x1002b8000,R
0x402174,0x1002b9000,W
0x4021a8,0x1002ba000,R
0x402048,0x1002bb000,R
0x402150,0x1002bc000,R
0x40219c,0x1002bd000,R
0x40212c,0x1002be000,W
0x402084,0x1002bf000,R
0x402004,0x1002c0000,R
0x4020f8,0x1002c1000,R
0x402194,0x1002c2000,R
0x4021e8,0x1002c3000,R
0x4020b0,0x1002c4000,R
0x40218c,0x1002c5000,R
0x402064,0x1002c6000,R
0x4021c0,0x1002c7000,R
0x4021d0,0x1002c8000,R
0x4020c4,0x1002c9000,R
0x402170,0x1002ca000,R
0x402124,0x1002cb000,R
0x4020b4,0x1002cc000,R
0x402164,0x1002cd000,W
0x4020c8,0x1002ce000,R
0x402028,0x1002cf000,R
0x402040,0x1002d0000,R
0x402184,0x1002d1000,W
0x4020e8,0x1002d2000,R
0x40215c,0x1002d3000,R
0x402028,0x1002d4000,R
0x402040,0x1002d5000,R
0x40208c,0x1002d6000,R
0x402110,0x1002d7000,R
0x402068,0x1002d8000,R
0x402194,0x1002d9000,R
0x4021a4,0x1002da000,R
0x4020fc,0x1002db000,R
0x4020cc,0x1002dc000,R
0x402128,0x1002dd000,R
0x4020c8,0x1002de000,R
0x402038,0x1002df000,R
0x402190,0x1002e0000,R
0x402198,0x1002e1000,R
0x402090,0x1002e2000,R
0x402180,0x1002e3000,W
0x4020dc,0x1002e4000,R
0x40210c,0x1002e5000,R
0x402154,0x1002e6000,R
0x4020fc,0x1002e7000,R
0x4021ac,0x1002e8000,R
0x40201c,0x1002e9000,R
0x40202c,0x1002ea000,R
0x4020ec,0x1002eb000,R
0x4021cc,0x1002ec000,R
0x402034,0x1002ed000,R
0x402044,0x1002ee000,R
0x4020d0,0x1002ef000,R
0x4020fc,0x1002f0000,R
0x4021ec,0x1002f1000,R
0x402038,0x1002f2000,R
0x402174,0x1002f3000,R
0x40210c,0x1002f4000,R
0x402158,0x1002f5000,R
0x40201c,0x1002f6000,R
0x402074,0x1002f7000,R
0x40207c,0x1002f8000,R
0x4021a8,0x1002f9000,R
0x40206c,0x1002fa000,R
0x4021b8,0x1002fb000,R
0x40204c,0x1002fc000,R
0x402060,0x1002fd000,R
0x402000,0x1002fe000,R
0x40219c,0x1002ff000,R
0x4021dc,0x100300000,R
0x402194,0x100301000,R
0x402068,0x100302000,R
0x402098,0x100303000,R
0x402104,0x100304000,R
0x40219c,0x100305000,R
0x4020c8,0x100306000,R
0x402140,0x100307000,R
0x4021b0,0x100308000,R
0x4021d8,0x100309000,R
0x4020e0,0x10030a000,R
0x40204c,0x10030b000,R
0x40201c,0x10030c000,R
0x4021cc,0x10030d000,R
0x4021ac,0x10030e000,R
0x40217c,0x10030f000,R
0x402078,0x100310000,R
0x4020dc,0x100311000,R
0x4021ac,0x100312000,R
0x40211c,0x100313000,R
0x4021cc,0x100314000,R
0x4021ec,0x100315000,R
0x402118,0x100316000,R
0x4021f0,0x100317000,R
0x4020c4,0x100318000,R
0x402138,0x100319000,R
0x402030,0x10031a000,R
0x402118,0x10031b000,R
0x4021ac,0x10031c000,R
0x4020fc,0x10031d000,R
0x40209c,0x10031e000,R
0x402038,0x10031f000,R
0x4021ec,0x100320000,R
0x4020dc,0x100321000,R
0x40200c,0x100322000,R
0x40207c,0x100323000,R
0x4021b8,0x100324000,R
0x402174,0x100325000,R
0x40211c,0x100326000,R
0x40207c,0x100327000,R
0x4021dc,0x100328000,R
0x4021bc,0x100329000,R
0x4021a8,0x10032a000,R
0x40212c,0x10032b000,R
0x4021c4,0x10032c000,R
0x4021a8,0x10032d000,R
0x402114,0x10032e000,R
0x40202c,0x10032f000,R
0x402004,0x100330000,W
0x4021f8,0x100331000,R
0x402134,0x100332000,R
0x402198,0x100333000,R
0x402140,0x100334000,R
0x402170,0x100335000,R
0x402004,0x100336000,R
0x4020c0,0x100337000,R
0x402018,0x100338000,R
0x4021a8,0x100339000,R
0x4021b4,0x10033a000,R
0x4020f8,0x10033b000,R
0x4020bc,0x10033c000,R
0x4021bc,0x10033d000,R
0x402074,0x10033e000,R
0x402118,0x10033f000,R
0x402138,0x100340000,R
0x402138,0x100341000,R
0x4020c8,0x100342000,R
0x402134,0x100343000,R
0x402078,0x100344000,R
0x40201c,0x100345000,R
0x402020,0x100346000,R
0x4020bc,0x100347000,R
0x402164,0x100348000,R
0x40214c,0x100349000,R
0x402080,0x10034a000,R
0x4020c0,0x10034b000,R
0x402154,0x10034c000,R
0x40203c,0x10034d000,R
0x4020cc,0x10034e000,R
0x402060,0x10034f000,R
0x4020e4,0x100350000,R
0x402074,0x100351000,R
0x402030,0x100352000,R
0x4020f0,0x100353000,R
0x4020c0,0x100354000,R
0x4020d8,0x100355000,R
0x402088,0x100356000,R
0x4020a0,0x100357000,R
0x40201c,0x100358000,R
0x402168,0x100359000,R
0x402078,0x10035a000,R
0x40203c,0x10035b000,R
0x4020a4,0x10035c000,R
0x4021c8,0x10035d000,R
0x402030,0x10035e000,R
0x4020ac,0x10035f000,R
0x402170,0x100360000,R
0x402060,0x100361000,R
0x402114,0x100362000,R
0x4020e0,0x100363000,R
0x402090,0x100364000,R
0x4020e4,0x100365000,R
0x402158,0x100366000,R
0x40214c,0x100367000,R
0x4021e4,0x100368000,W
0x402024,0x100369000,R
0x4021b0,0x10036a000,R
0x402100,0x10036b000,R
0x402120,0x10036c000,R
0x402010,0x10036d000,R
0x40204c,0x10036e000,R
0x402020,0x10036f000,R
0x402010,0x100370000,R
0x4021d0,0x100371000,W
0x402058,0x100372000,R
0x402154,0x100373000,R
0x4020a8,0x100374000,R
0x402154,0x100375000,R
0x4021b8,0x100376000,R
0x4020a0,0x100377000,R
0x4021b4,0x100378000,R
0x402118,0x100379000,R
0x4021ac,0x10037a000,R
0x40208c,0x10037b000,R
0x402030,0x10037c000,R
0x4020b4,0x10037d000,R
0x4021ec,0x10037e000,R
0x402088,0x10037f000,R
0x402038,0x100380000,R
0x40208c,0x100381000,R
0x402024,0x100382000,R
0x4020a4,0x100383000,R
0x402114,0x100384000,R
0x4021e8,0x100385000,R
0x402040,0x100386000,R
0x40206c,0x100387000,R
0x402038,0x100388000,R
0x40205c,0x100389000,W
0x4021fc,0x10038a000,R
0x4020f4,0x10038b000,R
0x4020ec,0x10038c000,R
0x4020ec,0x10038d000,R
0x402068,0x10038e000,R
0x402068,0x10038f000,R
0x40205c,0x100390000,R
0x402054,0x100391000,R
0x402070,0x100392000,R
0x402168,0x100393000,R
0x4021cc,0x100394000,R
0x402194,0x100395000,R
0x4021f0,0x100396000,R
0x402198,0x100397000,R
0x402078,0x100398000,R
0x40211c,0x100399000,W
0x402018,0x10039a000,R
0x402028,0x10039b000,R
0x4020a4,0x10039c000,R
0x402180,0x10039d000,R
0x402088,0x10039e000,R
0x4020d4,0x10039f000,R
0x402018,0x1003a0000,R
0x40207c,0x1003a1000,R
0x402088,0x1003a2000,R
0x402114,0x1003a3000,R
0x402130,0x1003a4000,R
0x402004,0x1003a5000,R
0x402104,0x1003a6000,R
0x40201c,0x1003a7000,R
0x40201c,0x1003a8000,R
0x402168,0x1003a9000,R
0x402184,0x1003aa000,R
0x40212c,0x1003ab000,R
0x402064,0x1003ac000,R
0x402164,0x1003ad000,R
0x4021a8,0x1003ae000,R
0x402108,0x1003af000,R
0x402048,0x1003b0000,R
0x402068,0x1003b1000,R
0x40210c,0x1003b2000,R
0x4020a8,0x1003b3000,R
0x402164,0x1003b4000,R
0x402018,0x1003b5000,R
0x402174,0x1003b6000,R
0x40205c,0x1003b7000,R
0x40217c,0x1003b8000,R
0x402134,0x1003b9000,R
0x4020bc,0x1003ba000,R
0x4021a8,0x1003bb000,R
0x402160,0x1003bc000,R
0x40210c,0x1003bd000,R
0x4021a8,0x1003be000,R
0x402140,0x1003bf000,R
0x4020e0,0x1003c0000,R
0x402158,0x1003c1000,W
0x402060,0x1003c2000,R
0x402160,0x1003c3000,R
0x4021e8,0x1003c4000,R
0x402114,0x1003c5000,R
0x402000,0x1003c6000,R
0x402048,0x1003c7000,R
0x40211c,0x1003c8000,R
0x402158,0x1003c9000,R
0x4020d4,0x1003ca000,R
0x402188,0x1003cb000,R
0x402030,0x1003cc000,R
0x402104,0x1003cd000,R
0x402104,0x1003ce000,R
0x4021b0,0x1003cf000,R
0x4020d4,0x1003d0000,R
0x4021f8,0x1003d1000,R
0x40207c,0x1003d2000,R
0x402198,0x1003d3000,R
0x402034,0x1003d4000,R
0x4021cc,0x1003d5000,R
0x402000,0x1003d6000,R
0x4021dc,0x1003d7000,R
0x402100,0x1003d8000,R
0x4021d4,0x1003d9000,R
0x4020c4,0x1003da000,R
0x402074,0x1003db000,R
0x402068,0x1003dc000,R
0x402154,0x1003dd000,R
0x40209c,0x1003de000,R
0x402148,0x1003df000,R
0x4020b0,0x1003e0000,R
0x402140,0x1003e1000,R
0x4020b4,0x1003e2000,R
0x402020,0x1003e3000,R
0x402074,0x1003e4000,R
0x4021ec,0x1003e5000,R
0x4021a4,0x1003e6000,W
0x4021c8,0x1003e7000,R
0x40208c,0x1003e8000,R
0x402040,0x1003e9000,R
0x402180,0x1003ea000,R
0x402008,0x1003eb000,R
0x4021f0,0x1003ec000,R
0x402098,0x1003ed000,R
0x402060,0x1003ee000,R
0x402104,0x1003ef000,R
0x40214c,0x1003f0000,R
0x402054,0x1003f1000,R
0x402154,0x1003f2000,R
0x402044,0x1003f3000,R
0x402048,0x1003f4000,R
0x4020f8,0x1003f5000,R
0x402094,0x1003f6000,R
0x40218c,0x1003f7000,R
0x402094,0x1003f8000,W
0x402180,0x1003f9000,R
0x4021c0,0x1003fa000,R
0x40209c,0x1003fb000,R
0x402178,0x1003fc000,R
0x40204c,0x1003fd000,R
0x402148,0x1003fe000,R
0x4020ac,0x1003ff000,R
0x402024,0x100400000,R
0x402070,0x100401000,R
0x40210c,0x100402000,R
0x402118,0x100403000,R
0x4021b4,0x100404000,R
0x402138,0x100405000,W
0x4020bc,0x100406000,R
0x4021b4,0x100407000,R
0x40200c,0x100408000,R
0x402080,0x100409000,R
0x402058,0x10040a000,R
0x4020b0,0x10040b000,R
0x4021e0,0x10040c000,R
0x402048,0x10040d000,R
0x40201c,0x10040e000,R
0x402058,0x10040f000,R
0x4021fc,0x100410000,R
0x4021f8,0x100411000,R
0x4020bc,0x100412000,R
0x4020e0,0x100413000,R
0x402144,0x100414000,R
0x402014,0x100415000,R
0x402078,0x100416000,R
0x402198,0x100417000,W
0x402004,0x100418000,R
0x4020ac,0x100419000,R
0x402110,0x10041a000,R
0x402064,0x10041b000,R
0x402048,0x10041c000,R
0x40207c,0x10041d000,W
0x4020d4,0x10041e000,R
0x4021ec,0x10041f000,R
0x402030,0x100420000,R
0x402038,0x100421000,R
0x402144,0x100422000,R
0x40205c,0x100423000,R
0x402174,0x100424000,R
0x4021e0,0x100425000,R
0x402138,0x100426000,R
0x40212c,0x100427000,W
0x4021e8,0x100428000,R
0x402078,0x100429000,R
0x4020ec,0x10042a000,R
0x402164,0x10042b000,R
0x402020,0x10042c000,R
0x402038,0x10042d000,R
0x40207c,0x10042e000,R
0x4021d8,0x10042f000,R
0x402000,0x100430000,R
0x4021e4,0x100431000,R
0x402090,0x100432000,R
0x4020fc,0x100433000,W
0x402088,0x100434000,R
0x402170,0x100435000,R
0x402154,0x100436000,R
0x402068,0x100437000,R
0x402110,0x100438000,R
0x402184,0x100439000,R
0x4020b4,0x10043a000,R
0x4021b0,0x10043b000,R
0x402018,0x10043c000,R
0x402174,0x10043d000,R
0x4020e8,0x10043e000,R
0x402140,0x10043f000,R
0x4021dc,0x100440000,R
0x402120,0x100441000,R
0x4020b0,0x100442000,R
0x402094,0x100443000,R
0x4020b4,0x100444000,R
0x402108,0x100445000,R
0x40208c,0x100446000,R
0x4020b0,0x100447000,R
0x40203c,0x100448000,R
0x402120,0x100449000,R
0x4020a4,0x10044a000,R
0x40209c,0x10044b000,R
0x402028,0x10044c000,R
0x40200c,0x10044d000,R
0x4020ac,0x10044e000,R
0x402010,0x10044f000,R
0x402130,0x100450000,R
0x402014,0x100451000,R
0x402028,0x100452000,R
0x4021cc,0x100453000,R
0x4020fc,0x100454000,R
0x4021dc,0x100455000,R
0x4021ac,0x100456000,R
0x40202c,0x100457000,R
0x40218c,0x100458000,R
0x402174,0x100459000,R
0x402008,0x10045a000,R
0x402128,0x10045b000,R
0x4021b0,0x10045c000,R
0x402190,0x10045d000,R
0x40209c,0x10045e000,R
0x402178,0x10045f000,R
0x402128,0x100460000,R
0x402108,0x100461000,R
0x402094,0x100462000,R
0x4020ac,0x100463000,R
0x40201c,0x100464000,R
0x402028,0x100465000,R
0x40218c,0x100466000,R
0x402144,0x100467000,W
0x4021d0,0x100468000,R
0x402138,0x100469000,R
0x4021b4,0x10046a000,R
0x402174,0x10046b000,R
0x402068,0x10046c000,R
0x402020,0x10046d000,R
0x402158,0x10046e000,R
0x402128,0x10046f000,R
0x402134,0x100470000,R
0x4020d0,0x100471000,R
0x4020ac,0x100472000,R
0x402074,0x100473000,R
0x40202c,0x100474000,R
0x40204c,0x100475000,R
0x402010,0x100476000,R
0x402044,0x100477000,R
0x40204c,0x100478000,R
0x402058,0x100479000,W
0x402154,0x10047a000,R
0x402168,0x10047b000,R
0x402164,0x10047c000,R
0x402188,0x10047d000,R
0x402124,0x10047e000,R
0x402188,0x10047f000,R
0x402098,0x100480000,R
0x402058,0x100481000,R
0x40207c,0x100482000,R
0x4021e8,0x100483000,R
0x4021cc,0x100484000,R
0x402108,0x100485000,R
0x402164,0x100486000,R
0x40205c,0x100487000,W
0x4021cc,0x100488000,R
0x4021ec,0x100489000,R
0x402180,0x10048a000,R
0x4021f0,0x10048b000,R
0x402024,0x10048c000,R
0x402030,0x10048d000,R
0x4021e4,0x10048e000,R
0x402114,0x10048f000,R
0x402148,0x100490000,W
0x402064,0x100491000,R
0x40217c,0x100492000,R
0x40209c,0x100493000,R
0x40212c,0x100494000,R
0x402030,0x100495000,R
0x4021e4,0x100496000,R
0x4021c8,0x100497000,R
0x402140,0x100498000,R
0x402094,0x100499000,R
0x402130,0x10049a000,R
0x402084,0x10049b000,R
0x4020cc,0x10049c000,R
0x402128,0x10049d000,R
0x4020b8,0x10049e000,R
0x402140,0x10049f000,R
0x402040,0x1004a0000,R
0x4021c0,0x1004a1000,W
0x402070,0x1004a2000,R
0x4021ac,0x1004a3000,R
0x402128,0x1004a4000,R
0x402110,0x1004a5000,R
0x4020a8,0x1004a6000,R
0x4020ac,0x1004a7000,R
0x402168,0x1004a8000,R
0x402060,0x1004a9000,R
0x402090,0x1004aa000,R
0x4021a0,0x1004ab000,R
0x402190,0x1004ac000,R
0x402148,0x1004ad000,R
0x402024,0x1004ae000,R
0x402118,0x1004af000,R
0x4021c8,0x1004b0000,R
0x4021a0,0x1004b1000,R
0x4020c0,0x1004b2000,R
0x402154,0x1004b3000,R
0x402078,0x1004b4000,R
0x402054,0x1004b5000,W
0x402120,0x1004b6000,R
0x402070,0x1004b7000,R
0x402184,0x1004b8000,R
0x402048,0x1004b9000,R
0x402088,0x1004ba000,R
0x402130,0x1004bb000,R
0x402000,0x1004bc000,R
0x40205c,0x1004bd000,R
0x4020f0,0x1004be000,R
0x4020d0,0x1004bf000,R
0x4021cc,0x1004c0000,R
0x402190,0x1004c1000,R
0x402024,0x1004c2000,R
0x402014,0x1004c3000,R
0x402134,0x1004c4000,R
0x40211c,0x1004c5000,R
0x4020c8,0x1004c6000,R
0x4020ac,0x1004c7000,R
0x4021f0,0x1004c8000,R
0x4020a0,0x1004c9000,R
0x402104,0x1004ca000,R
0x402028,0x1004cb000,W
0x4021e4,0x1004cc000,R
0x402070,0x1004cd000,R
0x402080,0x1004ce000,R
0x40200c,0x1004cf000,R
0x402028,0x1004d0000,R
0x40218c,0x1004d1000,R
0x40207c,0x1004d2000,R
0x402074,0x1004d3000,R
0x402024,0x1004d4000,R
0x4021f4,0x1004d5000,R
0x4021c4,0x1004d6000,R
0x402120,0x1004d7000,R
0x402164,0x1004d8000,R
0x402058,0x1004d9000,R
0x40209c,0x1004da000,R
0x402098,0x1004db000,R
0x402150,0x1004dc000,R
0x40213c,0x1004dd000,R
0x4021e4,0x1004de000,R
0x402038,0x1004df000,R
0x402014,0x1004e0000,R
0x4021f0,0x1004e1000,R
0x4020b4,0x1004e2000,R
0x402160,0x1004e3000,R
0x4021e0,0x1004e4000,R
0x402034,0x1004e5000,R
0x4020a8,0x1004e6000,R
0x4020e8,0x1004e7000,W
0x4021d8,0x1004e8000,R
0x40216c,0x1004e9000,R
0x40218c,0x1004ea000,R
0x402008,0x1004eb000,R
0x402040,0x1004ec000,R
0x40211c,0x1004ed000,R
0x402138,0x1004ee000,R
0x402100,0x1004ef000,W
0x40217c,0x1004f0000,R
0x4020d8,0x1004f1000,R
0x4020fc,0x1004f2000,R
0x402154,0x1004f3000,R
0x4020b8,0x1004f4000,R
0x40213c,0x1004f5000,R
0x402178,0x1004f6000,R
0x4021b8,0x1004f7000,W
0x402150,0x1004f8000,R
0x402014,0x1004f9000,R
0x402128,0x1004fa000,R
0x402080,0x1004fb000,R
0x40213c,0x1004fc000,R
0x4020ec,0x1004fd000,R
0x402100,0x1004fe000,R
0x4020f4,0x1004ff000,R
0x4021d4,0x100500000,R
0x402004,0x100501000,R
0x402078,0x100502000,R
0x402068,0x100503000,R
0x4020b0,0x100504000,R
0x402104,0x100505000,R
0x402078,0x100506000,R
0x402018,0x100507000,R
0x402144,0x100508000,R
0x4020c8,0x100509000,R
0x40213c,0x10050a000,R
0x402154,0x10050b000,R
0x402150,0x10050c000,R
0x4020c4,0x10050d000,R
0x4020cc,0x10050e000,R
0x40215c,0x10050f000,R
0x4021bc,0x100510000,R
0x402060,0x100511000,R
0x402054,0x100512000,R
0x402120,0x100513000,W
0x4021a4,0x100514000,W
0x4021f0,0x100515000,R
0x402074,0x100516000,R
0x402050,0x100517000,R
0x40202c,0x100518000,W
0x402140,0x100519000,R
0x402078,0x10051a000,R
0x402008,0x10051b000,R
0x402100,0x10051c000,R
0x402190,0x10051d000,R
0x402070,0x10051e000,R
0x402070,0x10051f000,R
0x40204c,0x100520000,R
0x40202c,0x100521000,W
0x4020d4,0x100522000,R
0x402034,0x100523000,R
0x402134,0x100524000,R
0x4020e0,0x100525000,R
0x4020d8,0x100526000,R
0x402158,0x100527000,R
0x402058,0x100528000,R
0x4020e4,0x100529000,R
0x4021c4,0x10052a000,R
0x4021ec,0x10052b000,R
0x40205c,0x10052c000,R
0x402140,0x10052d000,R
0x402108,0x10052e000,R
0x4020d8,0x10052f000,R
0x4020c8,0x100530000,R
0x402194,0x100531000,R
0x4020fc,0x100532000,R
0x402064,0x100533000,R
0x4021e4,0x100534000,R
0x402028,0x100535000,R
0x40216c,0x100536000,R
0x402154,0x100537000,R
0x4021e0,0x100538000,R
0x4020a4,0x100539000,R
0x4020f8,0x10053a000,R
0x402048,0x10053b000,R
0x402084,0x10053c000,R
0x4020c8,0x10053d000,R
0x402088,0x10053e000,R
0x4021e4,0x10053f000,R
0x40207c,0x100540000,R
0x402138,0x100541000,R
0x402054,0x100542000,R
0x40217c,0x100543000,R
0x402140,0x100544000,W
0x402184,0x100545000,R
0x402080,0x100546000,R
0x402068,0x100547000,R
0x40210c,0x100548000,R
0x402130,0x100549000,R
0x40208c,0x10054a000,R
0x4021dc,0x10054b000,R
0x402118,0x10054c000,R
0x40214c,0x10054d000,R
0x402178,0x10054e000,R
0x402174,0x10054f000,R
0x40213c,0x100550000,R
0x402140,0x100551000,R
0x40213c,0x100552000,R
0x402088,0x100553000,R
0x402014,0x100554000,R
0x402020,0x100555000,R
0x40208c,0x100556000,R
0x402084,0x100557000,R
0x402078,0x100558000,R
0x4020f4,0x100559000,R
0x4021f8,0x10055a000,R
0x402190,0x10055b000,R
0x40210c,0x10055c000,R
0x402020,0x10055d000,W
0x40218c,0x10055e000,R
0x402018,0x10055f000,R
0x4021a4,0x100560000,R
0x402184,0x100561000,R
0x4021ac,0x100562000,R
0x4020f0,0x100563000,W
0x402124,0x100564000,R
0x402030,0x100565000,R
0x402070,0x100566000,R
0x402008,0x100567000,R
0x402170,0x100568000,R
0x402010,0x100569000,R
0x4021bc,0x10056a000,R
0x4021ec,0x10056b000,R
0x402120,0x10056c000,R
0x402190,0x10056d000,R
0x4021a4,0x10056e000,R
0x40208c,0x10056f000,R
0x4020e4,0x100570000,R
0x4021b0,0x100571000,R
0x402068,0x100572000,R
0x4021e4,0x100573000,R
0x402060,0x100574000,W
0x402178,0x100575000,R
0x40203c,0x100576000,R
0x402108,0x100577000,R
0x402054,0x100578000,R
0x4020e8,0x100579000,R
0x4021fc,0x10057a000,R
0x402054,0x10057b000,R
0x4021c8,0x10057c000,R
0x402104,0x10057d000,R
0x402138,0x10057e000,W
0x402114,0x10057f000,R
0x4020fc,0x100580000,R
0x402004,0x100581000,R
0x4021a4,0x100582000,R
0x4020c0,0x100583000,R
0x402048,0x100584000,R
0x4021e4,0x100585000,R
0x402068,0x100586000,R
0x402030,0x100587000,R
0x402150,0x100588000,W
0x40208c,0x100589000,R
0x402180,0x10058a000,W
0x4021e8,0x10058b000,R
0x402040,0x10058c000,R
0x402038,0x10058d000,R
0x4021b0,0x10058e000,R
0x4021ec,0x10058f000,R
0x402138,0x100590000,R
0x402148,0x100591000,R
0x4020c4,0x100592000,R
0x402034,0x100593000,R
0x402060,0x100594000,R
0x402128,0x100595000,R
0x4020d8,0x100596000,R
0x402180,0x100597000,R
0x4020e4,0x100598000,R
0x4021c4,0x100599000,R
0x4021e8,0x10059a000,R
0x402080,0x10059b000,R
0x402078,0x10059c000,R
0x4020e8,0x10059d000,R
0x402098,0x10059e000,R
0x40208c,0x10059f000,R
0x40211c,0x1005a0000,R
0x402178,0x1005a1000,R
0x40200c,0x1005a2000,R
0x402014,0x1005a3000,W
0x4021bc,0x1005a4000,R
0x4020dc,0x1005a5000,R
0x4021b0,0x1005a6000,R
0x4020a8,0x1005a7000,R
0x402048,0x1005a8000,R
0x402150,0x1005a9000,R
0x402070,0x1005aa000,R
0x4020f0,0x1005ab000,R
0x40217c,0x1005ac000,R
0x402104,0x1005ad000,R
0x402000,0x1005ae000,R
0x4020f0,0x1005af000,W
0x40205c,0x1005b0000,R
0x40204c,0x1005b1000,R
0x4021a0,0x1005b2000,R
0x402124,0x1005b3000,R
0x4021c4,0x1005b4000,R
0x4021bc,0x1005b5000,R
0x402134,0x1005b6000,R
0x402080,0x1005b7000,R
0x4020fc,0x1005b8000,R
0x4021c4,0x1005b9000,R
0x4021bc,0x1005ba000,R
0x4020c4,0x1005bb000,R
0x402174,0x1005bc000,R
0x4021ac,0x1005bd000,R
0x4021cc,0x1005be000,R
0x402138,0x1005bf000,R
0x402160,0x1005c0000,R
0x40202c,0x1005c1000,R
0x4020f4,0x1005c2000,R
0x4021fc,0x1005c3000,R
0x40209c,0x1005c4000,R
0x402074,0x1005c5000,R
0x402088,0x1005c6000,R
0x40211c,0x1005c7000,R
0x4021e4,0x1005c8000,R
0x40211c,0x1005c9000,R
0x40201c,0x1005ca000,R
0x4021cc,0x1005cb000,R
0x4021a4,0x1005cc000,R
0x402178,0x1005cd000,R
0x402020,0x1005ce000,R
0x4020cc,0x1005cf000,R
0x4020c8,0x1005d0000,R
0x402040,0x1005d1000,R
0x402164,0x1005d2000,R
0x4021f4,0x1005d3000,R
0x4020fc,0x1005d4000,R
0x4021e4,0x1005d5000,R
0x4020c0,0x1005d6000,R
0x4020f0,0x1005d7000,R
0x4021bc,0x1005d8000,R
0x4021ac,0x1005d9000,R
0x4021b4,0x1005da000,R
0x402134,0x1005db000,R
0x40201c,0x1005dc000,R
0x402124,0x1005dd000,R
0x402114,0x1005de000,R
0x4020c4,0x1005df000,W
0x4020bc,0x1005e0000,R
0x4020f8,0x1005e1000,R
0x402060,0x1005e2000,R
0x4021bc,0x1005e3000,R
0x4020dc,0x1005e4000,R
0x40201c,0x1005e5000,R
0x40203c,0x1005e6000,R
0x402168,0x1005e7000,R
0x402088,0x1005e8000,R
0x4021c8,0x1005e9000,R
0x402004,0x1005ea000,R
0x4020b8,0x1005eb000,R
0x40206c,0x1005ec000,R
0x402014,0x1005ed000,R
0x4020e4,0x1005ee000,R
0x402070,0x1005ef000,R
0x4021c4,0x1005f0000,R
0x40214c,0x1005f1000,R
0x402028,0x1005f2000,W
0x4021b0,0x1005f3000,R
0x4020c0,0x1005f4000,R
0x40211c,0x1005f5000,W
0x402100,0x1005f6000,R
0x4021a8,0x1005f7000,R
0x402124,0x1005f8000,R
0x402140,0x1005f9000,R
0x40216c,0x1005fa000,R
0x4021e4,0x1005fb000,R
0x402008,0x1005fc000,R
0x402174,0x1005fd000,R
0x402194,0x1005fe000,R
0x4021cc,0x1005ff000,R
0x402008,0x100600000,R
0x4021d4,0x100601000,R
0x402138,0x100602000,W
0x40202c,0x100603000,R
0x402118,0x100604000,R
0x4021ac,0x100605000,R
0x4021ec,0x100606000,R
0x402180,0x100607000,R
0x4020dc,0x100608000,R
0x40213c,0x100609000,R
0x40219c,0x10060a000,R
0x402028,0x10060b000,R
0x402138,0x10060c000,R
0x4020f0,0x10060d000,R
0x402074,0x10060e000,R
0x4020f0,0x10060f000,R
0x4021a0,0x100610000,R
0x402184,0x100611000,R
0x40210c,0x100612000,R
0x402140,0x100613000,R
0x402198,0x100614000,R
0x402168,0x100615000,R
0x402178,0x100616000,R
0x4021f8,0x100617000,R
0x402104,0x100618000,W
0x4020cc,0x100619000,R
0x4020c8,0x10061a000,R
0x402198,0x10061b000,R
0x40217c,0x10061c000,R
0x402194,0x10061d000,R
0x402104,0x10061e000,R
0x402028,0x10061f000,R
0x402120,0x100620000,R
0x402030,0x100621000,R
0x402130,0x100622000,R
0x402198,0x100623000,R
0x40208c,0x100624000,R
0x402194,0x100625000,W
0x402024,0x100626000,R
0x4020c8,0x100627000,R
0x4021b4,0x100628000,R
0x402120,0x100629000,R
0x40203c,0x10062a000,R
0x40217c,0x10062b000,R
0x4020b0,0x10062c000,R
0x402134,0x10062d000,R
0x4021ec,0x10062e000,R
0x4020e8,0x10062f000,W
0x402168,0x100630000,R
0x402120,0x100631000,R
0x402184,0x100632000,R
0x402034,0x100633000,R
0x402024,0x100634000,R
0x402040,0x100635000,R
0x402114,0x100636000,R
0x402170,0x100637000,R
0x40209c,0x100638000,R
0x4021ac,0x100639000,R
0x402008,0x10063a000,W
0x4021d4,0x10063b000,R
0x402128,0x10063c000,R
0x402034,0x10063d000,R
0x4020b8,0x10063e000,R
0x40207c,0x10063f000,R
0x402058,0x100640000,R
0x4021c4,0x100641000,R
0x402034,0x100642000,R
0x4020b8,0x100643000,R
0x402010,0x100644000,R
0x4021fc,0x100645000,R
0x4020d8,0x100646000,R
0x402158,0x100647000,R
0x402084,0x100648000,R
0x402174,0x100649000,R
0x40216c,0x10064a000,R
0x402038,0x10064b000,R
0x4021ac,0x10064c000,R
0x4021b0,0x10064d000,R
0x4021a8,0x10064e000,R
0x402150,0x10064f000,R
0x4020dc,0x100650000,R
0x402098,0x100651000,R
0x402030,0x100652000,R
0x402120,0x100653000,R
0x402074,0x100654000,R
0x4021a8,0x100655000,R
0x4020c0,0x100656000,R
0x40212c,0x100657000,R
0x40208c,0x100658000,R
0x40200c,0x100659000,R
0x402090,0x10065a000,R
0x402030,0x10065b000,R
0x402120,0x10065c000,R
0x4021c8,0x10065d000,R
0x402138,0x10065e000,R
0x4020dc,0x10065f000,R
0x4020d4,0x100660000,R
0x402168,0x100661000,R
0x40207c,0x100662000,R
0x4021d0,0x100663000,R
0x4021f8,0x100664000,R
0x4020e8,0x100665000,W
0x402198,0x100666000,R
0x402074,0x100667000,R
0x402128,0x100668000,R
0x4020ac,0x100669000,R
0x4020f8,0x10066a000,R
0x402020,0x10066b000,R
0x402104,0x10066c000,R
0x4020dc,0x10066d000,R
0x4020ac,0x10066e000,R
0x4021cc,0x10066f000,R
0x402140,0x100670000,R
0x402194,0x100671000,R
0x402134,0x100672000,R
0x402034,0x100673000,R
0x4021c4,0x100674000,R
0x4021ec,0x100675000,R
0x40210c,0x100676000,R
0x40215c,0x100677000,R
0x402154,0x100678000,R
0x402144,0x100679000,R
0x402140,0x10067a000,R
0x402030,0x10067b000,R
0x402198,0x10067c000,R
0x40208c,0x10067d000,W
0x4020c8,0x10067e000,R
0x40202c,0x10067f000,R
0x4020e4,0x100680000,R
0x4021ac,0x100681000,R
0x4021c0,0x100682000,R
0x402054,0x100683000,R
0x40200c,0x100684000,R
0x402150,0x100685000,R
0x40216c,0x100686000,R
0x402040,0x100687000,R
0x402034,0x100688000,R
0x402198,0x100689000,R
0x4020bc,0x10068a000,R
0x40205c,0x10068b000,R
0x402174,0x10068c000,R
0x40210c,0x10068d000,R
0x4021a8,0x10068e000,R
0x4020a4,0x10068f000,W
0x402000,0x100690000,R
0x402140,0x100691000,R
0x4021dc,0x100692000,R
0x402140,0x100693000,R
0x40219c,0x100694000,R
0x4020dc,0x100695000,R
0x4021f8,0x100696000,R
0x402168,0x100697000,R
0x402148,0x100698000,R
0x40215c,0x100699000,R
0x40210c,0x10069a000,R
0x40208c,0x10069b000,R
0x4020c4,0x10069c000,R
0x4021b4,0x10069d000,R
0x402028,0x10069e000,R
0x402158,0x10069f000,R
0x402104,0x1006a0000,R
0x4020d8,0x1006a1000,R
0x402188,0x1006a2000,R
0x40217c,0x1006a3000,W
0x402010,0x1006a4000,R
0x40212c,0x1006a5000,R
0x402170,0x1006a6000,R
0x4020d0,0x1006a7000,R
0x402188,0x1006a8000,R
0x402034,0x1006a9000,R
0x4020f8,0x1006aa000,R
0x402038,0x1006ab000,R
0x402028,0x1006ac000,R
0x40204c,0x1006ad000,R
0x402130,0x1006ae000,R
0x402104,0x1006af000,R
0x4020d0,0x1006b0000,R
0x4020a4,0x1006b1000,W
0x402128,0x1006b2000,R
0x402038,0x1006b3000,W
0x40204c,0x1006b4000,R
0x402100,0x1006b5000,W
0x4020d0,0x1006b6000,R
0x4021c4,0x1006b7000,R
0x402090,0x1006b8000,R
0x4020c8,0x1006b9000,R
0x4021ec,0x1006ba000,R
0x4020e4,0x1006bb000,R
0x402178,0x1006bc000,R
0x4021c8,0x1006bd000,R
0x402158,0x1006be000,W
0x40201c,0x1006bf000,R
0x40213c,0x1006c0000,R
0x4020d4,0x1006c1000,R
0x402074,0x1006c2000,R
0x4020d4,0x1006c3000,W
0x40203c,0x1006c4000,W
0x402050,0x1006c5000,R
0x402140,0x1006c6000,R
0x402134,0x1006c7000,W
0x402088,0x1006c8000,R
0x40212c,0x1006c9000,R
0x4020d8,0x1006ca000,R
0x402034,0x1006cb000,R
0x402058,0x1006cc000,R
0x40209c,0x1006cd000,R
0x40206c,0x1006ce000,R
0x402048,0x1006cf000,R
0x40217c,0x1006d0000,R
0x4020d4,0x1006d1000,R
0x402198,0x1006d2000,R
0x4020a0,0x1006d3000,R
0x4021a0,0x1006d4000,R
0x40211c,0x1006d5000,R
0x4020c0,0x1006d6000,R
0x40218c,0x1006d7000,R
0x4021d4,0x1006d8000,R
0x4021a0,0x1006d9000,R
0x402180,0x1006da000,R
0x4020e0,0x1006db000,R
0x4021b0,0x1006dc000,R
0x402030,0x1006dd000,R
0x4020ec,0x1006de000,R
0x402068,0x1006df000,R
0x402088,0x1006e0000,R
0x40217c,0x1006e1000,R
0x40208c,0x1006e2000,R
0x402198,0x1006e3000,R
0x40213c,0x1006e4000,R
0x402038,0x1006e5000,R
0x4020b4,0x1006e6000,R
0x402044,0x1006e7000,R
0x402018,0x1006e8000,W
0x402064,0x1006e9000,R
0x4020dc,0x1006ea000,R
0x402088,0x1006eb000,R
0x40208c,0x1006ec000,R
0x402090,0x1006ed000,R
0x402094,0x1006ee000,R
0x402124,0x1006ef000,R
0x402038,0x1006f0000,R
0x402118,0x1006f1000,R
0x402174,0x1006f2000,W
0x402188,0x1006f3000,W
0x4021fc,0x1006f4000,R
0x4020f4,0x1006f5000,R
0x402018,0x1006f6000,R
0x4021cc,0x1006f7000,R
0x402188,0x1006f8000,R
0x4021d4,0x1006f9000,R
0x4020c0,0x1006fa000,R
0x402158,0x1006fb000,R
0x402084,0x1006fc000,R
0x402120,0x1006fd000,R
0x402050,0x1006fe000,R
0x402018,0x1006ff000,R
0x40204c,0x100700000,R
0x402100,0x100701000,W
0x402060,0x100702000,R
0x402184,0x100703000,R
0x402074,0x100704000,R
0x4020f8,0x100705000,R
0x4021e0,0x100706000,R
0x4020b4,0x100707000,W
0x402100,0x100708000,W
0x402060,0x100709000,R
0x402144,0x10070a000,R
0x40218c,0x10070b000,R
0x402010,0x10070c000,R
0x402108,0x10070d000,R
0x402128,0x10070e000,R
0x402110,0x10070f000,R
0x4020d8,0x100710000,R
0x4020d0,0x100711000,R
0x40214c,0x100712000,R
0x40212c,0x100713000,R
0x4020a8,0x100714000,R
0x4021d4,0x100715000,R
0x4020c4,0x100716000,R
0x4020c4,0x100717000,R
0x402164,0x100718000,R
0x40209c,0x100719000,R
0x4020c4,0x10071a000,R
0x4020f4,0x10071b000,R
0x402078,0x10071c000,R
0x4020ec,0x10071d000,R
0x40209c,0x10071e000,R
0x402094,0x10071f000,R
0x402024,0x100720000,R
0x402100,0x100721000,R
0x402068,0x100722000,R
0x4021f0,0x100723000,R
0x402054,0x100724000,R
0x40206c,0x100725000,R
0x4020d0,0x100726000,R
0x4021dc,0x100727000,R
0x40214c,0x100728000,R
0x40200c,0x100729000,R
0x402108,0x10072a000,R
0x402034,0x10072b000,R
0x402090,0x10072c000,R
0x402028,0x10072d000,R
0x402164,0x10072e000,R
0x402168,0x10072f000,R
0x402084,0x100730000,R
0x402088,0x100731000,R
0x402134,0x100732000,R
0x4021b4,0x100733000,R
0x402174,0x100734000,R
0x4020d0,0x100735000,W
0x402134,0x100736000,R
0x402014,0x100737000,R
0x402080,0x100738000,R
0x402198,0x100739000,W
0x402020,0x10073a000,R
0x402028,0x10073b000,R
0x402194,0x10073c000,R
0x4021c8,0x10073d000,R
0x402010,0x10073e000,R
0x4020e0,0x10073f000,R
0x4020b4,0x100740000,R
0x4021a8,0x100741000,R
0x402014,0x100742000,R
0x402170,0x100743000,R
0x402194,0x100744000,R
0x402108,0x100745000,R
0x4020f8,0x100746000,R
0x4020b4,0x100747000,R
0x40218c,0x100748000,R
0x4021f4,0x100749000,R
0x402014,0x10074a000,R
0x40213c,0x10074b000,R
0x4020b4,0x10074c000,R
0x402100,0x10074d000,R
0x4021d8,0x10074e000,R
0x402010,0x10074f000,R
0x402104,0x100750000,R
0x40206c,0x100751000,W
0x4021f8,0x100752000,R
0x402164,0x100753000,R
0x402118,0x100754000,R
0x4021e8,0x100755000,R
0x4020dc,0x100756000,R
0x4020ac,0x100757000,R
0x402094,0x100758000,R
0x402044,0x100759000,R
0x4021cc,0x10075a000,R
0x402090,0x10075b000,R
0x4020e8,0x10075c000,W
0x4020bc,0x10075d000,R
0x402100,0x10075e000,R
0x4020c0,0x10075f000,R
0x402148,0x100760000,R
0x4020b8,0x100761000,R
0x402044,0x100762000,R
0x402058,0x100763000,R
0x402180,0x100764000,R
0x402014,0x100765000,R
0x40209c,0x100766000,R
0x402188,0x100767000,R
0x402078,0x100768000,R
0x402180,0x100769000,R
0x4021e8,0x10076a000,R
0x402174,0x10076b000,R
0x402098,0x10076c000,R
0x4021c0,0x10076d000,R
0x402114,0x10076e000,R
0x4021e8,0x10076f000,R
0x402164,0x100770000,R
0x402198,0x100771000,R
0x402058,0x100772000,R
0x402024,0x100773000,R
0x402124,0x100774000,R
0x402100,0x100775000,R
0x402190,0x100776000,R
0x402180,0x100777000,R
0x402034,0x100778000,R
0x402190,0x100779000,R
0x402074,0x10077a000,R
0x402158,0x10077b000,R
0x4021a0,0x10077c000,R
0x4020d8,0x10077d000,W
0x4021ac,0x10077e000,R
0x4021c8,0x10077f000,R
0x402130,0x100780000,R
0x402170,0x100781000,R
0x402138,0x100782000,R
0x402110,0x100783000,R
0x4020dc,0x100784000,R
0x402130,0x100785000,R
0x402138,0x100786000,R
0x4021a0,0x100787000,R
0x402060,0x100788000,R
0x402128,0x100789000,R
0x402110,0x10078a000,R
0x4020d4,0x10078b000,R
0x4021c8,0x10078c000,R
0x40217c,0x10078d000,R
0x402094,0x10078e000,R
0x40203c,0x10078f000,R
0x4021c8,0x100790000,R
0x4020e0,0x100791000,R
0x4020d0,0x100792000,R
0x402090,0x100793000,R
0x402074,0x100794000,R
0x402134,0x100795000,R
0x402124,0x100796000,R
0x402148,0x100797000,R
0x402074,0x100798000,R
0x4021dc,0x100799000,R
0x402188,0x10079a000,R
0x4020ac,0x10079b000,R
0x4021a4,0x10079c000,R
0x4020cc,0x10079d000,R
0x4020f4,0x10079e000,R
0x402070,0x10079f000,R
0x40209c,0x1007a0000,R
0x4020c4,0x1007a1000,R
0x402120,0x1007a2000,R
0x4020e4,0x1007a3000,R
0x4021b4,0x1007a4000,R
0x4021e0,0x1007a5000,R
0x4020e0,0x1007a6000,R
0x402130,0x1007a7000,R
0x402188,0x1007a8000,R
0x402138,0x1007a9000,R
0x402068,0x1007aa000,R
0x402164,0x1007ab000,R
0x4021f8,0x1007ac000,R
0x402190,0x1007ad000,R
0x402060,0x1007ae000,R
0x402190,0x1007af000,R
0x40201c,0x1007b0000,R
0x4021f8,0x1007b1000,R
0x402104,0x1007b2000,R
0x402164,0x1007b3000,R
0x402160,0x1007b4000,R
0x40210c,0x1007b5000,R
0x402124,0x1007b6000,R
0x402070,0x1007b7000,R
0x402024,0x1007b8000,R
0x402184,0x1007b9000,R
0x4021bc,0x1007ba000,R
0x4021fc,0x1007bb000,R
0x4020a0,0x1007bc000,R
0x402028,0x1007bd000,R
0x4021ec,0x1007be000,W
0x402094,0x1007bf000,R
0x402080,0x1007c0000,R
0x40207c,0x1007c1000,R
0x402194,0x1007c2000,R
0x4020e0,0x1007c3000,R
0x402178,0x1007c4000,R
0x402148,0x1007c5000,R
0x4021a4,0x1007c6000,W
0x402094,0x1007c7000,R
0x402120,0x1007c8000,R
0x402134,0x1007c9000,W
0x402104,0x1007ca000,R
0x402170,0x1007cb000,R
0x4020b4,0x1007cc000,R
0x402094,0x1007cd000,R
0x4020c4,0x1007ce000,R
0x4021e4,0x1007cf000,R
0x4021c8,0x1007d0000,R
0x402154,0x1007d1000,R
0x4020a0,0x1007d2000,R
0x402014,0x1007d3000,R
0x402120,0x1007d4000,R
0x402100,0x1007d5000,W
0x40210c,0x1007d6000,R
0x402124,0x1007d7000,R
0x402188,0x1007d8000,W
0x4020f4,0x1007d9000,R
0x402068,0x1007da000,R
0x402068,0x1007db000,R
0x402090,0x1007dc000,R
0x402194,0x1007dd000,R
0x402088,0x1007de000,R
0x402138,0x1007df000,R
0x4021a4,0x1007e0000,R
0x40203c,0x1007e1000,R
0x4020ac,0x1007e2000,R
0x4020d0,0x1007e3000,W
0x4020a0,0x1007e4000,R
0x4021fc,0x1007e5000,R
0x40210c,0x1007e6000,R
0x4021fc,0x1007e7000,R
0x402120,0x1007e8000,R
0x4021b0,0x1007e9000,R
0x40203c,0x1007ea000,R
0x402194,0x1007eb000,R
0x4021f0,0x1007ec000,R
0x4020c0,0x1007ed000,R
0x4021f4,0x1007ee000,R
0x402184,0x1007ef000,R
0x402014,0x1007f0000,R
0x4021f0,0x1007f1000,R
0x4021c0,0x1007f2000,R
0x4020e0,0x1007f3000,R
0x40204c,0x1007f4000,R
0x402150,0x1007f5000,R
0x4021fc,0x1007f6000,R
0x40215c,0x1007f7000,R
0x402154,0x1007f8000,R
0x4021fc,0x1007f9000,R
0x40202c,0x1007fa000,R
0x402100,0x1007fb000,R
0x4020e8,0x1007fc000,R
0x402050,0x1007fd000,R
0x4020a4,0x1007fe000,R
0x4020a0,0x1007ff000,R
0x402150,0x100000000,W
0x402198,0x100001000,W
0x402098,0x100002000,W
0x4021b8,0x100003000,R
0x4020fc,0x100004000,R
0x4021a0,0x100005000,W
0x403098,0x100007000,R
0x403134,0x100009000,R
0x403088,0x10000b000,R
0x4030c8,0x10000d000,R
0x40306c,0x10000f000,R
0x403048,0x100011000,R
0x4031f8,0x100013000,R
0x40302c,0x100015000,R
0x403154,0x100017000,R
0x4031e4,0x100019000,R
0x403038,0x10001b000,R
0x4030f4,0x10001d000,R
0x40304c,0x10001f000,R
0x4030cc,0x100021000,R
0x4030b8,0x100023000,R
0x403100,0x100025000,R
0x403154,0x100027000,R
0x403038,0x100029000,R
0x4031dc,0x10002b000,R
0x403124,0x10002d000,R
0x4030b0,0x10002f000,R
0x4031d4,0x100031000,R
0x403138,0x100033000,R
0x403138,0x100035000,R
0x40309c,0x100037000,R
0x403110,0x100039000,R
0x403028,0x10003b000,R
0x403020,0x10003d000,R
0x4031dc,0x10003f000,R
0x4030ac,0x100041000,R
0x403068,0x100043000,R
0x4031dc,0x100045000,R
0x4031c0,0x100047000,R
0x4030ac,0x100049000,R
0x403164,0x10004b000,R
0x4030e0,0x10004d000,R
0x403120,0x10004f000,R
0x4030f8,0x100051000,W
0x403188,0x100053000,R
0x403054,0x100055000,R
0x4031ac,0x100057000,R
0x4031e0,0x100059000,R
0x403074,0x10005b000,R
0x403158,0x10005d000,R
0x403158,0x10005f000,R
0x4030e8,0x100061000,R
0x40312c,0x100063000,R
0x4030fc,0x100065000,R
0x403074,0x100067000,R
0x4030b0,0x100069000,R
0x403088,0x10006b000,R
0x4030d4,0x10006d000,R
0x403090,0x10006f000,R
0x403098,0x100071000,R
0x403010,0x100073000,R
0x4031e0,0x100075000,R
0x403020,0x100077000,W
0x40304c,0x100079000,R
0x403130,0x10007b000,R
0x4031d0,0x10007d000,R
0x4031a8,0x10007f000,W
0x40304c,0x100081000,R
0x40301c,0x100083000,R
0x4031bc,0x100085000,R
0x40309c,0x100087000,R
0x403030,0x100089000,R
0x403060,0x10008b000,R
0x403190,0x10008d000,R
0x403064,0x10008f000,R
0x40313c,0x100091000,R
0x4031cc,0x100093000,R
0x403154,0x100095000,R
0x40302c,0x100097000,R
0x403000,0x100099000,R
0x4031cc,0x10009b000,R
0x4030e8,0x10009d000,R
0x4030ec,0x10009f000,R
0x403114,0x1000a1000,R
0x403000,0x1000a3000,W
0x4031dc,0x1000a5000,R
0x40304c,0x1000a7000,R
0x40313c,0x1000a9000,R
0x4030b0,0x1000ab000,R
0x40307c,0x1000ad000,R
0x4030c0,0x1000af000,R
0x4030e8,0x1000b1000,R
0x4031f0,0x1000b3000,W
0x403020,0x1000b5000,R
0x4030f0,0x1000b7000,R
0x403018,0x1000b9000,R
0x403018,0x1000bb000,R
0x403194,0x1000bd000,R
0x4030c0,0x1000bf000,R
0x4031b0,0x1000c1000,R
0x4030ac,0x1000c3000,R
0x403190,0x1000c5000,R
0x403124,0x1000c7000,R
0x40315c,0x1000c9000,R
0x403174,0x1000cb000,R
0x4030f8,0x1000cd000,R
0x4030dc,0x1000cf000,R
0x4031c0,0x1000d1000,R
0x40310c,0x1000d3000,R
0x40312c,0x1000d5000,R
0x40307c,0x1000d7000,R
0x4030f4,0x1000d9000,R
0x4031f8,0x1000db000,R
0x403114,0x1000dd000,R
0x40306c,0x1000df000,R
0x40304c,0x1000e1000,R
0x403110,0x1000e3000,R
0x403180,0x1000e5000,R
0x403130,0x1000e7000,R
0x4031e0,0x1000e9000,R
0x4030a8,0x1000eb000,R
0x403164,0x1000ed000,R
0x40305c,0x1000ef000,R
0x4030c4,0x1000f1000,R
0x403108,0x1000f3000,R
0x4030ac,0x1000f5000,R
0x403108,0x1000f7000,R
0x403110,0x1000f9000,R
0x4031a8,0x1000fb000,R
0x403108,0x1000fd000,R
0x403194,0x1000ff000,R
0x403040,0x100101000,R
0x4030e0,0x100103000,R
0x403128,0x100105000,R
0x40309c,0x100107000,R
0x403014,0x100109000,R
0x4031b0,0x10010b000,R
0x4030ac,0x10010d000,R
0x4031b4,0x10010f000,R
0x40307c,0x100111000,R
0x4030ec,0x100113000,R
0x4030e4,0x100115000,R
0x40309c,0x100117000,R
0x4030e8,0x100119000,R
0x403128,0x10011b000,W
0x403044,0x10011d000,R
0x403028,0x10011f000,R
0x4030a0,0x100121000,R
0x403154,0x100123000,R
0x403120,0x100125000,W
0x40312c,0x100127000,R
0x403034,0x100129000,R
0x403150,0x10012b000,R
0x4031d0,0x10012d000,R
0x40305c,0x10012f000,W
0x40307c,0x100131000,R
0x40300c,0x100133000,R
0x403164,0x100135000,R
0x4031d4,0x100137000,R
0x4031b8,0x100139000,R
0x40315c,0x10013b000,R
0x4030a0,0x10013d000,R
0x403174,0x10013f000,R
0x4030cc,0x100141000,W
0x403098,0x100143000,R
0x4030d4,0x100145000,R
0x4031cc,0x100147000,R
0x4031b0,0x100149000,R
0x40318c,0x10014b000,R
0x403024,0x10014d000,R
0x40310c,0x10014f000,R
0x40304c,0x100151000,R
0x4030ec,0x100153000,R
0x403064,0x100155000,R
0x403118,0x100157000,R
0x403080,0x100159000,R
0x403044,0x10015b000,R
0x4031d8,0x10015d000,R
0x403118,0x10015f000,R
0x403190,0x100161000,R
0x403068,0x100163000,R
0x403084,0x100165000,R
0x4031ac,0x100167000,R
0x40309c,0x100169000,R
0x403034,0x10016b000,W
0x403104,0x10016d000,R
0x40303c,0x10016f000,R
0x40313c,0x100171000,R
0x4031c8,0x100173000,R
0x403020,0x100175000,R
0x403114,0x100177000,R
0x40319c,0x100179000,R
0x40304c,0x10017b000,R
0x403060,0x10017d000,R
0x4030e0,0x10017f000,R
0x4031a0,0x100181000,R
0x403104,0x100183000,R
0x4031b0,0x100185000,R
0x40313c,0x100187000,R
0x4030a8,0x100189000,R
0x403118,0x10018b000,R
0x4031a0,0x10018d000,R
0x40319c,0x10018f000,R
0x403194,0x100191000,R
0x403038,0x100193000,R
0x4030e4,0x100195000,R
0x40307c,0x100197000,R
0x4031e8,0x100199000,R
0x4031e0,0x10019b000,R
0x40313c,0x10019d000,R
0x4031cc,0x10019f000,R
0x40302c,0x1001a1000,W
0x403064,0x1001a3000,R
0x403124,0x1001a5000,R
0x4031b0,0x1001a7000,R
0x4031fc,0x1001a9000,R
0x403030,0x1001ab000,W
0x4030d8,0x1001ad000,R
0x4030f4,0x1001af000,R
0x403140,0x1001b1000,R
0x403114,0x1001b3000,R
0x4030a0,0x1001b5000,R
0x403134,0x1001b7000,R
0x403130,0x1001b9000,R
0x403138,0x1001bb000,R
0x403004,0x1001bd000,R
0x403140,0x1001bf000,R
0x403084,0x1001c1000,R
0x403150,0x1001c3000,R
0x40300c,0x1001c5000,R
0x4030a0,0x1001c7000,R
0x4031bc,0x1001c9000,R
0x403018,0x1001cb000,R
0x40308c,0x1001cd000,R
0x40309c,0x1001cf000,W
0x4030c8,0x1001d1000,R
0x403108,0x1001d3000,R
0x403130,0x1001d5000,R
0x4031dc,0x1001d7000,R
0x403174,0x1001d9000,R
0x403044,0x1001db000,R
0x403088,0x1001dd000,W
0x403108,0x1001df000,R
0x403008,0x1001e1000,R
0x403004,0x1001e3000,R
0x4031d4,0x1001e5000,R
0x4031f0,0x1001e7000,R
0x4031ec,0x1001e9000,R
0x4031e4,0x1001eb000,R
0x403014,0x1001ed000,R
0x403040,0x1001ef000,R
0x4030a0,0x1001f1000,R
0x40318c,0x1001f3000,R
0x4030e0,0x1001f5000,R
0x403174,0x1001f7000,R
0x4030f4,0x1001f9000,R
0x4030e4,0x1001fb000,R
0x403058,0x1001fd000,R
0x403014,0x1001ff000,R
0x403060,0x100201000,R
0x403080,0x100203000,R
0x4031f4,0x100205000,R
0x4030a0,0x100207000,R
0x4031e8,0x100209000,R
0x403108,0x10020b000,R
0x403170,0x10020d000,R
0x4031e4,0x10020f000,R
0x403028,0x100211000,R
0x403164,0x100213000,R
0x403154,0x100215000,R
0x403108,0x100217000,R
0x403014,0x100219000,R
0x4030ac,0x10021b000,R
0x4030c0,0x10021d000,R
0x4031c0,0x10021f000,R
0x403138,0x100221000,R
0x403028,0x100223000,R
0x403078,0x100225000,R
0x40301c,0x100227000,R
0x4031b8,0x100229000,R
0x4030b8,0x10022b000,R
0x403158,0x10022d000,R
0x403018,0x10022f000,R
0x40315c,0x100231000,R
0x403070,0x100233000,R
0x403100,0x100235000,R
0x40313c,0x100237000,R
0x4031a8,0x100239000,R
0x4031dc,0x10023b000,R
0x4030d4,0x10023d000,R
0x4031fc,0x10023f000,R
0x403094,0x100241000,W
0x403140,0x100243000,R
0x4031c4,0x100245000,R
0x403148,0x100247000,R
0x403144,0x100249000,R
0x403140,0x10024b000,R
0x4030cc,0x10024d000,R
0x40316c,0x10024f000,R
0x4031c0,0x100251000,R
0x4031b8,0x100253000,R
0x403000,0x100255000,R
0x40312c,0x100257000,R
0x4030b4,0x100259000,R
0x403024,0x10025b000,R
0x403064,0x10025d000,R
0x4031f4,0x10025f000,R
0x403150,0x100261000,R
0x4030fc,0x100263000,R
0x403014,0x100265000,R
0x40306c,0x100267000,R
0x4030e4,0x100269000,R
0x4030a0,0x10026b000,R
0x403124,0x10026d000,R
0x4030dc,0x10026f000,R
0x4031c0,0x100271000,R
0x4030d8,0x100273000,W
0x403104,0x100275000,R
0x4030c8,0x100277000,R
0x403048,0x100279000,R
0x403018,0x10027b000,R
0x403130,0x10027d000,R
0x40316c,0x10027f000,R
0x403014,0x100281000,R
0x4031e8,0x100283000,R
0x403100,0x100285000,R
0x4030dc,0x100287000,R
0x403178,0x100289000,W
0x403030,0x10028b000,R
0x403144,0x10028d000,R
0x403044,0x10028f000,R
0x403034,0x100291000,R
0x4030c0,0x100293000,R
0x4031fc,0x100295000,R
0x403054,0x100297000,R
0x40307c,0x100299000,R
0x403118,0x10029b000,R
0x403134,0x10029d000,R
0x4031b4,0x10029f000,R
0x4030f8,0x1002a1000,R
0x4031c0,0x1002a3000,R
0x403144,0x1002a5000,R
0x403058,0x1002a7000,R
0x4030d4,0x1002a9000,R
0x40309c,0x1002ab000,R
0x403180,0x1002ad000,R
0x403044,0x1002af000,R
0x40311c,0x1002b1000,R
0x403034,0x1002b3000,R
0x403178,0x1002b5000,R
0x403140,0x1002b7000,R
0x403088,0x1002b9000,R
0x403030,0x1002bb000,R
0x4031d8,0x1002bd000,R
0x4030fc,0x1002bf000,R
0x403100,0x1002c1000,R
0x4030f0,0x1002c3000,R
0x4031b0,0x1002c5000,R
0x4030ec,0x1002c7000,R
0x4030c4,0x1002c9000,R
0x4030a0,0x1002cb000,R
0x40303c,0x1002cd000,R
0x40301c,0x1002cf000,R
0x4030dc,0x1002d1000,R
0x403068,0x1002d3000,R
0x4030f8,0x1002d5000,R
0x403048,0x1002d7000,R
0x4030cc,0x1002d9000,R
0x403094,0x1002db000,R
0x403174,0x1002dd000,R
0x4030a8,0x1002df000,R
0x4030cc,0x1002e1000,R
0x40303c,0x1002e3000,R
0x40301c,0x1002e5000,R
0x4030cc,0x1002e7000,R
0x403150,0x1002e9000,R
0x403068,0x1002eb000,R
0x40310c,0x1002ed000,R
0x4031d8,0x1002ef000,R
0x4031e0,0x1002f1000,R
0x4030f0,0x1002f3000,R
0x4031e4,0x1002f5000,R
0x403044,0x1002f7000,R
0x40306c,0x1002f9000,R
0x40318c,0x1002fb000,R
0x403190,0x1002fd000,R
0x40311c,0x1002ff000,R
0x403004,0x100301000,R
0x403010,0x100303000,R
0x40317c,0x100305000,R
0x403130,0x100307000,R
0x4030bc,0x100309000,R
0x40308c,0x10030b000,R
0x403000,0x10030d000,R
0x40319c,0x10030f000,W
0x403180,0x100311000,R
0x403130,0x100313000,R
0x40311c,0x100315000,R
0x403050,0x100317000,R
0x403190,0x100319000,R
0x403074,0x10031b000,R
0x4031e0,0x10031d000,R
0x403144,0x10031f000,R
0x403008,0x100321000,R
0x403198,0x100323000,R
0x4030a0,0x100325000,R
0x40316c,0x100327000,R
0x4031e8,0x100329000,W
0x4031b0,0x10032b000,R
0x403088,0x10032d000,R
0x403008,0x10032f000,W
0x403118,0x100331000,R
0x403190,0x100333000,R
0x403004,0x100335000,R
0x4031ac,0x100337000,R
0x403040,0x100339000,R
0x403100,0x10033b000,R
0x40308c,0x10033d000,R
0x403130,0x10033f000,R
0x403128,0x100341000,R
0x403140,0x100343000,R
0x4031c0,0x100345000,W
0x403040,0x100347000,R
0x4031a4,0x100349000,R
0x40308c,0x10034b000,R
0x4030c8,0x10034d000,R
0x403090,0x10034f000,R
0x403114,0x100351000,R
0x403084,0x100353000,R
0x403060,0x100355000,R
0x4031c0,0x100357000,R
0x4031a0,0x100359000,R
0x40310c,0x10035b000,R
0x4031b0,0x10035d000,R
0x403088,0x10035f000,R
0x403098,0x100361000,R
0x4030a8,0x100363000,R
0x403070,0x100365000,R
0x4030f0,0x100367000,R
0x4031f8,0x100369000,R
0x4031b4,0x10036b000,R
0x40311c,0x10036d000,R
0x4030a4,0x10036f000,R
0x403090,0x100371000,R
0x4030bc,0x100373000,R
0x403104,0x100375000,R
0x403054,0x100377000,R
0x403038,0x100379000,R
0x403008,0x10037b000,R
0x403130,0x10037d000,R
0x4030b4,0x10037f000,R
0x4031e8,0x100381000,R
0x4030f0,0x100383000,R
0x403024,0x100385000,R
0x403170,0x100387000,R
0x403110,0x100389000,R
0x4030c4,0x10038b000,R
0x4031a8,0x10038d000,R
0x4030c4,0x10038f000,R
0x4031c0,0x100391000,R
0x4031f0,0x100393000,R
0x40313c,0x100395000,R
0x40315c,0x100397000,R
0x40312c,0x100399000,R
0x4030d8,0x10039b000,R
0x40306c,0x10039d000,R
0x403068,0x10039f000,R
0x403128,0x1003a1000,R
0x403134,0x1003a3000,R
0x403194,0x1003a5000,R
0x4031ec,0x1003a7000,R
0x40314c,0x1003a9000,R
0x4030cc,0x1003ab000,R
0x403078,0x1003ad000,R
0x403138,0x1003af000,R
0x4031dc,0x1003b1000,R
0x403008,0x1003b3000,R
0x4030a4,0x1003b5000,W
0x403048,0x1003b7000,R
0x403044,0x1003b9000,R
0x403160,0x1003bb000,R
0x4031c8,0x1003bd000,R
0x4031b4,0x1003bf000,R
0x4031cc,0x1003c1000,R
0x403198,0x1003c3000,R
0x4031a4,0x1003c5000,R
0x4030b8,0x1003c7000,R
0x403198,0x1003c9000,R
0x403034,0x1003cb000,R
0x4030c4,0x1003cd000,R
0x40310c,0x1003cf000,W
0x403034,0x1003d1000,R
0x4030f4,0x1003d3000,R
0x40304c,0x1003d5000,R
0x40318c,0x1003d7000,R
0x4031d4,0x1003d9000,R
0x4030f0,0x1003db000,R
0x403020,0x1003dd000,R
0x403108,0x1003df000,R
0x403068,0x1003e1000,R
0x4030e0,0x1003e3000,R
0x403008,0x1003e5000,R
0x403008,0x1003e7000,R
0x403194,0x1003e9000,R
0x403150,0x1003eb000,R
0x403078,0x1003ed000,R
0x4030e4,0x1003ef000,R
0x40311c,0x1003f1000,R
0x403018,0x1003f3000,R
0x403148,0x1003f5000,W
0x4030c8,0x1003f7000,R
0x4031fc,0x1003f9000,R
0x40303c,0x1003fb000,R
0x4030c0,0x1003fd000,R
0x403188,0x1003ff000,R
0x403018,0x100401000,R
0x403160,0x100403000,R
0x40311c,0x100405000,R
0x4031d0,0x100407000,R
0x4030fc,0x100409000,R
0x403180,0x10040b000,R
0x4031c0,0x10040d000,R
0x4031d0,0x10040f000,R
0x403074,0x100411000,R
0x4030d0,0x100413000,R
0x4030ec,0x100415000,R
0x4030b4,0x100417000,R
0x4030d8,0x100419000,R
0x403058,0x10041b000,R
0x40304c,0x10041d000,R
0x4030e8,0x10041f000,R
0x403130,0x100421000,W
0x4030b0,0x100423000,R
0x403008,0x100425000,R
0x4030c8,0x100427000,R
0x4030a0,0x100429000,R
0x403198,0x10042b000,R
0x403138,0x10042d000,R
0x4030f4,0x10042f000,R
0x403098,0x100431000,R
0x4031cc,0x100433000,R
0x4030d4,0x100435000,R
0x4031c4,0x100437000,R
0x4031c0,0x100439000,R
0x40316c,0x10043b000,R
0x403020,0x10043d000,R
0x403120,0x10043f000,R
0x403128,0x100441000,R
0x4031b4,0x100443000,R
0x4031d8,0x100445000,W
0x403060,0x100447000,R
0x4030b4,0x100449000,R
0x403114,0x10044b000,R
0x403078,0x10044d000,R
0x403170,0x10044f000,R
0x403160,0x100451000,R
0x4030b4,0x100453000,R
0x4030d4,0x100455000,R
0x4030fc,0x100457000,R
0x403130,0x100459000,R
0x40316c,0x10045b000,R
0x4031c4,0x10045d000,R
0x4030c0,0x10045f000,R
0x4030b4,0x100461000,R
0x403120,0x100463000,R
0x403018,0x100465000,R
0x403028,0x100467000,R
0x403098,0x100469000,R
0x403054,0x10046b000,W
0x403080,0x10046d000,R
0x403070,0x10046f000,R
0x4030b8,0x100471000,R
0x403010,0x100473000,R
0x40312c,0x100475000,R
0x403000,0x100477000,R
0x4030d0,0x100479000,R
0x403068,0x10047b000,R
0x403040,0x10047d000,R
0x403148,0x10047f000,R
0x403128,0x100481000,R
0x403138,0x100483000,R
0x403074,0x100485000,R
0x403114,0x100487000,R
0x403150,0x100489000,R
0x4030a4,0x10048b000,R
0x40303c,0x10048d000,R
0x4031dc,0x10048f000,R
0x4031e0,0x100491000,R
0x403118,0x100493000,R
0x403080,0x100495000,R
0x403094,0x100497000,R
0x4030e8,0x100499000,R
0x403054,0x10049b000,R
0x403034,0x10049d000,R
0x4031f4,0x10049f000,R
0x403190,0x1004a1000,R
0x4030f8,0x1004a3000,R
0x40314c,0x1004a5000,R
0x403028,0x1004a7000,R
0x403018,0x1004a9000,R
0x40312c,0x1004ab000,R
0x4030f4,0x1004ad000,R
0x403014,0x1004af000,R
0x403010,0x1004b1000,R
0x403160,0x1004b3000,R
0x403084,0x1004b5000,R
0x403198,0x1004b7000,R
0x4030d4,0x1004b9000,R
0x403174,0x1004bb000,R
0x403108,0x1004bd000,R
0x403118,0x1004bf000,R
0x40308c,0x1004c1000,R
0x403154,0x1004c3000,R
0x403050,0x1004c5000,R
0x4030f4,0x1004c7000,W
0x4030a0,0x1004c9000,R
0x403038,0x1004cb000,R
0x403090,0x1004cd000,R
0x4031c8,0x1004cf000,R
0x403060,0x1004d1000,W
0x4031f0,0x1004d3000,R
0x4030dc,0x1004d5000,R
0x403074,0x1004d7000,R
0x40301c,0x1004d9000,W
0x403000,0x1004db000,R
0x40308c,0x1004dd000,R
0x4030e0,0x1004df000,R
0x403020,0x1004e1000,R
0x4030a0,0x1004e3000,R
0x4031f8,0x1004e5000,R
0x403000,0x1004e7000,R
0x4030a4,0x1004e9000,R
0x40313c,0x1004eb000,R
0x4030fc,0x1004ed000,R
0x403090,0x1004ef000,R
0x403094,0x1004f1000,R
0x403130,0x1004f3000,R
0x403038,0x1004f5000,R
0x403044,0x1004f7000,R
0x403088,0x1004f9000,R
0x4031d0,0x1004fb000,R
0x40300c,0x1004fd000,R
0x403180,0x1004ff000,R
0x403038,0x100501000,R
0x4030dc,0x100503000,R
0x403018,0x100505000,R
0x403140,0x100507000,R
0x4030d4,0x100509000,R
0x4031fc,0x10050b000,R
0x40316c,0x10050d000,R
0x403090,0x10050f000,R
0x403044,0x100511000,R
0x4030c0,0x100513000,R
0x403040,0x100515000,R
0x403080,0x100517000,R
0x4031c8,0x100519000,R
0x403120,0x10051b000,R
0x403074,0x10051d000,R
0x4030a0,0x10051f000,R
0x4031bc,0x100521000,R
0x4030a4,0x100523000,R
0x4031f8,0x100525000,R
0x4031c0,0x100527000,R
0x403048,0x100529000,R
0x4031f8,0x10052b000,R
0x4030e0,0x10052d000,W
0x403120,0x10052f000,R
0x4031d0,0x100531000,R
0x403154,0x100533000,R
0x403118,0x100535000,R
0x40302c,0x100537000,R
0x403110,0x100539000,R
0x403078,0x10053b000,R
0x4031b8,0x10053d000,R
0x4030f4,0x10053f000,R
0x403138,0x100541000,R
0x403050,0x100543000,R
0x4030b4,0x100545000,R
0x403188,0x100547000,R
0x403014,0x100549000,R
0x4030cc,0x10054b000,R
0x4031b0,0x10054d000,R
0x403108,0x10054f000,R
0x403138,0x100551000,R
0x40315c,0x100553000,R
0x403014,0x100555000,R
0x403124,0x100557000,R
0x40310c,0x100559000,R
0x403198,0x10055b000,R
0x4030e8,0x10055d000,R
0x4031f0,0x10055f000,R
0x40311c,0x100561000,W
0x4031d8,0x100563000,R
0x40304c,0x100565000,R
0x403098,0x100567000,R
0x4031e4,0x100569000,R
0x4031e4,0x10056b000,R
0x403108,0x10056d000,R
0x403054,0x10056f000,R
0x403098,0x100571000,R
0x4030e0,0x100573000,R
0x403078,0x100575000,R
0x403060,0x100577000,R
0x4030fc,0x100579000,R
0x40311c,0x10057b000,W
0x4031d0,0x10057d000,R
0x40312c,0x10057f000,R
0x4030b4,0x100581000,R
0x403034,0x100583000,R
0x403090,0x100585000,R
0x403024,0x100587000,R
0x4030a4,0x100589000,R
0x40303c,0x10058b000,R
0x4031f4,0x10058d000,R
0x4031f8,0x10058f000,R
0x4030cc,0x100591000,R
0x403060,0x100593000,R
0x403160,0x100595000,W
0x403148,0x100597000,R
0x403020,0x100599000,R
0x403100,0x10059b000,R
0x403114,0x10059d000,R
0x403198,0x10059f000,R
0x4031f4,0x1005a1000,R
0x403114,0x1005a3000,R
0x403130,0x1005a5000,R
0x40300c,0x1005a7000,R
0x403198,0x1005a9000,R
0x4031b0,0x1005ab000,R
0x4030c8,0x1005ad000,R
0x4031dc,0x1005af000,R
0x4030e4,0x1005b1000,R
0x403058,0x1005b3000,R
0x403168,0x1005b5000,R
0x4030a4,0x1005b7000,R
0x403170,0x1005b9000,R
0x403024,0x1005bb000,R
0x4031d4,0x1005bd000,R
0x403088,0x1005bf000,R
0x4030cc,0x1005c1000,R
0x40319c,0x1005c3000,R
0x403100,0x1005c5000,R
0x4031c4,0x1005c7000,R
0x403074,0x1005c9000,R
0x4030f8,0x1005cb000,R
0x40318c,0x1005cd000,R
0x4031d0,0x1005cf000,R
0x403040,0x1005d1000,R
0x40307c,0x1005d3000,R
0x403020,0x1005d5000,R
0x403160,0x1005d7000,R
0x403104,0x1005d9000,R
0x4031f4,0x1005db000,R
0x40301c,0x1005dd000,R
0x4030b0,0x1005df000,R
0x403158,0x1005e1000,R
0x4030b8,0x1005e3000,R
0x4031c4,0x1005e5000,R
0x403010,0x1005e7000,R
0x403140,0x1005e9000,R
0x403140,0x1005eb000,R
0x4031a0,0x1005ed000,R
0x403190,0x1005ef000,R
0x403154,0x1005f1000,R
0x4030e8,0x1005f3000,R
0x403054,0x1005f5000,R
0x403160,0x1005f7000,R
0x40303c,0x1005f9000,R
0x4031e0,0x1005fb000,R
0x4030f8,0x1005fd000,R
0x40313c,0x1005ff000,R
0x40308c,0x100601000,W
0x403018,0x100603000,R
0x40314c,0x100605000,R
0x4030a0,0x100607000,R
0x403130,0x100609000,R
0x4030f0,0x10060b000,R
0x403150,0x10060d000,R
0x403080,0x10060f000,R
0x403108,0x100611000,R
0x4031e0,0x100613000,R
0x4030e0,0x100615000,R
0x4031bc,0x100617000,R
0x403048,0x100619000,R
0x403138,0x10061b000,R
0x403180,0x10061d000,W
0x40301c,0x10061f000,R
0x403064,0x100621000,R
0x40311c,0x100623000,W
0x403034,0x100625000,R
0x403134,0x100627000,R
0x4031d8,0x100629000,R
0x40312c,0x10062b000,R
0x4030c0,0x10062d000,R
0x403090,0x10062f000,R
0x4030b0,0x100631000,W
0x40304c,0x100633000,R
0x4031e4,0x100635000,R
0x4030a8,0x100637000,R
0x403138,0x100639000,R
0x403148,0x10063b000,R
0x4030e4,0x10063d000,R
0x40306c,0x10063f000,R
0x403080,0x100641000,R
0x4031c0,0x100643000,R
0x4031d0,0x100645000,R
0x4030f4,0x100647000,W
0x403078,0x100649000,R
0x40301c,0x10064b000,W
0x40304c,0x10064d000,R
0x403050,0x10064f000,R
0x403150,0x100651000,R
0x4030a8,0x100653000,R
0x40309c,0x100655000,R
0x4031b4,0x100657000,R
0x403004,0x100659000,R
0x40312c,0x10065b000,R
0x4031e4,0x10065d000,R
0x403008,0x10065f000,R
0x4031d0,0x100661000,R
0x403018,0x100663000,R
0x403144,0x100665000,R
0x403140,0x100667000,R
0x403100,0x100669000,R
0x40312c,0x10066b000,R
0x403054,0x10066d000,W
0x403138,0x10066f000,R
0x403150,0x100671000,R
0x403148,0x100673000,R
0x403110,0x100675000,R
0x40311c,0x100677000,R
0x4030d8,0x100679000,R
0x4030b4,0x10067b000,R
0x4030f4,0x10067d000,R
0x4031ac,0x10067f000,R
0x4030c0,0x100681000,R
0x403094,0x100683000,R
0x4031d8,0x100685000,R
0x403068,0x100687000,R
0x4030e8,0x100689000,R
0x403078,0x10068b000,W
0x4031b8,0x10068d000,R
0x403120,0x10068f000,R
0x4030d4,0x100691000,R
0x4031bc,0x100693000,R
0x403018,0x100695000,R
0x403194,0x100697000,R
0x40316c,0x100699000,R
0x403008,0x10069b000,R
0x40301c,0x10069d000,R
0x403120,0x10069f000,R
0x403024,0x1006a1000,R
0x403044,0x1006a3000,R
0x403134,0x1006a5000,R
0x403070,0x1006a7000,R
0x4031f8,0x1006a9000,R
0x403090,0x1006ab000,R
0x403020,0x1006ad000,R
0x4030e0,0x1006af000,R
0x403000,0x1006b1000,W
0x403054,0x1006b3000,R
0x4031b8,0x1006b5000,R
0x4031bc,0x1006b7000,W
0x4031c0,0x1006b9000,R
0x403038,0x1006bb000,R
0x4031e0,0x1006bd000,R
0x403164,0x1006bf000,R
0x4030dc,0x1006c1000,R
0x403184,0x1006c3000,R
0x40317c,0x1006c5000,W
0x403170,0x1006c7000,R
0x403040,0x1006c9000,R
0x40304c,0x1006cb000,R
0x4030a0,0x1006cd000,W
0x4030c0,0x1006cf000,R
0x4031a8,0x1006d1000,R
0x403000,0x1006d3000,R
0x4030c0,0x1006d5000,R
0x4030ac,0x1006d7000,R
0x403164,0x1006d9000,R
0x40311c,0x1006db000,R
0x4030dc,0x1006dd000,R
0x4031e4,0x1006df000,R
0x40307c,0x1006e1000,R
0x403028,0x1006e3000,R
0x4031a0,0x1006e5000,R
0x40303c,0x1006e7000,R
0x4031c0,0x1006e9000,R
0x403128,0x1006eb000,W
0x4030a4,0x1006ed000,R
0x40300c,0x1006ef000,R
0x4030f0,0x1006f1000,R
0x403094,0x1006f3000,R
0x403020,0x1006f5000,R
0x4030ec,0x1006f7000,R
0x4031f8,0x1006f9000,R
0x4030f8,0x1006fb000,R
0x403094,0x1006fd000,R
0x403118,0x1006ff000,R
0x403190,0x100701000,R
0x40306c,0x100703000,R
0x4030bc,0x100705000,R
0x40314c,0x100707000,R
0x403118,0x100709000,R
0x4031ac,0x10070b000,R
0x4030f4,0x10070d000,R
0x40309c,0x10070f000,R
0x403000,0x100711000,R
0x403024,0x100713000,R
0x4031f8,0x100715000,R
0x4030f4,0x100717000,R
0x403070,0x100719000,R
0x403054,0x10071b000,R
0x4031b8,0x10071d000,R
0x403038,0x10071f000,R
0x4030b8,0x100721000,R
0x4031a4,0x100723000,R
0x403064,0x100725000,R
0x4030a4,0x100727000,R
0x403168,0x100729000,R
0x40319c,0x10072b000,R
0x403024,0x10072d000,R
0x4031e4,0x10072f000,R
0x403074,0x100731000,R
0x403104,0x100733000,R
0x40304c,0x100735000,R
0x403158,0x100737000,R
0x403054,0x100739000,R
0x40305c,0x10073b000,R
0x40312c,0x10073d000,R
0x4030e0,0x10073f000,W
0x4030f0,0x100741000,R
0x4031dc,0x100743000,R
0x4030d8,0x100745000,R
0x403070,0x100747000,R
0x40310c,0x100749000,R
0x4030f8,0x10074b000,R
0x4031dc,0x10074d000,R
0x403150,0x10074f000,R
0x40314c,0x100751000,R
0x40302c,0x100753000,R
0x403100,0x100755000,R
0x403178,0x100757000,R
0x403144,0x100759000,R
0x4030b0,0x10075b000,R
0x4030a4,0x10075d000,R
0x403100,0x10075f000,R
0x4031c4,0x100761000,R
0x403000,0x100763000,R
0x40313c,0x100765000,R
0x403030,0x100767000,R
0x403040,0x100769000,R
0x40315c,0x10076b000,R
0x403188,0x10076d000,R
0x40319c,0x10076f000,R
0x40305c,0x100771000,R
0x4031d4,0x100773000,R
0x403070,0x100775000,R
0x4030bc,0x100777000,R
0x4030d4,0x100779000,R
0x403188,0x10077b000,R
0x403140,0x10077d000,R
0x4030f8,0x10077f000,R
0x403130,0x100781000,W
0x403020,0x100783000,R
0x403110,0x100785000,R
0x403128,0x100787000,R
0x4031b0,0x100789000,R
0x40319c,0x10078b000,W
0x4031a0,0x10078d000,R
0x403134,0x10078f000,R
0x403190,0x100791000,R
0x403144,0x100793000,R
0x403198,0x100795000,R
0x4031d0,0x100797000,R
0x4030d8,0x100799000,R
0x40305c,0x10079b000,R
0x40303c,0x10079d000,R
0x4031bc,0x10079f000,R
0x403094,0x1007a1000,R
0x40310c,0x1007a3000,R
0x403024,0x1007a5000,R
0x4030e8,0x1007a7000,R
0x4030a0,0x1007a9000,R
0x4030f0,0x1007ab000,R
0x403008,0x1007ad000,R
0x403074,0x1007af000,R
0x40302c,0x1007b1000,R
0x4030c0,0x1007b3000,R
0x40304c,0x1007b5000,R
0x403144,0x1007b7000,R
0x4031b0,0x1007b9000,W
0x40305c,0x1007bb000,W
0x40315c,0x1007bd000,R
0x40315c,0x1007bf000,R
0x40318c,0x1007c1000,R
0x40302c,0x1007c3000,R
0x403194,0x1007c5000,R
0x403118,0x1007c7000,R
0x403140,0x1007c9000,R
0x403190,0x1007cb000,W
0x403124,0x1007cd000,R
0x40310c,0x1007cf000,R
0x40316c,0x1007d1000,R
0x403004,0x1007d3000,R
0x4030a0,0x1007d5000,R
0x403088,0x1007d7000,R
0x4030a0,0x1007d9000,R
0x403164,0x1007db000,R
0x4030dc,0x1007dd000,R
0x4030fc,0x1007df000,R
0x403194,0x1007e1000,W
0x4030e4,0x1007e3000,R
0x403100,0x1007e5000,R
0x4030c4,0x1007e7000,R
0x4031e4,0x1007e9000,R
0x403104,0x1007eb000,R
0x403010,0x1007ed000,R
0x4031f0,0x1007ef000,R
0x403018,0x1007f1000,R
0x403120,0x1007f3000,R
0x40309c,0x1007f5000,R
0x403130,0x1007f7000,R
0x403020,0x1007f9000,R
0x40311c,0x1007fb000,R
0x4031e0,0x1007fd000,R
0x4031f4,0x1007ff000,W
0x40313c,0x100001000,W
0x403194,0x100003000,W
0x403108,0x100005000,R
0x4031d0,0x100007000,R
0x403000,0x100009000,R
0x40301c,0x10000b000,R
0x4031c4,0x10000d000,R
0x403110,0x10000f000,R
0x4031ac,0x100011000,R
0x4030c0,0x100013000,R
0x403178,0x100015000,R
0x403040,0x100017000,R
0x403070,0x100019000,R
0x4031f8,0x10001b000,W
0x40310c,0x10001d000,R
0x403070,0x10001f000,R
0x4030fc,0x100021000,R
0x403188,0x100023000,R
0x4031bc,0x100025000,R
0x403098,0x100027000,R
0x40301c,0x100029000,R
0x403168,0x10002b000,R
0x403114,0x10002d000,R
0x403134,0x10002f000,R
0x4030e8,0x100031000,R
0x403020,0x100033000,R
0x403134,0x100035000,R
0x40305c,0x100037000,R
0x4030dc,0x100039000,R
0x403088,0x10003b000,R
0x403088,0x10003d000,R
0x4031dc,0x10003f000,W
0x40312c,0x100041000,R
0x403098,0x100043000,R
0x4031e8,0x100045000,R
0x4030f0,0x100047000,R
0x4030d0,0x100049000,R
0x4030c0,0x10004b000,R
0x40308c,0x10004d000,R
0x403194,0x10004f000,R
0x40303c,0x100051000,R
0x403148,0x100053000,R
0x403140,0x100055000,R
0x403114,0x100057000,R
0x403118,0x100059000,W
0x403040,0x10005b000,R
0x403108,0x10005d000,R
0x4031f0,0x10005f000,R
0x4031f8,0x100061000,R
0x40302c,0x100063000,R
0x4031ac,0x100065000,R
0x403058,0x100067000,R
0x403080,0x100069000,R
0x4031b8,0x10006b000,R
0x4030dc,0x10006d000,W
0x40315c,0x10006f000,R
0x403010,0x100071000,R
0x403158,0x100073000,R
0x403030,0x100075000,R
0x40300c,0x100077000,R
0x40301c,0x100079000,R
0x4030e4,0x10007b000,R
0x403044,0x10007d000,R
0x4031b4,0x10007f000,R
0x4030a0,0x100081000,R
0x4030f0,0x100083000,R
0x4030cc,0x100085000,R
0x403158,0x100087000,R
0x4031d0,0x100089000,R
0x403060,0x10008b000,R
0x40316c,0x10008d000,R
0x403084,0x10008f000,W
0x4031e8,0x100091000,R
0x403194,0x100093000,R
0x403078,0x100095000,R
0x403174,0x100097000,R
0x403140,0x100099000,R
0x403188,0x10009b000,R
0x403198,0x10009d000,R
0x4030ec,0x10009f000,R
0x403124,0x1000a1000,R
0x40317c,0x1000a3000,W
0x403168,0x1000a5000,R
0x403180,0x1000a7000,R
0x4030b8,0x1000a9000,R
0x403188,0x1000ab000,W
0x403130,0x1000ad000,R
0x403114,0x1000af000,R
0x403148,0x1000b1000,R
0x403080,0x1000b3000,R
0x4031dc,0x1000b5000,R
0x40305c,0x1000b7000,R
0x4031fc,0x1000b9000,R
0x403010,0x1000bb000,R
0x4031b0,0x1000bd000,R
0x403084,0x1000bf000,W
0x40319c,0x1000c1000,R
0x4031e8,0x1000c3000,R
0x4031ec,0x1000c5000,R
0x403100,0x1000c7000,R
0x403150,0x1000c9000,R
0x403050,0x1000cb000,R
0x403184,0x1000cd000,R
0x403128,0x1000cf000,R
0x4030c8,0x1000d1000,R
0x4031a4,0x1000d3000,R
0x4030e4,0x1000d5000,R
0x403130,0x1000d7000,R
0x4031d4,0x1000d9000,R
0x403168,0x1000db000,R
0x403008,0x1000dd000,R
0x403174,0x1000df000,R
0x40315c,0x1000e1000,R
0x403108,0x1000e3000,R
0x40316c,0x1000e5000,R
0x4030a0,0x1000e7000,R
0x4031d8,0x1000e9000,R
0x4030d4,0x1000eb000,R
0x4031a8,0x1000ed000,R
0x4030b0,0x1000ef000,R
0x4031ec,0x1000f1000,R
0x403194,0x1000f3000,R
0x403010,0x1000f5000,R
0x4030e4,0x1000f7000,R
0x4030cc,0x1000f9000,R
0x4031c8,0x1000fb000,R
0x403124,0x1000fd000,R
0x4031ec,0x1000ff000,R
0x403054,0x100101000,R
0x403000,0x100103000,R
0x403170,0x100105000,R
0x403144,0x100107000,R
0x403144,0x100109000,R
0x403044,0x10010b000,R
0x4030b4,0x10010d000,R
0x4030cc,0x10010f000,R
0x403170,0x100111000,R
0x4030d8,0x100113000,R
0x40311c,0x100115000,R
0x403040,0x100117000,R
0x4030c4,0x100119000,R
0x403084,0x10011b000,R
0x4031e0,0x10011d000,R
0x4031e4,0x10011f000,R
0x4030dc,0x100121000,R
0x4030bc,0x100123000,R
0x403104,0x100125000,R
0x403080,0x100127000,R
0x40316c,0x100129000,R
0x403188,0x10012b000,R
0x4030dc,0x10012d000,W
0x4031e0,0x10012f000,R
0x403174,0x100131000,R
0x40309c,0x100133000,R
0x40311c,0x100135000,R
0x403010,0x100137000,W
0x4030e4,0x100139000,R
0x4031f0,0x10013b000,R
0x4030f4,0x10013d000,R
0x403054,0x10013f000,R
0x403040,0x100141000,R
0x403030,0x100143000,R
0x403184,0x100145000,R
0x403148,0x100147000,R
0x403128,0x100149000,W
0x403078,0x10014b000,R
0x40305c,0x10014d000,R
0x4030a8,0x10014f000,R
0x403030,0x100151000,R
0x403170,0x100153000,W
0x4031f0,0x100155000,R
0x403120,0x100157000,R
0x4031e4,0x100159000,R
0x4031e4,0x10015b000,R
0x403034,0x10015d000,R
0x40318c,0x10015f000,R
0x403138,0x100161000,R
0x4030c4,0x100163000,R
0x403144,0x100165000,R
0x403024,0x100167000,R
0x4030ac,0x100169000,R
0x403014,0x10016b000,R
0x403120,0x10016d000,R
0x403090,0x10016f000,R
0x4030a4,0x100171000,R
0x403194,0x100173000,R
0x403000,0x100175000,R
0x4030a0,0x100177000,R
0x4031bc,0x100179000,R
0x403178,0x10017b000,R
0x4031cc,0x10017d000,R
0x4030f0,0x10017f000,R
0x403100,0x100181000,R
0x40317c,0x100183000,R
0x4031ac,0x100185000,R
0x4030f8,0x100187000,R
0x40313c,0x100189000,R
0x40308c,0x10018b000,R
0x403004,0x10018d000,R
0x403060,0x10018f000,R
0x403168,0x100191000,R
0x4030d8,0x100193000,R
0x403084,0x100195000,W
0x403128,0x100197000,R
0x403078,0x100199000,R
0x403178,0x10019b000,R
0x4030dc,0x10019d000,W
0x4030ec,0x10019f000,R
0x40309c,0x1001a1000,R
0x4031d4,0x1001a3000,R
0x403138,0x1001a5000,R
0x403054,0x1001a7000,R
0x403060,0x1001a9000,R
0x403184,0x1001ab000,R
0x4031fc,0x1001ad000,R
0x4030a4,0x1001af000,R
0x403154,0x1001b1000,R
0x403088,0x1001b3000,R
0x4031cc,0x1001b5000,R
0x403124,0x1001b7000,R
0x4031d0,0x1001b9000,R
0x4030d8,0x1001bb000,R
0x4031f4,0x1001bd000,R
0x4030d0,0x1001bf000,R
0x403034,0x1001c1000,R
0x403054,0x1001c3000,R
0x4031b8,0x1001c5000,R
0x403100,0x1001c7000,R
0x403110,0x1001c9000,R
0x4030a8,0x1001cb000,R
0x403160,0x1001cd000,R
0x40315c,0x1001cf000,R
0x403154,0x1001d1000,R
0x403150,0x1001d3000,R
0x4031b8,0x1001d5000,R
0x4031b8,0x1001d7000,R
0x40309c,0x1001d9000,R
0x403174,0x1001db000,R
0x4030fc,0x1001dd000,R
0x40309c,0x1001df000,W
0x4031cc,0x1001e1000,R
0x40303c,0x1001e3000,R
0x4030c0,0x1001e5000,R
0x403138,0x1001e7000,R
0x403048,0x1001e9000,W
0x403040,0x1001eb000,R
0x40302c,0x1001ed000,R
0x40308c,0x1001ef000,R
0x4030a0,0x1001f1000,R
0x40301c,0x1001f3000,R
0x40300c,0x1001f5000,R
0x403118,0x1001f7000,R
0x403178,0x1001f9000,R
0x4030bc,0x1001fb000,R
0x403114,0x1001fd000,R
0x40313c,0x1001ff000,R
0x40301c,0x100201000,R
0x403000,0x100203000,R
0x40309c,0x100205000,R
0x40309c,0x100207000,R
0x403008,0x100209000,R
0x403130,0x10020b000,R
0x403090,0x10020d000,R
0x403168,0x10020f000,R
0x403058,0x100211000,R
0x4030f0,0x100213000,R
0x40306c,0x100215000,R
0x4031c4,0x100217000,R
0x40314c,0x100219000,W
0x40306c,0x10021b000,R
0x403014,0x10021d000,R
0x4030b8,0x10021f000,R
0x403038,0x100221000,R
0x4031f0,0x100223000,R
0x4031bc,0x100225000,R
0x403140,0x100227000,R
0x403084,0x100229000,R
0x40317c,0x10022b000,R
0x40313c,0x10022d000,R
0x4031e0,0x10022f000,R
0x403124,0x100231000,R
0x403070,0x100233000,R
0x4031ec,0x100235000,R
0x4030c8,0x100237000,R
0x403008,0x100239000,R
0x4030e4,0x10023b000,R
0x403158,0x10023d000,R
0x4030d4,0x10023f000,R
0x4031ec,0x100241000,R
0x403100,0x100243000,R
0x4030e8,0x100245000,R
0x403100,0x100247000,R
0x4031e4,0x100249000,R
0x403134,0x10024b000,R
0x403164,0x10024d000,R
0x4031d0,0x10024f000,R
0x403100,0x100251000,R
0x403058,0x100253000,R
0x4031f0,0x100255000,R
0x403084,0x100257000,R
0x4030b8,0x100259000,R
0x4030bc,0x10025b000,R
0x403060,0x10025d000,R
0x4031dc,0x10025f000,R
0x40308c,0x100261000,R
0x403174,0x100263000,R
0x403108,0x100265000,W
0x40300c,0x100267000,R
0x403020,0x100269000,R
0x4030fc,0x10026b000,R
0x4031d8,0x10026d000,R
0x403084,0x10026f000,R
0x4031e0,0x100271000,W
0x40300c,0x100273000,R
0x403060,0x100275000,R
0x4031e0,0x100277000,R
0x4030c0,0x100279000,R
0x403078,0x10027b000,W
0x4031f4,0x10027d000,R
0x403194,0x10027f000,R
0x4031b4,0x100281000,R
0x4030dc,0x100283000,R
0x40311c,0x100285000,R
0x403090,0x100287000,R
0x403130,0x100289000,R
0x4030ac,0x10028b000,R
0x4031dc,0x10028d000,R
0x403130,0x10028f000,R
0x403094,0x100291000,R
0x4031d0,0x100293000,R
0x4031a8,0x100295000,R
0x4031e8,0x100297000,R
0x4031e4,0x100299000,R
0x40315c,0x10029b000,R
0x4030c0,0x10029d000,R
0x403118,0x10029f000,R
0x4030d0,0x1002a1000,R
0x4031e0,0x1002a3000,R
0x40303c,0x1002a5000,R
0x4030dc,0x1002a7000,R
0x4030b0,0x1002a9000,R
0x403008,0x1002ab000,R
0x403028,0x1002ad000,R
0x4031e8,0x1002af000,R
0x40300c,0x1002b1000,R
0x4030b4,0x1002b3000,R
0x4030a8,0x1002b5000,R
0x403128,0x1002b7000,R
0x403164,0x1002b9000,R
0x4030cc,0x1002bb000,R
0x403028,0x1002bd000,R
0x403138,0x1002bf000,R
0x4030d8,0x1002c1000,R
0x403148,0x1002c3000,R
0x4031b8,0x1002c5000,R
0x40304c,0x1002c7000,R
0x403168,0x1002c9000,R
0x4031f8,0x1002cb000,R
0x4031d0,0x1002cd000,R
0x403128,0x1002cf000,R
0x4031f4,0x1002d1000,R
0x40307c,0x1002d3000,R
0x4030d4,0x1002d5000,R
0x403018,0x1002d7000,R
0x40300c,0x1002d9000,R
0x4031fc,0x1002db000,R
0x403144,0x1002dd000,R
0x40307c,0x1002df000,R
0x40319c,0x1002e1000,R
0x40314c,0x1002e3000,R
0x403154,0x1002e5000,R
0x4030c4,0x1002e7000,R
0x4031b0,0x1002e9000,R
0x40310c,0x1002eb000,R
0x403180,0x1002ed000,R
0x403174,0x1002ef000,R
0x403110,0x1002f1000,R
0x403150,0x1002f3000,R
0x403014,0x1002f5000,R
0x40315c,0x1002f7000,R
0x4031b4,0x1002f9000,R
0x403030,0x1002fb000,R
0x40318c,0x1002fd000,R
0x4031a4,0x1002ff000,R
0x4031dc,0x100301000,R
0x403074,0x100303000,R
0x403038,0x100305000,R
0x403084,0x100307000,R
0x403070,0x100309000,R
0x403144,0x10030b000,R
0x403104,0x10030d000,R
0x403120,0x10030f000,R
0x403050,0x100311000,R
0x4031e4,0x100313000,R
0x4030fc,0x100315000,W
0x40316c,0x100317000,R
0x403044,0x100319000,R
0x4030f0,0x10031b000,R
0x403174,0x10031d000,R
0x40316c,0x10031f000,R
0x40308c,0x100321000,R
0x403144,0x100323000,R
0x403074,0x100325000,R
0x403054,0x100327000,R
0x403064,0x100329000,R
0x4030cc,0x10032b000,R
0x403048,0x10032d000,R
0x4031a0,0x10032f000,R
0x403148,0x100331000,R
0x403120,0x100333000,R
0x403098,0x100335000,R
0x403014,0x100337000,R
0x40318c,0x100339000,R
0x4030c0,0x10033b000,R
0x40304c,0x10033d000,R
0x4030e0,0x10033f000,R
0x4030b8,0x100341000,R
0x403130,0x100343000,R
0x4031b0,0x100345000,R
0x403050,0x100347000,R
0x4030d0,0x100349000,R
0x403154,0x10034b000,R
0x40305c,0x10034d000,R
0x4031e4,0x10034f000,R
0x403044,0x100351000,R
0x403014,0x100353000,R
0x403088,0x100355000,R
0x403188,0x100357000,R
0x403104,0x100359000,R
0x4030d4,0x10035b000,R
0x4030e4,0x10035d000,R
0x403190,0x10035f000,R
0x4030f4,0x100361000,R
0x403140,0x100363000,R
0x403160,0x100365000,R
0x4030d0,0x100367000,R
0x403084,0x100369000,R
0x403064,0x10036b000,R
0x403054,0x10036d000,R
0x403040,0x10036f000,R
0x403070,0x100371000,R
0x403178,0x100373000,R
0x4031e8,0x100375000,R
0x403104,0x100377000,R
0x4031f8,0x100379000,R
0x40314c,0x10037b000,R
0x4031ac,0x10037d000,R
0x403050,0x10037f000,R
0x40319c,0x100381000,W
0x4031c8,0x100383000,R
0x40302c,0x100385000,R
0x403138,0x100387000,R
0x403098,0x100389000,R
0x4030b0,0x10038b000,R
0x4031ec,0x10038d000,R
0x40300c,0x10038f000,R
0x4030b8,0x100391000,R
0x403008,0x100393000,R
0x40304c,0x100395000,R
0x4030e0,0x100397000,R
0x403040,0x100399000,R
0x403120,0x10039b000,R
0x403090,0x10039d000,R
0x40310c,0x10039f000,R
0x403104,0x1003a1000,R
0x40318c,0x1003a3000,R
0x4030f8,0x1003a5000,R
0x4030b4,0x1003a7000,R
0x4030e8,0x1003a9000,R
0x403144,0x1003ab000,R
0x40318c,0x1003ad000,R
0x40318c,0x1003af000,R
0x4031d0,0x1003b1000,R
0x40311c,0x1003b3000,R
0x403138,0x1003b5000,R
0x4031e4,0x1003b7000,R
0x4030dc,0x1003b9000,R
0x4030e8,0x1003bb000,R
0x4030ec,0x1003bd000,R
0x4030a4,0x1003bf000,R
0x403070,0x1003c1000,R
0x4030c4,0x1003c3000,R
0x4031fc,0x1003c5000,R
0x4030b8,0x1003c7000,R
0x40313c,0x1003c9000,R
0x40305c,0x1003cb000,R
0x40304c,0x1003cd000,R
0x4031a4,0x1003cf000,R
0x4030f0,0x1003d1000,R
0x4030b8,0x1003d3000,R
0x403118,0x1003d5000,W
0x403098,0x1003d7000,R
0x403140,0x1003d9000,R
0x4031b4,0x1003db000,R
0x403128,0x1003dd000,R
0x403070,0x1003df000,R
0x403064,0x1003e1000,R
0x4030ac,0x1003e3000,W
0x403154,0x1003e5000,R
0x4030c4,0x1003e7000,R
0x403060,0x1003e9000,R
0x4031ac,0x1003eb000,R
0x403070,0x1003ed000,R
0x403064,0x1003ef000,R
0x403154,0x1003f1000,R
0x403130,0x1003f3000,R
0x403118,0x1003f5000,R
0x403190,0x1003f7000,R
0x4030f8,0x1003f9000,R
0x403180,0x1003fb000,R
0x403024,0x1003fd000,R
0x4030e4,0x1003ff000,R
0x403180,0x100401000,R
0x40309c,0x100403000,R
0x403028,0x100405000,R
0x4030b0,0x100407000,R
0x40317c,0x100409000,R
0x4030e0,0x10040b000,R
0x403114,0x10040d000,R
0x403148,0x10040f000,R
0x403070,0x100411000,R
0x4031e0,0x100413000,R
0x403080,0x100415000,R
0x40314c,0x100417000,R
0x4031b4,0x100419000,R
0x403154,0x10041b000,W
0x4031b4,0x10041d000,R
0x40317c,0x10041f000,R
0x40312c,0x100421000,R
0x4030e4,0x100423000,R
0x4031f8,0x100425000,R
0x403144,0x100427000,R
0x403114,0x100429000,R
0x4030f0,0x10042b000,R
0x403030,0x10042d000,R
0x403184,0x10042f000,R
0x403044,0x100431000,R
0x403068,0x100433000,R
0x4030f0,0x100435000,R
0x4030f4,0x100437000,R
0x4031bc,0x100439000,R
0x4031a4,0x10043b000,R
0x4031d0,0x10043d000,R
0x403164,0x10043f000,R
0x4031c0,0x100441000,R
0x4030dc,0x100443000,R
0x4031b4,0x100445000,R
0x4031b0,0x100447000,R
0x403178,0x100449000,R
0x403030,0x10044b000,R
0x403100,0x10044d000,R
0x4030a8,0x10044f000,R
0x4031c4,0x100451000,R
0x4030fc,0x100453000,R
0x4030ec,0x100455000,R
0x403148,0x100457000,R
0x403174,0x100459000,R
0x403088,0x10045b000,R
0x4030fc,0x10045d000,R
0x403124,0x10045f000,R
0x4030ec,0x100461000,R
0x403020,0x100463000,W
0x403034,0x100465000,R
0x4031c4,0x100467000,R
0x403098,0x100469000,R
0x4030d4,0x10046b000,R
0x4030b0,0x10046d000,R
0x403100,0x10046f000,R
0x4031b4,0x100471000,R
0x40305c,0x100473000,R
0x4030bc,0x100475000,R
0x403198,0x100477000,R
0x4031ec,0x100479000,R
0x4031c0,0x10047b000,W
0x4030b0,0x10047d000,R
0x4031b8,0x10047f000,R
0x403114,0x100481000,W
0x40314c,0x100483000,R
0x4030bc,0x100485000,R
0x403168,0x100487000,R
0x403124,0x100489000,R
0x4031a0,0x10048b000,R
0x403014,0x10048d000,R
0x40312c,0x10048f000,R
0x403004,0x100491000,R
0x4030b4,0x100493000,R
0x403118,0x100495000,R
0x403148,0x100497000,R
0x4030c8,0x100499000,R
0x403190,0x10049b000,R
0x403100,0x10049d000,R
0x4030dc,0x10049f000,R
0x4030fc,0x1004a1000,R
0x40316c,0x1004a3000,R
0x403020,0x1004a5000,R
0x4031fc,0x1004a7000,R
0x403108,0x1004a9000,R
0x403198,0x1004ab000,R
0x4030b4,0x1004ad000,R
0x403130,0x1004af000,R
0x4030ec,0x1004b1000,R
0x4031d0,0x1004b3000,R
0x4030a8,0x1004b5000,R
0x403014,0x1004b7000,R
0x403120,0x1004b9000,R
0x4030dc,0x1004bb000,R
0x403188,0x1004bd000,R
0x403114,0x1004bf000,R
0x4030ac,0x1004c1000,R
0x403050,0x1004c3000,R
0x403094,0x1004c5000,R
0x403044,0x1004c7000,R
0x4031c8,0x1004c9000,R
0x4030b0,0x1004cb000,R
0x40304c,0x1004cd000,R
0x4030c8,0x1004cf000,R
0x4030f4,0x1004d1000,R
0x4031b4,0x1004d3000,R
0x40313c,0x1004d5000,R
0x403138,0x1004d7000,R
0x403120,0x1004d9000,R
0x403100,0x1004db000,R
0x403034,0x1004dd000,R
0x403160,0x1004df000,W
0x4031c8,0x1004e1000,R
0x4030b8,0x1004e3000,R
0x4031d4,0x1004e5000,W
0x403038,0x1004e7000,R
0x40304c,0x1004e9000,R
0x4031bc,0x1004eb000,R
0x4031a8,0x1004ed000,R
0x4031c0,0x1004ef000,R
0x4030a8,0x1004f1000,R
0x403114,0x1004f3000,R
0x403178,0x1004f5000,R
0x403028,0x1004f7000,R
0x40316c,0x1004f9000,R
0x403104,0x1004fb000,R
0x40306c,0x1004fd000,R
0x403138,0x1004ff000,R
0x403144,0x100501000,R
0x403014,0x100503000,R
0x403074,0x100505000,R
0x4030a8,0x100507000,R
0x403028,0x100509000,R
0x4030ac,0x10050b000,R
0x40313c,0x10050d000,R
0x4031f0,0x10050f000,R
0x4031d4,0x100511000,R
0x403190,0x100513000,R
0x403180,0x100515000,R
0x40303c,0x100517000,R
0x4030a0,0x100519000,R
0x403048,0x10051b000,R
0x4030d0,0x10051d000,R
0x4031f8,0x10051f000,R
0x403000,0x100521000,R
0x403114,0x100523000,R
0x40305c,0x100525000,W
0x403154,0x100527000,R
0x403088,0x100529000,R
0x4031a0,0x10052b000,R
0x4031e8,0x10052d000,R
0x403018,0x10052f000,R
0x403198,0x100531000,R
0x403164,0x100533000,R
0x403078,0x100535000,R
0x403148,0x100537000,R
0x403184,0x100539000,R
0x4031e0,0x10053b000,R
0x403034,0x10053d000,R
0x40317c,0x10053f000,R
0x403150,0x100541000,R
0x403048,0x100543000,R
0x4031c4,0x100545000,R
0x403110,0x100547000,R
0x40316c,0x100549000,R
0x4031a0,0x10054b000,R
0x403008,0x10054d000,R
0x40314c,0x10054f000,R
0x403110,0x100551000,R
0x403190,0x100553000,R
0x40319c,0x100555000,R
0x40317c,0x100557000,R
0x4031bc,0x100559000,R
0x4030ac,0x10055b000,R
0x4031c0,0x10055d000,R
0x40316c,0x10055f000,R
0x403044,0x100561000,R
0x403094,0x100563000,R
0x403114,0x100565000,R
0x4031a0,0x100567000,R
0x40316c,0x100569000,R
0x4030c0,0x10056b000,R
0x4030d8,0x10056d000,R
0x403078,0x10056f000,R
0x403040,0x100571000,R
0x403184,0x100573000,R
0x403050,0x100575000,R
0x403000,0x100577000,R
0x40302c,0x100579000,W
0x4030b4,0x10057b000,R
0x4030bc,0x10057d000,R
0x4030d0,0x10057f000,R
0x4030f4,0x100581000,R
0x4030e4,0x100583000,R
0x403128,0x100585000,R
0x403098,0x100587000,R
0x4031a0,0x100589000,R
0x403120,0x10058b000,R
0x4030fc,0x10058d000,R
0x4031dc,0x10058f000,R
0x4031b0,0x100591000,R
0x40314c,0x100593000,R
0x4031d8,0x100595000,R
0x403194,0x100597000,R
0x403190,0x100599000,R
0x403140,0x10059b000,R
0x4030b8,0x10059d000,R
0x4030c0,0x10059f000,R
0x403050,0x1005a1000,R
0x4031e8,0x1005a3000,R
0x40317c,0x1005a5000,R
0x403168,0x1005a7000,R
0x4030f8,0x1005a9000,R
0x4031e8,0x1005ab000,R
0x4031f0,0x1005ad000,R
0x403154,0x1005af000,R
0x4030f4,0x1005b1000,R
0x40301c,0x1005b3000,R
0x403078,0x1005b5000,R
0x40303c,0x1005b7000,R
0x4030a8,0x1005b9000,R
0x403030,0x1005bb000,R
0x403194,0x1005bd000,R
0x40303c,0x1005bf000,R
0x403028,0x1005c1000,R
0x4031bc,0x1005c3000,R
0x40308c,0x1005c5000,W
0x403080,0x1005c7000,R
0x403138,0x1005c9000,R
0x403138,0x1005cb000,R
0x4030e4,0x1005cd000,W
0x4030a0,0x1005cf000,R
0x403198,0x1005d1000,R
0x4030ec,0x1005d3000,R
0x403174,0x1005d5000,R
0x403004,0x1005d7000,R
0x4030b4,0x1005d9000,R
0x4030b4,0x1005db000,R
0x4030b8,0x1005dd000,R
0x4031f8,0x1005df000,R
0x403004,0x1005e1000,R
0x4031a8,0x1005e3000,R
0x4030c8,0x1005e5000,R
0x4031d0,0x1005e7000,R
0x4031ac,0x1005e9000,R
0x403038,0x1005eb000,R
0x403054,0x1005ed000,R
0x4030a8,0x1005ef000,R
0x4030ac,0x1005f1000,R
0x4031e4,0x1005f3000,R
0x403050,0x1005f5000,R
0x40306c,0x1005f7000,R
0x4030b4,0x1005f9000,R
0x4030f8,0x1005fb000,R
0x4031d4,0x1005fd000,R
0x403034,0x1005ff000,R
0x403028,0x100601000,R
0x403110,0x100603000,R
0x4030e4,0x100605000,R
0x4030b0,0x100607000,R
0x4031a4,0x100609000,R
0x403038,0x10060b000,R
0x403100,0x10060d000,R
0x403068,0x10060f000,R
0x403130,0x100611000,R
0x403160,0x100613000,R
0x4030f8,0x100615000,R
0x4030b0,0x100617000,R
0x403104,0x100619000,R
0x403150,0x10061b000,R
0x4031a0,0x10061d000,R
0x4030e0,0x10061f000,R
0x4030b8,0x100621000,R
0x40312c,0x100623000,R
0x40307c,0x100625000,R
0x4030f8,0x100627000,R
0x403038,0x100629000,R
0x403134,0x10062b000,W
0x40309c,0x10062d000,R
0x403090,0x10062f000,R
0x4030cc,0x100631000,R
0x40309c,0x100633000,R
0x40305c,0x100635000,R
0x4030bc,0x100637000,R
0x4031b8,0x100639000,R
0x403190,0x10063b000,R
0x403104,0x10063d000,R
0x40312c,0x10063f000,R
0x403064,0x100641000,R
0x403070,0x100643000,R
0x403040,0x100645000,W
0x4031b4,0x100647000,R
0x403198,0x100649000,R
0x4031e0,0x10064b000,R
0x403174,0x10064d000,R
0x4031f8,0x10064f000,R
0x40316c,0x100651000,R
0x4030fc,0x100653000,R
0x4030dc,0x100655000,R
0x4030b8,0x100657000,R
0x4030f4,0x100659000,R
0x4031ac,0x10065b000,R
0x4030b4,0x10065d000,R
0x4031ac,0x10065f000,R
0x4030e0,0x100661000,R
0x40316c,0x100663000,R
0x4030f0,0x100665000,R
0x403190,0x100667000,R
0x4030f8,0x100669000,R
0x4030d4,0x10066b000,R
0x403004,0x10066d000,R
0x403014,0x10066f000,R
0x40319c,0x100671000,R
0x403058,0x100673000,R
0x4030ac,0x100675000,R
0x40307c,0x100677000,R
0x403100,0x100679000,R
0x403030,0x10067b000,R
0x403138,0x10067d000,R
0x40318c,0x10067f000,R
0x4031a8,0x100681000,R
0x403010,0x100683000,R
0x4030d0,0x100685000,R
0x4030c0,0x100687000,R
0x4030a8,0x100689000,R
0x4030d8,0x10068b000,R
0x403014,0x10068d000,R
0x403038,0x10068f000,R
0x403004,0x100691000,R
0x40314c,0x100693000,W
0x403118,0x100695000,R
0x40304c,0x100697000,R
0x403144,0x100699000,R
0x403194,0x10069b000,R
0x403008,0x10069d000,W
0x403130,0x10069f000,R
0x4031c4,0x1006a1000,R
0x4030b4,0x1006a3000,R
0x4031a4,0x1006a5000,R
0x403018,0x1006a7000,R
0x403150,0x1006a9000,R
0x403194,0x1006ab000,R
0x403038,0x1006ad000,R
0x4031ec,0x1006af000,W
0x4030d0,0x1006b1000,R
0x403124,0x1006b3000,R
0x40304c,0x1006b5000,R
0x403010,0x1006b7000,R
0x4031e0,0x1006b9000,R
0x4031bc,0x1006bb000,R
0x4031d4,0x1006bd000,R
0x403030,0x1006bf000,R
0x4030a4,0x1006c1000,R
0x403080,0x1006c3000,R
0x403020,0x1006c5000,R
0x403094,0x1006c7000,R
0x4031bc,0x1006c9000,R
0x403054,0x1006cb000,R
0x403100,0x1006cd000,R
0x403180,0x1006cf000,R
0x4031e0,0x1006d1000,R
0x403010,0x1006d3000,R
0x4031e4,0x1006d5000,R
0x4030e4,0x1006d7000,R
0x40312c,0x1006d9000,R
0x403074,0x1006db000,R
0x4031d4,0x1006dd000,R
0x4030f4,0x1006df000,R
0x4031bc,0x1006e1000,R
0x403188,0x1006e3000,R
0x4030a8,0x1006e5000,R
0x403154,0x1006e7000,R
0x4030dc,0x1006e9000,W
0x4031b4,0x1006eb000,R
0x403108,0x1006ed000,R
0x403000,0x1006ef000,R
0x40300c,0x1006f1000,R
0x40313c,0x1006f3000,R
0x4030cc,0x1006f5000,R
0x403150,0x1006f7000,R
0x403050,0x1006f9000,R
0x40307c,0x1006fb000,R
0x403108,0x1006fd000,R
0x403074,0x1006ff000,W
0x403140,0x100701000,R
0x403184,0x100703000,R
0x40310c,0x100705000,R
0x4031e0,0x100707000,R
0x403084,0x100709000,R
0x4030f8,0x10070b000,R
0x403170,0x10070d000,R
0x40318c,0x10070f000,W
0x403178,0x100711000,R
0x403000,0x100713000,R
0x40307c,0x100715000,R
0x4031d4,0x100717000,R
0x403108,0x100719000,R
0x403020,0x10071b000,R
0x40300c,0x10071d000,R
0x403118,0x10071f000,R
0x4031b0,0x100721000,R
0x403000,0x100723000,R
0x40308c,0x100725000,R
0x403074,0x100727000,R
0x403148,0x100729000,R
0x403054,0x10072b000,R
0x4030c8,0x10072d000,R
0x40316c,0x10072f000,R
0x403050,0x100731000,R
0x4031c0,0x100733000,R
0x403068,0x100735000,R
0x4031bc,0x100737000,R
0x403104,0x100739000,R
0x403144,0x10073b000,R
0x403130,0x10073d000,R
0x403124,0x10073f000,R
0x4031e0,0x100741000,R
0x403108,0x100743000,R
0x4031b4,0x100745000,R
0x4030a0,0x100747000,R
0x403128,0x100749000,R
0x4030c0,0x10074b000,R
0x4030fc,0x10074d000,R
0x40315c,0x10074f000,R
0x4030ac,0x100751000,R
0x40310c,0x100753000,R
0x403034,0x100755000,R
0x403114,0x100757000,R
0x403000,0x100759000,R
0x40306c,0x10075b000,R
0x4030f4,0x10075d000,R
0x4030b8,0x10075f000,R
0x403108,0x100761000,R
0x40313c,0x100763000,R
0x4030d4,0x100765000,R
0x403054,0x100767000,R
0x403190,0x100769000,R
0x403118,0x10076b000,R
0x403100,0x10076d000,R
0x403188,0x10076f000,R
0x4030c0,0x100771000,R
0x403008,0x100773000,R
0x403088,0x100775000,R
0x4031f8,0x100777000,R
0x403118,0x100779000,R
0x4031a8,0x10077b000,R
0x403170,0x10077d000,R
0x403148,0x10077f000,R
0x403188,0x100781000,R
0x403158,0x100783000,W
0x403004,0x100785000,R
0x403144,0x100787000,R
0x403150,0x100789000,R
0x403168,0x10078b000,R
0x403094,0x10078d000,R
0x40313c,0x10078f000,R
0x4031a4,0x100791000,R
0x4031e8,0x100793000,R
0x40317c,0x100795000,R
0x403080,0x100797000,R
0x403100,0x100799000,R
0x40314c,0x10079b000,R
0x4030f4,0x10079d000,R
0x40318c,0x10079f000,W
0x4031e4,0x1007a1000,R
0x403010,0x1007a3000,R
0x403004,0x1007a5000,R
0x4030a0,0x1007a7000,R
0x403064,0x1007a9000,R
0x403084,0x1007ab000,R
0x40308c,0x1007ad000,R
0x403168,0x1007af000,R
0x4030f0,0x1007b1000,R
0x403080,0x1007b3000,R
0x40318c,0x1007b5000,R
0x403054,0x1007b7000,R
0x4031d0,0x1007b9000,R
0x4030dc,0x1007bb000,R
0x403150,0x1007bd000,R
0x40307c,0x1007bf000,R
0x4030f4,0x1007c1000,R
0x4030e0,0x1007c3000,R
0x403048,0x1007c5000,R
0x403084,0x1007c7000,R
0x403028,0x1007c9000,R
0x403058,0x1007cb000,R
0x403088,0x1007cd000,R
0x40317c,0x1007cf000,R
0x403064,0x1007d1000,R
0x40303c,0x1007d3000,R
0x403160,0x1007d5000,R
0x4030d4,0x1007d7000,R
0x403190,0x1007d9000,R
0x4031f0,0x1007db000,R
0x4030f8,0x1007dd000,R
0x403070,0x1007df000,R
0x4031b0,0x1007e1000,R
0x4031f0,0x1007e3000,R
0x403150,0x1007e5000,R
0x4030b4,0x1007e7000,R
0x40302c,0x1007e9000,R
0x40300c,0x1007eb000,R
0x403158,0x1007ed000,R
0x403108,0x1007ef000,R
0x4030f4,0x1007f1000,R
0x40311c,0x1007f3000,R
0x403130,0x1007f5000,R
0x4030d4,0x1007f7000,R
0x403010,0x1007f9000,R
0x403088,0x1007fb000,R
0x40301c,0x1007fd000,R
0x4030d4,0x1007ff000,R
0x403118,0x100001000,W
0x403070,0x100003000,W
0x403158,0x100005000,R
0x4001e4,0x100008000,R
0x400058,0x10000b000,R
0x400020,0x10000e000,R
0x400178,0x100011000,R
0x4001a0,0x100014000,R
0x40000c,0x100017000,R
0x400108,0x10001a000,R
0x40001c,0x10001d000,R
0x4001c0,0x100020000,R
0x400084,0x100023000,R
0x40000c,0x100026000,R
0x40018c,0x100029000,R
0x40016c,0x10002c000,R
0x400038,0x10002f000,R
0x40015c,0x100032000,R
0x40004c,0x100035000,R
0x40010c,0x100038000,W
0x400024,0x10003b000,W
0x400118,0x10003e000,R
0x400088,0x100041000,R
0x400154,0x100044000,R
0x4001a8,0x100047000,R
0x4001a0,0x10004a000,R
0x4001b0,0x10004d000,R
0x4000f0,0x100050000,R
0x400180,0x100053000,R
0x4001dc,0x100056000,R
0x400154,0x100059000,R
0x4000f4,0x10005c000,R
0x400044,0x10005f000,R
0x4000d0,0x100062000,R
0x40017c,0x100065000,R
0x400198,0x100068000,R
0x400050,0x10006b000,R
0x400158,0x10006e000,R
0x4000b8,0x100071000,R
0x4001fc,0x100074000,W
0x4001c8,0x100077000,R
0x4000e8,0x10007a000,R
0x400024,0x10007d000,R
0x400060,0x100080000,R
0x400088,0x100083000,R
0x400120,0x100086000,R
0x40016c,0x100089000,R
0x4001c0,0x10008c000,R
0x40000c,0x10008f000,R
0x400144,0x100092000,R
0x4001c0,0x100095000,R
0x40008c,0x100098000,R
0x4000c4,0x10009b000,R
0x40007c,0x10009e000,R
0x4001c0,0x1000a1000,R
0x4001f4,0x1000a4000,R
0x400044,0x1000a7000,R
0x4000ac,0x1000aa000,R
0x4000f8,0x1000ad000,R
0x400044,0x1000b0000,R
0x400088,0x1000b3000,R
0x400050,0x1000b6000,R
0x4000ac,0x1000b9000,R
0x400198,0x1000bc000,R
0x400080,0x1000bf000,W
0x400170,0x1000c2000,R
0x4000a8,0x1000c5000,R
0x4001b8,0x1000c8000,R
0x400100,0x1000cb000,R
0x4000d4,0x1000ce000,R
0x400118,0x1000d1000,R
0x4001b8,0x1000d4000,R
0x400034,0x1000d7000,R
0x40017c,0x1000da000,R
0x4001f0,0x1000dd000,R
0x4001dc,0x1000e0000,R
0x400008,0x1000e3000,R
0x4000e0,0x1000e6000,R
0x4000bc,0x1000e9000,R
0x400164,0x1000ec000,R
0x4001b8,0x1000ef000,R
0x4001e0,0x1000f2000,R
0x400120,0x1000f5000,R
0x4000fc,0x1000f8000,R
0x4000fc,0x1000fb000,R
0x4001c4,0x1000fe000,R
0x4001c0,0x100101000,R
0x400194,0x100104000,R
0x400108,0x100107000,R
0x4000ec,0x10010a000,R
0x4000f8,0x10010d000,R
0x400090,0x100110000,R
0x40014c,0x100113000,W
0x4000e0,0x100116000,R
0x400004,0x100119000,R
0x4000e0,0x10011c000,R
0x400174,0x10011f000,R
0x400154,0x100122000,R
0x4001f0,0x100125000,R
0x400110,0x100128000,W
0x40003c,0x10012b000,R
0x400034,0x10012e000,R
0x400138,0x100131000,R
0x40007c,0x100134000,R
0x4000d8,0x100137000,R
0x400058,0x10013a000,R
0x4001c8,0x10013d000,R
0x4000b4,0x100140000,R
0x4001b0,0x100143000,R
0x4001c0,0x100146000,R
0x4000fc,0x100149000,R
0x4001dc,0x10014c000,R
0x400028,0x10014f000,R
0x4001f0,0x100152000,R
0x4000b4,0x100155000,R
0x40019c,0x100158000,R
0x400020,0x10015b000,R
0x400004,0x10015e000,R
0x400150,0x100161000,R
0x4000c0,0x100164000,R
0x4001a8,0x100167000,R
0x4000e8,0x10016a000,R
0x40007c,0x10016d000,R
0x400194,0x100170000,R
0x400100,0x100173000,R
0x40005c,0x100176000,R
0x400030,0x100179000,R
0x400060,0x10017c000,R
0x4001b8,0x10017f000,R
0x4001a4,0x100182000,R
0x400104,0x100185000,R
0x4000f0,0x100188000,W
0x400164,0x10018b000,R
0x4000b4,0x10018e000,R
0x400000,0x100191000,R
0x4000b4,0x100194000,R
0x40001c,0x100197000,R
0x4001f8,0x10019a000,R
0x400184,0x10019d000,R
0x400170,0x1001a0000,R
0x400058,0x1001a3000,R
0x400048,0x1001a6000,R
0x400068,0x1001a9000,R
0x40002c,0x1001ac000,R
0x4000cc,0x1001af000,R
0x400098,0x1001b2000,R
0x400058,0x1001b5000,R
0x400090,0x1001b8000,R
0x4000a4,0x1001bb000,R
0x400158,0x1001be000,R
0x400184,0x1001c1000,R
0x400104,0x1001c4000,R
0x400084,0x1001c7000,W
0x400058,0x1001ca000,R
0x400198,0x1001cd000,R
0x4000d0,0x1001d0000,R
0x400180,0x1001d3000,R
0x400094,0x1001d6000,R
0x4001f8,0x1001d9000,R
0x400188,0x1001dc000,R
0x400138,0x1001df000,R
0x40018c,0x1001e2000,W
0x4001e4,0x1001e5000,R
0x400024,0x1001e8000,R
0x4001d4,0x1001eb000,R
0x4001e4,0x1001ee000,R
0x400184,0x1001f1000,R
0x40011c,0x1001f4000,R
0x4000e8,0x1001f7000,R
0x400140,0x1001fa000,R
0x4000c8,0x1001fd000,R
0x4001cc,0x100200000,R
0x400078,0x100203000,R
0x400030,0x100206000,R
0x400074,0x100209000,R
0x400078,0x10020c000,R
0x4001b0,0x10020f000,R
0x4001e0,0x100212000,R
0x4001ec,0x100215000,R
0x4000b8,0x100218000,R
0x4000d4,0x10021b000,R
0x40008c,0x10021e000,R
0x400114,0x100221000,R
0x40016c,0x100224000,R
0x400158,0x100227000,R
0x4000e8,0x10022a000,R
0x400150,0x10022d000,R
0x40019c,0x100230000,R
0x40011c,0x100233000,R
0x400088,0x100236000,R
0x400044,0x100239000,W
0x4001b8,0x10023c000,R
0x40000c,0x10023f000,R
0x400060,0x100242000,R
0x400044,0x100245000,R
0x400160,0x100248000,R
0x400094,0x10024b000,R
0x4001a8,0x10024e000,R
0x4001c8,0x100251000,R
0x4000a8,0x100254000,R
0x400008,0x100257000,R
0x400024,0x10025a000,R
0x400144,0x10025d000,R
0x400168,0x100260000,R
0x400060,0x100263000,R
0x40009c,0x100266000,R
0x400194,0x100269000,R
0x400030,0x10026c000,R
0x400030,0x10026f000,R
0x400164,0x100272000,R
0x400188,0x100275000,R
0x4001bc,0x100278000,R
0x400034,0x10027b000,R
0x400178,0x10027e000,R
0x400138,0x100281000,R
0x40015c,0x100284000,R
0x4001d4,0x100287000,R
0x400070,0x10028a000,R
0x400140,0x10028d000,R
0x400178,0x100290000,R
0x4001c0,0x100293000,R
0x400058,0x100296000,W
0x400004,0x100299000,R
0x40018c,0x10029c000,R
0x4001c4,0x10029f000,R
0x40017c,0x1002a2000,W
0x400060,0x1002a5000,R
0x40005c,0x1002a8000,R
0x400084,0x1002ab000,R
0x400028,0x1002ae000,R
0x400100,0x1002b1000,R
0x400074,0x1002b4000,R
0x400138,0x1002b7000,R
0x4001d0,0x1002ba000,R
0x400080,0x1002bd000,R
0x400070,0x1002c0000,R
0x4001d4,0x1002c3000,R
0x4001b4,0x1002c6000,R
0x400068,0x1002c9000,R
0x4001fc,0x1002cc000,R
0x400154,0x1002cf000,R
0x400188,0x1002d2000,R
0x400158,0x1002d5000,R
0x400068,0x1002d8000,R
0x400044,0x1002db000,R
0x4000b4,0x1002de000,R
0x400024,0x1002e1000,R
0x40018c,0x1002e4000,R
0x4000b8,0x1002e7000,R
0x400144,0x1002ea000,R
0x4001dc,0x1002ed000,R
0x400008,0x1002f0000,W
0x400180,0x1002f3000,R
0x400190,0x1002f6000,R
0x400198,0x1002f9000,R
0x400084,0x1002fc000,W
0x40011c,0x1002ff000,R
0x400164,0x100302000,R
0x400054,0x100305000,R
0x40014c,0x100308000,R
0x400090,0x10030b000,R
0x400138,0x10030e000,R
0x4001b8,0x100311000,R
0x4000b8,0x100314000,R
0x4001fc,0x100317000,R
0x4001c4,0x10031a000,R
0x4001d0,0x10031d000,R
0x4001d8,0x100320000,R
0x400124,0x100323000,R
0x400000,0x100326000,W
0x40010c,0x100329000,R
0x4001c0,0x10032c000,R
0x400090,0x10032f000,R
0x4001e0,0x100332000,R
0x400048,0x100335000,R
0x40009c,0x100338000,R
0x400180,0x10033b000,R
0x400080,0x10033e000,R
0x400110,0x100341000,R
0x400030,0x100344000,R
0x400080,0x100347000,R
0x400048,0x10034a000,R
0x4001c4,0x10034d000,R
0x40000c,0x100350000,R
0x40008c,0x100353000,R
0x40007c,0x100356000,R
0x4000a8,0x100359000,R
0x400018,0x10035c000,R
0x400098,0x10035f000,R
0x400138,0x100362000,R
0x400098,0x100365000,R
0x400048,0x100368000,R
0x4001d8,0x10036b000,W
0x4001ec,0x10036e000,R
0x40013c,0x100371000,R
0x400008,0x100374000,R
0x400038,0x100377000,R
0x400190,0x10037a000,R
0x4000d8,0x10037d000,R
0x400198,0x100380000,R
0x4000d0,0x100383000,R
0x40000c,0x100386000,R
0x400038,0x100389000,R
0x4000ec,0x10038c000,R
0x4000b4,0x10038f000,R
0x4001e4,0x100392000,R
0x40002c,0x100395000,R
0x400020,0x100398000,R
0x4001cc,0x10039b000,R
0x40006c,0x10039e000,R
0x400004,0x1003a1000,R
0x400058,0x1003a4000,R
0x4001a0,0x1003a7000,R
0x400094,0x1003aa000,R
0x400184,0x1003ad000,R
0x400110,0x1003b0000,R
0x4000a0,0x1003b3000,W
0x400070,0x1003b6000,R
0x40009c,0x1003b9000,R
0x400190,0x1003bc000,R
0x4001e8,0x1003bf000,R
0x400034,0x1003c2000,R
0x40009c,0x1003c5000,R
0x400058,0x1003c8000,R
0x400048,0x1003cb000,R
0x400004,0x1003ce000,R
0x400154,0x1003d1000,R
0x400114,0x1003d4000,R
0x4000d0,0x1003d7000,R
0x400118,0x1003da000,R
0x400048,0x1003dd000,R
0x400128,0x1003e0000,R
0x400178,0x1003e3000,R
0x4000f0,0x1003e6000,R
0x400188,0x1003e9000,R
0x400194,0x1003ec000,R
0x400140,0x1003ef000,R
0x400018,0x1003f2000,R
0x400070,0x1003f5000,R
0x4001f0,0x1003f8000,R
0x400014,0x1003fb000,R
0x4000f4,0x1003fe000,R
0x4001a4,0x100401000,R
0x4001a4,0x100404000,R
0x4001bc,0x100407000,R
0x4001bc,0x10040a000,R
0x4001e0,0x10040d000,R
0x4001ac,0x100410000,R
0x400004,0x100413000,R
0x400128,0x100416000,R
0x400110,0x100419000,R
0x400104,0x10041c000,R
0x40006c,0x10041f000,R
0x40011c,0x100422000,R
0x400130,0x100425000,R
0x40011c,0x100428000,R
0x4000a0,0x10042b000,R
0x4000b0,0x10042e000,R
0x400104,0x100431000,R
0x400008,0x100434000,R
0x40005c,0x100437000,R
0x400068,0x10043a000,R
0x400004,0x10043d000,R
0x400124,0x100440000,R
0x400154,0x100443000,R
0x4000e8,0x100446000,W
0x4001d4,0x100449000,W
0x400150,0x10044c000,R
0x4000fc,0x10044f000,R
0x400078,0x100452000,R
0x4001d4,0x100455000,R
0x400188,0x100458000,R
0x400158,0x10045b000,R
0x400130,0x10045e000,R
0x4001e8,0x100461000,R
0x400190,0x100464000,R
0x400104,0x100467000,R
0x4001e4,0x10046a000,R
0x40012c,0x10046d000,R
0x400024,0x100470000,R
0x4000cc,0x100473000,R
0x4000f0,0x100476000,R
0x400168,0x100479000,R
0x400034,0x10047c000,R
0x400004,0x10047f000,R
0x4001b8,0x100482000,R
0x400108,0x100485000,R
0x40004c,0x100488000,R
0x40015c,0x10048b000,R
0x400008,0x10048e000,R
0x4000c4,0x100491000,R
0x400110,0x100494000,R
0x4001f4,0x100497000,R
0x400100,0x10049a000,R
0x40019c,0x10049d000,R
0x400194,0x1004a0000,R
0x40002c,0x1004a3000,R
0x400098,0x1004a6000,R
0x400034,0x1004a9000,R
0x400038,0x1004ac000,W
0x4000bc,0x1004af000,R
0x400184,0x1004b2000,R
0x400020,0x1004b5000,R
0x40008c,0x1004b8000,R
0x400078,0x1004bb000,R
0x400010,0x1004be000,R
0x400064,0x1004c1000,R
0x400078,0x1004c4000,R
0x400070,0x1004c7000,R
0x400138,0x1004ca000,R
0x4001dc,0x1004cd000,R
0x400128,0x1004d0000,R
0x4000cc,0x1004d3000,R
0x4001f8,0x1004d6000,R
0x4000f4,0x1004d9000,R
0x400058,0x1004dc000,R
0x4000e0,0x1004df000,R
0x4001f0,0x1004e2000,R
0x4001c8,0x1004e5000,R
0x40012c,0x1004e8000,R
0x4000b0,0x1004eb000,R
0x40002c,0x1004ee000,R
0x400198,0x1004f1000,R
0x400110,0x1004f4000,R
0x40000c,0x1004f7000,R
0x400048,0x1004fa000,R
0x400038,0x1004fd000,R
0x4001ac,0x100500000,R
0x400120,0x100503000,R
0x4001f8,0x100506000,R
0x40014c,0x100509000,R
0x400144,0x10050c000,R
0x4001e8,0x10050f000,R
0x40006c,0x100512000,R
0x400158,0x100515000,R
0x4001c0,0x100518000,R
0x4001cc,0x10051b000,R
0x40005c,0x10051e000,R
0x400154,0x100521000,R
0x4000a0,0x100524000,R
0x4001c0,0x100527000,R
0x4001c4,0x10052a000,R
0x4000bc,0x10052d000,W
0x40011c,0x100530000,R
0x4000a0,0x100533000,R
0x4001d4,0x100536000,R
0x400110,0x100539000,R
0x400040,0x10053c000,R
0x4000c0,0x10053f000,R
0x400198,0x100542000,R
0x400194,0x100545000,R
0x400180,0x100548000,R
0x400128,0x10054b000,R
0x4000d0,0x10054e000,R
0x400014,0x100551000,R
0x400058,0x100554000,R
0x400018,0x100557000,R
0x4001dc,0x10055a000,R
0x400128,0x10055d000,R
0x40000c,0x100560000,R
0x400008,0x100563000,R
0x4000c4,0x100566000,R
0x4000ec,0x100569000,R
0x400098,0x10056c000,R
0x400040,0x10056f000,R
0x40009c,0x100572000,R
0x40004c,0x100575000,R
0x4001b8,0x100578000,R
0x400178,0x10057b000,R
0x4000d0,0x10057e000,R
0x4001ac,0x100581000,R
0x400158,0x100584000,R
0x40016c,0x100587000,R
0x400040,0x10058a000,R
0x400120,0x10058d000,R
0x400050,0x100590000,R
0x4000b8,0x100593000,R
0x400104,0x100596000,R
0x400004,0x100599000,R
0x4001bc,0x10059c000,R
0x4001a4,0x10059f000,R
0x4000f8,0x1005a2000,R
0x40009c,0x1005a5000,R
0x400114,0x1005a8000,R
0x4001fc,0x1005ab000,R
0x400098,0x1005ae000,R
0x400024,0x1005b1000,R
0x40005c,0x1005b4000,R
0x4000f0,0x1005b7000,R
0x4001b8,0x1005ba000,R
0x400050,0x1005bd000,R
0x4000e0,0x1005c0000,R
0x4001bc,0x1005c3000,R
0x4001c4,0x1005c6000,R
0x400194,0x1005c9000,R
0x4000c8,0x1005cc000,R
0x4000e0,0x1005cf000,R
0x400118,0x1005d2000,R
0x4000d8,0x1005d5000,R
0x400140,0x1005d8000,R
0x4000c4,0x1005db000,R
0x400064,0x1005de000,R
0x400078,0x1005e1000,R
0x400064,0x1005e4000,R
0x400018,0x1005e7000,R
0x400114,0x1005ea000,R
0x4000e4,0x1005ed000,R
0x4000b4,0x1005f0000,R
0x40017c,0x1005f3000,R
0x4001d0,0x1005f6000,R
0x400184,0x1005f9000,R
0x4000a8,0x1005fc000,R
0x40017c,0x1005ff000,R
0x400184,0x100602000,R
0x400100,0x100605000,R
0x4000fc,0x100608000,R
0x400058,0x10060b000,R
0x4000ac,0x10060e000,R
0x40010c,0x100611000,R
0x400010,0x100614000,R
0x4001ac,0x100617000,R
0x4000cc,0x10061a000,R
0x40008c,0x10061d000,R
0x4000f0,0x100620000,R
0x400008,0x100623000,R
0x40010c,0x100626000,R
0x4001e4,0x100629000,R
0x400118,0x10062c000,R
0x4000dc,0x10062f000,R
0x40017c,0x100632000,R
0x4000f0,0x100635000,R
0x40006c,0x100638000,R
0x4001fc,0x10063b000,R
0x400120,0x10063e000,R
0x4000ec,0x100641000,R
0x4000cc,0x100644000,R
0x400198,0x100647000,R
0x4000b0,0x10064a000,R
0x400128,0x10064d000,R
0x400164,0x100650000,R
0x400118,0x100653000,R
0x40016c,0x100656000,R
0x400028,0x100659000,R
0x40005c,0x10065c000,R
0x400084,0x10065f000,R
0x4001b0,0x100662000,R
0x40016c,0x100665000,R
0x4000f0,0x100668000,R
0x40015c,0x10066b000,R
0x400080,0x10066e000,R
0x400074,0x100671000,R
0x4000b4,0x100674000,R
0x4000fc,0x100677000,R
0x4001ac,0x10067a000,R
0x400000,0x10067d000,R
0x4000e8,0x100680000,R
0x400148,0x100683000,R
0x4000ec,0x100686000,R
0x400134,0x100689000,R
0x400158,0x10068c000,R
0x40001c,0x10068f000,R
0x4000c4,0x100692000,R
0x400178,0x100695000,R
0x40013c,0x100698000,R
0x4000a8,0x10069b000,R
0x4000d4,0x10069e000,R
0x4001d4,0x1006a1000,R
0x4001e4,0x1006a4000,R
0x40017c,0x1006a7000,R
0x400110,0x1006aa000,W
0x4001d8,0x1006ad000,R
0x400160,0x1006b0000,R
0x400004,0x1006b3000,R
0x4001f0,0x1006b6000,R
0x400040,0x1006b9000,R
0x4000bc,0x1006bc000,R
0x400190,0x1006bf000,R
0x4000f4,0x1006c2000,R
0x4000cc,0x1006c5000,R
0x4000dc,0x1006c8000,R
0x4000a4,0x1006cb000,R
0x40005c,0x1006ce000,R
0x400190,0x1006d1000,R
0x4000dc,0x1006d4000,R
0x4001f4,0x1006d7000,R
0x4001e8,0x1006da000,R
0x40018c,0x1006dd000,R
0x400194,0x1006e0000,W
0x400104,0x1006e3000,R
0x4001b4,0x1006e6000,R
0x400164,0x1006e9000,R
0x400114,0x1006ec000,R
0x40007c,0x1006ef000,R
0x4000d0,0x1006f2000,R
0x40006c,0x1006f5000,R
0x4000dc,0x1006f8000,R
0x4000d4,0x1006fb000,R
0x400190,0x1006fe000,R
0x400148,0x100701000,R
0x40013c,0x100704000,R
0x400014,0x100707000,R
0x400170,0x10070a000,R
0x400104,0x10070d000,R
0x4000d8,0x100710000,R
0x400080,0x100713000,R
0x400020,0x100716000,R
0x4000d0,0x100719000,R
0x400114,0x10071c000,R
0x400070,0x10071f000,R
0x4001cc,0x100722000,R
0x400154,0x100725000,R
0x4001ec,0x100728000,R
0x4001a0,0x10072b000,R
0x4001cc,0x10072e000,R
0x40003c,0x100731000,R
0x4001c8,0x100734000,R
0x4001d4,0x100737000,R
0x4001c4,0x10073a000,R
0x40007c,0x10073d000,R
0x4000b4,0x100740000,R
0x4000c0,0x100743000,R
0x4000cc,0x100746000,R
0x40016c,0x100749000,R
0x40016c,0x10074c000,W
0x40012c,0x10074f000,R
0x400004,0x100752000,R
0x400190,0x100755000,R
0x4001a4,0x100758000,R
0x40006c,0x10075b000,R
0x400110,0x10075e000,R
0x400100,0x100761000,R
0x4001d8,0x100764000,R
0x4000c4,0x100767000,R
0x400044,0x10076a000,R
0x4000ac,0x10076d000,R
0x400140,0x100770000,R
0x400020,0x100773000,R
0x4001c0,0x100776000,W
0x400088,0x100779000,R
0x40011c,0x10077c000,R
0x4000c8,0x10077f000,R
0x4000ec,0x100782000,R
0x4000e4,0x100785000,R
0x4000bc,0x100788000,R
0x4000c8,0x10078b000,R
0x4000e8,0x10078e000,R
0x40002c,0x100791000,R
0x400104,0x100794000,R
0x400078,0x100797000,R
0x4000ac,0x10079a000,R
0x4000ec,0x10079d000,R
0x40005c,0x1007a0000,R
0x400130,0x1007a3000,R
0x4001dc,0x1007a6000,R
0x4000c4,0x1007a9000,R
0x4000b0,0x1007ac000,R
0x400100,0x1007af000,R
0x4000d8,0x1007b2000,R
0x4001ac,0x1007b5000,R
0x400144,0x1007b8000,R
0x4000e8,0x1007bb000,R
0x400180,0x1007be000,R
0x400174,0x1007c1000,R
0x400198,0x1007c4000,R
0x400098,0x1007c7000,R
0x4000ec,0x1007ca000,R
0x4000dc,0x1007cd000,R
0x400140,0x1007d0000,R
0x400000,0x1007d3000,R
0x4001f4,0x1007d6000,R
0x400088,0x1007d9000,R
0x400010,0x1007dc000,R
0x400020,0x1007df000,R
0x400084,0x1007e2000,R
0x4001c8,0x1007e5000,R
0x400000,0x1007e8000,R
0x40012c,0x1007eb000,R
0x400198,0x1007ee000,R
0x400124,0x1007f1000,R
0x4001ec,0x1007f4000,R
0x400110,0x1007f7000,R
0x400000,0x1007fa000,R
0x4000e4,0x1007fd000,R
0x400180,0x100000000,R
0x40009c,0x100003000,W
0x400184,0x100006000,R
0x40000c,0x100009000,R
0x40007c,0x10000c000,W
0x40017c,0x10000f000,R
0x4000f8,0x100012000,R
0x4000cc,0x100015000,R
0x4000d0,0x100018000,R
0x400024,0x10001b000,R
0x400180,0x10001e000,R
0x400088,0x100021000,R
0x4001bc,0x100024000,R
0x40015c,0x100027000,R
0x400114,0x10002a000,R
0x40013c,0x10002d000,R
0x4001c0,0x100030000,R
0x4001cc,0x100033000,R
0x400114,0x100036000,R
0x40007c,0x100039000,R
0x4000c8,0x10003c000,W
0x4000f4,0x10003f000,R
0x40016c,0x100042000,R
0x40018c,0x100045000,R
0x4001dc,0x100048000,R
0x400184,0x10004b000,R
0x40005c,0x10004e000,W
0x4001ec,0x100051000,R
0x400164,0x100054000,R
0x400134,0x100057000,R
0x400128,0x10005a000,R
0x4000c8,0x10005d000,R
0x400184,0x100060000,R
0x40003c,0x100063000,R
0x4001c4,0x100066000,R
0x40001c,0x100069000,W
0x400148,0x10006c000,R
0x40013c,0x10006f000,R
0x400150,0x100072000,R
0x40014c,0x100075000,R
0x4000ac,0x100078000,R
0x40014c,0x10007b000,R
0x400028,0x10007e000,R
0x400100,0x100081000,R
0x400074,0x100084000,R
0x400164,0x100087000,R
0x40001c,0x10008a000,R
0x400020,0x10008d000,R
0x400078,0x100090000,R
0x400198,0x100093000,R
0x4000d4,0x100096000,W
0x400054,0x100099000,R
0x400140,0x10009c000,R
0x400018,0x10009f000,R
0x400140,0x1000a2000,R
0x40000c,0x1000a5000,R
0x40008c,0x1000a8000,R
0x4000d0,0x1000ab000,R
0x400018,0x1000ae000,R
0x4001f8,0x1000b1000,R
0x4001ec,0x1000b4000,R
0x400144,0x1000b7000,R
0x400060,0x1000ba000,R
0x400188,0x1000bd000,R
0x400100,0x1000c0000,W
0x40016c,0x1000c3000,R
0x400028,0x1000c6000,R
0x400014,0x1000c9000,R
0x40013c,0x1000cc000,R
0x4000bc,0x1000cf000,R
0x4001c8,0x1000d2000,R
0x4001f8,0x1000d5000,R
0x400048,0x1000d8000,R
0x400174,0x1000db000,R
0x40016c,0x1000de000,R
0x400198,0x1000e1000,R
0x400150,0x1000e4000,R
0x400198,0x1000e7000,R
0x40015c,0x1000ea000,R
0x400104,0x1000ed000,R
0x400158,0x1000f0000,R
0x400184,0x1000f3000,R
0x400084,0x1000f6000,R
0x400108,0x1000f9000,R
0x400108,0x1000fc000,R
0x400044,0x1000ff000,R
0x400090,0x100102000,R
0x40009c,0x100105000,R
0x40002c,0x100108000,R
0x4001a0,0x10010b000,W
0x4001f4,0x10010e000,R
0x400130,0x100111000,R
0x40010c,0x100114000,R
0x4001b8,0x100117000,R
0x400150,0x10011a000,R
0x400050,0x10011d000,R
0x4000b0,0x100120000,R
0x400120,0x100123000,R
0x400054,0x100126000,R
0x400000,0x100129000,R
0x400060,0x10012c000,R
0x4000ac,0x10012f000,R
0x40003c,0x100132000,R
0x4000f4,0x100135000,R
0x40009c,0x100138000,R
0x40011c,0x10013b000,R
0x40017c,0x10013e000,R
0x400100,0x100141000,R
0x40019c,0x100144000,R
0x400078,0x100147000,R
0x4001c0,0x10014a000,R
0x40005c,0x10014d000,R
0x4001b4,0x100150000,R
0x400130,0x100153000,R
0x40019c,0x100156000,R
0x40013c,0x100159000,R
0x400154,0x10015c000,R
0x400030,0x10015f000,R
0x400184,0x100162000,R
0x4001f8,0x100165000,R
0x40019c,0x100168000,R
0x4001ac,0x10016b000,R
0x400018,0x10016e000,R
0x40005c,0x100171000,R
0x4000e8,0x100174000,R
0x40012c,0x100177000,R
0x400004,0x10017a000,R
0x400000,0x10017d000,R
0x4000f8,0x100180000,R
0x400038,0x100183000,R
0x400160,0x100186000,R
0x40009c,0x100189000,R
0x4001c0,0x10018c000,R
0x400190,0x10018f000,R
0x400040,0x100192000,R
0x4000e0,0x100195000,R
0x4001bc,0x100198000,R
0x400014,0x10019b000,R
0x400170,0x10019e000,W
0x4001fc,0x1001a1000,R
0x4000b4,0x1001a4000,R
0x400050,0x1001a7000,R
0x400124,0x1001aa000,R
0x40008c,0x1001ad000,R
0x4000f4,0x1001b0000,R
0x4001c8,0x1001b3000,R
0x400120,0x1001b6000,R
0x400024,0x1001b9000,R
0x4000d4,0x1001bc000,R
0x4000ac,0x1001bf000,W
0x400174,0x1001c2000,R
0x4001f4,0x1001c5000,W
0x4000f0,0x1001c8000,W
0x400068,0x1001cb000,R
0x400034,0x1001ce000,R
0x4000e4,0x1001d1000,R
0x400108,0x1001d4000,R
0x4001e0,0x1001d7000,R
0x4001bc,0x1001da000,R
0x40004c,0x1001dd000,R
0x4001a0,0x1001e0000,R
0x400098,0x1001e3000,R
0x400160,0x1001e6000,R
0x4001dc,0x1001e9000,W
0x4001c4,0x1001ec000,R
0x400190,0x1001ef000,R
0x400094,0x1001f2000,R
0x400124,0x1001f5000,R
0x40003c,0x1001f8000,R
0x4001b0,0x1001fb000,R
0x400158,0x1001fe000,R
0x400178,0x100201000,R
0x400098,0x100204000,R
0x400194,0x100207000,R
0x40017c,0x10020a000,R
0x400094,0x10020d000,R
0x400118,0x100210000,R
0x400184,0x100213000,R
0x400058,0x100216000,R
0x40009c,0x100219000,R
0x400128,0x10021c000,R
0x40018c,0x10021f000,R
0x400150,0x100222000,R
0x4000c0,0x100225000,R
0x4000cc,0x100228000,W
0x400004,0x10022b000,R
0x4001b0,0x10022e000,R
0x400194,0x100231000,R
0x400020,0x100234000,R
0x400160,0x100237000,R
0x4001cc,0x10023a000,R
0x4001d8,0x10023d000,R
0x400088,0x100240000,R
0x4001e0,0x100243000,R
0x400108,0x100246000,W
0x4001dc,0x100249000,R
0x400084,0x10024c000,R
0x400030,0x10024f000,R
0x40018c,0x100252000,R
0x400150,0x100255000,R
0x40014c,0x100258000,R
0x4001c8,0x10025b000,R
0x400008,0x10025e000,R
0x4001f4,0x100261000,R
0x4001e0,0x100264000,R
0x4000d8,0x100267000,R
0x400008,0x10026a000,R
0x400164,0x10026d000,R
0x400190,0x100270000,R
0x400130,0x100273000,R
0x400120,0x100276000,R
0x4001ac,0x100279000,W
0x40015c,0x10027c000,R
0x400190,0x10027f000,R
0x4001dc,0x100282000,R
0x40015c,0x100285000,R
0x40005c,0x100288000,R
0x400188,0x10028b000,R
0x4001b8,0x10028e000,R
0x4001b0,0x100291000,R
0x400008,0x100294000,R
0x4000b4,0x100297000,R
0x400070,0x10029a000,R
0x40009c,0x10029d000,R
0x400198,0x1002a0000,W
0x400138,0x1002a3000,R
0x4000f8,0x1002a6000,R
0x400178,0x1002a9000,R
0x40010c,0x1002ac000,R
0x400120,0x1002af000,R
0x400120,0x1002b2000,W
0x4000e0,0x1002b5000,R
0x400008,0x1002b8000,R
0x4001e0,0x1002bb000,R
0x400014,0x1002be000,R
0x400050,0x1002c1000,R
0x400058,0x1002c4000,R
0x400128,0x1002c7000,R
0x400074,0x1002ca000,R
0x4000a4,0x1002cd000,R
0x4001d0,0x1002d0000,R
0x4000e4,0x1002d3000,R
0x400154,0x1002d6000,R
0x40007c,0x1002d9000,R
0x4000e0,0x1002dc000,R
0x400194,0x1002df000,R
0x4000a8,0x1002e2000,R
0x400124,0x1002e5000,R
0x4000b8,0x1002e8000,R
0x400040,0x1002eb000,R
0x400104,0x1002ee000,R
0x400050,0x1002f1000,R
0x4001d8,0x1002f4000,R
0x400020,0x1002f7000,R
0x4000fc,0x1002fa000,R
0x400058,0x1002fd000,R
0x4000cc,0x100300000,R
0x40008c,0x100303000,R
0x40019c,0x100306000,R
0x400184,0x100309000,R
0x400024,0x10030c000,R
0x400174,0x10030f000,R
0x400164,0x100312000,R
0x400020,0x100315000,R
0x4001cc,0x100318000,R
0x4000b4,0x10031b000,R
0x400174,0x10031e000,W
0x40007c,0x100321000,R
0x4001b4,0x100324000,R
0x400114,0x100327000,R
0x4001ec,0x10032a000,R
0x40010c,0x10032d000,R
0x400128,0x100330000,R
0x4001d8,0x100333000,W
0x4001a0,0x100336000,R
0x400158,0x100339000,W
0x400020,0x10033c000,W
0x40014c,0x10033f000,R
0x4000e0,0x100342000,R
0x400114,0x100345000,R
0x4001a0,0x100348000,W
0x4001c4,0x10034b000,R
0x4001c8,0x10034e000,R
0x4001b4,0x100351000,R
0x40003c,0x100354000,R
0x400180,0x100357000,R
0x4000b8,0x10035a000,R
0x40003c,0x10035d000,R
0x400138,0x100360000,R
0x4001f4,0x100363000,R
0x4001e4,0x100366000,R
0x4000f0,0x100369000,R
0x4000a8,0x10036c000,R
0x400088,0x10036f000,R
0x4001a8,0x100372000,R
0x4001f0,0x100375000,R
0x4001f4,0x100378000,R
0x4001bc,0x10037b000,R
0x400098,0x10037e000,R
0x400124,0x100381000,R
0x4000d0,0x100384000,R
0x4000b8,0x100387000,R
0x4001ec,0x10038a000,R
0x40006c,0x10038d000,R
0x400024,0x100390000,R
0x4000cc,0x100393000,R
0x4001f8,0x100396000,R
0x400138,0x100399000,R
0x400198,0x10039c000,R
0x40009c,0x10039f000,R
0x400168,0x1003a2000,R
0x400018,0x1003a5000,R
0x400108,0x1003a8000,R
0x4000e8,0x1003ab000,W
0x400194,0x1003ae000,R
0x4000b8,0x1003b1000,R
0x400040,0x1003b4000,R
0x4001b4,0x1003b7000,R
0x400008,0x1003ba000,R
0x4001b8,0x1003bd000,R
0x400130,0x1003c0000,R
0x40017c,0x1003c3000,R
0x400174,0x1003c6000,R
0x400154,0x1003c9000,R
0x400024,0x1003cc000,R
0x400188,0x1003cf000,R
0x4001bc,0x1003d2000,R
0x40000c,0x1003d5000,R
0x400034,0x1003d8000,W
0x40001c,0x1003db000,R
0x400138,0x1003de000,R
0x40016c,0x1003e1000,R
0x400190,0x1003e4000,R
0x400054,0x1003e7000,R
0x400150,0x1003ea000,R
0x400118,0x1003ed000,R
0x4001a0,0x1003f0000,R
0x400128,0x1003f3000,R
0x4000ec,0x1003f6000,R
0x4000bc,0x1003f9000,R
0x4000e0,0x1003fc000,R
0x4000cc,0x1003ff000,R
0x400184,0x100402000,R
0x4001c4,0x100405000,R
0x4000f8,0x100408000,R
0x40004c,0x10040b000,R
0x40010c,0x10040e000,R
0x4001c4,0x100411000,R
0x400168,0x100414000,R
0x400098,0x100417000,R
0x400138,0x10041a000,R
0x400070,0x10041d000,R
0x40008c,0x100420000,R
0x4001e8,0x100423000,R
0x400060,0x100426000,R
0x400124,0x100429000,R
0x4001ac,0x10042c000,R
0x400130,0x10042f000,R
0x400098,0x100432000,R
0x40015c,0x100435000,R
0x400030,0x100438000,R
0x4001c4,0x10043b000,R
0x400134,0x10043e000,R
0x400138,0x100441000,R
0x400088,0x100444000,R
0x4000f0,0x100447000,R
0x400090,0x10044a000,R
0x400048,0x10044d000,R
0x400124,0x100450000,R
0x4000cc,0x100453000,W
0x4001e0,0x100456000,R
0x4001c4,0x100459000,R
0x400160,0x10045c000,R
0x4000ec,0x10045f000,R
0x400048,0x100462000,R
0x4000d4,0x100465000,R
0x400048,0x100468000,R
0x400038,0x10046b000,R
0x400190,0x10046e000,R
0x400104,0x100471000,R
0x400058,0x100474000,R
0x400060,0x100477000,R
0x40017c,0x10047a000,R
0x400038,0x10047d000,R
0x40011c,0x100480000,R
0x400088,0x100483000,R
0x400020,0x100486000,R
0x400198,0x100489000,R
0x400004,0x10048c000,R
0x400148,0x10048f000,R
0x4000f8,0x100492000,R
0x4000d4,0x100495000,R
0x400034,0x100498000,R
0x400048,0x10049b000,R
0x400144,0x10049e000,R
0x400000,0x1004a1000,R
0x400024,0x1004a4000,R
0x40018c,0x1004a7000,R
0x400060,0x1004aa000,R
0x4001c8,0x1004ad000,W
0x400090,0x1004b0000,R
0x400080,0x1004b3000,R
0x400078,0x1004b6000,R
0x4001d4,0x1004b9000,R
0x40002c,0x1004bc000,R
0x4001c8,0x1004bf000,R
0x400084,0x1004c2000,R
0x4000c4,0x1004c5000,R
0x400008,0x1004c8000,W
0x400024,0x1004cb000,R
0x400048,0x1004ce000,R
0x4001cc,0x1004d1000,R
0x40012c,0x1004d4000,W
0x400158,0x1004d7000,R
0x400100,0x1004da000,R
0x40009c,0x1004dd000,R
0x4000fc,0x1004e0000,R
0x400008,0x1004e3000,R
0x400070,0x1004e6000,R
0x4000b8,0x1004e9000,R
0x4000a4,0x1004ec000,R
0x4001d4,0x1004ef000,R
0x4001bc,0x1004f2000,R
0x4001a4,0x1004f5000,R
0x400108,0x1004f8000,R
0x400194,0x1004fb000,R
0x4001d4,0x1004fe000,R
0x40010c,0x100501000,R
0x4000bc,0x100504000,R
0x4000bc,0x100507000,R
0x40017c,0x10050a000,R
0x4000f0,0x10050d000,W
0x400158,0x100510000,R
0x400150,0x100513000,R
0x400194,0x100516000,R
0x400134,0x100519000,R
0x4001c4,0x10051c000,R
0x4000e8,0x10051f000,R
0x400120,0x100522000,R
0x400044,0x100525000,R
0x4001d4,0x100528000,R
0x40012c,0x10052b000,R
0x400168,0x10052e000,R
0x4000e0,0x100531000,R
0x40001c,0x100534000,R
0x400050,0x100537000,R
0x400104,0x10053a000,R
0x4001dc,0x10053d000,R
0x400014,0x100540000,W
0x400128,0x100543000,W
0x40015c,0x100546000,R
0x4001b8,0x100549000,R
0x40017c,0x10054c000,R
0x400060,0x10054f000,R
0x4001f4,0x100552000,R
0x4000c8,0x100555000,R
0x400194,0x100558000,R
0x400150,0x10055b000,R
0x400110,0x10055e000,R
0x400090,0x100561000,R
0x4000d4,0x100564000,R
0x400188,0x100567000,W
0x4001a8,0x10056a000,R
0x4000d4,0x10056d000,W
0x40002c,0x100570000,R
0x4001cc,0x100573000,R
0x4000a8,0x100576000,R
0x400168,0x100579000,R
0x4000c8,0x10057c000,R
0x4000f4,0x10057f000,R
0x4001b8,0x100582000,W
0x400160,0x100585000,R
0x400094,0x100588000,R
0x4001f4,0x10058b000,R
0x40007c,0x10058e000,R
0x4001e4,0x100591000,R
0x400140,0x100594000,R
0x4001b8,0x100597000,R
0x40019c,0x10059a000,R
0x40009c,0x10059d000,R
0x400128,0x1005a0000,R
0x4000c4,0x1005a3000,R
0x40002c,0x1005a6000,R
0x40010c,0x1005a9000,R
0x4001cc,0x1005ac000,R
0x400000,0x1005af000,R
0x40007c,0x1005b2000,W
0x4000ac,0x1005b5000,R
0x400094,0x1005b8000,R
0x4000d4,0x1005bb000,R
0x400108,0x1005be000,R
0x4001b8,0x1005c1000,R
0x40019c,0x1005c4000,R
0x4001e4,0x1005c7000,R
0x40009c,0x1005ca000,R
0x400120,0x1005cd000,R
0x400118,0x1005d0000,R
0x4001dc,0x1005d3000,W
0x4000ac,0x1005d6000,R
0x4001b8,0x1005d9000,R
0x4001d0,0x1005dc000,R
0x400114,0x1005df000,W
0x400080,0x1005e2000,R
0x400058,0x1005e5000,R
0x400020,0x1005e8000,R
0x400198,0x1005eb000,R
0x400004,0x1005ee000,R
0x4001a8,0x1005f1000,R
0x40017c,0x1005f4000,R
0x4000ac,0x1005f7000,R
0x400038,0x1005fa000,R
0x400068,0x1005fd000,R
0x400098,0x100600000,R
0x400030,0x100603000,W
0x40016c,0x100606000,R
0x4001e0,0x100609000,R
0x40001c,0x10060c000,R
0x400100,0x10060f000,R
0x4001b4,0x100612000,R
0x400004,0x100615000,R
0x400090,0x100618000,R
0x4000ac,0x10061b000,R
0x4001f0,0x10061e000,R
0x400174,0x100621000,R
0x400070,0x100624000,R
0x400140,0x100627000,R
0x4000e4,0x10062a000,R
0x400008,0x10062d000,R
0x400158,0x100630000,R
0x400178,0x100633000,R
0x400154,0x100636000,R
0x4000ac,0x100639000,R
0x4000dc,0x10063c000,R
0x4001dc,0x10063f000,R
0x4000a4,0x100642000,R
0x40002c,0x100645000,R
0x400110,0x100648000,R
0x4001a0,0x10064b000,R
0x40008c,0x10064e000,R
0x40002c,0x100651000,R
0x4000ec,0x100654000,R
0x4000b4,0x100657000,R
0x400190,0x10065a000,R
0x400064,0x10065d000,R
0x400010,0x100660000,R
0x4001d0,0x100663000,R
0x400114,0x100666000,R
0x4001d0,0x100669000,R
0x4000a0,0x10066c000,R
0x400094,0x10066f000,R
0x4001f8,0x100672000,R
0x4001c0,0x100675000,R
0x4000f0,0x100678000,R
0x4000b4,0x10067b000,R
0x400180,0x10067e000,R
0x4001e8,0x100681000,R
0x400110,0x100684000,R
0x4000c0,0x100687000,R
0x40015c,0x10068a000,R
0x400178,0x10068d000,R
0x4001d8,0x100690000,R
0x4001fc,0x100693000,R
0x400108,0x100696000,R
0x400114,0x100699000,R
0x400088,0x10069c000,R
0x4000d0,0x10069f000,R
0x400030,0x1006a2000,R
0x400078,0x1006a5000,R
0x400044,0x1006a8000,R
0x40010c,0x1006ab000,R
0x4001e0,0x1006ae000,R
0x4000f4,0x1006b1000,R
0x4001a8,0x1006b4000,R
0x400188,0x1006b7000,R
0x400068,0x1006ba000,R
0x400084,0x1006bd000,R
0x4001dc,0x1006c0000,R
0x40009c,0x1006c3000,R
0x400098,0x1006c6000,R
0x4001a8,0x1006c9000,R
0x400120,0x1006cc000,R
0x400160,0x1006cf000,W
0x40015c,0x1006d2000,R
0x400190,0x1006d5000,R
0x40008c,0x1006d8000,R
0x400134,0x1006db000,R
0x4000d4,0x1006de000,R
0x40013c,0x1006e1000,R
0x400130,0x1006e4000,R
0x4000d8,0x1006e7000,R
0x400174,0x1006ea000,R
0x400194,0x1006ed000,R
0x4000ec,0x1006f0000,R
0x400030,0x1006f3000,R
0x4001dc,0x1006f6000,R
0x400038,0x1006f9000,R
0x400150,0x1006fc000,R
0x400134,0x1006ff000,R
0x40014c,0x100702000,R
0x400030,0x100705000,R
0x4000bc,0x100708000,R
0x40000c,0x10070b000,R
0x400090,0x10070e000,R
0x4000cc,0x100711000,R
0x400044,0x100714000,R
0x400054,0x100717000,R
0x4001c4,0x10071a000,R
0x400148,0x10071d000,R
0x400158,0x100720000,R
0x40008c,0x100723000,R
0x400000,0x100726000,R
0x400124,0x100729000,R
0x4000f8,0x10072c000,R
0x400078,0x10072f000,R
0x4000b0,0x100732000,R
0x4000a8,0x100735000,W
0x4001ec,0x100738000,R
0x400054,0x10073b000,R
0x400184,0x10073e000,R
0x40008c,0x100741000,R
0x400184,0x100744000,W
0x400048,0x100747000,R
0x4001c4,0x10074a000,R
0x4001b8,0x10074d000,R
0x4001d0,0x100750000,R
0x40012c,0x100753000,R
0x400170,0x100756000,R
0x40002c,0x100759000,R
0x40001c,0x10075c000,R
0x400158,0x10075f000,W
0x40016c,0x100762000,R
0x4000ac,0x100765000,R
0x400194,0x100768000,R
0x400118,0x10076b000,R
0x400144,0x10076e000,R
0x40007c,0x100771000,R
0x400074,0x100774000,R
0x400100,0x100777000,R
0x400058,0x10077a000,R
0x4000c4,0x10077d000,R
0x40012c,0x100780000,W
0x400158,0x100783000,R
0x4001bc,0x100786000,R
0x4000ec,0x100789000,R
0x400140,0x10078c000,R
0x4001bc,0x10078f000,R
0x4001ac,0x100792000,R
0x400108,0x100795000,R
0x40014c,0x100798000,R
0x400004,0x10079b000,R
0x400038,0x10079e000,R
0x400044,0x1007a1000,R
0x400038,0x1007a4000,R
0x4001d4,0x1007a7000,R
0x4001dc,0x1007aa000,R
0x40008c,0x1007ad000,R
0x400054,0x1007b0000,R
0x40008c,0x1007b3000,R
0x4001f4,0x1007b6000,R
0x400044,0x1007b9000,R
0x400098,0x1007bc000,R
0x4000d8,0x1007bf000,R
0x4001c4,0x1007c2000,R
0x4001a0,0x1007c5000,R
0x4001fc,0x1007c8000,R
0x400198,0x1007cb000,R
0x4000dc,0x1007ce000,R
0x400008,0x1007d1000,R
0x4001a0,0x1007d4000,R
0x400194,0x1007d7000,R
0x4001bc,0x1007da000,R
0x4000d8,0x1007dd000,R
0x40006c,0x1007e0000,R
0x40007c,0x1007e3000,R
0x400148,0x1007e6000,R
0x400074,0x1007e9000,R
0x40008c,0x1007ec000,R
0x400018,0x1007ef000,R
0x40016c,0x1007f2000,R
0x4001cc,0x1007f5000,R
0x400128,0x1007f8000,R
0x40000c,0x1007fb000,W
0x400058,0x1007fe000,R
0x40005c,0x100001000,R
0x40004c,0x100004000,R
0x400040,0x100007000,W
0x400038,0x10000a000,R
0x40003c,0x10000d000,R
0x40009c,0x100010000,R
0x400194,0x100013000,R
0x4000cc,0x100016000,R
0x400174,0x100019000,R
0x400070,0x10001c000,R
0x40006c,0x10001f000,R
0x4001a4,0x100022000,R
0x400068,0x100025000,W
0x40008c,0x100028000,R
0x4001f0,0x10002b000,R
0x4001bc,0x10002e000,R
0x4000d4,0x100031000,R
0x400020,0x100034000,R
0x400060,0x100037000,R
0x400060,0x10003a000,R
0x4000d4,0x10003d000,R
0x400024,0x100040000,R
0x400084,0x100043000,R
0x400114,0x100046000,R
0x400154,0x100049000,R
0x40013c,0x10004c000,W
0x4001cc,0x10004f000,R
0x4000c0,0x100052000,R
0x4000cc,0x100055000,R
0x400118,0x100058000,R
0x4000d4,0x10005b000,R
0x40018c,0x10005e000,W
0x400004,0x100061000,R
0x400080,0x100064000,R
0x40005c,0x100067000,R
0x400054,0x10006a000,R
0x400114,0x10006d000,W
0x400070,0x100070000,R
0x4001f4,0x100073000,R
0x4001cc,0x100076000,R
0x4001ec,0x100079000,W
0x4000a8,0x10007c000,R
0x400154,0x10007f000,R
0x4001fc,0x100082000,R
0x4001a0,0x100085000,R
0x4001cc,0x100088000,W
0x4000c0,0x10008b000,W
0x400088,0x10008e000,R
0x400050,0x100091000,R
0x400154,0x100094000,R
0x40004c,0x100097000,R
0x4000b0,0x10009a000,R
0x400058,0x10009d000,R
0x400000,0x1000a0000,R
0x400120,0x1000a3000,R
0x4000d4,0x1000a6000,R
0x400198,0x1000a9000,R
0x4000b0,0x1000ac000,R
0x4000bc,0x1000af000,R
0x4001fc,0x1000b2000,R
0x400048,0x1000b5000,R
0x400184,0x1000b8000,R
0x400100,0x1000bb000,R
0x40019c,0x1000be000,R
0x4001b0,0x1000c1000,R
0x40019c,0x1000c4000,R
0x400048,0x1000c7000,R
0x40008c,0x1000ca000,R
0x4000dc,0x1000cd000,R
0x40005c,0x1000d0000,R
0x4001e0,0x1000d3000,R
0x400108,0x1000d6000,R
0x40019c,0x1000d9000,R
0x400070,0x1000dc000,R
0x4001a8,0x1000df000,W
0x4001b0,0x1000e2000,R
0x400154,0x1000e5000,R
0x4001e8,0x1000e8000,R
0x400108,0x1000eb000,R
0x4000d8,0x1000ee000,R
0x40013c,0x1000f1000,R
0x4001bc,0x1000f4000,R
0x400094,0x1000f7000,R
0x400090,0x1000fa000,R
0x400154,0x1000fd000,R
0x40008c,0x100100000,R
0x400060,0x100103000,R
0x40015c,0x100106000,R
0x40012c,0x100109000,R
0x400164,0x10010c000,R
0x4000b4,0x10010f000,R
0x40009c,0x100112000,R
0x4001b8,0x100115000,R
0x4001d0,0x100118000,R
0x40003c,0x10011b000,W
0x40017c,0x10011e000,R
0x4000f4,0x100121000,R
0x4000fc,0x100124000,R
0x400188,0x100127000,R
0x40001c,0x10012a000,R
0x400020,0x10012d000,R
0x400080,0x100130000,R
0x4000c8,0x100133000,R
0x4000cc,0x100136000,R
0x4000d8,0x100139000,R
0x40003c,0x10013c000,R
0x400128,0x10013f000,R
0x4000b4,0x100142000,R
0x400108,0x100145000,R
0x400048,0x100148000,R
0x4001e8,0x10014b000,R
0x4001cc,0x10014e000,R
0x4001d4,0x100151000,R
0x40007c,0x100154000,R
0x400184,0x100157000,R
0x400158,0x10015a000,R
0x400158,0x10015d000,R
0x4000b4,0x100160000,R
0x400164,0x100163000,R
0x400030,0x100166000,R
0x400050,0x100169000,R
0x40014c,0x10016c000,R
0x4001e0,0x10016f000,R
0x40014c,0x100172000,R
0x4001fc,0x100175000,R
0x400144,0x100178000,W
0x400028,0x10017b000,R
0x4001b4,0x10017e000,R
0x40007c,0x100181000,R
0x40014c,0x100184000,R
0x40000c,0x100187000,R
0x400084,0x10018a000,R
0x400090,0x10018d000,R
0x4000c4,0x100190000,R
0x400090,0x100193000,R
0x400050,0x100196000,W
0x4000c0,0x100199000,R
0x4001f4,0x10019c000,R
0x400174,0x10019f000,R
0x4000c8,0x1001a2000,R
0x400068,0x1001a5000,R
0x400100,0x1001a8000,R
0x400034,0x1001ab000,R
0x400068,0x1001ae000,R
0x40017c,0x1001b1000,R
0x400104,0x1001b4000,R
0x400010,0x1001b7000,R
0x400008,0x1001ba000,R
0x400008,0x1001bd000,R
0x40001c,0x1001c0000,R
0x4000a4,0x1001c3000,R
0x400168,0x1001c6000,R
0x400134,0x1001c9000,R
0x400058,0x1001cc000,R
0x4001f0,0x1001cf000,R
0x4001ec,0x1001d2000,R
0x4001a4,0x1001d5000,R
0x4000cc,0x1001d8000,R
0x400158,0x1001db000,R
0x400014,0x1001de000,R
0x4001b4,0x1001e1000,R
0x4001fc,0x1001e4000,R
0x400138,0x1001e7000,R
0x4001cc,0x1001ea000,R
0x400180,0x1001ed000,W
0x4001c4,0x1001f0000,R
0x4000ec,0x1001f3000,R
0x4001c0,0x1001f6000,R
0x400194,0x1001f9000,R
0x4001f8,0x1001fc000,R
0x4000d8,0x1001ff000,R
0x400048,0x100202000,R
0x400118,0x100205000,R
0x4000d0,0x100208000,R
0x400128,0x10020b000,R
0x40008c,0x10020e000,W
0x400010,0x100211000,R
0x4000e0,0x100214000,R
0x400178,0x100217000,R
0x400108,0x10021a000,R
0x4000fc,0x10021d000,R
0x40009c,0x100220000,R
0x400110,0x100223000,R
0x4000d8,0x100226000,W
0x4000b8,0x100229000,R
0x400050,0x10022c000,R
0x400018,0x10022f000,W
0x4000f8,0x100232000,R
0x4001c8,0x100235000,R
0x400014,0x100238000,R
0x400130,0x10023b000,R
0x40011c,0x10023e000,R
0x400180,0x100241000,R
0x400028,0x100244000,R
0x400010,0x100247000,R
0x40006c,0x10024a000,R
0x400188,0x10024d000,R
0x400028,0x100250000,R
0x40006c,0x100253000,R
0x40016c,0x100256000,R
0x40002c,0x100259000,R
0x400068,0x10025c000,R
0x4001d8,0x10025f000,R
0x400144,0x100262000,R
0x4000bc,0x100265000,R
0x400168,0x100268000,R
0x4000c4,0x10026b000,R
0x4001f8,0x10026e000,R
0x4001d4,0x100271000,R
0x400128,0x100274000,R
0x400060,0x100277000,R
0x400164,0x10027a000,W
0x400014,0x10027d000,R
0x4000d0,0x100280000,R
0x400080,0x100283000,W
0x4000a8,0x100286000,R
0x40018c,0x100289000,R
0x40000c,0x10028c000,R
0x4001a4,0x10028f000,R
0x400134,0x100292000,R
0x4001e4,0x100295000,R
0x400180,0x100298000,R
0x400140,0x10029b000,R
0x40017c,0x10029e000,R
0x40014c,0x1002a1000,R
0x40007c,0x1002a4000,R
0x400018,0x1002a7000,R
0x40013c,0x1002aa000,R
0x400034,0x1002ad000,R
0x400018,0x1002b0000,R
0x40012c,0x1002b3000,R
0x400150,0x1002b6000,R
0x400040,0x1002b9000,R
0x400140,0x1002bc000,R
0x4001e4,0x1002bf000,R
0x4000c0,0x1002c2000,R
0x400024,0x1002c5000,R
0x400000,0x1002c8000,R
0x4001d8,0x1002cb000,R
0x400110,0x1002ce000,R
0x400010,0x1002d1000,R
0x4000c8,0x1002d4000,R
0x400120,0x1002d7000,R
0x40003c,0x1002da000,R
0x4000e0,0x1002dd000,R
0x400020,0x1002e0000,R
0x400148,0x1002e3000,R
0x4000bc,0x1002e6000,R
0x400154,0x1002e9000,R
0x40014c,0x1002ec000,R
0x400104,0x1002ef000,R
0x40012c,0x1002f2000,R
0x400084,0x1002f5000,R
0x400050,0x1002f8000,R
0x4000cc,0x1002fb000,R
0x40000c,0x1002fe000,R
0x400178,0x100301000,R
0x4000c4,0x100304000,R
0x400108,0x100307000,R
0x40011c,0x10030a000,R
0x400154,0x10030d000,R
0x400078,0x100310000,R
0x400068,0x100313000,R
0x40008c,0x100316000,R
0x400058,0x100319000,R
0x400090,0x10031c000,R
0x4001f4,0x10031f000,R
0x4001a8,0x100322000,R
0x400004,0x100325000,R
0x40005c,0x100328000,W
0x4001ac,0x10032b000,R
0x40018c,0x10032e000,R
0x40008c,0x100331000,W
0x40007c,0x100334000,R
0x400070,0x100337000,R
0x4001c4,0x10033a000,R
0x4001a4,0x10033d000,R
0x400154,0x100340000,R
0x400144,0x100343000,R
0x40010c,0x100346000,R
0x40009c,0x100349000,R
0x400010,0x10034c000,R
0x4001fc,0x10034f000,R
0x400114,0x100352000,R
0x4000b4,0x100355000,R
0x400064,0x100358000,R
0x40003c,0x10035b000,R
0x400170,0x10035e000,R
0x400028,0x100361000,R
0x40001c,0x100364000,R
0x400148,0x100367000,R
0x40002c,0x10036a000,R
0x4001e4,0x10036d000,R
0x400178,0x100370000,R
0x4000e8,0x100373000,R
0x4000c4,0x100376000,R
0x400098,0x100379000,R
0x400160,0x10037c000,R
0x400148,0x10037f000,R
0x4001e0,0x100382000,R
0x4000c4,0x100385000,R
0x4000b0,0x100388000,R
0x400150,0x10038b000,R
0x400038,0x10038e000,R
0x400098,0x100391000,R
0x4000d0,0x100394000,R
0x400074,0x100397000,R
0x40018c,0x10039a000,R
0x4000ac,0x10039d000,R
0x40014c,0x1003a0000,R
0x40001c,0x1003a3000,R
0x400150,0x1003a6000,R
0x4000f8,0x1003a9000,R
0x4001c0,0x1003ac000,R
0x400030,0x1003af000,W
0x400108,0x1003b2000,R
0x400134,0x1003b5000,R
0x400094,0x1003b8000,R
0x4000e4,0x1003bb000,R
0x400094,0x1003be000,W
0x4001bc,0x1003c1000,R
0x40007c,0x1003c4000,R
0x4000bc,0x1003c7000,R
0x4000e8,0x1003ca000,R
0x4001a8,0x1003cd000,R
0x40002c,0x1003d0000,R
0x4001f8,0x1003d3000,R
0x400074,0x1003d6000,R
0x400004,0x1003d9000,R
0x4001b8,0x1003dc000,R
0x4000e8,0x1003df000,R
0x4001b0,0x1003e2000,R
0x400008,0x1003e5000,R
0x40016c,0x1003e8000,R
0x40007c,0x1003eb000,R
0x4000dc,0x1003ee000,R
0x4000ec,0x1003f1000,R
0x400150,0x1003f4000,R
0x400184,0x1003f7000,R
0x400160,0x1003fa000,R
0x4000e8,0x1003fd000,R
0x4001d8,0x100400000,R
0x4000c0,0x100403000,R
0x4001d8,0x100406000,R
0x400168,0x100409000,R
0x400084,0x10040c000,R
0x4000f0,0x10040f000,R
0x400104,0x100412000,R
0x400188,0x100415000,R
0x40018c,0x100418000,W
0x400000,0x10041b000,R
0x400044,0x10041e000,R
0x40018c,0x100421000,R
0x40016c,0x100424000,R
0x4001c8,0x100427000,W
0x4001c8,0x10042a000,R
0x400084,0x10042d000,W
0x400048,0x100430000,R
0x40011c,0x100433000,R
0x4001e0,0x100436000,R
0x400194,0x100439000,R
0x4000a8,0x10043c000,R
0x4000ec,0x10043f000,R
0x400088,0x100442000,R
0x4000e0,0x100445000,R
0x400168,0x100448000,R
0x400120,0x10044b000,R
0x4000a4,0x10044e000,R
0x400094,0x100451000,R
0x4000a0,0x100454000,R
0x4001d8,0x100457000,R
0x4000f8,0x10045a000,R
0x4000a4,0x10045d000,R
0x400028,0x100460000,R
0x4000c0,0x100463000,R
0x40004c,0x100466000,W
0x4001d0,0x100469000,R
0x400198,0x10046c000,R
0x400080,0x10046f000,R
0x400030,0x100472000,R
0x40009c,0x100475000,R
0x4000d0,0x100478000,R
0x4001f8,0x10047b000,R
0x400054,0x10047e000,R
0x400068,0x100481000,R
0x4000c4,0x100484000,R
0x400050,0x100487000,R
0x400038,0x10048a000,R
0x4001f4,0x10048d000,R
0x4000c8,0x100490000,R
0x4001c0,0x100493000,R
0x4000e4,0x100496000,R
0x4001a0,0x100499000,R
0x400164,0x10049c000,R
0x400028,0x10049f000,R
0x4001b4,0x1004a2000,R
0x40012c,0x1004a5000,R
0x400190,0x1004a8000,R
0x4001a4,0x1004ab000,R
0x40018c,0x1004ae000,R
0x400178,0x1004b1000,R
0x400080,0x1004b4000,R
0x4000e4,0x1004b7000,R
0x400074,0x1004ba000,R
0x400100,0x1004bd000,R
0x400020,0x1004c0000,R
0x40005c,0x1004c3000,R
0x4000b4,0x1004c6000,W
0x400028,0x1004c9000,R
0x4001cc,0x1004cc000,W
0x4001b0,0x1004cf000,R
0x4001fc,0x1004d2000,R
0x400074,0x1004d5000,R
0x400060,0x1004d8000,R
0x4001f4,0x1004db000,W
0x400100,0x1004de000,W
0x4001c0,0x1004e1000,R
0x4000a0,0x1004e4000,R
0x400078,0x1004e7000,R
0x40004c,0x1004ea000,R
0x40006c,0x1004ed000,R
0x400154,0x1004f0000,R
0x400184,0x1004f3000,R
0x400138,0x1004f6000,R
0x4001c8,0x1004f9000,R
0x400030,0x1004fc000,R
0x400028,0x1004ff000,R
0x4001f8,0x100502000,R
0x4000c8,0x100505000,R
0x40015c,0x100508000,W
0x400130,0x10050b000,R
0x4001e4,0x10050e000,R
0x4000bc,0x100511000,R
0x40010c,0x100514000,W
0x400198,0x100517000,R
0x4000e8,0x10051a000,R
0x40014c,0x10051d000,R
0x400174,0x100520000,R
0x40019c,0x100523000,R
0x40016c,0x100526000,R
0x4001a8,0x100529000,R
0x4000f0,0x10052c000,R
0x400164,0x10052f000,R
0x400134,0x100532000,R
0x400058,0x100535000,R
0x40009c,0x100538000,R
0x400168,0x10053b000,R
0x4000a0,0x10053e000,R
0x4000fc,0x100541000,R
0x400170,0x100544000,R
0x400074,0x100547000,R
0x4000e8,0x10054a000,R
0x400104,0x10054d000,R
0x4001a8,0x100550000,R
0x4001ac,0x100553000,R
0x4001a0,0x100556000,R
0x400188,0x100559000,R
0x4000bc,0x10055c000,R
0x400050,0x10055f000,W
0x4000e0,0x100562000,R
0x400018,0x100565000,R
0x40004c,0x100568000,R
0x4000e8,0x10056b000,R
0x40019c,0x10056e000,R
0x4000ac,0x100571000,R
0x40015c,0x100574000,R
0x400020,0x100577000,R
0x40005c,0x10057a000,R
0x400198,0x10057d000,R
0x4000e4,0x100580000,R
0x400134,0x100583000,R
0x4000ac,0x100586000,R
0x400134,0x100589000,R
0x4001a0,0x10058c000,R
0x400000,0x10058f000,R
0x40005c,0x100592000,R
0x400094,0x100595000,R
0x400178,0x100598000,R
0x4000bc,0x10059b000,R
0x40013c,0x10059e000,R
0x4000c4,0x1005a1000,W
0x4001d0,0x1005a4000,R
0x4001c0,0x1005a7000,R
0x4000fc,0x1005aa000,W
0x4000f0,0x1005ad000,R
0x40015c,0x1005b0000,R
0x40017c,0x1005b3000,W
0x400024,0x1005b6000,R
0x4001f0,0x1005b9000,R
0x40009c,0x1005bc000,R
0x4000f4,0x1005bf000,R
0x4000f0,0x1005c2000,R
0x4001cc,0x1005c5000,R
0x400048,0x1005c8000,R
0x400064,0x1005cb000,R
0x4001f0,0x1005ce000,R
0x400170,0x1005d1000,R
0x400018,0x1005d4000,R
0x400010,0x1005d7000,R
0x400184,0x1005da000,R
0x400164,0x1005dd000,R
0x40011c,0x1005e0000,R
0x40019c,0x1005e3000,R
0x40009c,0x1005e6000,R
0x4000f8,0x1005e9000,R
0x400018,0x1005ec000,R
0x4000e0,0x1005ef000,R
0x4000e8,0x1005f2000,R
0x400050,0x1005f5000,R
0x40010c,0x1005f8000,R
0x40008c,0x1005fb000,R
0x400120,0x1005fe000,R
0x400148,0x100601000,R
0x400044,0x100604000,R
0x4001dc,0x100607000,R
0x4000a4,0x10060a000,R
0x4001b0,0x10060d000,R
0x4000bc,0x100610000,R
0x400198,0x100613000,R
0x400078,0x100616000,R
0x4000b4,0x100619000,R
0x400074,0x10061c000,R
0x40004c,0x10061f000,R
0x4000b0,0x100622000,R
0x400030,0x100625000,R
0x4000b8,0x100628000,R
0x4001c8,0x10062b000,R
0x4000cc,0x10062e000,R
0x4000a8,0x100631000,R
0x4000a0,0x100634000,R
0x400060,0x100637000,R
0x40012c,0x10063a000,R
0x40003c,0x10063d000,R
0x4001d0,0x100640000,R
0x4000d8,0x100643000,R
0x4001d8,0x100646000,R
0x400178,0x100649000,R
0x400108,0x10064c000,W
0x4000e0,0x10064f000,R
0x400124,0x100652000,R
0x400068,0x100655000,R
0x400140,0x100658000,R
0x4001a8,0x10065b000,R
0x400128,0x10065e000,R
0x40008c,0x100661000,R
0x4000c0,0x100664000,R
0x400034,0x100667000,R
0x40011c,0x10066a000,W
0x400074,0x10066d000,R
0x4001b4,0x100670000,R
0x400114,0x100673000,R
0x400114,0x100676000,R
0x4001a0,0x100679000,R
0x400170,0x10067c000,R
0x400118,0x10067f000,R
0x400034,0x100682000,R
0x400188,0x100685000,R
0x40012c,0x100688000,R
0x40007c,0x10068b000,R
0x4001e8,0x10068e000,R
0x40014c,0x100691000,R
0x40003c,0x100694000,R
0x4001b4,0x100697000,R
0x4001c8,0x10069a000,R
0x400120,0x10069d000,R
0x400014,0x1006a0000,R
0x400138,0x1006a3000,R
0x4000e4,0x1006a6000,R
0x400194,0x1006a9000,R
0x4001c4,0x1006ac000,R
0x400040,0x1006af000,R
0x400180,0x1006b2000,R
0x40018c,0x1006b5000,R
0x400184,0x1006b8000,R
0x4000dc,0x1006bb000,R
0x400058,0x1006be000,R
0x400134,0x1006c1000,R
0x4000e8,0x1006c4000,R
0x400184,0x1006c7000,R
0x4000a4,0x1006ca000,R
0x400148,0x1006cd000,R
0x40008c,0x1006d0000,R
0x400044,0x1006d3000,R
0x4001c0,0x1006d6000,R
0x4001e0,0x1006d9000,R
0x4000c0,0x1006dc000,R
0x400140,0x1006df000,R
0x4000f0,0x1006e2000,R
0x40006c,0x1006e5000,R
0x400018,0x1006e8000,R
0x4000bc,0x1006eb000,R
0x400038,0x1006ee000,R
0x4001b0,0x1006f1000,R
0x400060,0x1006f4000,R
0x400004,0x1006f7000,W
0x4001a4,0x1006fa000,R
0x400138,0x1006fd000,R
0x400084,0x100700000,R
0x400124,0x100703000,R
0x4001b8,0x100706000,W
0x40003c,0x100709000,R
0x400148,0x10070c000,W
0x4001fc,0x10070f000,R
0x4001ac,0x100712000,R
0x400050,0x100715000,R
0x40000c,0x100718000,R
0x40004c,0x10071b000,R
0x40013c,0x10071e000,R
0x400138,0x100721000,R
0x400078,0x100724000,R
0x4001e4,0x100727000,R
0x4001b0,0x10072a000,R
0x4001d0,0x10072d000,R
0x4000e8,0x100730000,R
0x40000c,0x100733000,R
0x400194,0x100736000,R
0x4001b8,0x100739000,R
0x4000a0,0x10073c000,R
0x400148,0x10073f000,R
0x400094,0x100742000,R
0x4000e0,0x100745000,R
0x40005c,0x100748000,R
0x400084,0x10074b000,R
0x400108,0x10074e000,R
0x40011c,0x100751000,R
0x400024,0x100754000,R
0x4000a4,0x100757000,R
0x400084,0x10075a000,R
0x4000c4,0x10075d000,R
0x400030,0x100760000,R
0x4001d4,0x100763000,R
0x400028,0x100766000,R
0x400030,0x100769000,R
0x400118,0x10076c000,R
0x4001c4,0x10076f000,R
0x400100,0x100772000,R
0x40010c,0x100775000,R
0x4001a8,0x100778000,R
0x400080,0x10077b000,R
0x400104,0x10077e000,R
0x4000b4,0x100781000,R
0x40019c,0x100784000,R
0x400100,0x100787000,R
0x400090,0x10078a000,R
0x40018c,0x10078d000,R
0x400184,0x100790000,R
0x400080,0x100793000,R
0x400190,0x100796000,R
0x40012c,0x100799000,R
0x40009c,0x10079c000,R
0x4000f0,0x10079f000,R
0x4000b0,0x1007a2000,R
0x4000a4,0x1007a5000,R
0x4000d0,0x1007a8000,R
0x40018c,0x1007ab000,R
0x400198,0x1007ae000,R
0x4001e8,0x1007b1000,R
0x400174,0x1007b4000,R
0x4000c0,0x1007b7000,R
0x400110,0x1007ba000,R
0x40014c,0x1007bd000,R
0x4001c8,0x1007c0000,R
0x4001a0,0x1007c3000,W
0x40006c,0x1007c6000,R
0x400078,0x1007c9000,R
0x400068,0x1007cc000,R
0x40010c,0x1007cf000,R
0x4001e4,0x1007d2000,R
0x4000b0,0x1007d5000,R
0x40015c,0x1007d8000,R
0x40006c,0x1007db000,R
0x400070,0x1007de000,R
0x400168,0x1007e1000,R
0x400158,0x1007e4000,W
0x40007c,0x1007e7000,R
0x4000fc,0x1007ea000,R
0x4000f4,0x1007ed000,R
0x40018c,0x1007f0000,R
0x4001c4,0x1007f3000,R
0x400010,0x1007f6000,R
0x4000bc,0x1007f9000,R
0x4001f0,0x1007fc000,R
0x400128,0x1007ff000,R
0x4000c0,0x100002000,W
0x400078,0x100005000,R
0x4011f0,0x100009000,R
0x40113c,0x10000a000,R
0x401070,0x10000b000,R
0x401074,0x10000c000,R
0x4010f8,0x10000d000,R
0x4010cc,0x10000e000,R
0x4010d4,0x10000f000,W
0x401188,0x100010000,R
0x401134,0x100011000,R
0x4010f4,0x100012000,R
0x40113c,0x100013000,R
0x4011f8,0x100014000,R
0x4010f4,0x100015000,R
0x401080,0x100016000,R
0x401078,0x100017000,R
0x4011a8,0x100018000,R
0x40107c,0x100019000,W
0x4011dc,0x10001a000,R
0x401000,0x10001b000,R
0x4010c8,0x10001c000,R
0x401024,0x10001d000,W
0x401114,0x10001e000,R
0x401164,0x10001f000,R
0x401174,0x100020000,R
0x40108c,0x100021000,R
0x401160,0x100022000,R
0x401038,0x100023000,W
0x40103c,0x100024000,R
0x40109c,0x100025000,R
0x401038,0x100026000,R
0x4011d4,0x100027000,R
0x4011cc,0x100028000,R
0x401108,0x100029000,R
0x401174,0x10002a000,R
0x401088,0x10002b000,R
0x4010a4,0x10002c000,R
0x401084,0x10002d000,W
0x4011a0,0x10002e000,R
0x4010ec,0x10002f000,R
0x401180,0x100030000,R
0x401048,0x100031000,R
0x401120,0x100032000,R
0x401078,0x100033000,R
0x401004,0x100034000,R
0x40117c,0x100035000,R
0x401134,0x100036000,R
0x401074,0x100037000,R
0x401124,0x100038000,R
0x401038,0x100039000,W
0x4011e4,0x10003a000,R
0x401018,0x10003b000,R
0x401054,0x10003c000,R
0x40107c,0x10003d000,R
0x4010d0,0x10003e000,R
0x4010e0,0x10003f000,R
0x401078,0x100040000,R
0x4010ac,0x100041000,R
0x4011d0,0x100042000,W
0x40104c,0x100043000,R
0x4011b8,0x100044000,R
0x40102c,0x100045000,R
0x4010e8,0x100046000,R
0x401148,0x100047000,R
0x4011a8,0x100048000,R
0x40106c,0x100049000,R
0x401184,0x10004a000,R
0x4011b4,0x10004b000,R
0x4011dc,0x10004c000,R
0x401120,0x10004d000,R
0x401110,0x10004e000,R
0x401178,0x10004f000,R
0x4011dc,0x100050000,R
0x401040,0x100051000,R
0x4011b4,0x100052000,R
0x401060,0x100053000,R
0x401138,0x100054000,R
0x4010e4,0x100055000,R
0x4011dc,0x100056000,R
0x401020,0x100057000,W
0x401174,0x100058000,R
0x401174,0x100059000,R
0x40118c,0x10005a000,R
0x4010a4,0x10005b000,R
0x401164,0x10005c000,R
0x40108c,0x10005d000,R
0x401090,0x10005e000,R
0x401140,0x10005f000,W
0x40115c,0x100060000,R
0x401154,0x100061000,R
0x401088,0x100062000,R
0x401054,0x100063000,R
0x4010c8,0x100064000,R
0x401124,0x100065000,R
0x4011b4,0x100066000,R
0x401098,0x100067000,R
0x4010c4,0x100068000,W
0x40117c,0x100069000,R
0x40119c,0x10006a000,R
0x401028,0x10006b000,R
0x4010dc,0x10006c000,R
0x401140,0x10006d000,R
0x4010e4,0x10006e000,R
0x40112c,0x10006f000,R
0x401074,0x100070000,R
0x40101c,0x100071000,R
0x4011dc,0x100072000,R
0x40102c,0x100073000,R
0x40111c,0x100074000,W
0x40110c,0x100075000,R
0x40109c,0x100076000,R
0x4010fc,0x100077000,R
0x40118c,0x100078000,R
0x4011c4,0x100079000,R
0x401194,0x10007a000,R
0x4011f0,0x10007b000,R
0x401178,0x10007c000,R
0x40115c,0x10007d000,R
0x401000,0x10007e000,R
0x4010b8,0x10007f000,R
0x401110,0x100080000,R
0x401068,0x100081000,R
0x401198,0x100082000,R
0x4010e8,0x100083000,R
0x4010f4,0x100084000,R
0x401064,0x100085000,R
0x4011c0,0x100086000,W
0x4011b8,0x100087000,R
0x40101c,0x100088000,R
0x401054,0x100089000,R
0x4011b8,0x10008a000,R
0x4011dc,0x10008b000,R
0x401174,0x10008c000,R
0x4011b8,0x10008d000,R
0x401180,0x10008e000,R
0x401130,0x10008f000,R
0x401104,0x100090000,R
0x40103c,0x100091000,R
0x401104,0x100092000,R
0x401070,0x100093000,R
0x401000,0x100094000,R
0x401038,0x100095000,R
0x40102c,0x100096000,R
0x401198,0x100097000,R
0x4011a4,0x100098000,R
0x401194,0x100099000,R
0x401128,0x10009a000,R
0x4011d8,0x10009b000,R
0x401014,0x10009c000,R
0x401188,0x10009d000,R
0x401058,0x10009e000,R
0x40101c,0x10009f000,R
0x4010c4,0x1000a0000,R
0x401058,0x1000a1000,R
0x4011d8,0x1000a2000,R
0x401154,0x1000a3000,R
0x40109c,0x1000a4000,R
0x401078,0x1000a5000,R
0x40100c,0x1000a6000,R
0x401154,0x1000a7000,R
0x4010f8,0x1000a8000,W
0x4010e4,0x1000a9000,R
0x401064,0x1000aa000,R
0x401170,0x1000ab000,R
0x4011dc,0x1000ac000,R
0x4010e8,0x1000ad000,W
0x40100c,0x1000ae000,R
0x4010a4,0x1000af000,R
0x401004,0x1000b0000,R
0x4011d8,0x1000b1000,R
0x40107c,0x1000b2000,R
0x4011c8,0x1000b3000,R
0x40102c,0x1000b4000,R
0x401198,0x1000b5000,R
0x4010f0,0x1000b6000,R
0x4010f8,0x1000b7000,R
0x401154,0x1000b8000,W
0x4010b0,0x1000b9000,R
0x40111c,0x1000ba000,R
0x40115c,0x1000bb000,R
0x401090,0x1000bc000,W
0x4010f8,0x1000bd000,R
0x4010bc,0x1000be000,R
0x401104,0x1000bf000,R
0x401178,0x1000c0000,R
0x401004,0x1000c1000,R
0x401154,0x1000c2000,R
0x40104c,0x1000c3000,R
0x4011e0,0x1000c4000,R
0x401058,0x1000c5000,R
0x40118c,0x1000c6000,R
0x4011f8,0x1000c7000,R
0x4011c8,0x1000c8000,R
0x4010a4,0x1000c9000,R
0x401080,0x1000ca000,R
0x401114,0x1000cb000,R
0x4011ac,0x1000cc000,R
0x401044,0x1000cd000,R
0x4011d4,0x1000ce000,R
0x401120,0x1000cf000,R
0x401174,0x1000d0000,R
0x4011f4,0x1000d1000,R
0x401028,0x1000d2000,R
0x401020,0x1000d3000,R
0x4010e0,0x1000d4000,R
0x401188,0x1000d5000,R
0x40101c,0x1000d6000,R
0x401080,0x1000d7000,R
0x4010d0,0x1000d8000,R
0x401158,0x1000d9000,R
0x4011b8,0x1000da000,R
0x401004,0x1000db000,R
0x4011bc,0x1000dc000,R
0x4010f4,0x1000dd000,W
0x401048,0x1000de000,R
0x4011a0,0x1000df000,R
0x401118,0x1000e0000,R
0x401054,0x1000e1000,R
0x40117c,0x1000e2000,R
0x4010f8,0x1000e3000,R
0x4010d8,0x1000e4000,R
0x401088,0x1000e5000,R
0x401130,0x1000e6000,R
0x401018,0x1000e7000,R
0x401040,0x1000e8000,R
0x4011b4,0x1000e9000,R
0x401038,0x1000ea000,R
0x401018,0x1000eb000,R
0x4010c0,0x1000ec000,R
0x4011c0,0x1000ed000,R
0x401054,0x1000ee000,R
0x4010b4,0x1000ef000,R
0x401030,0x1000f0000,R
0x401190,0x1000f1000,R
0x40100c,0x1000f2000,R
0x4011d4,0x1000f3000,R
0x401178,0x1000f4000,R
0x401130,0x1000f5000,R
0x40109c,0x1000f6000,R
0x4010c8,0x1000f7000,R
0x4010bc,0x1000f8000,R
0x4011b8,0x1000f9000,R
0x4011d8,0x1000fa000,R
0x4011dc,0x1000fb000,R
0x401168,0x1000fc000,R
0x4011f8,0x1000fd000,R
0x401128,0x1000fe000,R
0x401010,0x1000ff000,R
0x4011f8,0x100100000,R
0x40115c,0x100101000,R
0x401090,0x100102000,R
0x401180,0x100103000,R
0x401160,0x100104000,R
0x401180,0x100105000,R
0x401010,0x100106000,R
0x401080,0x100107000,R
0x40100c,0x100108000,R
0x4011c8,0x100109000,R
0x4011d4,0x10010a000,R
0x4010bc,0x10010b000,R
0x4010b8,0x10010c000,R
0x401128,0x10010d000,R
0x40102c,0x10010e000,R
0x4010a0,0x10010f000,R
0x4011a0,0x100110000,R
0x401134,0x100111000,R
0x40105c,0x100112000,R
0x40119c,0x100113000,R
0x40103c,0x100114000,R
0x401048,0x100115000,R
0x40115c,0x100116000,R
0x401158,0x100117000,R
0x401120,0x100118000,R
0x401168,0x100119000,R
0x401018,0x10011a000,R
0x401120,0x10011b000,R
0x4011fc,0x10011c000,R
0x4011a0,0x10011d000,R
0x4010a0,0x10011e000,R
0x401030,0x10011f000,R
0x4011d8,0x100120000,R
0x401120,0x100121000,R
0x4010a4,0x100122000,R
0x4011b4,0x100123000,R
0x401000,0x100124000,R
0x40112c,0x100125000,R
0x40116c,0x100126000,R
0x40109c,0x100127000,R
0x4010a0,0x100128000,R
0x40103c,0x100129000,R
0x40118c,0x10012a000,R
0x4010d0,0x10012b000,R
0x40108c,0x10012c000,W
0x401000,0x10012d000,R
0x4011a0,0x10012e000,W
0x40113c,0x10012f000,R
0x4010d0,0x100130000,R
0x4011bc,0x100131000,R
0x401104,0x100132000,R
0x40100c,0x100133000,R
0x40107c,0x100134000,R
0x401004,0x100135000,R
0x401108,0x100136000,R
0x40113c,0x100137000,R
0x4010d8,0x100138000,R
0x401170,0x100139000,R
0x4010d4,0x10013a000,R
0x4011f4,0x10013b000,W
0x401054,0x10013c000,W
0x401060,0x10013d000,R
0x401168,0x10013e000,R
0x401084,0x10013f000,R
0x401164,0x100140000,R
0x4010c8,0x100141000,R
0x401100,0x100142000,R
0x401054,0x100143000,R
0x4011e8,0x100144000,R
0x401094,0x100145000,R
0x401028,0x100146000,R
0x401138,0x100147000,R
0x401178,0x100148000,R
0x40111c,0x100149000,R
0x401110,0x10014a000,R
0x40117c,0x10014b000,R
0x401130,0x10014c000,R
0x4011fc,0x10014d000,W
0x4010cc,0x10014e000,R
0x4011e4,0x10014f000,R
0x4011d4,0x100150000,R
0x4010c8,0x100151000,R
0x4011a4,0x100152000,R
0x401064,0x100153000,R
0x401044,0x100154000,R
0x401018,0x100155000,R
0x4010b8,0x100156000,R
0x401030,0x100157000,R
0x4011a8,0x100158000,R
0x4011c0,0x100159000,R
0x401030,0x10015a000,R
0x4011dc,0x10015b000,R
0x4010c8,0x10015c000,R
0x401168,0x10015d000,R
0x401130,0x10015e000,R
0x401190,0x10015f000,R
0x4011b4,0x100160000,W
0x401114,0x100161000,R
0x401054,0x100162000,R
0x401140,0x100163000,R
0x401150,0x100164000,R
0x40118c,0x100165000,R
0x401018,0x100166000,R
0x401124,0x100167000,R
0x4010d0,0x100168000,R
0x40109c,0x100169000,R
0x4010fc,0x10016a000,R
0x4010a8,0x10016b000,R
0x4011a8,0x10016c000,R
0x401088,0x10016d000,R
0x4011cc,0x10016e000,R
0x4010fc,0x10016f000,R
0x4010c4,0x100170000,R
0x4010c8,0x100171000,R
0x401110,0x100172000,R
0x401038,0x100173000,R
0x401174,0x100174000,R
0x4010fc,0x100175000,R
0x401000,0x100176000,R
0x40102c,0x100177000,R
0x40106c,0x100178000,R
0x401064,0x100179000,R
0x401108,0x10017a000,R
0x401164,0x10017b000,R
0x401048,0x10017c000,R
0x40112c,0x10017d000,R
0x4011e4,0x10017e000,R
0x401048,0x10017f000,R
0x401118,0x100180000,R
0x4011ec,0x100181000,R
0x4011d0,0x100182000,R
0x4011f0,0x100183000,R
0x40103c,0x100184000,R
0x40103c,0x100185000,R
0x401134,0x100186000,R
0x401114,0x100187000,R
0x4011c4,0x100188000,R
0x4011c8,0x100189000,R
0x40116c,0x10018a000,R
0x4010e8,0x10018b000,R
0x401118,0x10018c000,R
0x40105c,0x10018d000,W
0x401180,0x10018e000,R
0x4010d4,0x10018f000,R
0x4010f0,0x100190000,R
0x401034,0x100191000,R
0x401190,0x100192000,R
0x40118c,0x100193000,R
0x401168,0x100194000,R
0x40107c,0x100195000,R
0x401034,0x100196000,R
0x401070,0x100197000,R
0x4011e0,0x100198000,R
0x401098,0x100199000,R
0x401148,0x10019a000,W
0x4011c8,0x10019b000,R
0x40115c,0x10019c000,R
0x4011cc,0x10019d000,R
0x401178,0x10019e000,R
0x40100c,0x10019f000,R
0x401178,0x1001a0000,R
0x4010f0,0x1001a1000,R
0x4010f8,0x1001a2000,R
0x401024,0x1001a3000,R
0x401034,0x1001a4000,R
0x40113c,0x1001a5000,R
0x4010ac,0x1001a6000,R
0x401180,0x1001a7000,R
0x401168,0x1001a8000,R
0x4010cc,0x1001a9000,R
0x401118,0x1001aa000,R
0x401048,0x1001ab000,R
0x4011c8,0x1001ac000,R
0x401038,0x1001ad000,R
0x4011ec,0x1001ae000,R
0x4010d8,0x1001af000,R
0x401110,0x1001b0000,R
0x4011ac,0x1001b1000,R
0x40109c,0x1001b2000,R
0x4011f8,0x1001b3000,R
0x401040,0x1001b4000,R
0x401064,0x1001b5000,R
0x401098,0x1001b6000,R
0x40111c,0x1001b7000,R
0x40107c,0x1001b8000,R
0x401154,0x1001b9000,R
0x4010a0,0x1001ba000,R
0x40102c,0x1001bb000,R
0x4010ac,0x1001bc000,R
0x4010b0,0x1001bd000,R
0x401030,0x1001be000,R
0x40109c,0x1001bf000,R
0x401178,0x1001c0000,R
0x401198,0x1001c1000,R
0x4010b8,0x1001c2000,R
0x40106c,0x1001c3000,R
0x401058,0x1001c4000,R
0x401178,0x1001c5000,R
0x401140,0x1001c6000,R
0x4011c4,0x1001c7000,R
0x4010f0,0x1001c8000,W
0x4011b8,0x1001c9000,R
0x401094,0x1001ca000,R
0x401044,0x1001cb000,R
0x401174,0x1001cc000,R
0x401150,0x1001cd000,R
0x4010e4,0x1001ce000,R
0x4011ac,0x1001cf000,R
0x4011c4,0x1001d0000,R
0x401008,0x1001d1000,R
0x401148,0x1001d2000,R
0x401140,0x1001d3000,R
0x4011dc,0x1001d4000,R
0x4010cc,0x1001d5000,R
0x4011ec,0x1001d6000,R
0x4011d8,0x1001d7000,R
0x4010b0,0x1001d8000,R
0x40103c,0x1001d9000,R
0x4010c4,0x1001da000,R
0x401174,0x1001db000,R
0x401114,0x1001dc000,R
0x40104c,0x1001dd000,R
0x4011d4,0x1001de000,R
0x401010,0x1001df000,R
0x401024,0x1001e0000,R
0x401040,0x1001e1000,R
0x401024,0x1001e2000,R
0x4010dc,0x1001e3000,R
0x401184,0x1001e4000,R
0x401168,0x1001e5000,R
0x4010e4,0x1001e6000,R
0x4010fc,0x1001e7000,R
0x401058,0x1001e8000,R
0x40117c,0x1001e9000,R
0x40102c,0x1001ea000,R
0x40102c,0x1001eb000,R
0x4010fc,0x1001ec000,W
0x401090,0x1001ed000,R
0x4011f0,0x1001ee000,R
0x4011a4,0x1001ef000,R
0x4010cc,0x1001f0000,R
0x40106c,0x1001f1000,R
0x4010d4,0x1001f2000,R
0x401058,0x1001f3000,R
0x401098,0x1001f4000,R
0x40103c,0x1001f5000,R
0x401160,0x1001f6000,R
0x4010f8,0x1001f7000,R
0x401118,0x1001f8000,R
0x40108c,0x1001f9000,R
0x4011c8,0x1001fa000,R
0x4011b4,0x1001fb000,W
0x4011f8,0x1001fc000,R
0x4010fc,0x1001fd000,R
0x4011e8,0x1001fe000,R
0x401134,0x1001ff000,R
0x401004,0x100200000,R
0x401028,0x100201000,R
0x401034,0x100202000,R
0x401114,0x100203000,R
0x401164,0x100204000,R
0x401070,0x100205000,R
0x4011bc,0x100206000,R
0x401184,0x100207000,R
0x4010bc,0x100208000,R
0x40113c,0x100209000,R
0x401064,0x10020a000,R
0x40110c,0x10020b000,R
0x4011a4,0x10020c000,R
0x401028,0x10020d000,R
0x401170,0x10020e000,R
0x4011f0,0x10020f000,R
0x4011e4,0x100210000,R
0x4011b8,0x100211000,W
0x4011d0,0x100212000,R
0x401084,0x100213000,R
0x401178,0x100214000,R
0x4011ac,0x100215000,R
0x401140,0x100216000,R
0x401008,0x100217000,R
0x401174,0x100218000,R
0x4011d8,0x100219000,R
0x401188,0x10021a000,R
0x4011e4,0x10021b000,R
0x401038,0x10021c000,R
0x401130,0x10021d000,R
0x4011dc,0x10021e000,R
0x401178,0x10021f000,R
0x4011b4,0x100220000,R
0x401120,0x100221000,W
0x4011e4,0x100222000,R
0x401168,0x100223000,R
0x401160,0x100224000,R
0x40100c,0x100225000,R
0x401038,0x100226000,R
0x4010ec,0x100227000,R
0x4010d4,0x100228000,R
0x401044,0x100229000,R
0x401174,0x10022a000,R
0x4010a8,0x10022b000,R
0x401038,0x10022c000,R
0x401084,0x10022d000,R
0x4011b4,0x10022e000,R
0x401120,0x10022f000,R
0x401134,0x100230000,R
0x401078,0x100231000,R
0x401010,0x100232000,R
0x401170,0x100233000,R
0x4010a8,0x100234000,R
0x40102c,0x100235000,R
0x4011f0,0x100236000,W
0x401144,0x100237000,R
0x4010b4,0x100238000,R
0x40101c,0x100239000,R
0x4011f4,0x10023a000,R
0x401080,0x10023b000,R
0x4011f8,0x10023c000,R
0x4011c4,0x10023d000,R
0x40112c,0x10023e000,R
0x4011e4,0x10023f000,W
0x401050,0x100240000,W
0x401174,0x100241000,R
0x401000,0x100242000,R
0x40110c,0x100243000,R
0x401118,0x100244000,W
0x4011f0,0x100245000,R
0x401074,0x100246000,R
0x401034,0x100247000,R
0x4010ac,0x100248000,R
0x401050,0x100249000,R
0x4011dc,0x10024a000,R
0x401030,0x10024b000,R
0x401134,0x10024c000,W
0x401018,0x10024d000,R
0x4011e8,0x10024e000,R
0x401198,0x10024f000,R
0x4010f0,0x100250000,R
0x4011e4,0x100251000,R
0x40109c,0x100252000,R
0x401104,0x100253000,R
0x4010bc,0x100254000,R
0x4010f8,0x100255000,R
0x40116c,0x100256000,R
0x401084,0x100257000,R
0x40118c,0x100258000,R
0x401160,0x100259000,R
0x401080,0x10025a000,R
0x401068,0x10025b000,R
0x401164,0x10025c000,R
0x401158,0x10025d000,R
0x401178,0x10025e000,R
0x401014,0x10025f000,R
0x40106c,0x100260000,R
0x40114c,0x100261000,R
0x4011a4,0x100262000,R
0x401178,0x100263000,R
0x401158,0x100264000,R
0x401154,0x100265000,R
0x4010c8,0x100266000,R
0x40100c,0x100267000,R
0x4010a8,0x100268000,R
0x4011f0,0x100269000,R
0x401080,0x10026a000,R
0x40111c,0x10026b000,R
0x4010cc,0x10026c000,R
0x401160,0x10026d000,R
0x40116c,0x10026e000,R
0x401048,0x10026f000,R
0x401178,0x100270000,R
0x4010f8,0x100271000,R
0x4011dc,0x100272000,R
0x401118,0x100273000,R
0x401128,0x100274000,W
0x4011a8,0x100275000,R
0x401080,0x100276000,R
0x401194,0x100277000,R
0x4011dc,0x100278000,R
0x401150,0x100279000,R
0x401108,0x10027a000,R
0x4010b4,0x10027b000,R
0x401014,0x10027c000,R
0x401014,0x10027d000,R
0x401190,0x10027e000,R
0x4011b4,0x10027f000,R
0x401180,0x100280000,R
0x401034,0x100281000,R
0x4011f8,0x100282000,R
0x401170,0x100283000,R
0x4010e8,0x100284000,R
0x40109c,0x100285000,R
0x4011e0,0x100286000,R
0x401044,0x100287000,R
0x40103c,0x100288000,R
0x401170,0x100289000,R
0x4011a0,0x10028a000,R
0x4011c8,0x10028b000,R
0x4010d8,0x10028c000,R
0x4010dc,0x10028d000,R
0x40108c,0x10028e000,R
0x40104c,0x10028f000,R
0x401008,0x100290000,R
0x401030,0x100291000,R
0x4011dc,0x100292000,R
0x4010b0,0x100293000,R
0x401038,0x100294000,R
0x401150,0x100295000,R
0x4011e8,0x100296000,R
0x40110c,0x100297000,R
0x4011c0,0x100298000,R
0x401024,0x100299000,R
0x401120,0x10029a000,R
0x401068,0x10029b000,R
0x401000,0x10029c000,R
0x40103c,0x10029d000,R
0x401154,0x10029e000,R
0x4010f4,0x10029f000,R
0x401194,0x1002a0000,R
0x401188,0x1002a1000,R
0x401180,0x1002a2000,R
0x401070,0x1002a3000,R
0x401040,0x1002a4000,R
0x401110,0x1002a5000,R
0x401018,0x1002a6000,R
0x401024,0x1002a7000,R
0x401074,0x1002a8000,R
0x401038,0x1002a9000,R
0x40111c,0x1002aa000,R
0x401070,0x1002ab000,R
0x401034,0x1002ac000,R
0x401100,0x1002ad000,R
0x401060,0x1002ae000,R
0x401184,0x1002af000,R
0x4010f4,0x1002b0000,R
0x40108c,0x1002b1000,R
0x4010dc,0x1002b2000,R
0x401194,0x1002b3000,R
0x40101c,0x1002b4000,R
0x401140,0x1002b5000,R
0x4011d8,0x1002b6000,R
0x401090,0x1002b7000,R
0x4010b8,0x1002b8000,W
0x4010ac,0x1002b9000,R
0x401174,0x1002ba000,R
0x401104,0x1002bb000,R
0x401158,0x1002bc000,R
0x4010cc,0x1002bd000,R
0x40102c,0x1002be000,R
0x40111c,0x1002bf000,R
0x401118,0x1002c0000,R
0x401058,0x1002c1000,R
0x401120,0x1002c2000,R
0x40105c,0x1002c3000,R
0x401008,0x1002c4000,R
0x401138,0x1002c5000,W
0x401198,0x1002c6000,R
0x401108,0x1002c7000,R
0x401060,0x1002c8000,R
0x401190,0x1002c9000,R
0x401094,0x1002ca000,R
0x401078,0x1002cb000,R
0x4010c0,0x1002cc000,R
0x401178,0x1002cd000,R
0x4011e4,0x1002ce000,R
0x401044,0x1002cf000,R
0x4010b0,0x1002d0000,R
0x401150,0x1002d1000,R
0x40118c,0x1002d2000,R
0x4010ac,0x1002d3000,R
0x40114c,0x1002d4000,R
0x4010fc,0x1002d5000,R
0x401060,0x1002d6000,R
0x401174,0x1002d7000,R
0x4010c4,0x1002d8000,R
0x4011b0,0x1002d9000,R
0x4011a0,0x1002da000,R
0x401008,0x1002db000,R
0x40103c,0x1002dc000,W
0x401030,0x1002dd000,R
0x4010fc,0x1002de000,R
0x4010ec,0x1002df000,R
0x401140,0x1002e0000,R
0x4011fc,0x1002e1000,R
0x401014,0x1002e2000,R
0x4010fc,0x1002e3000,R
0x401198,0x1002e4000,R
0x401038,0x1002e5000,R
0x401170,0x1002e6000,R
0x401138,0x1002e7000,W
0x401098,0x1002e8000,R
0x401078,0x1002e9000,R
0x40107c,0x1002ea000,R
0x4010c8,0x1002eb000,R
0x4010c4,0x1002ec000,R
0x401058,0x1002ed000,R
0x4011a4,0x1002ee000,R
0x4011c8,0x1002ef000,R
0x40104c,0x1002f0000,R
0x4011e0,0x1002f1000,R
0x401038,0x1002f2000,R
0x4011e4,0x1002f3000,R
0x401054,0x1002f4000,R
0x4011d0,0x1002f5000,R
0x401088,0x1002f6000,R
0x4011b4,0x1002f7000,W
0x401134,0x1002f8000,R
0x4010a0,0x1002f9000,R
0x4011d4,0x1002fa000,R
0x4010a0,0x1002fb000,R
0x4011f4,0x1002fc000,R
0x40102c,0x1002fd000,R
0x4011cc,0x1002fe000,R
0x4010f0,0x1002ff000,R
0x4011b8,0x100300000,R
0x4010c8,0x100301000,R
0x40115c,0x100302000,R
0x401150,0x100303000,R
0x4010a8,0x100304000,R
0x401198,0x100305000,R
0x4010c8,0x100306000,R
0x4010f0,0x100307000,R
0x401010,0x100308000,R
0x401094,0x100309000,W
0x401054,0x10030a000,R
0x401120,0x10030b000,R
0x401160,0x10030c000,R
0x401128,0x10030d000,R
0x40106c,0x10030e000,R
0x401048,0x10030f000,R
0x4011ec,0x100310000,R
0x4011c0,0x100311000,R
0x4010d4,0x100312000,R
0x401110,0x100313000,R
0x401028,0x100314000,R
0x4011a8,0x100315000,R
0x401160,0x100316000,R
0x4011b8,0x100317000,R
0x401190,0x100318000,R
0x401118,0x100319000,R
0x4010f4,0x10031a000,R
0x4011dc,0x10031b000,R
0x401000,0x10031c000,R
0x4010ec,0x10031d000,R
0x401140,0x10031e000,R
0x40101c,0x10031f000,W
0x4011f4,0x100320000,R
0x4010a0,0x100321000,R
0x401194,0x100322000,R
0x401110,0x100323000,R
0x401120,0x100324000,R
0x40110c,0x100325000,R
0x4010bc,0x100326000,R
0x401180,0x100327000,R
0x401008,0x100328000,R
0x401098,0x100329000,R
0x401004,0x10032a000,R
0x401128,0x10032b000,R
0x401174,0x10032c000,R
0x401154,0x10032d000,R
0x401190,0x10032e000,R
0x40119c,0x10032f000,R
0x4010a8,0x100330000,R
0x401050,0x100331000,R
0x401044,0x100332000,R
0x4010a4,0x100333000,R
0x40108c,0x100334000,R
0x401058,0x100335000,R
0x401154,0x100336000,R
0x401008,0x100337000,R
0x401114,0x100338000,R
0x401194,0x100339000,R
0x401018,0x10033a000,R
0x401094,0x10033b000,R
0x4010d8,0x10033c000,R
0x4010c8,0x10033d000,R
0x4010a4,0x10033e000,R
0x401080,0x10033f000,R
0x401104,0x100340000,R
0x40107c,0x100341000,R
0x40103c,0x100342000,R
0x401130,0x100343000,R
0x401190,0x100344000,R
0x401114,0x100345000,R
0x4010fc,0x100346000,R
0x40119c,0x100347000,R
0x4011d4,0x100348000,R
0x401104,0x100349000,R
0x401150,0x10034a000,R
0x4011b4,0x10034b000,R
0x40119c,0x10034c000,R
0x4011dc,0x10034d000,R
0x40108c,0x10034e000,R
0x4011b8,0x10034f000,R
0x4010b4,0x100350000,R
0x401180,0x100351000,R
0x401098,0x100352000,R
0x4010a0,0x100353000,R
0x401114,0x100354000,R
0x401070,0x100355000,R
0x4011c0,0x100356000,R
0x4011c4,0x100357000,R
0x40102c,0x100358000,R
0x40119c,0x100359000,R
0x40117c,0x10035a000,R
0x40113c,0x10035b000,R
0x4011e0,0x10035c000,R
0x401058,0x10035d000,R
0x40107c,0x10035e000,R
0x40116c,0x10035f000,R
0x401090,0x100360000,R
0x4011e0,0x100361000,R
0x4011f4,0x100362000,R
0x4010cc,0x100363000,R
0x4011dc,0x100364000,R
0x4011ac,0x100365000,R
0x401028,0x100366000,R
0x40103c,0x100367000,R
0x4010e0,0x100368000,R
0x401004,0x100369000,R
0x4010e8,0x10036a000,R
0x4010d8,0x10036b000,R
0x4011e4,0x10036c000,R
0x4011e4,0x10036d000,R
0x401060,0x10036e000,R
0x401168,0x10036f000,R
0x401064,0x100370000,R
0x401008,0x100371000,R
0x401010,0x100372000,R
0x4011b8,0x100373000,R
0x40115c,0x100374000,R
0x401118,0x100375000,R
0x401188,0x100376000,R
0x401070,0x100377000,R
0x4011bc,0x100378000,R
0x401084,0x100379000,R
0x401040,0x10037a000,R
0x4010d8,0x10037b000,R
0x401188,0x10037c000,R
0x4010b8,0x10037d000,R
0x4010bc,0x10037e000,R
0x401010,0x10037f000,R
0x4010bc,0x100380000,R
0x401150,0x100381000,R
0x40104c,0x100382000,R
0x401100,0x100383000,R
0x4010d0,0x100384000,R
0x40103c,0x100385000,R
0x4011f4,0x100386000,R
0x401160,0x100387000,R
0x40103c,0x100388000,R
0x40101c,0x100389000,R
0x4011ec,0x10038a000,R
0x401040,0x10038b000,R
0x40101c,0x10038c000,R
0x40116c,0x10038d000,R
0x401024,0x10038e000,R
0x401140,0x10038f000,R
0x40109c,0x100390000,R
0x401030,0x100391000,R
0x4011c4,0x100392000,R
0x40100c,0x100393000,R
0x40116c,0x100394000,W
0x4011f4,0x100395000,R
0x4011c4,0x100396000,R
0x4011dc,0x100397000,R
0x401180,0x100398000,R
0x4010e0,0x100399000,R
0x4010ac,0x10039a000,R
0x4011cc,0x10039b000,R
0x401098,0x10039c000,R
0x401020,0x10039d000,R
0x401048,0x10039e000,R
0x4011e0,0x10039f000,R
0x401000,0x1003a0000,R
0x401010,0x1003a1000,W
0x4010dc,0x1003a2000,R
0x401130,0x1003a3000,R
0x4010c4,0x1003a4000,R
0x401024,0x1003a5000,R
0x40119c,0x1003a6000,R
0x401154,0x1003a7000,R
0x401080,0x1003a8000,R
0x401014,0x1003a9000,R
0x40112c,0x1003aa000,R
0x4011f8,0x1003ab000,R
0x401108,0x1003ac000,R
0x4010d4,0x1003ad000,R
0x4010c8,0x1003ae000,R
0x40106c,0x1003af000,R
0x40101c,0x1003b0000,R
0x401034,0x1003b1000,R
0x401024,0x1003b2000,R
0x401064,0x1003b3000,R
0x40104c,0x1003b4000,R
0x4010dc,0x1003b5000,R
0x401130,0x1003b6000,R
0x4011bc,0x1003b7000,R
0x401094,0x1003b8000,R
0x401118,0x1003b9000,R
0x4011f0,0x1003ba000,R
0x4010e0,0x1003bb000,R
0x401150,0x1003bc000,R
0x4010dc,0x1003bd000,R
0x401058,0x1003be000,R
0x401098,0x1003bf000,R
0x401080,0x1003c0000,R
0x401030,0x1003c1000,R
0x4010b0,0x1003c2000,R
0x40119c,0x1003c3000,R
0x4010b4,0x1003c4000,R
0x401074,0x1003c5000,R
0x401138,0x1003c6000,R
0x4011f0,0x1003c7000,R
0x401088,0x1003c8000,R
0x40105c,0x1003c9000,R
0x4010b0,0x1003ca000,R
0x4011ac,0x1003cb000,R
0x4011dc,0x1003cc000,R
0x4010a4,0x1003cd000,R
0x401158,0x1003ce000,R
0x40117c,0x1003cf000,R
0x401114,0x1003d0000,R
0x401158,0x1003d1000,R
0x401070,0x1003d2000,R
0x401184,0x1003d3000,W
0x401080,0x1003d4000,R
0x40118c,0x1003d5000,R
0x4011f8,0x1003d6000,R
0x4010c4,0x1003d7000,R
0x40112c,0x1003d8000,R
0x40115c,0x1003d9000,R
0x4011f4,0x1003da000,R
0x401158,0x1003db000,R
0x40100c,0x1003dc000,R
0x4011bc,0x1003dd000,R
0x40104c,0x1003de000,R
0x40118c,0x1003df000,R
0x401044,0x1003e0000,R
0x4011fc,0x1003e1000,R
0x401158,0x1003e2000,R
0x4010f0,0x1003e3000,R
0x401188,0x1003e4000,R
0x4010bc,0x1003e5000,R
0x401134,0x1003e6000,R
0x401034,0x1003e7000,R
0x4010fc,0x1003e8000,R
0x40112c,0x1003e9000,R
0x401080,0x1003ea000,R
0x401010,0x1003eb000,R
0x4010fc,0x1003ec000,R
0x401104,0x1003ed000,R
0x401164,0x1003ee000,R
0x40110c,0x1003ef000,R
0x4011b4,0x1003f0000,R
0x40111c,0x1003f1000,R
0x401124,0x1003f2000,W
0x401120,0x1003f3000,R
0x40107c,0x1003f4000,R
0x401138,0x1003f5000,R
0x40117c,0x1003f6000,R
0x4010ec,0x1003f7000,R
0x40113c,0x1003f8000,R
0x401184,0x1003f9000,R
0x401050,0x1003fa000,R
0x40106c,0x1003fb000,R
0x401054,0x1003fc000,R
0x4011f4,0x1003fd000,R
0x4011a0,0x1003fe000,R
0x4010b0,0x1003ff000,R
0x4011fc,0x100400000,R
0x4011e8,0x100401000,R
0x40116c,0x100402000,W
0x401158,0x100403000,R
0x40102c,0x100404000,R
0x401074,0x100405000,R
0x4010d0,0x100406000,R
0x4010fc,0x100407000,R
0x4010e8,0x100408000,R
0x401114,0x100409000,R
0x4010b8,0x10040a000,R
0x401128,0x10040b000,R
0x40107c,0x10040c000,R
0x4011f8,0x10040d000,R
0x4010fc,0x10040e000,R
0x401000,0x10040f000,R
0x401008,0x100410000,R
0x401174,0x100411000,R
0x4011d4,0x100412000,R
0x4010ac,0x100413000,R
0x4011ac,0x100414000,R
0x401164,0x100415000,R
0x401008,0x100416000,R
0x4010b8,0x100417000,R
0x4011f8,0x100418000,R
0x401160,0x100419000,R
0x401038,0x10041a000,R
0x40115c,0x10041b000,R
0x401148,0x10041c000,R
0x401164,0x10041d000,R
0x401074,0x10041e000,R
0x40115c,0x10041f000,R
0x4010c0,0x100420000,R
0x4010a4,0x100421000,R
0x4011a4,0x100422000,R
0x4011bc,0x100423000,R
0x401008,0x100424000,R
0x401090,0x100425000,R
0x401000,0x100426000,R
0x4010cc,0x100427000,R
0x401160,0x100428000,R
0x40106c,0x100429000,R
0x4011a0,0x10042a000,R
0x401154,0x10042b000,R
0x401198,0x10042c000,R
0x401184,0x10042d000,W
0x40117c,0x10042e000,R
0x401118,0x10042f000,R
0x4011b4,0x100430000,R
0x4011fc,0x100431000,R
0x401100,0x100432000,R
0x4010cc,0x100433000,R
0x4010e0,0x100434000,R
0x401108,0x100435000,R
0x401110,0x100436000,R
0x401068,0x100437000,R
0x4010dc,0x100438000,R
0x401138,0x100439000,R
0x4011f4,0x10043a000,R
0x401074,0x10043b000,R
0x4011c8,0x10043c000,R
0x4010bc,0x10043d000,R
0x40101c,0x10043e000,R
0x401024,0x10043f000,R
0x401094,0x100440000,R
0x40103c,0x100441000,R
0x401144,0x100442000,R
0x4011a8,0x100443000,R
0x4011c4,0x100444000,W
0x4011cc,0x100445000,R
0x4011e8,0x100446000,R
0x401110,0x100447000,R
0x4011a0,0x100448000,W
0x4010ec,0x100449000,R
0x401028,0x10044a000,R
0x40117c,0x10044b000,R
0x40117c,0x10044c000,R
0x4011b4,0x10044d000,R
0x4011b4,0x10044e000,R
0x401040,0x10044f000,R
0x4010b4,0x100450000,R
0x401080,0x100451000,R
0x401170,0x100452000,R
0x401124,0x100453000,R
0x401180,0x100454000,R
0x40109c,0x100455000,W
0x401044,0x100456000,R
0x4011c4,0x100457000,R
0x4011c4,0x100458000,W
0x40109c,0x100459000,R
0x401050,0x10045a000,W
0x4010f0,0x10045b000,R
0x4011ac,0x10045c000,R
0x401040,0x10045d000,R
0x4011ec,0x10045e000,R
0x401128,0x10045f000,R
0x4011dc,0x100460000,R
0x401138,0x100461000,R
0x40106c,0x100462000,R
0x40114c,0x100463000,R
0x401148,0x100464000,R
0x4010e8,0x100465000,R
0x401160,0x100466000,R
0x40103c,0x100467000,R
0x401064,0x100468000,R
0x401120,0x100469000,R
0x4011b0,0x10046a000,R
0x401160,0x10046b000,R
0x4011b4,0x10046c000,R
0x4010b0,0x10046d000,W
0x401130,0x10046e000,R
0x4010bc,0x10046f000,R
0x4010f8,0x100470000,R
0x401008,0x100471000,R
0x401050,0x100472000,R
0x40100c,0x100473000,R
0x4011b4,0x100474000,R
0x4010ac,0x100475000,R
0x40106c,0x100476000,R
0x401024,0x100477000,R
0x401154,0x100478000,R
0x4010dc,0x100479000,R
0x401078,0x10047a000,R
0x4010a0,0x10047b000,R
0x40102c,0x10047c000,R
0x401030,0x10047d000,R
0x401050,0x10047e000,R
0x40100c,0x10047f000,R
0x401140,0x100480000,R
0x401168,0x100481000,R
0x401178,0x100482000,R
0x40102c,0x100483000,R
0x401068,0x100484000,R
0x4010a4,0x100485000,R
0x401144,0x100486000,W
0x401034,0x100487000,R
0x401014,0x100488000,R
0x4011b4,0x100489000,R
0x40111c,0x10048a000,R
0x40106c,0x10048b000,R
0x401060,0x10048c000,R
0x4011bc,0x10048d000,R
0x40110c,0x10048e000,R
0x401048,0x10048f000,R
0x401154,0x100490000,R
0x401118,0x100491000,R
0x40115c,0x100492000,R
0x401054,0x100493000,R
0x401074,0x100494000,R
0x401168,0x100495000,R
0x40107c,0x100496000,W
0x401184,0x100497000,R
0x401004,0x100498000,R
0x4011e8,0x100499000,R
0x40100c,0x10049a000,R
0x401018,0x10049b000,R
0x401140,0x10049c000,R
0x401108,0x10049d000,R
0x401168,0x10049e000,R
0x401014,0x10049f000,W
0x4011d4,0x1004a0000,R
0x401100,0x1004a1000,R
0x401094,0x1004a2000,R
0x4011c0,0x1004a3000,R
0x401188,0x1004a4000,R
0x40110c,0x1004a5000,R
0x4010d0,0x1004a6000,R
0x401094,0x1004a7000,R
0x4010bc,0x1004a8000,R
0x4011f4,0x1004a9000,R
0x4011d4,0x1004aa000,R
0x4011f0,0x1004ab000,R
0x401040,0x1004ac000,R
0x40113c,0x1004ad000,W
0x4011b0,0x1004ae000,R
0x4010c8,0x1004af000,R
0x4011dc,0x1004b0000,R
0x40111c,0x1004b1000,R
0x401158,0x1004b2000,R
0x401190,0x1004b3000,R
0x4010bc,0x1004b4000,R
0x4010b0,0x1004b5000,R
0x401000,0x1004b6000,R
0x401090,0x1004b7000,R
0x401134,0x1004b8000,R
0x401110,0x1004b9000,R
0x4010fc,0x1004ba000,R
0x401020,0x1004bb000,R
0x40112c,0x1004bc000,R
0x4010d8,0x1004bd000,R
0x401148,0x1004be000,R
0x40102c,0x1004bf000,R
0x401040,0x1004c0000,R
0x401044,0x1004c1000,R
0x401180,0x1004c2000,R
0x4010c4,0x1004c3000,R
0x40111c,0x1004c4000,R
0x40111c,0x1004c5000,R
0x4011c0,0x1004c6000,R
0x4010d0,0x1004c7000,R
0x4011d0,0x1004c8000,R
0x401024,0x1004c9000,R
0x401104,0x1004ca000,R
0x4011dc,0x1004cb000,R
0x401174,0x1004cc000,R
0x401170,0x1004cd000,R
0x4010f4,0x1004ce000,R
0x401048,0x1004cf000,R
0x4010b4,0x1004d0000,R
0x4011c8,0x1004d1000,R
0x4011d8,0x1004d2000,R
0x401008,0x1004d3000,R
0x401150,0x1004d4000,R
0x40106c,0x1004d5000,R
0x4011b8,0x1004d6000,R
0x401038,0x1004d7000,R
0x4010bc,0x1004d8000,R
0x4010b0,0x1004d9000,R
0x401144,0x1004da000,R
0x401094,0x1004db000,W
0x401090,0x1004dc000,R
0x40100c,0x1004dd000,R
0x4010c4,0x1004de000,R
0x4010dc,0x1004df000,R
0x401000,0x1004e0000,R
0x40112c,0x1004e1000,R
0x401158,0x1004e2000,R
0x4010a8,0x1004e3000,R
0x4011b0,0x1004e4000,R
0x401028,0x1004e5000,W
0x4011a8,0x1004e6000,R
0x4010b4,0x1004e7000,R
0x401114,0x1004e8000,R
0x4010c0,0x1004e9000,R
0x401054,0x1004ea000,R
0x40108c,0x1004eb000,R
0x401060,0x1004ec000,R
0x40107c,0x1004ed000,R
0x401180,0x1004ee000,R
0x4010f8,0x1004ef000,R
0x401014,0x1004f0000,R
0x40101c,0x1004f1000,R
0x40116c,0x1004f2000,R
0x4011f4,0x1004f3000,R
0x401174,0x1004f4000,R
0x4011dc,0x1004f5000,R
0x401054,0x1004f6000,R
0x40114c,0x1004f7000,R
0x40115c,0x1004f8000,R
0x401184,0x1004f9000,R
0x4011c4,0x1004fa000,R
0x401154,0x1004fb000,R
0x401118,0x1004fc000,R
0x4010a4,0x1004fd000,R
0x401124,0x1004fe000,R
0x40104c,0x1004ff000,R
0x401148,0x100500000,W
0x40103c,0x100501000,R
0x4010f8,0x100502000,R
0x40116c,0x100503000,W
0x401084,0x100504000,R
0x40113c,0x100505000,R
0x4010c8,0x100506000,R
0x401164,0x100507000,R
0x401184,0x100508000,R
0x4010f4,0x100509000,R
0x401134,0x10050a000,R
0x4010cc,0x10050b000,R
0x401008,0x10050c000,R
0x401014,0x10050d000,R
0x4010c0,0x10050e000,R
0x401078,0x10050f000,R
0x401194,0x100510000,R
0x40106c,0x100511000,R
0x401060,0x100512000,R
0x401044,0x100513000,R
0x401048,0x100514000,R
0x401054,0x100515000,R
0x401008,0x100516000,R
0x401050,0x100517000,R
0x4010d0,0x100518000,R
0x4011ac,0x100519000,R
0x401038,0x10051a000,R
0x4011e8,0x10051b000,R
0x4010c0,0x10051c000,R
0x401184,0x10051d000,R
0x401058,0x10051e000,R
0x401188,0x10051f000,R
0x4010a4,0x100520000,R
0x401138,0x100521000,R
0x401140,0x100522000,R
0x401024,0x100523000,R
0x401084,0x100524000,R
0x401014,0x100525000,R
0x401098,0x100526000,R
0x40103c,0x100527000,R
0x40107c,0x100528000,R
0x4011dc,0x100529000,R
0x401164,0x10052a000,R
0x4010ac,0x10052b000,R
0x4011a8,0x10052c000,R
0x401120,0x10052d000,R
0x401160,0x10052e000,R
0x4010a4,0x10052f000,R
0x40110c,0x100530000,R
0x4011e4,0x100531000,R
0x401008,0x100532000,R
0x401134,0x100533000,R
0x401184,0x100534000,R
0x4011a8,0x100535000,R
0x40116c,0x100536000,R
0x40108c,0x100537000,R
0x401140,0x100538000,R
0x4010a8,0x100539000,R
0x4011d0,0x10053a000,R
0x401020,0x10053b000,R
0x401058,0x10053c000,R
0x401064,0x10053d000,R
0x4011dc,0x10053e000,R
0x401108,0x10053f000,R
0x4011f4,0x100540000,R
0x401058,0x100541000,R
0x4010b0,0x100542000,R
0x40112c,0x100543000,R
0x4010fc,0x100544000,R
0x4011a4,0x100545000,R
0x4010e4,0x100546000,R
0x4011d0,0x100547000,R
0x4011dc,0x100548000,R
0x40114c,0x100549000,R
0x401140,0x10054a000,R
0x40114c,0x10054b000,R
0x40105c,0x10054c000,R
0x401068,0x10054d000,W
0x4010ac,0x10054e000,R
0x401190,0x10054f000,R
0x4011ac,0x100550000,R
0x401094,0x100551000,R
0x4010a4,0x100552000,R
0x40103c,0x100553000,R
0x4011b8,0x100554000,W
0x4011f8,0x100555000,R
0x4010dc,0x100556000,R
0x4010e0,0x100557000,R
0x4010c4,0x100558000,R
0x40117c,0x100559000,R
0x4010ec,0x10055a000,R
0x4010b0,0x10055b000,R
0x40110c,0x10055c000,R
0x401144,0x10055d000,R
0x401084,0x10055e000,R
0x40104c,0x10055f000,R
0x401194,0x100560000,R
0x401184,0x100561000,W
0x401114,0x100562000,R
0x4011bc,0x100563000,R
0x401160,0x100564000,R
0x40109c,0x100565000,R
0x4010c8,0x100566000,R
0x401030,0x100567000,R
0x401170,0x100568000,R
0x401040,0x100569000,R
0x4010a4,0x10056a000,R
0x4011d8,0x10056b000,R
0x4011d8,0x10056c000,R
0x401140,0x10056d000,R
0x401010,0x10056e000,R
0x4011b4,0x10056f000,W
0x4010a4,0x100570000,R
0x4011ec,0x100571000,R
0x401040,0x100572000,R
0x401010,0x100573000,R
0x401084,0x100574000,R
0x401010,0x100575000,R
0x4010c4,0x100576000,R
0x40106c,0x100577000,R
0x401058,0x100578000,R
0x401180,0x100579000,R
0x401050,0x10057a000,R
0x401120,0x10057b000,R
0x401110,0x10057c000,W
0x40109c,0x10057d000,R
0x4010a8,0x10057e000,R
0x4010dc,0x10057f000,R
0x401010,0x100580000,R
0x4010b0,0x100581000,R
0x401134,0x100582000,R
0x4010ec,0x100583000,R
0x4011ac,0x100584000,R
0x401094,0x100585000,R
0x401178,0x100586000,R
0x401094,0x100587000,R
0x401188,0x100588000,R
0x401184,0x100589000,R
0x4010d4,0x10058a000,R
0x401118,0x10058b000,R
0x4010c4,0x10058c000,R
0x401094,0x10058d000,R
0x4011d4,0x10058e000,R
0x401078,0x10058f000,R
0x4010a0,0x100590000,R
0x40110c,0x100591000,R
0x401124,0x100592000,R
0x401068,0x100593000,R
0x401000,0x100594000,R
0x4011c4,0x100595000,R
0x401148,0x100596000,R
0x401140,0x100597000,R
0x401108,0x100598000,R
0x401154,0x100599000,R
0x401098,0x10059a000,R
0x401084,0x10059b000,R
0x401170,0x10059c000,R
0x4011dc,0x10059d000,R
0x401118,0x10059e000,R
0x401124,0x10059f000,R
0x401198,0x1005a0000,W
0x4010f0,0x1005a1000,R
0x4011ac,0x1005a2000,R
0x401194,0x1005a3000,R
0x4011a4,0x1005a4000,R
0x401040,0x1005a5000,R
0x4011d8,0x1005a6000,W
0x40114c,0x1005a7000,R
0x401014,0x1005a8000,R
0x4010ec,0x1005a9000,R
0x40103c,0x1005aa000,R
0x401180,0x1005ab000,R
0x40110c,0x1005ac000,R
0x401188,0x1005ad000,R
0x4010c8,0x1005ae000,R
0x401140,0x1005af000,R
0x401144,0x1005b0000,R
0x401178,0x1005b1000,R
0x401100,0x1005b2000,R
0x4010c4,0x1005b3000,R
0x401154,0x1005b4000,R
0x4010f0,0x1005b5000,R
0x40109c,0x1005b6000,R
0x4010d8,0x1005b7000,R
0x4010dc,0x1005b8000,R
0x401198,0x1005b9000,R
0x4010a4,0x1005ba000,R
0x4010b8,0x1005bb000,R
0x401084,0x1005bc000,R
0x40113c,0x1005bd000,R
0x401104,0x1005be000,R
0x4011bc,0x1005bf000,R
0x401194,0x1005c0000,R
0x40110c,0x1005c1000,R
0x401078,0x1005c2000,R
0x401140,0x1005c3000,R
0x40104c,0x1005c4000,R
0x401078,0x1005c5000,R
0x401164,0x1005c6000,R
0x401190,0x1005c7000,R
0x4011d0,0x1005c8000,R
0x4011d4,0x1005c9000,R
0x4011f0,0x1005ca000,R
0x4011c0,0x1005cb000,R
0x4010f0,0x1005cc000,R
0x401128,0x1005cd000,R
0x401114,0x1005ce000,R
0x401050,0x1005cf000,R
0x40114c,0x1005d0000,R
0x4010b8,0x1005d1000,R
0x40105c,0x1005d2000,R
0x401134,0x1005d3000,R
0x4010a4,0x1005d4000,W
0x40100c,0x1005d5000,R
0x401140,0x1005d6000,R
0x401124,0x1005d7000,R
0x401068,0x1005d8000,W
0x401110,0x1005d9000,R
0x401000,0x1005da000,R
0x401050,0x1005db000,R
0x4011b8,0x1005dc000,R
0x401034,0x1005dd000,R
0x40115c,0x1005de000,R
0x4010ac,0x1005df000,R
0x4011d0,0x1005e0000,R
0x401048,0x1005e1000,R
0x401028,0x1005e2000,R
0x4011ac,0x1005e3000,R
0x401030,0x1005e4000,R
0x401078,0x1005e5000,R
0x401050,0x1005e6000,R
0x4011d4,0x1005e7000,R
0x40115c,0x1005e8000,R
0x4011d0,0x1005e9000,R
0x401078,0x1005ea000,R
0x4010bc,0x1005eb000,R
0x4011f4,0x1005ec000,R
0x401044,0x1005ed000,R
0x40111c,0x1005ee000,R
0x401128,0x1005ef000,R
0x4010fc,0x1005f0000,R
0x4010a0,0x1005f1000,R
0x401038,0x1005f2000,R
0x401184,0x1005f3000,R
0x4011bc,0x1005f4000,R
0x4011a0,0x1005f5000,R
0x401110,0x1005f6000,R
0x401008,0x1005f7000,R
0x4011e4,0x1005f8000,R
0x4010dc,0x1005f9000,R
0x401058,0x1005fa000,R
0x401064,0x1005fb000,R
0x4010c0,0x1005fc000,R
0x4011a8,0x1005fd000,R
0x401084,0x1005fe000,R
0x4011c8,0x1005ff000,R
0x40112c,0x100600000,R
0x4011d8,0x100601000,R
0x4010f4,0x100602000,R
0x401104,0x100603000,R
0x401180,0x100604000,R
0x4011d8,0x100605000,R
0x4011e8,0x100606000,R
0x4011d8,0x100607000,R
0x4010f8,0x100608000,R
0x401158,0x100609000,R
0x401150,0x10060a000,R
0x4011ac,0x10060b000,R
0x401168,0x10060c000,R
0x4010e0,0x10060d000,R
0x4010e4,0x10060e000,R
0x4010b0,0x10060f000,R
0x401150,0x100610000,R
0x401030,0x100611000,W
0x401078,0x100612000,R
0x401054,0x100613000,R
0x401024,0x100614000,R
0x401140,0x100615000,R
0x40115c,0x100616000,R
0x4010b0,0x100617000,R
0x40118c,0x100618000,R
0x401020,0x100619000,R
0x4011d4,0x10061a000,W
0x401190,0x10061b000,R
0x4010e8,0x10061c000,R
0x4011b4,0x10061d000,R
0x401180,0x10061e000,R
0x401058,0x10061f000,R
0x4010c8,0x100620000,R
0x401050,0x100621000,R
0x4010a0,0x100622000,R
0x40119c,0x100623000,R
0x4010b8,0x100624000,R
0x401088,0x100625000,R
0x401014,0x100626000,R
0x4011b0,0x100627000,R
0x4011e8,0x100628000,R
