artifact_class,avg_decision_time_ms,candidate_count,candidate_coverage_metric_source,candidate_coverage_validation,candidate_filter,candidate_scope,checkpoint,checkpoint_fingerprint,command,config_fingerprint,contract_id,cost_model,data_quality_profile_fingerprint,data_quality_profile_id,data_quality_report_fingerprint,decision_count,decision_holdout_fingerprint,decision_time_seconds,dirty_demotion_nvm_write,dram_capacity,dram_initial_state,experiment_contract,first_touch_accounting,git_commit,hit_rate,hit_rate_percent,hits,initial_residency,migrations,misses,model_seed,normalized_policy,nvm_capacity_pages,nvm_reads,nvm_writes,policy,rank_guard,rank_score_penalty,replay_seed,replay_wall_seconds,run_profile,run_seed,run_status,schema_version,selector_fingerprint,selector_params,source_manifest_fingerprint,split_fingerprints,stage6_variant,stage6_variant_id,test_trace_fingerprint,test_used_for_selection,throughput_accesses_per_second,total_accesses,trace_page_backing,trace_path,weighted_access_cost,workload,workload_id
official,3.3713195679906462,8,valid_trace,"{""EndToEndRecall@K"": 1.0, ""NRegret"": 0.0, ""PoolRecall@B"": 1.0, ""SelectorRecall@K"": 1.0, ""TieCoverage@K"": 0.16296609613366286}","{""avg_selector_time_ms"": 0.41904724188034503, ""decision_count"": 2636, ""max_B_t"": 64, ""max_K_t"": 8, ""mean_B_t"": 64.0, ""mean_K_t"": 8.0, ""min_B_t"": 64, ""min_K_t"": 8, ""selector_time_seconds"": 1.1046085295965895}",capd_selector_B_to_K,/home/likc/Q-former-for-OS/outputs/checkpoints/finals_v3_official/stage4_reranker/canneal/seed_3136859/qmap_best.pth,eac36b903ae31ca885cbab289566f86f142b8686dfaf969b3e60869b1b1defcf,qmap/qmap_eval.py --config /home/likc/Q-former-for-OS/dataset/jsonl/finals_v3_official/canneal/B64/resolved_config.json --selector_params /home/likc/Q-former-for-OS/dataset/jsonl/finals_v3_official/canneal/B64/selector_params.json --policy qmap --checkpoint /home/likc/Q-former-for-OS/outputs/checkpoints/finals_v3_official/stage4_reranker/canneal/seed_3136859/qmap_best.pth --json_output /home/likc/Q-former-for-OS/outputs/results/finals_v3_official/stage5_main/raw/canneal/qmap/seed_3136859.json,fc42c1a0a7575301beb59e1bb9f65ece8034be5033b5733022c6547000b89322,CAPD-MIC-1.0,"{""dram_read_cost"": 1.0, ""dram_write_cost"": 1.0, ""migration_cost"": 10.0, ""nvm_read_cost"": 2.0, ""nvm_write_cost"": 8.0}",fd9f3359900bdf868d9e985f967428aa6588c79b6d4944d08864b09cfbc51589,capd_finals_v3_official_data_v1,5986f7d63d4b81da33feb24a9c6a7d3db51c339d421e1322d4f80b7bc3249bdb,2636,,8.886798381223343,none,64,empty,"{""B"": 64, ""D"": 64, ""H"": 10, ""Hc"": 256, ""K"": 8, ""L"": 256, ""Lres"": 256, ""approx_ndcg_alpha"": 10.0, ""artifact_class"": ""official"", ""contract_id"": ""CAPD-MIC-1.0"", ""dirty_demotion_nvm_write"": ""none"", ""dram_initial_state"": ""empty"", ""first_touch_accounting"": ""nvm_access"", ""initial_residency"": ""all_trace_pages_in_nvm"", ""lru_direction"": ""oldest_is_one"", ""nvm_capacity_pages"": null, ""page_oov"": ""unk"", ""page_state_dim"": 4, ""page_vocab_fit"": ""train_only"", ""pc_oov"": ""unk"", ""pc_vocab_fit"": ""train_only"", ""position_encoding"": ""sinusoidal"", ""run_profile"": ""official"", ""schema_version"": ""capd_finals_v3_0"", ""selector_recall_tie"": ""any_hit"", ""shared_page_embedding"": true, ""tail_policy"": ""drop_incomplete_window"", ""trace_page_backing"": ""all_trace_pages"", ""training_scope"": ""per_workload"", ""validation_guard_accesses"": 256, ""validation_holdout_fraction"": 0.2, ""validation_strategy"": ""independent_valid_trace""}",nvm_access,2bd07f29a639d54db5180b57651842ce95dd3014,0.9865,98.65,197300,all_trace_pages_in_nvm,2636,2700,3136859,qmap,,2684,16,qmap,0,0.0,0,,official,3136859,COMPLETED,capd_finals_v3_0,48e4758012a2987ecf8a5dc7ea8c1b477eed1aed079f74f7205e7a576b430d97,/home/likc/Q-former-for-OS/dataset/jsonl/finals_v3_official/canneal/B64/selector_params.json,33ee5f0f77966a23dfad7b07a1b50779a849fe27ed2da0a0d13b1a3adbb74686,"{""test"": ""3a5ecb35b4aec98a8fb470483ce0427d4da21ede1e3af387d9b7d61bccf6138e"", ""train"": ""4a98f01a328d2d86b680fde62818163ceb2403392f59676210ea22989c3b773f"", ""valid"": ""2805d4cf2a4d5d2051a0db3baf6ded3abf7d720f82eae3071f0746f4fcaee142""}",,,3a5ecb35b4aec98a8fb470483ce0427d4da21ede1e3af387d9b7d61bccf6138e,False,,200000,all_trace_pages,dataset/processed/finals_v3_official/canneal/test.csv,229156.0,canneal,canneal
official,3.400107636136027,8,valid_trace,"{""EndToEndRecall@K"": 1.0, ""NRegret"": 0.0, ""PoolRecall@B"": 1.0, ""SelectorRecall@K"": 1.0, ""TieCoverage@K"": 0.16296609613366286}","{""avg_selector_time_ms"": 0.4131317911575618, ""decision_count"": 2378, ""max_B_t"": 64, ""max_K_t"": 8, ""mean_B_t"": 64.0, ""mean_K_t"": 8.0, ""min_B_t"": 64, ""min_K_t"": 8, ""selector_time_seconds"": 0.982427399372682}",capd_selector_B_to_K,/home/likc/Q-former-for-OS/outputs/checkpoints/finals_v3_official/stage4_reranker/canneal/seed_42/qmap_best.pth,7e01deec82a579ab5f8dec93227ead94194a0cea19c55e837cae9a9c64486d25,qmap/qmap_eval.py --config /home/likc/Q-former-for-OS/dataset/jsonl/finals_v3_official/canneal/B64/resolved_config.json --selector_params /home/likc/Q-former-for-OS/dataset/jsonl/finals_v3_official/canneal/B64/selector_params.json --policy qmap --checkpoint /home/likc/Q-former-for-OS/outputs/checkpoints/finals_v3_official/stage4_reranker/canneal/seed_42/qmap_best.pth --json_output /home/likc/Q-former-for-OS/outputs/results/finals_v3_official/stage5_main/raw/canneal/qmap/seed_42.json,fc42c1a0a7575301beb59e1bb9f65ece8034be5033b5733022c6547000b89322,CAPD-MIC-1.0,"{""dram_read_cost"": 1.0, ""dram_write_cost"": 1.0, ""migration_cost"": 10.0, ""nvm_read_cost"": 2.0, ""nvm_write_cost"": 8.0}",fd9f3359900bdf868d9e985f967428aa6588c79b6d4944d08864b09cfbc51589,capd_finals_v3_official_data_v1,5986f7d63d4b81da33feb24a9c6a7d3db51c339d421e1322d4f80b7bc3249bdb,2378,,8.085455958731472,none,64,empty,"{""B"": 64, ""D"": 64, ""H"": 10, ""Hc"": 256, ""K"": 8, ""L"": 256, ""Lres"": 256, ""approx_ndcg_alpha"": 10.0, ""artifact_class"": ""official"", ""contract_id"": ""CAPD-MIC-1.0"", ""dirty_demotion_nvm_write"": ""none"", ""dram_initial_state"": ""empty"", ""first_touch_accounting"": ""nvm_access"", ""initial_residency"": ""all_trace_pages_in_nvm"", ""lru_direction"": ""oldest_is_one"", ""nvm_capacity_pages"": null, ""page_oov"": ""unk"", ""page_state_dim"": 4, ""page_vocab_fit"": ""train_only"", ""pc_oov"": ""unk"", ""pc_vocab_fit"": ""train_only"", ""position_encoding"": ""sinusoidal"", ""run_profile"": ""official"", ""schema_version"": ""capd_finals_v3_0"", ""selector_recall_tie"": ""any_hit"", ""shared_page_embedding"": true, ""tail_policy"": ""drop_incomplete_window"", ""trace_page_backing"": ""all_trace_pages"", ""training_scope"": ""per_workload"", ""validation_guard_accesses"": 256, ""validation_holdout_fraction"": 0.2, ""validation_strategy"": ""independent_valid_trace""}",nvm_access,2bd07f29a639d54db5180b57651842ce95dd3014,0.98779,98.779,197558,all_trace_pages_in_nvm,2378,2442,42,qmap,,2426,16,qmap,0,0.0,0,,official,42,COMPLETED,capd_finals_v3_0,48e4758012a2987ecf8a5dc7ea8c1b477eed1aed079f74f7205e7a576b430d97,/home/likc/Q-former-for-OS/dataset/jsonl/finals_v3_official/canneal/B64/selector_params.json,33ee5f0f77966a23dfad7b07a1b50779a849fe27ed2da0a0d13b1a3adbb74686,"{""test"": ""3a5ecb35b4aec98a8fb470483ce0427d4da21ede1e3af387d9b7d61bccf6138e"", ""train"": ""4a98f01a328d2d86b680fde62818163ceb2403392f59676210ea22989c3b773f"", ""valid"": ""2805d4cf2a4d5d2051a0db3baf6ded3abf7d720f82eae3071f0746f4fcaee142""}",,,3a5ecb35b4aec98a8fb470483ce0427d4da21ede1e3af387d9b7d61bccf6138e,False,,200000,all_trace_pages,dataset/processed/finals_v3_official/canneal/test.csv,226318.0,canneal,canneal
official,3.3801448688258993,8,valid_trace,"{""EndToEndRecall@K"": 1.0, ""NRegret"": 0.0, ""PoolRecall@B"": 1.0, ""SelectorRecall@K"": 1.0, ""TieCoverage@K"": 0.16296609613366286}","{""avg_selector_time_ms"": 0.41782914319208037, ""decision_count"": 2441, ""max_B_t"": 64, ""max_K_t"": 8, ""mean_B_t"": 64.0, ""mean_K_t"": 8.0, ""min_B_t"": 64, ""min_K_t"": 8, ""selector_time_seconds"": 1.0199209385318682}",capd_selector_B_to_K,/home/likc/Q-former-for-OS/outputs/checkpoints/finals_v3_official/stage4_reranker/canneal/seed_2026/qmap_best.pth,4a671675ec82b1ca34048d7a68d7e7553ac0d92a18c503c6401a64a5e18e4024,qmap/qmap_eval.py --config /home/likc/Q-former-for-OS/dataset/jsonl/finals_v3_official/canneal/B64/resolved_config.json --selector_params /home/likc/Q-former-for-OS/dataset/jsonl/finals_v3_official/canneal/B64/selector_params.json --policy qmap --checkpoint /home/likc/Q-former-for-OS/outputs/checkpoints/finals_v3_official/stage4_reranker/canneal/seed_2026/qmap_best.pth --json_output /home/likc/Q-former-for-OS/outputs/results/finals_v3_official/stage5_main/raw/canneal/qmap/seed_2026.json,fc42c1a0a7575301beb59e1bb9f65ece8034be5033b5733022c6547000b89322,CAPD-MIC-1.0,"{""dram_read_cost"": 1.0, ""dram_write_cost"": 1.0, ""migration_cost"": 10.0, ""nvm_read_cost"": 2.0, ""nvm_write_cost"": 8.0}",fd9f3359900bdf868d9e985f967428aa6588c79b6d4944d08864b09cfbc51589,capd_finals_v3_official_data_v1,5986f7d63d4b81da33feb24a9c6a7d3db51c339d421e1322d4f80b7bc3249bdb,2441,,8.25093362480402,none,64,empty,"{""B"": 64, ""D"": 64, ""H"": 10, ""Hc"": 256, ""K"": 8, ""L"": 256, ""Lres"": 256, ""approx_ndcg_alpha"": 10.0, ""artifact_class"": ""official"", ""contract_id"": ""CAPD-MIC-1.0"", ""dirty_demotion_nvm_write"": ""none"", ""dram_initial_state"": ""empty"", ""first_touch_accounting"": ""nvm_access"", ""initial_residency"": ""all_trace_pages_in_nvm"", ""lru_direction"": ""oldest_is_one"", ""nvm_capacity_pages"": null, ""page_oov"": ""unk"", ""page_state_dim"": 4, ""page_vocab_fit"": ""train_only"", ""pc_oov"": ""unk"", ""pc_vocab_fit"": ""train_only"", ""position_encoding"": ""sinusoidal"", ""run_profile"": ""official"", ""schema_version"": ""capd_finals_v3_0"", ""selector_recall_tie"": ""any_hit"", ""shared_page_embedding"": true, ""tail_policy"": ""drop_incomplete_window"", ""trace_page_backing"": ""all_trace_pages"", ""training_scope"": ""per_workload"", ""validation_guard_accesses"": 256, ""validation_holdout_fraction"": 0.2, ""validation_strategy"": ""independent_valid_trace""}",nvm_access,2bd07f29a639d54db5180b57651842ce95dd3014,0.987475,98.7475,197495,all_trace_pages_in_nvm,2441,2505,2026,qmap,,2489,16,qmap,0,0.0,0,,official,2026,COMPLETED,capd_finals_v3_0,48e4758012a2987ecf8a5dc7ea8c1b477eed1aed079f74f7205e7a576b430d97,/home/likc/Q-former-for-OS/dataset/jsonl/finals_v3_official/canneal/B64/selector_params.json,33ee5f0f77966a23dfad7b07a1b50779a849fe27ed2da0a0d13b1a3adbb74686,"{""test"": ""3a5ecb35b4aec98a8fb470483ce0427d4da21ede1e3af387d9b7d61bccf6138e"", ""train"": ""4a98f01a328d2d86b680fde62818163ceb2403392f59676210ea22989c3b773f"", ""valid"": ""2805d4cf2a4d5d2051a0db3baf6ded3abf7d720f82eae3071f0746f4fcaee142""}",,,3a5ecb35b4aec98a8fb470483ce0427d4da21ede1e3af387d9b7d61bccf6138e,False,,200000,all_trace_pages,dataset/processed/finals_v3_official/canneal/test.csv,227011.0,canneal,canneal
official,0.0012567065012324835,64,,,"{""avg_selector_time_ms"": 0.0, ""decision_count"": 0, ""max_B_t"": 0, ""max_K_t"": 0, ""mean_B_t"": 0.0, ""mean_K_t"": 0.0, ""min_B_t"": 0, ""min_K_t"": 0, ""selector_time_seconds"": 0.0}",full_dram,,,qmap/qmap_eval.py --config /home/likc/Q-former-for-OS/dataset/jsonl/finals_v3_official/canneal/B64/resolved_config.json --policy random --stage5_replay_seed 0 --json_output /home/likc/Q-former-for-OS/outputs/results/finals_v3_official/stage5_main/raw/canneal/random/seed_0.json,fc42c1a0a7575301beb59e1bb9f65ece8034be5033b5733022c6547000b89322,CAPD-MIC-1.0,"{""dram_read_cost"": 1.0, ""dram_write_cost"": 1.0, ""migration_cost"": 10.0, ""nvm_read_cost"": 2.0, ""nvm_write_cost"": 8.0}",fd9f3359900bdf868d9e985f967428aa6588c79b6d4944d08864b09cfbc51589,capd_finals_v3_official_data_v1,5986f7d63d4b81da33feb24a9c6a7d3db51c339d421e1322d4f80b7bc3249bdb,4053,,0.005093431449495256,none,64,empty,"{""B"": 64, ""D"": 64, ""H"": 10, ""Hc"": 256, ""K"": 8, ""L"": 256, ""Lres"": 256, ""approx_ndcg_alpha"": 10.0, ""artifact_class"": ""official"", ""contract_id"": ""CAPD-MIC-1.0"", ""dirty_demotion_nvm_write"": ""none"", ""dram_initial_state"": ""empty"", ""first_touch_accounting"": ""nvm_access"", ""initial_residency"": ""all_trace_pages_in_nvm"", ""lru_direction"": ""oldest_is_one"", ""nvm_capacity_pages"": null, ""page_oov"": ""unk"", ""page_state_dim"": 4, ""page_vocab_fit"": ""train_only"", ""pc_oov"": ""unk"", ""pc_vocab_fit"": ""train_only"", ""position_encoding"": ""sinusoidal"", ""run_profile"": ""official"", ""schema_version"": ""capd_finals_v3_0"", ""selector_recall_tie"": ""any_hit"", ""shared_page_embedding"": true, ""tail_policy"": ""drop_incomplete_window"", ""trace_page_backing"": ""all_trace_pages"", ""training_scope"": ""per_workload"", ""validation_guard_accesses"": 256, ""validation_holdout_fraction"": 0.2, ""validation_strategy"": ""independent_valid_trace""}",nvm_access,2bd07f29a639d54db5180b57651842ce95dd3014,0.979415,97.9415,195883,all_trace_pages_in_nvm,4053,4117,,random,,4019,98,random,0,0.0,0,,official,0,COMPLETED,capd_finals_v3_0,,,33ee5f0f77966a23dfad7b07a1b50779a849fe27ed2da0a0d13b1a3adbb74686,"{""test"": ""3a5ecb35b4aec98a8fb470483ce0427d4da21ede1e3af387d9b7d61bccf6138e"", ""train"": ""4a98f01a328d2d86b680fde62818163ceb2403392f59676210ea22989c3b773f"", ""valid"": ""2805d4cf2a4d5d2051a0db3baf6ded3abf7d720f82eae3071f0746f4fcaee142""}",,,3a5ecb35b4aec98a8fb470483ce0427d4da21ede1e3af387d9b7d61bccf6138e,False,,200000,all_trace_pages,dataset/processed/finals_v3_official/canneal/test.csv,245235.0,canneal,canneal
official,0.0012618184494883817,64,,,"{""avg_selector_time_ms"": 0.0, ""decision_count"": 0, ""max_B_t"": 0, ""max_K_t"": 0, ""mean_B_t"": 0.0, ""mean_K_t"": 0.0, ""min_B_t"": 0, ""min_K_t"": 0, ""selector_time_seconds"": 0.0}",full_dram,,,qmap/qmap_eval.py --config /home/likc/Q-former-for-OS/dataset/jsonl/finals_v3_official/canneal/B64/resolved_config.json --policy random --stage5_replay_seed 1 --json_output /home/likc/Q-former-for-OS/outputs/results/finals_v3_official/stage5_main/raw/canneal/random/seed_1.json,fc42c1a0a7575301beb59e1bb9f65ece8034be5033b5733022c6547000b89322,CAPD-MIC-1.0,"{""dram_read_cost"": 1.0, ""dram_write_cost"": 1.0, ""migration_cost"": 10.0, ""nvm_read_cost"": 2.0, ""nvm_write_cost"": 8.0}",fd9f3359900bdf868d9e985f967428aa6588c79b6d4944d08864b09cfbc51589,capd_finals_v3_official_data_v1,5986f7d63d4b81da33feb24a9c6a7d3db51c339d421e1322d4f80b7bc3249bdb,4045,,0.005104055628180504,none,64,empty,"{""B"": 64, ""D"": 64, ""H"": 10, ""Hc"": 256, ""K"": 8, ""L"": 256, ""Lres"": 256, ""approx_ndcg_alpha"": 10.0, ""artifact_class"": ""official"", ""contract_id"": ""CAPD-MIC-1.0"", ""dirty_demotion_nvm_write"": ""none"", ""dram_initial_state"": ""empty"", ""first_touch_accounting"": ""nvm_access"", ""initial_residency"": ""all_trace_pages_in_nvm"", ""lru_direction"": ""oldest_is_one"", ""nvm_capacity_pages"": null, ""page_oov"": ""unk"", ""page_state_dim"": 4, ""page_vocab_fit"": ""train_only"", ""pc_oov"": ""unk"", ""pc_vocab_fit"": ""train_only"", ""position_encoding"": ""sinusoidal"", ""run_profile"": ""official"", ""schema_version"": ""capd_finals_v3_0"", ""selector_recall_tie"": ""any_hit"", ""shared_page_embedding"": true, ""tail_policy"": ""drop_incomplete_window"", ""trace_page_backing"": ""all_trace_pages"", ""training_scope"": ""per_workload"", ""validation_guard_accesses"": 256, ""validation_holdout_fraction"": 0.2, ""validation_strategy"": ""independent_valid_trace""}",nvm_access,2bd07f29a639d54db5180b57651842ce95dd3014,0.979455,97.9455,195891,all_trace_pages_in_nvm,4045,4109,,random,,4005,104,random,0,0.0,1,,official,1,COMPLETED,capd_finals_v3_0,,,33ee5f0f77966a23dfad7b07a1b50779a849fe27ed2da0a0d13b1a3adbb74686,"{""test"": ""3a5ecb35b4aec98a8fb470483ce0427d4da21ede1e3af387d9b7d61bccf6138e"", ""train"": ""4a98f01a328d2d86b680fde62818163ceb2403392f59676210ea22989c3b773f"", ""valid"": ""2805d4cf2a4d5d2051a0db3baf6ded3abf7d720f82eae3071f0746f4fcaee142""}",,,3a5ecb35b4aec98a8fb470483ce0427d4da21ede1e3af387d9b7d61bccf6138e,False,,200000,all_trace_pages,dataset/processed/finals_v3_official/canneal/test.csv,245183.0,canneal,canneal
official,0.0013857440171077546,64,,,"{""avg_selector_time_ms"": 0.0, ""decision_count"": 0, ""max_B_t"": 0, ""max_K_t"": 0, ""mean_B_t"": 0.0, ""mean_K_t"": 0.0, ""min_B_t"": 0, ""min_K_t"": 0, ""selector_time_seconds"": 0.0}",full_dram,,,qmap/qmap_eval.py --config /home/likc/Q-former-for-OS/dataset/jsonl/finals_v3_official/canneal/B64/resolved_config.json --policy random --stage5_replay_seed 2 --json_output /home/likc/Q-former-for-OS/outputs/results/finals_v3_official/stage5_main/raw/canneal/random/seed_2.json,fc42c1a0a7575301beb59e1bb9f65ece8034be5033b5733022c6547000b89322,CAPD-MIC-1.0,"{""dram_read_cost"": 1.0, ""dram_write_cost"": 1.0, ""migration_cost"": 10.0, ""nvm_read_cost"": 2.0, ""nvm_write_cost"": 8.0}",fd9f3359900bdf868d9e985f967428aa6588c79b6d4944d08864b09cfbc51589,capd_finals_v3_official_data_v1,5986f7d63d4b81da33feb24a9c6a7d3db51c339d421e1322d4f80b7bc3249bdb,4058,,0.005623349221423268,none,64,empty,"{""B"": 64, ""D"": 64, ""H"": 10, ""Hc"": 256, ""K"": 8, ""L"": 256, ""Lres"": 256, ""approx_ndcg_alpha"": 10.0, ""artifact_class"": ""official"", ""contract_id"": ""CAPD-MIC-1.0"", ""dirty_demotion_nvm_write"": ""none"", ""dram_initial_state"": ""empty"", ""first_touch_accounting"": ""nvm_access"", ""initial_residency"": ""all_trace_pages_in_nvm"", ""lru_direction"": ""oldest_is_one"", ""nvm_capacity_pages"": null, ""page_oov"": ""unk"", ""page_state_dim"": 4, ""page_vocab_fit"": ""train_only"", ""pc_oov"": ""unk"", ""pc_vocab_fit"": ""train_only"", ""position_encoding"": ""sinusoidal"", ""run_profile"": ""official"", ""schema_version"": ""capd_finals_v3_0"", ""selector_recall_tie"": ""any_hit"", ""shared_page_embedding"": true, ""tail_policy"": ""drop_incomplete_window"", ""trace_page_backing"": ""all_trace_pages"", ""training_scope"": ""per_workload"", ""validation_guard_accesses"": 256, ""validation_holdout_fraction"": 0.2, ""validation_strategy"": ""independent_valid_trace""}",nvm_access,2bd07f29a639d54db5180b57651842ce95dd3014,0.97939,97.939,195878,all_trace_pages_in_nvm,4058,4122,,random,,4024,98,random,0,0.0,2,,official,2,COMPLETED,capd_finals_v3_0,,,33ee5f0f77966a23dfad7b07a1b50779a849fe27ed2da0a0d13b1a3adbb74686,"{""test"": ""3a5ecb35b4aec98a8fb470483ce0427d4da21ede1e3af387d9b7d61bccf6138e"", ""train"": ""4a98f01a328d2d86b680fde62818163ceb2403392f59676210ea22989c3b773f"", ""valid"": ""2805d4cf2a4d5d2051a0db3baf6ded3abf7d720f82eae3071f0746f4fcaee142""}",,,3a5ecb35b4aec98a8fb470483ce0427d4da21ede1e3af387d9b7d61bccf6138e,False,,200000,all_trace_pages,dataset/processed/finals_v3_official/canneal/test.csv,245290.0,canneal,canneal
official,0.0003038326416022404,64,,,"{""avg_selector_time_ms"": 0.0, ""decision_count"": 0, ""max_B_t"": 0, ""max_K_t"": 0, ""mean_B_t"": 0.0, ""mean_K_t"": 0.0, ""min_B_t"": 0, ""min_K_t"": 0, ""selector_time_seconds"": 0.0}",full_dram,,,qmap/qmap_eval.py --config /home/likc/Q-former-for-OS/dataset/jsonl/finals_v3_official/canneal/B64/resolved_config.json --policy lru --json_output /home/likc/Q-former-for-OS/outputs/results/finals_v3_official/stage5_main/raw/canneal/lru/run.json,fc42c1a0a7575301beb59e1bb9f65ece8034be5033b5733022c6547000b89322,CAPD-MIC-1.0,"{""dram_read_cost"": 1.0, ""dram_write_cost"": 1.0, ""migration_cost"": 10.0, ""nvm_read_cost"": 2.0, ""nvm_write_cost"": 8.0}",fd9f3359900bdf868d9e985f967428aa6588c79b6d4944d08864b09cfbc51589,capd_finals_v3_official_data_v1,5986f7d63d4b81da33feb24a9c6a7d3db51c339d421e1322d4f80b7bc3249bdb,2462,,0.0007480359636247158,none,64,empty,"{""B"": 64, ""D"": 64, ""H"": 10, ""Hc"": 256, ""K"": 8, ""L"": 256, ""Lres"": 256, ""approx_ndcg_alpha"": 10.0, ""artifact_class"": ""official"", ""contract_id"": ""CAPD-MIC-1.0"", ""dirty_demotion_nvm_write"": ""none"", ""dram_initial_state"": ""empty"", ""first_touch_accounting"": ""nvm_access"", ""initial_residency"": ""all_trace_pages_in_nvm"", ""lru_direction"": ""oldest_is_one"", ""nvm_capacity_pages"": null, ""page_oov"": ""unk"", ""page_state_dim"": 4, ""page_vocab_fit"": ""train_only"", ""pc_oov"": ""unk"", ""pc_vocab_fit"": ""train_only"", ""position_encoding"": ""sinusoidal"", ""run_profile"": ""official"", ""schema_version"": ""capd_finals_v3_0"", ""selector_recall_tie"": ""any_hit"", ""shared_page_embedding"": true, ""tail_policy"": ""drop_incomplete_window"", ""trace_page_backing"": ""all_trace_pages"", ""training_scope"": ""per_workload"", ""validation_guard_accesses"": 256, ""validation_holdout_fraction"": 0.2, ""validation_strategy"": ""independent_valid_trace""}",nvm_access,2bd07f29a639d54db5180b57651842ce95dd3014,0.98737,98.737,197474,all_trace_pages_in_nvm,2462,2526,,lru,,2510,16,lru,0,0.0,0,,official,0,COMPLETED,capd_finals_v3_0,,,33ee5f0f77966a23dfad7b07a1b50779a849fe27ed2da0a0d13b1a3adbb74686,"{""test"": ""3a5ecb35b4aec98a8fb470483ce0427d4da21ede1e3af387d9b7d61bccf6138e"", ""train"": ""4a98f01a328d2d86b680fde62818163ceb2403392f59676210ea22989c3b773f"", ""valid"": ""2805d4cf2a4d5d2051a0db3baf6ded3abf7d720f82eae3071f0746f4fcaee142""}",,,3a5ecb35b4aec98a8fb470483ce0427d4da21ede1e3af387d9b7d61bccf6138e,False,,200000,all_trace_pages,dataset/processed/finals_v3_official/canneal/test.csv,227242.0,canneal,canneal
official,0.020483272334065203,64,,,"{""avg_selector_time_ms"": 0.0, ""decision_count"": 0, ""max_B_t"": 0, ""max_K_t"": 0, ""mean_B_t"": 0.0, ""mean_K_t"": 0.0, ""min_B_t"": 0, ""min_K_t"": 0, ""selector_time_seconds"": 0.0}",full_dram,,,qmap/qmap_eval.py --config /home/likc/Q-former-for-OS/dataset/jsonl/finals_v3_official/canneal/B64/resolved_config.json --policy lfu --json_output /home/likc/Q-former-for-OS/outputs/results/finals_v3_official/stage5_main/raw/canneal/lfu/run.json,fc42c1a0a7575301beb59e1bb9f65ece8034be5033b5733022c6547000b89322,CAPD-MIC-1.0,"{""dram_read_cost"": 1.0, ""dram_write_cost"": 1.0, ""migration_cost"": 10.0, ""nvm_read_cost"": 2.0, ""nvm_write_cost"": 8.0}",fd9f3359900bdf868d9e985f967428aa6588c79b6d4944d08864b09cfbc51589,capd_finals_v3_official_data_v1,5986f7d63d4b81da33feb24a9c6a7d3db51c339d421e1322d4f80b7bc3249bdb,5687,,0.11648836976382881,none,64,empty,"{""B"": 64, ""D"": 64, ""H"": 10, ""Hc"": 256, ""K"": 8, ""L"": 256, ""Lres"": 256, ""approx_ndcg_alpha"": 10.0, ""artifact_class"": ""official"", ""contract_id"": ""CAPD-MIC-1.0"", ""dirty_demotion_nvm_write"": ""none"", ""dram_initial_state"": ""empty"", ""first_touch_accounting"": ""nvm_access"", ""initial_residency"": ""all_trace_pages_in_nvm"", ""lru_direction"": ""oldest_is_one"", ""nvm_capacity_pages"": null, ""page_oov"": ""unk"", ""page_state_dim"": 4, ""page_vocab_fit"": ""train_only"", ""pc_oov"": ""unk"", ""pc_vocab_fit"": ""train_only"", ""position_encoding"": ""sinusoidal"", ""run_profile"": ""official"", ""schema_version"": ""capd_finals_v3_0"", ""selector_recall_tie"": ""any_hit"", ""shared_page_embedding"": true, ""tail_policy"": ""drop_incomplete_window"", ""trace_page_backing"": ""all_trace_pages"", ""training_scope"": ""per_workload"", ""validation_guard_accesses"": 256, ""validation_holdout_fraction"": 0.2, ""validation_strategy"": ""independent_valid_trace""}",nvm_access,2bd07f29a639d54db5180b57651842ce95dd3014,0.971245,97.1245,194249,all_trace_pages_in_nvm,5687,5751,,lfu,,5089,662,lfu,0,0.0,0,,official,0,COMPLETED,capd_finals_v3_0,,,33ee5f0f77966a23dfad7b07a1b50779a849fe27ed2da0a0d13b1a3adbb74686,"{""test"": ""3a5ecb35b4aec98a8fb470483ce0427d4da21ede1e3af387d9b7d61bccf6138e"", ""train"": ""4a98f01a328d2d86b680fde62818163ceb2403392f59676210ea22989c3b773f"", ""valid"": ""2805d4cf2a4d5d2051a0db3baf6ded3abf7d720f82eae3071f0746f4fcaee142""}",,,3a5ecb35b4aec98a8fb470483ce0427d4da21ede1e3af387d9b7d61bccf6138e,False,,200000,all_trace_pages,dataset/processed/finals_v3_official/canneal/test.csv,266593.0,canneal,canneal
official,0.0015361877158284187,64,,,"{""avg_selector_time_ms"": 0.0, ""decision_count"": 0, ""max_B_t"": 0, ""max_K_t"": 0, ""mean_B_t"": 0.0, ""mean_K_t"": 0.0, ""min_B_t"": 0, ""min_K_t"": 0, ""selector_time_seconds"": 0.0}",full_dram,,,qmap/qmap_eval.py --config /home/likc/Q-former-for-OS/dataset/jsonl/finals_v3_official/canneal/B64/resolved_config.json --policy clock --json_output /home/likc/Q-former-for-OS/outputs/results/finals_v3_official/stage5_main/raw/canneal/clock/run.json,fc42c1a0a7575301beb59e1bb9f65ece8034be5033b5733022c6547000b89322,CAPD-MIC-1.0,"{""dram_read_cost"": 1.0, ""dram_write_cost"": 1.0, ""migration_cost"": 10.0, ""nvm_read_cost"": 2.0, ""nvm_write_cost"": 8.0}",fd9f3359900bdf868d9e985f967428aa6588c79b6d4944d08864b09cfbc51589,capd_finals_v3_official_data_v1,5986f7d63d4b81da33feb24a9c6a7d3db51c339d421e1322d4f80b7bc3249bdb,3000,,0.004608563147485256,none,64,empty,"{""B"": 64, ""D"": 64, ""H"": 10, ""Hc"": 256, ""K"": 8, ""L"": 256, ""Lres"": 256, ""approx_ndcg_alpha"": 10.0, ""artifact_class"": ""official"", ""contract_id"": ""CAPD-MIC-1.0"", ""dirty_demotion_nvm_write"": ""none"", ""dram_initial_state"": ""empty"", ""first_touch_accounting"": ""nvm_access"", ""initial_residency"": ""all_trace_pages_in_nvm"", ""lru_direction"": ""oldest_is_one"", ""nvm_capacity_pages"": null, ""page_oov"": ""unk"", ""page_state_dim"": 4, ""page_vocab_fit"": ""train_only"", ""pc_oov"": ""unk"", ""pc_vocab_fit"": ""train_only"", ""position_encoding"": ""sinusoidal"", ""run_profile"": ""official"", ""schema_version"": ""capd_finals_v3_0"", ""selector_recall_tie"": ""any_hit"", ""shared_page_embedding"": true, ""tail_policy"": ""drop_incomplete_window"", ""trace_page_backing"": ""all_trace_pages"", ""training_scope"": ""per_workload"", ""validation_guard_accesses"": 256, ""validation_holdout_fraction"": 0.2, ""validation_strategy"": ""independent_valid_trace""}",nvm_access,2bd07f29a639d54db5180b57651842ce95dd3014,0.98468,98.468,196936,all_trace_pages_in_nvm,3000,3064,,clock,,3043,21,clock,0,0.0,0,,official,0,COMPLETED,capd_finals_v3_0,,,33ee5f0f77966a23dfad7b07a1b50779a849fe27ed2da0a0d13b1a3adbb74686,"{""test"": ""3a5ecb35b4aec98a8fb470483ce0427d4da21ede1e3af387d9b7d61bccf6138e"", ""train"": ""4a98f01a328d2d86b680fde62818163ceb2403392f59676210ea22989c3b773f"", ""valid"": ""2805d4cf2a4d5d2051a0db3baf6ded3abf7d720f82eae3071f0746f4fcaee142""}",,,3a5ecb35b4aec98a8fb470483ce0427d4da21ede1e3af387d9b7d61bccf6138e,False,,200000,all_trace_pages,dataset/processed/finals_v3_official/canneal/test.csv,233190.0,canneal,canneal
official,3.3840182807418544,8,valid_trace,"{""EndToEndRecall@K"": 1.0, ""NRegret"": 0.0, ""PoolRecall@B"": 1.0, ""SelectorRecall@K"": 1.0, ""TieCoverage@K"": 0.13847586671977324}","{""avg_selector_time_ms"": 0.4186477471723659, ""decision_count"": 2778, ""max_B_t"": 64, ""max_K_t"": 8, ""mean_B_t"": 64.0, ""mean_K_t"": 8.0, ""min_B_t"": 64, ""min_K_t"": 8, ""selector_time_seconds"": 1.1630034416448325}",capd_selector_B_to_K,/home/likc/Q-former-for-OS/outputs/checkpoints/finals_v3_official/stage4_reranker/streamcluster_pressure/seed_3136859/qmap_best.pth,70e0e8339de2197e6869c162583719ae84a94380403ab6fba2f182ced4c7d08a,qmap/qmap_eval.py --config /home/likc/Q-former-for-OS/dataset/jsonl/finals_v3_official/streamcluster_pressure/B64/resolved_config.json --selector_params /home/likc/Q-former-for-OS/dataset/jsonl/finals_v3_official/streamcluster_pressure/B64/selector_params.json --policy qmap --checkpoint /home/likc/Q-former-for-OS/outputs/checkpoints/finals_v3_official/stage4_reranker/streamcluster_pressure/seed_3136859/qmap_best.pth --json_output /home/likc/Q-former-for-OS/outputs/results/finals_v3_official/stage5_main/raw/streamcluster_pressure/qmap/seed_3136859.json,44a24bbe43a14f19162882f7251adae9ef4f4a920781bb1cad567814035f4b40,CAPD-MIC-1.0,"{""dram_read_cost"": 1.0, ""dram_write_cost"": 1.0, ""migration_cost"": 10.0, ""nvm_read_cost"": 2.0, ""nvm_write_cost"": 8.0}",fd9f3359900bdf868d9e985f967428aa6588c79b6d4944d08864b09cfbc51589,capd_finals_v3_official_data_v1,2b31c00b19945884a09cc6fc8f3d451aad73f0d03b98a350ef540960609ea2c4,2778,,9.400802783900872,none,64,empty,"{""B"": 64, ""D"": 64, ""H"": 10, ""Hc"": 256, ""K"": 8, ""L"": 256, ""Lres"": 256, ""approx_ndcg_alpha"": 10.0, ""artifact_class"": ""official"", ""contract_id"": ""CAPD-MIC-1.0"", ""dirty_demotion_nvm_write"": ""none"", ""dram_initial_state"": ""empty"", ""first_touch_accounting"": ""nvm_access"", ""initial_residency"": ""all_trace_pages_in_nvm"", ""lru_direction"": ""oldest_is_one"", ""nvm_capacity_pages"": null, ""page_oov"": ""unk"", ""page_state_dim"": 4, ""page_vocab_fit"": ""train_only"", ""pc_oov"": ""unk"", ""pc_vocab_fit"": ""train_only"", ""position_encoding"": ""sinusoidal"", ""run_profile"": ""official"", ""schema_version"": ""capd_finals_v3_0"", ""selector_recall_tie"": ""any_hit"", ""shared_page_embedding"": true, ""tail_policy"": ""drop_incomplete_window"", ""trace_page_backing"": ""all_trace_pages"", ""training_scope"": ""per_workload"", ""validation_guard_accesses"": 256, ""validation_holdout_fraction"": 0.2, ""validation_strategy"": ""independent_valid_trace""}",nvm_access,2bd07f29a639d54db5180b57651842ce95dd3014,0.98579,98.57900000000001,197158,all_trace_pages_in_nvm,2778,2842,3136859,qmap,,2841,1,qmap,0,0.0,0,,official,3136859,COMPLETED,capd_finals_v3_0,243d0494246e8a1dd9ef36cf5e1d290b2772c2ee0b919b20d7d86ea0d43925b8,/home/likc/Q-former-for-OS/dataset/jsonl/finals_v3_official/streamcluster_pressure/B64/selector_params.json,d12c5e2507c333421709ab37c1d555e50426674e3853c88759c2d44237c70235,"{""test"": ""7620aef325310ef88b78b935ed6818bba5f6c0cfdadf624f1f9aad9570ac62d7"", ""train"": ""a04bbff36eccb0091d933efd69a390c150114d67bc6644f3dbdf0991897f252d"", ""valid"": ""e7d875df6e1247bd71320d4b9e1c3e2a3e029a33dce94ad109d8289342951774""}",,,7620aef325310ef88b78b935ed6818bba5f6c0cfdadf624f1f9aad9570ac62d7,False,,200000,all_trace_pages,dataset/processed/finals_v3_official/streamcluster_pressure/test.csv,230628.0,streamcluster_pressure,streamcluster_pressure
official,3.4262033144536423,8,valid_trace,"{""EndToEndRecall@K"": 1.0, ""NRegret"": 0.0, ""PoolRecall@B"": 1.0, ""SelectorRecall@K"": 1.0, ""TieCoverage@K"": 0.13847586671977324}","{""avg_selector_time_ms"": 0.40953334282964327, ""decision_count"": 2778, ""max_B_t"": 64, ""max_K_t"": 8, ""mean_B_t"": 64.0, ""mean_K_t"": 8.0, ""min_B_t"": 64, ""min_K_t"": 8, ""selector_time_seconds"": 1.137683626380749}",capd_selector_B_to_K,/home/likc/Q-former-for-OS/outputs/checkpoints/finals_v3_official/stage4_reranker/streamcluster_pressure/seed_42/qmap_best.pth,73ba79a6be5d1581436a0edb8790b890602b23f19914134e1b417da3e9affd79,qmap/qmap_eval.py --config /home/likc/Q-former-for-OS/dataset/jsonl/finals_v3_official/streamcluster_pressure/B64/resolved_config.json --selector_params /home/likc/Q-former-for-OS/dataset/jsonl/finals_v3_official/streamcluster_pressure/B64/selector_params.json --policy qmap --checkpoint /home/likc/Q-former-for-OS/outputs/checkpoints/finals_v3_official/stage4_reranker/streamcluster_pressure/seed_42/qmap_best.pth --json_output /home/likc/Q-former-for-OS/outputs/results/finals_v3_official/stage5_main/raw/streamcluster_pressure/qmap/seed_42.json,44a24bbe43a14f19162882f7251adae9ef4f4a920781bb1cad567814035f4b40,CAPD-MIC-1.0,"{""dram_read_cost"": 1.0, ""dram_write_cost"": 1.0, ""migration_cost"": 10.0, ""nvm_read_cost"": 2.0, ""nvm_write_cost"": 8.0}",fd9f3359900bdf868d9e985f967428aa6588c79b6d4944d08864b09cfbc51589,capd_finals_v3_official_data_v1,2b31c00b19945884a09cc6fc8f3d451aad73f0d03b98a350ef540960609ea2c4,2778,,9.517992807552218,none,64,empty,"{""B"": 64, ""D"": 64, ""H"": 10, ""Hc"": 256, ""K"": 8, ""L"": 256, ""Lres"": 256, ""approx_ndcg_alpha"": 10.0, ""artifact_class"": ""official"", ""contract_id"": ""CAPD-MIC-1.0"", ""dirty_demotion_nvm_write"": ""none"", ""dram_initial_state"": ""empty"", ""first_touch_accounting"": ""nvm_access"", ""initial_residency"": ""all_trace_pages_in_nvm"", ""lru_direction"": ""oldest_is_one"", ""nvm_capacity_pages"": null, ""page_oov"": ""unk"", ""page_state_dim"": 4, ""page_vocab_fit"": ""train_only"", ""pc_oov"": ""unk"", ""pc_vocab_fit"": ""train_only"", ""position_encoding"": ""sinusoidal"", ""run_profile"": ""official"", ""schema_version"": ""capd_finals_v3_0"", ""selector_recall_tie"": ""any_hit"", ""shared_page_embedding"": true, ""tail_policy"": ""drop_incomplete_window"", ""trace_page_backing"": ""all_trace_pages"", ""training_scope"": ""per_workload"", ""validation_guard_accesses"": 256, ""validation_holdout_fraction"": 0.2, ""validation_strategy"": ""independent_valid_trace""}",nvm_access,2bd07f29a639d54db5180b57651842ce95dd3014,0.98579,98.57900000000001,197158,all_trace_pages_in_nvm,2778,2842,42,qmap,,2841,1,qmap,0,0.0,0,,official,42,COMPLETED,capd_finals_v3_0,243d0494246e8a1dd9ef36cf5e1d290b2772c2ee0b919b20d7d86ea0d43925b8,/home/likc/Q-former-for-OS/dataset/jsonl/finals_v3_official/streamcluster_pressure/B64/selector_params.json,d12c5e2507c333421709ab37c1d555e50426674e3853c88759c2d44237c70235,"{""test"": ""7620aef325310ef88b78b935ed6818bba5f6c0cfdadf624f1f9aad9570ac62d7"", ""train"": ""a04bbff36eccb0091d933efd69a390c150114d67bc6644f3dbdf0991897f252d"", ""valid"": ""e7d875df6e1247bd71320d4b9e1c3e2a3e029a33dce94ad109d8289342951774""}",,,7620aef325310ef88b78b935ed6818bba5f6c0cfdadf624f1f9aad9570ac62d7,False,,200000,all_trace_pages,dataset/processed/finals_v3_official/streamcluster_pressure/test.csv,230628.0,streamcluster_pressure,streamcluster_pressure
official,3.396278490963452,8,valid_trace,"{""EndToEndRecall@K"": 1.0, ""NRegret"": 0.0, ""PoolRecall@B"": 1.0, ""SelectorRecall@K"": 1.0, ""TieCoverage@K"": 0.13847586671977324}","{""avg_selector_time_ms"": 0.417884300143409, ""decision_count"": 2778, ""max_B_t"": 64, ""max_K_t"": 8, ""mean_B_t"": 64.0, ""mean_K_t"": 8.0, ""min_B_t"": 64, ""min_K_t"": 8, ""selector_time_seconds"": 1.1608825857983902}",capd_selector_B_to_K,/home/likc/Q-former-for-OS/outputs/checkpoints/finals_v3_official/stage4_reranker/streamcluster_pressure/seed_2026/qmap_best.pth,580bfef20093ee3103af46780017c4e4c7aee00e6b59f0c1c3c9086c80a42157,qmap/qmap_eval.py --config /home/likc/Q-former-for-OS/dataset/jsonl/finals_v3_official/streamcluster_pressure/B64/resolved_config.json --selector_params /home/likc/Q-former-for-OS/dataset/jsonl/finals_v3_official/streamcluster_pressure/B64/selector_params.json --policy qmap --checkpoint /home/likc/Q-former-for-OS/outputs/checkpoints/finals_v3_official/stage4_reranker/streamcluster_pressure/seed_2026/qmap_best.pth --json_output /home/likc/Q-former-for-OS/outputs/results/finals_v3_official/stage5_main/raw/streamcluster_pressure/qmap/seed_2026.json,44a24bbe43a14f19162882f7251adae9ef4f4a920781bb1cad567814035f4b40,CAPD-MIC-1.0,"{""dram_read_cost"": 1.0, ""dram_write_cost"": 1.0, ""migration_cost"": 10.0, ""nvm_read_cost"": 2.0, ""nvm_write_cost"": 8.0}",fd9f3359900bdf868d9e985f967428aa6588c79b6d4944d08864b09cfbc51589,capd_finals_v3_official_data_v1,2b31c00b19945884a09cc6fc8f3d451aad73f0d03b98a350ef540960609ea2c4,2778,,9.434861647896469,none,64,empty,"{""B"": 64, ""D"": 64, ""H"": 10, ""Hc"": 256, ""K"": 8, ""L"": 256, ""Lres"": 256, ""approx_ndcg_alpha"": 10.0, ""artifact_class"": ""official"", ""contract_id"": ""CAPD-MIC-1.0"", ""dirty_demotion_nvm_write"": ""none"", ""dram_initial_state"": ""empty"", ""first_touch_accounting"": ""nvm_access"", ""initial_residency"": ""all_trace_pages_in_nvm"", ""lru_direction"": ""oldest_is_one"", ""nvm_capacity_pages"": null, ""page_oov"": ""unk"", ""page_state_dim"": 4, ""page_vocab_fit"": ""train_only"", ""pc_oov"": ""unk"", ""pc_vocab_fit"": ""train_only"", ""position_encoding"": ""sinusoidal"", ""run_profile"": ""official"", ""schema_version"": ""capd_finals_v3_0"", ""selector_recall_tie"": ""any_hit"", ""shared_page_embedding"": true, ""tail_policy"": ""drop_incomplete_window"", ""trace_page_backing"": ""all_trace_pages"", ""training_scope"": ""per_workload"", ""validation_guard_accesses"": 256, ""validation_holdout_fraction"": 0.2, ""validation_strategy"": ""independent_valid_trace""}",nvm_access,2bd07f29a639d54db5180b57651842ce95dd3014,0.98579,98.57900000000001,197158,all_trace_pages_in_nvm,2778,2842,2026,qmap,,2841,1,qmap,0,0.0,0,,official,2026,COMPLETED,capd_finals_v3_0,243d0494246e8a1dd9ef36cf5e1d290b2772c2ee0b919b20d7d86ea0d43925b8,/home/likc/Q-former-for-OS/dataset/jsonl/finals_v3_official/streamcluster_pressure/B64/selector_params.json,d12c5e2507c333421709ab37c1d555e50426674e3853c88759c2d44237c70235,"{""test"": ""7620aef325310ef88b78b935ed6818bba5f6c0cfdadf624f1f9aad9570ac62d7"", ""train"": ""a04bbff36eccb0091d933efd69a390c150114d67bc6644f3dbdf0991897f252d"", ""valid"": ""e7d875df6e1247bd71320d4b9e1c3e2a3e029a33dce94ad109d8289342951774""}",,,7620aef325310ef88b78b935ed6818bba5f6c0cfdadf624f1f9aad9570ac62d7,False,,200000,all_trace_pages,dataset/processed/finals_v3_official/streamcluster_pressure/test.csv,230628.0,streamcluster_pressure,streamcluster_pressure
official,0.001261234536204254,64,,,"{""avg_selector_time_ms"": 0.0, ""decision_count"": 0, ""max_B_t"": 0, ""max_K_t"": 0, ""mean_B_t"": 0.0, ""mean_K_t"": 0.0, ""min_B_t"": 0, ""min_K_t"": 0, ""selector_time_seconds"": 0.0}",full_dram,,,qmap/qmap_eval.py --config /home/likc/Q-former-for-OS/dataset/jsonl/finals_v3_official/streamcluster_pressure/B64/resolved_config.json --policy random --stage5_replay_seed 0 --json_output /home/likc/Q-former-for-OS/outputs/results/finals_v3_official/stage5_main/raw/streamcluster_pressure/random/seed_0.json,44a24bbe43a14f19162882f7251adae9ef4f4a920781bb1cad567814035f4b40,CAPD-MIC-1.0,"{""dram_read_cost"": 1.0, ""dram_write_cost"": 1.0, ""migration_cost"": 10.0, ""nvm_read_cost"": 2.0, ""nvm_write_cost"": 8.0}",fd9f3359900bdf868d9e985f967428aa6588c79b6d4944d08864b09cfbc51589,capd_finals_v3_official_data_v1,2b31c00b19945884a09cc6fc8f3d451aad73f0d03b98a350ef540960609ea2c4,3482,,0.004391618655063212,none,64,empty,"{""B"": 64, ""D"": 64, ""H"": 10, ""Hc"": 256, ""K"": 8, ""L"": 256, ""Lres"": 256, ""approx_ndcg_alpha"": 10.0, ""artifact_class"": ""official"", ""contract_id"": ""CAPD-MIC-1.0"", ""dirty_demotion_nvm_write"": ""none"", ""dram_initial_state"": ""empty"", ""first_touch_accounting"": ""nvm_access"", ""initial_residency"": ""all_trace_pages_in_nvm"", ""lru_direction"": ""oldest_is_one"", ""nvm_capacity_pages"": null, ""page_oov"": ""unk"", ""page_state_dim"": 4, ""page_vocab_fit"": ""train_only"", ""pc_oov"": ""unk"", ""pc_vocab_fit"": ""train_only"", ""position_encoding"": ""sinusoidal"", ""run_profile"": ""official"", ""schema_version"": ""capd_finals_v3_0"", ""selector_recall_tie"": ""any_hit"", ""shared_page_embedding"": true, ""tail_policy"": ""drop_incomplete_window"", ""trace_page_backing"": ""all_trace_pages"", ""training_scope"": ""per_workload"", ""validation_guard_accesses"": 256, ""validation_holdout_fraction"": 0.2, ""validation_strategy"": ""independent_valid_trace""}",nvm_access,2bd07f29a639d54db5180b57651842ce95dd3014,0.98227,98.227,196454,all_trace_pages_in_nvm,3482,3546,,random,,3515,31,random,0,0.0,0,,official,0,COMPLETED,capd_finals_v3_0,,,d12c5e2507c333421709ab37c1d555e50426674e3853c88759c2d44237c70235,"{""test"": ""7620aef325310ef88b78b935ed6818bba5f6c0cfdadf624f1f9aad9570ac62d7"", ""train"": ""a04bbff36eccb0091d933efd69a390c150114d67bc6644f3dbdf0991897f252d"", ""valid"": ""e7d875df6e1247bd71320d4b9e1c3e2a3e029a33dce94ad109d8289342951774""}",,,7620aef325310ef88b78b935ed6818bba5f6c0cfdadf624f1f9aad9570ac62d7,False,,200000,all_trace_pages,dataset/processed/finals_v3_official/streamcluster_pressure/test.csv,238552.0,streamcluster_pressure,streamcluster_pressure
official,0.0012815065789394653,64,,,"{""avg_selector_time_ms"": 0.0, ""decision_count"": 0, ""max_B_t"": 0, ""max_K_t"": 0, ""mean_B_t"": 0.0, ""mean_K_t"": 0.0, ""min_B_t"": 0, ""min_K_t"": 0, ""selector_time_seconds"": 0.0}",full_dram,,,qmap/qmap_eval.py --config /home/likc/Q-former-for-OS/dataset/jsonl/finals_v3_official/streamcluster_pressure/B64/resolved_config.json --policy random --stage5_replay_seed 1 --json_output /home/likc/Q-former-for-OS/outputs/results/finals_v3_official/stage5_main/raw/streamcluster_pressure/random/seed_1.json,44a24bbe43a14f19162882f7251adae9ef4f4a920781bb1cad567814035f4b40,CAPD-MIC-1.0,"{""dram_read_cost"": 1.0, ""dram_write_cost"": 1.0, ""migration_cost"": 10.0, ""nvm_read_cost"": 2.0, ""nvm_write_cost"": 8.0}",fd9f3359900bdf868d9e985f967428aa6588c79b6d4944d08864b09cfbc51589,capd_finals_v3_official_data_v1,2b31c00b19945884a09cc6fc8f3d451aad73f0d03b98a350ef540960609ea2c4,3432,,0.004398130578920245,none,64,empty,"{""B"": 64, ""D"": 64, ""H"": 10, ""Hc"": 256, ""K"": 8, ""L"": 256, ""Lres"": 256, ""approx_ndcg_alpha"": 10.0, ""artifact_class"": ""official"", ""contract_id"": ""CAPD-MIC-1.0"", ""dirty_demotion_nvm_write"": ""none"", ""dram_initial_state"": ""empty"", ""first_touch_accounting"": ""nvm_access"", ""initial_residency"": ""all_trace_pages_in_nvm"", ""lru_direction"": ""oldest_is_one"", ""nvm_capacity_pages"": null, ""page_oov"": ""unk"", ""page_state_dim"": 4, ""page_vocab_fit"": ""train_only"", ""pc_oov"": ""unk"", ""pc_vocab_fit"": ""train_only"", ""position_encoding"": ""sinusoidal"", ""run_profile"": ""official"", ""schema_version"": ""capd_finals_v3_0"", ""selector_recall_tie"": ""any_hit"", ""shared_page_embedding"": true, ""tail_policy"": ""drop_incomplete_window"", ""trace_page_backing"": ""all_trace_pages"", ""training_scope"": ""per_workload"", ""validation_guard_accesses"": 256, ""validation_holdout_fraction"": 0.2, ""validation_strategy"": ""independent_valid_trace""}",nvm_access,2bd07f29a639d54db5180b57651842ce95dd3014,0.98252,98.252,196504,all_trace_pages_in_nvm,3432,3496,,random,,3461,35,random,0,0.0,1,,official,1,COMPLETED,capd_finals_v3_0,,,d12c5e2507c333421709ab37c1d555e50426674e3853c88759c2d44237c70235,"{""test"": ""7620aef325310ef88b78b935ed6818bba5f6c0cfdadf624f1f9aad9570ac62d7"", ""train"": ""a04bbff36eccb0091d933efd69a390c150114d67bc6644f3dbdf0991897f252d"", ""valid"": ""e7d875df6e1247bd71320d4b9e1c3e2a3e029a33dce94ad109d8289342951774""}",,,7620aef325310ef88b78b935ed6818bba5f6c0cfdadf624f1f9aad9570ac62d7,False,,200000,all_trace_pages,dataset/processed/finals_v3_official/streamcluster_pressure/test.csv,238026.0,streamcluster_pressure,streamcluster_pressure
official,0.0013136558802974312,64,,,"{""avg_selector_time_ms"": 0.0, ""decision_count"": 0, ""max_B_t"": 0, ""max_K_t"": 0, ""mean_B_t"": 0.0, ""mean_K_t"": 0.0, ""min_B_t"": 0, ""min_K_t"": 0, ""selector_time_seconds"": 0.0}",full_dram,,,qmap/qmap_eval.py --config /home/likc/Q-former-for-OS/dataset/jsonl/finals_v3_official/streamcluster_pressure/B64/resolved_config.json --policy random --stage5_replay_seed 2 --json_output /home/likc/Q-former-for-OS/outputs/results/finals_v3_official/stage5_main/raw/streamcluster_pressure/random/seed_2.json,44a24bbe43a14f19162882f7251adae9ef4f4a920781bb1cad567814035f4b40,CAPD-MIC-1.0,"{""dram_read_cost"": 1.0, ""dram_write_cost"": 1.0, ""migration_cost"": 10.0, ""nvm_read_cost"": 2.0, ""nvm_write_cost"": 8.0}",fd9f3359900bdf868d9e985f967428aa6588c79b6d4944d08864b09cfbc51589,capd_finals_v3_official_data_v1,2b31c00b19945884a09cc6fc8f3d451aad73f0d03b98a350ef540960609ea2c4,3494,,0.004589913645759225,none,64,empty,"{""B"": 64, ""D"": 64, ""H"": 10, ""Hc"": 256, ""K"": 8, ""L"": 256, ""Lres"": 256, ""approx_ndcg_alpha"": 10.0, ""artifact_class"": ""official"", ""contract_id"": ""CAPD-MIC-1.0"", ""dirty_demotion_nvm_write"": ""none"", ""dram_initial_state"": ""empty"", ""first_touch_accounting"": ""nvm_access"", ""initial_residency"": ""all_trace_pages_in_nvm"", ""lru_direction"": ""oldest_is_one"", ""nvm_capacity_pages"": null, ""page_oov"": ""unk"", ""page_state_dim"": 4, ""page_vocab_fit"": ""train_only"", ""pc_oov"": ""unk"", ""pc_vocab_fit"": ""train_only"", ""position_encoding"": ""sinusoidal"", ""run_profile"": ""official"", ""schema_version"": ""capd_finals_v3_0"", ""selector_recall_tie"": ""any_hit"", ""shared_page_embedding"": true, ""tail_policy"": ""drop_incomplete_window"", ""trace_page_backing"": ""all_trace_pages"", ""training_scope"": ""per_workload"", ""validation_guard_accesses"": 256, ""validation_holdout_fraction"": 0.2, ""validation_strategy"": ""independent_valid_trace""}",nvm_access,2bd07f29a639d54db5180b57651842ce95dd3014,0.98221,98.221,196442,all_trace_pages_in_nvm,3494,3558,,random,,3518,40,random,0,0.0,2,,official,2,COMPLETED,capd_finals_v3_0,,,d12c5e2507c333421709ab37c1d555e50426674e3853c88759c2d44237c70235,"{""test"": ""7620aef325310ef88b78b935ed6818bba5f6c0cfdadf624f1f9aad9570ac62d7"", ""train"": ""a04bbff36eccb0091d933efd69a390c150114d67bc6644f3dbdf0991897f252d"", ""valid"": ""e7d875df6e1247bd71320d4b9e1c3e2a3e029a33dce94ad109d8289342951774""}",,,7620aef325310ef88b78b935ed6818bba5f6c0cfdadf624f1f9aad9570ac62d7,False,,200000,all_trace_pages,dataset/processed/finals_v3_official/streamcluster_pressure/test.csv,238738.0,streamcluster_pressure,streamcluster_pressure
official,0.00036854782655578236,64,,,"{""avg_selector_time_ms"": 0.0, ""decision_count"": 0, ""max_B_t"": 0, ""max_K_t"": 0, ""mean_B_t"": 0.0, ""mean_K_t"": 0.0, ""min_B_t"": 0, ""min_K_t"": 0, ""selector_time_seconds"": 0.0}",full_dram,,,qmap/qmap_eval.py --config /home/likc/Q-former-for-OS/dataset/jsonl/finals_v3_official/streamcluster_pressure/B64/resolved_config.json --policy lru --json_output /home/likc/Q-former-for-OS/outputs/results/finals_v3_official/stage5_main/raw/streamcluster_pressure/lru/run.json,44a24bbe43a14f19162882f7251adae9ef4f4a920781bb1cad567814035f4b40,CAPD-MIC-1.0,"{""dram_read_cost"": 1.0, ""dram_write_cost"": 1.0, ""migration_cost"": 10.0, ""nvm_read_cost"": 2.0, ""nvm_write_cost"": 8.0}",fd9f3359900bdf868d9e985f967428aa6588c79b6d4944d08864b09cfbc51589,capd_finals_v3_official_data_v1,2b31c00b19945884a09cc6fc8f3d451aad73f0d03b98a350ef540960609ea2c4,2900,,0.0010687886970117688,none,64,empty,"{""B"": 64, ""D"": 64, ""H"": 10, ""Hc"": 256, ""K"": 8, ""L"": 256, ""Lres"": 256, ""approx_ndcg_alpha"": 10.0, ""artifact_class"": ""official"", ""contract_id"": ""CAPD-MIC-1.0"", ""dirty_demotion_nvm_write"": ""none"", ""dram_initial_state"": ""empty"", ""first_touch_accounting"": ""nvm_access"", ""initial_residency"": ""all_trace_pages_in_nvm"", ""lru_direction"": ""oldest_is_one"", ""nvm_capacity_pages"": null, ""page_oov"": ""unk"", ""page_state_dim"": 4, ""page_vocab_fit"": ""train_only"", ""pc_oov"": ""unk"", ""pc_vocab_fit"": ""train_only"", ""position_encoding"": ""sinusoidal"", ""run_profile"": ""official"", ""schema_version"": ""capd_finals_v3_0"", ""selector_recall_tie"": ""any_hit"", ""shared_page_embedding"": true, ""tail_policy"": ""drop_incomplete_window"", ""trace_page_backing"": ""all_trace_pages"", ""training_scope"": ""per_workload"", ""validation_guard_accesses"": 256, ""validation_holdout_fraction"": 0.2, ""validation_strategy"": ""independent_valid_trace""}",nvm_access,2bd07f29a639d54db5180b57651842ce95dd3014,0.98518,98.518,197036,all_trace_pages_in_nvm,2900,2964,,lru,,2942,22,lru,0,0.0,0,,official,0,COMPLETED,capd_finals_v3_0,,,d12c5e2507c333421709ab37c1d555e50426674e3853c88759c2d44237c70235,"{""test"": ""7620aef325310ef88b78b935ed6818bba5f6c0cfdadf624f1f9aad9570ac62d7"", ""train"": ""a04bbff36eccb0091d933efd69a390c150114d67bc6644f3dbdf0991897f252d"", ""valid"": ""e7d875df6e1247bd71320d4b9e1c3e2a3e029a33dce94ad109d8289342951774""}",,,7620aef325310ef88b78b935ed6818bba5f6c0cfdadf624f1f9aad9570ac62d7,False,,200000,all_trace_pages,dataset/processed/finals_v3_official/streamcluster_pressure/test.csv,232096.0,streamcluster_pressure,streamcluster_pressure
official,0.02317920209747081,64,,,"{""avg_selector_time_ms"": 0.0, ""decision_count"": 0, ""max_B_t"": 0, ""max_K_t"": 0, ""mean_B_t"": 0.0, ""mean_K_t"": 0.0, ""min_B_t"": 0, ""min_K_t"": 0, ""selector_time_seconds"": 0.0}",full_dram,,,qmap/qmap_eval.py --config /home/likc/Q-former-for-OS/dataset/jsonl/finals_v3_official/streamcluster_pressure/B64/resolved_config.json --policy lfu --json_output /home/likc/Q-former-for-OS/outputs/results/finals_v3_official/stage5_main/raw/streamcluster_pressure/lfu/run.json,44a24bbe43a14f19162882f7251adae9ef4f4a920781bb1cad567814035f4b40,CAPD-MIC-1.0,"{""dram_read_cost"": 1.0, ""dram_write_cost"": 1.0, ""migration_cost"": 10.0, ""nvm_read_cost"": 2.0, ""nvm_write_cost"": 8.0}",fd9f3359900bdf868d9e985f967428aa6588c79b6d4944d08864b09cfbc51589,capd_finals_v3_official_data_v1,2b31c00b19945884a09cc6fc8f3d451aad73f0d03b98a350ef540960609ea2c4,3410,,0.07904107915237546,none,64,empty,"{""B"": 64, ""D"": 64, ""H"": 10, ""Hc"": 256, ""K"": 8, ""L"": 256, ""Lres"": 256, ""approx_ndcg_alpha"": 10.0, ""artifact_class"": ""official"", ""contract_id"": ""CAPD-MIC-1.0"", ""dirty_demotion_nvm_write"": ""none"", ""dram_initial_state"": ""empty"", ""first_touch_accounting"": ""nvm_access"", ""initial_residency"": ""all_trace_pages_in_nvm"", ""lru_direction"": ""oldest_is_one"", ""nvm_capacity_pages"": null, ""page_oov"": ""unk"", ""page_state_dim"": 4, ""page_vocab_fit"": ""train_only"", ""pc_oov"": ""unk"", ""pc_vocab_fit"": ""train_only"", ""position_encoding"": ""sinusoidal"", ""run_profile"": ""official"", ""schema_version"": ""capd_finals_v3_0"", ""selector_recall_tie"": ""any_hit"", ""shared_page_embedding"": true, ""tail_policy"": ""drop_incomplete_window"", ""trace_page_backing"": ""all_trace_pages"", ""training_scope"": ""per_workload"", ""validation_guard_accesses"": 256, ""validation_holdout_fraction"": 0.2, ""validation_strategy"": ""independent_valid_trace""}",nvm_access,2bd07f29a639d54db5180b57651842ce95dd3014,0.98263,98.263,196526,all_trace_pages_in_nvm,3410,3474,,lfu,,3429,45,lfu,0,0.0,0,,official,0,COMPLETED,capd_finals_v3_0,,,d12c5e2507c333421709ab37c1d555e50426674e3853c88759c2d44237c70235,"{""test"": ""7620aef325310ef88b78b935ed6818bba5f6c0cfdadf624f1f9aad9570ac62d7"", ""train"": ""a04bbff36eccb0091d933efd69a390c150114d67bc6644f3dbdf0991897f252d"", ""valid"": ""e7d875df6e1247bd71320d4b9e1c3e2a3e029a33dce94ad109d8289342951774""}",,,7620aef325310ef88b78b935ed6818bba5f6c0cfdadf624f1f9aad9570ac62d7,False,,200000,all_trace_pages,dataset/processed/finals_v3_official/streamcluster_pressure/test.csv,237844.0,streamcluster_pressure,streamcluster_pressure
official,0.0014700384119910271,64,,,"{""avg_selector_time_ms"": 0.0, ""decision_count"": 0, ""max_B_t"": 0, ""max_K_t"": 0, ""mean_B_t"": 0.0, ""mean_K_t"": 0.0, ""min_B_t"": 0, ""min_K_t"": 0, ""selector_time_seconds"": 0.0}",full_dram,,,qmap/qmap_eval.py --config /home/likc/Q-former-for-OS/dataset/jsonl/finals_v3_official/streamcluster_pressure/B64/resolved_config.json --policy clock --json_output /home/likc/Q-former-for-OS/outputs/results/finals_v3_official/stage5_main/raw/streamcluster_pressure/clock/run.json,44a24bbe43a14f19162882f7251adae9ef4f4a920781bb1cad567814035f4b40,CAPD-MIC-1.0,"{""dram_read_cost"": 1.0, ""dram_write_cost"": 1.0, ""migration_cost"": 10.0, ""nvm_read_cost"": 2.0, ""nvm_write_cost"": 8.0}",fd9f3359900bdf868d9e985f967428aa6588c79b6d4944d08864b09cfbc51589,capd_finals_v3_official_data_v1,2b31c00b19945884a09cc6fc8f3d451aad73f0d03b98a350ef540960609ea2c4,3239,,0.004761454416438937,none,64,empty,"{""B"": 64, ""D"": 64, ""H"": 10, ""Hc"": 256, ""K"": 8, ""L"": 256, ""Lres"": 256, ""approx_ndcg_alpha"": 10.0, ""artifact_class"": ""official"", ""contract_id"": ""CAPD-MIC-1.0"", ""dirty_demotion_nvm_write"": ""none"", ""dram_initial_state"": ""empty"", ""first_touch_accounting"": ""nvm_access"", ""initial_residency"": ""all_trace_pages_in_nvm"", ""lru_direction"": ""oldest_is_one"", ""nvm_capacity_pages"": null, ""page_oov"": ""unk"", ""page_state_dim"": 4, ""page_vocab_fit"": ""train_only"", ""pc_oov"": ""unk"", ""pc_vocab_fit"": ""train_only"", ""position_encoding"": ""sinusoidal"", ""run_profile"": ""official"", ""schema_version"": ""capd_finals_v3_0"", ""selector_recall_tie"": ""any_hit"", ""shared_page_embedding"": true, ""tail_policy"": ""drop_incomplete_window"", ""trace_page_backing"": ""all_trace_pages"", ""training_scope"": ""per_workload"", ""validation_guard_accesses"": 256, ""validation_holdout_fraction"": 0.2, ""validation_strategy"": ""independent_valid_trace""}",nvm_access,2bd07f29a639d54db5180b57651842ce95dd3014,0.983485,98.3485,196697,all_trace_pages_in_nvm,3239,3303,,clock,,3270,33,clock,0,0.0,0,,official,0,COMPLETED,capd_finals_v3_0,,,d12c5e2507c333421709ab37c1d555e50426674e3853c88759c2d44237c70235,"{""test"": ""7620aef325310ef88b78b935ed6818bba5f6c0cfdadf624f1f9aad9570ac62d7"", ""train"": ""a04bbff36eccb0091d933efd69a390c150114d67bc6644f3dbdf0991897f252d"", ""valid"": ""e7d875df6e1247bd71320d4b9e1c3e2a3e029a33dce94ad109d8289342951774""}",,,7620aef325310ef88b78b935ed6818bba5f6c0cfdadf624f1f9aad9570ac62d7,False,,200000,all_trace_pages,dataset/processed/finals_v3_official/streamcluster_pressure/test.csv,235891.0,streamcluster_pressure,streamcluster_pressure
official,3.284168739348073,8,valid_trace,"{""EndToEndRecall@K"": 1.0, ""NRegret"": 0.0, ""PoolRecall@B"": 1.0, ""SelectorRecall@K"": 1.0, ""TieCoverage@K"": 0.1356329204762791}","{""avg_selector_time_ms"": 0.4148575090075389, ""decision_count"": 3295, ""max_B_t"": 64, ""max_K_t"": 8, ""mean_B_t"": 64.0, ""mean_K_t"": 8.0, ""min_B_t"": 64, ""min_K_t"": 8, ""selector_time_seconds"": 1.3669554921798408}",capd_selector_B_to_K,/home/likc/Q-former-for-OS/outputs/checkpoints/finals_v3_official/stage4_reranker/dedup_pressure/seed_3136859/qmap_best.pth,b75cb005d474130636333c3eba74bfe30733b34e0a4c1907d9420f5b33485c9a,qmap/qmap_eval.py --config /home/likc/Q-former-for-OS/dataset/jsonl/finals_v3_official/dedup_pressure/B64/resolved_config.json --selector_params /home/likc/Q-former-for-OS/dataset/jsonl/finals_v3_official/dedup_pressure/B64/selector_params.json --policy qmap --checkpoint /home/likc/Q-former-for-OS/outputs/checkpoints/finals_v3_official/stage4_reranker/dedup_pressure/seed_3136859/qmap_best.pth --json_output /home/likc/Q-former-for-OS/outputs/results/finals_v3_official/stage5_main/raw/dedup_pressure/qmap/seed_3136859.json,bb1f255f64fee0706bff0dbbdb45f712f1754d82f76b2f895663ea32ad62a816,CAPD-MIC-1.0,"{""dram_read_cost"": 1.0, ""dram_write_cost"": 1.0, ""migration_cost"": 10.0, ""nvm_read_cost"": 2.0, ""nvm_write_cost"": 8.0}",fd9f3359900bdf868d9e985f967428aa6588c79b6d4944d08864b09cfbc51589,capd_finals_v3_official_data_v1,d42012b4222091383fc3dfd7eb084dfe4c714512f067aaf7620d37dc844f4fa8,3295,,10.821335996151902,none,64,empty,"{""B"": 64, ""D"": 64, ""H"": 10, ""Hc"": 256, ""K"": 8, ""L"": 256, ""Lres"": 256, ""approx_ndcg_alpha"": 10.0, ""artifact_class"": ""official"", ""contract_id"": ""CAPD-MIC-1.0"", ""dirty_demotion_nvm_write"": ""none"", ""dram_initial_state"": ""empty"", ""first_touch_accounting"": ""nvm_access"", ""initial_residency"": ""all_trace_pages_in_nvm"", ""lru_direction"": ""oldest_is_one"", ""nvm_capacity_pages"": null, ""page_oov"": ""unk"", ""page_state_dim"": 4, ""page_vocab_fit"": ""train_only"", ""pc_oov"": ""unk"", ""pc_vocab_fit"": ""train_only"", ""position_encoding"": ""sinusoidal"", ""run_profile"": ""official"", ""schema_version"": ""capd_finals_v3_0"", ""selector_recall_tie"": ""any_hit"", ""shared_page_embedding"": true, ""tail_policy"": ""drop_incomplete_window"", ""trace_page_backing"": ""all_trace_pages"", ""training_scope"": ""per_workload"", ""validation_guard_accesses"": 256, ""validation_holdout_fraction"": 0.2, ""validation_strategy"": ""independent_valid_trace""}",nvm_access,2bd07f29a639d54db5180b57651842ce95dd3014,0.996641,99.6641,996641,all_trace_pages_in_nvm,3295,3359,3136859,qmap,,1818,1541,qmap,0,0.0,0,,official,3136859,COMPLETED,capd_finals_v3_0,7fe88114f67649e6810039d39682ccfa6ffd54ab5b28e2677b710d7a1b8298b2,/home/likc/Q-former-for-OS/dataset/jsonl/finals_v3_official/dedup_pressure/B64/selector_params.json,1c04935e3188eed4d2e7d6217b2e156253448b2967c26905353476190dd8f439,"{""test"": ""02290e3d22516bffdf9025b740c4c955b1021f9255f2a3f795835296b3bd1b3e"", ""train"": ""1c505939b9041ae4c0d3a6cb8fed653a45a42aab74a7b74f7d73f3d333b9f716"", ""valid"": ""19ea50b168cd601e3bb52e24f07102402cc7315b7f30895ff4ee0da1c8a931c8""}",,,02290e3d22516bffdf9025b740c4c955b1021f9255f2a3f795835296b3bd1b3e,False,,1000000,all_trace_pages,dataset/processed/finals_v3_official/dedup_pressure/test.csv,1045555.0,dedup_pressure,dedup_pressure
official,3.337425153462331,8,valid_trace,"{""EndToEndRecall@K"": 1.0, ""NRegret"": 0.0, ""PoolRecall@B"": 1.0, ""SelectorRecall@K"": 1.0, ""TieCoverage@K"": 0.1356329204762791}","{""avg_selector_time_ms"": 0.41773129631638406, ""decision_count"": 3269, ""max_B_t"": 64, ""max_K_t"": 8, ""mean_B_t"": 64.0, ""mean_K_t"": 8.0, ""min_B_t"": 64, ""min_K_t"": 8, ""selector_time_seconds"": 1.3655636076582596}",capd_selector_B_to_K,/home/likc/Q-former-for-OS/outputs/checkpoints/finals_v3_official/stage4_reranker/dedup_pressure/seed_42/qmap_best.pth,408dcc2696c0b32444738de254b3c210df23142746af63db1dc078ddb3959ca5,qmap/qmap_eval.py --config /home/likc/Q-former-for-OS/dataset/jsonl/finals_v3_official/dedup_pressure/B64/resolved_config.json --selector_params /home/likc/Q-former-for-OS/dataset/jsonl/finals_v3_official/dedup_pressure/B64/selector_params.json --policy qmap --checkpoint /home/likc/Q-former-for-OS/outputs/checkpoints/finals_v3_official/stage4_reranker/dedup_pressure/seed_42/qmap_best.pth --json_output /home/likc/Q-former-for-OS/outputs/results/finals_v3_official/stage5_main/raw/dedup_pressure/qmap/seed_42.json,bb1f255f64fee0706bff0dbbdb45f712f1754d82f76b2f895663ea32ad62a816,CAPD-MIC-1.0,"{""dram_read_cost"": 1.0, ""dram_write_cost"": 1.0, ""migration_cost"": 10.0, ""nvm_read_cost"": 2.0, ""nvm_write_cost"": 8.0}",fd9f3359900bdf868d9e985f967428aa6588c79b6d4944d08864b09cfbc51589,capd_finals_v3_official_data_v1,d42012b4222091383fc3dfd7eb084dfe4c714512f067aaf7620d37dc844f4fa8,3269,,10.91004282666836,none,64,empty,"{""B"": 64, ""D"": 64, ""H"": 10, ""Hc"": 256, ""K"": 8, ""L"": 256, ""Lres"": 256, ""approx_ndcg_alpha"": 10.0, ""artifact_class"": ""official"", ""contract_id"": ""CAPD-MIC-1.0"", ""dirty_demotion_nvm_write"": ""none"", ""dram_initial_state"": ""empty"", ""first_touch_accounting"": ""nvm_access"", ""initial_residency"": ""all_trace_pages_in_nvm"", ""lru_direction"": ""oldest_is_one"", ""nvm_capacity_pages"": null, ""page_oov"": ""unk"", ""page_state_dim"": 4, ""page_vocab_fit"": ""train_only"", ""pc_oov"": ""unk"", ""pc_vocab_fit"": ""train_only"", ""position_encoding"": ""sinusoidal"", ""run_profile"": ""official"", ""schema_version"": ""capd_finals_v3_0"", ""selector_recall_tie"": ""any_hit"", ""shared_page_embedding"": true, ""tail_policy"": ""drop_incomplete_window"", ""trace_page_backing"": ""all_trace_pages"", ""training_scope"": ""per_workload"", ""validation_guard_accesses"": 256, ""validation_holdout_fraction"": 0.2, ""validation_strategy"": ""independent_valid_trace""}",nvm_access,2bd07f29a639d54db5180b57651842ce95dd3014,0.996667,99.66669999999999,996667,all_trace_pages_in_nvm,3269,3333,42,qmap,,1791,1542,qmap,0,0.0,0,,official,42,COMPLETED,capd_finals_v3_0,7fe88114f67649e6810039d39682ccfa6ffd54ab5b28e2677b710d7a1b8298b2,/home/likc/Q-former-for-OS/dataset/jsonl/finals_v3_official/dedup_pressure/B64/selector_params.json,1c04935e3188eed4d2e7d6217b2e156253448b2967c26905353476190dd8f439,"{""test"": ""02290e3d22516bffdf9025b740c4c955b1021f9255f2a3f795835296b3bd1b3e"", ""train"": ""1c505939b9041ae4c0d3a6cb8fed653a45a42aab74a7b74f7d73f3d333b9f716"", ""valid"": ""19ea50b168cd601e3bb52e24f07102402cc7315b7f30895ff4ee0da1c8a931c8""}",,,02290e3d22516bffdf9025b740c4c955b1021f9255f2a3f795835296b3bd1b3e,False,,1000000,all_trace_pages,dataset/processed/finals_v3_official/dedup_pressure/test.csv,1045275.0,dedup_pressure,dedup_pressure
official,3.333439533101014,8,valid_trace,"{""EndToEndRecall@K"": 1.0, ""NRegret"": 0.0, ""PoolRecall@B"": 1.0, ""SelectorRecall@K"": 1.0, ""TieCoverage@K"": 0.1356329204762791}","{""avg_selector_time_ms"": 0.41607853442648296, ""decision_count"": 3284, ""max_B_t"": 64, ""max_K_t"": 8, ""mean_B_t"": 64.0, ""mean_K_t"": 8.0, ""min_B_t"": 64, ""min_K_t"": 8, ""selector_time_seconds"": 1.36640190705657}",capd_selector_B_to_K,/home/likc/Q-former-for-OS/outputs/checkpoints/finals_v3_official/stage4_reranker/dedup_pressure/seed_2026/qmap_best.pth,93867c303a8c980c9b9a3b263619ba98b24768d3852abf98807f41b036eee51f,qmap/qmap_eval.py --config /home/likc/Q-former-for-OS/dataset/jsonl/finals_v3_official/dedup_pressure/B64/resolved_config.json --selector_params /home/likc/Q-former-for-OS/dataset/jsonl/finals_v3_official/dedup_pressure/B64/selector_params.json --policy qmap --checkpoint /home/likc/Q-former-for-OS/outputs/checkpoints/finals_v3_official/stage4_reranker/dedup_pressure/seed_2026/qmap_best.pth --json_output /home/likc/Q-former-for-OS/outputs/results/finals_v3_official/stage5_main/raw/dedup_pressure/qmap/seed_2026.json,bb1f255f64fee0706bff0dbbdb45f712f1754d82f76b2f895663ea32ad62a816,CAPD-MIC-1.0,"{""dram_read_cost"": 1.0, ""dram_write_cost"": 1.0, ""migration_cost"": 10.0, ""nvm_read_cost"": 2.0, ""nvm_write_cost"": 8.0}",fd9f3359900bdf868d9e985f967428aa6588c79b6d4944d08864b09cfbc51589,capd_finals_v3_official_data_v1,d42012b4222091383fc3dfd7eb084dfe4c714512f067aaf7620d37dc844f4fa8,3284,,10.947015426703729,none,64,empty,"{""B"": 64, ""D"": 64, ""H"": 10, ""Hc"": 256, ""K"": 8, ""L"": 256, ""Lres"": 256, ""approx_ndcg_alpha"": 10.0, ""artifact_class"": ""official"", ""contract_id"": ""CAPD-MIC-1.0"", ""dirty_demotion_nvm_write"": ""none"", ""dram_initial_state"": ""empty"", ""first_touch_accounting"": ""nvm_access"", ""initial_residency"": ""all_trace_pages_in_nvm"", ""lru_direction"": ""oldest_is_one"", ""nvm_capacity_pages"": null, ""page_oov"": ""unk"", ""page_state_dim"": 4, ""page_vocab_fit"": ""train_only"", ""pc_oov"": ""unk"", ""pc_vocab_fit"": ""train_only"", ""position_encoding"": ""sinusoidal"", ""run_profile"": ""official"", ""schema_version"": ""capd_finals_v3_0"", ""selector_recall_tie"": ""any_hit"", ""shared_page_embedding"": true, ""tail_policy"": ""drop_incomplete_window"", ""trace_page_backing"": ""all_trace_pages"", ""training_scope"": ""per_workload"", ""validation_guard_accesses"": 256, ""validation_holdout_fraction"": 0.2, ""validation_strategy"": ""independent_valid_trace""}",nvm_access,2bd07f29a639d54db5180b57651842ce95dd3014,0.996652,99.6652,996652,all_trace_pages_in_nvm,3284,3348,2026,qmap,,1807,1541,qmap,0,0.0,0,,official,2026,COMPLETED,capd_finals_v3_0,7fe88114f67649e6810039d39682ccfa6ffd54ab5b28e2677b710d7a1b8298b2,/home/likc/Q-former-for-OS/dataset/jsonl/finals_v3_official/dedup_pressure/B64/selector_params.json,1c04935e3188eed4d2e7d6217b2e156253448b2967c26905353476190dd8f439,"{""test"": ""02290e3d22516bffdf9025b740c4c955b1021f9255f2a3f795835296b3bd1b3e"", ""train"": ""1c505939b9041ae4c0d3a6cb8fed653a45a42aab74a7b74f7d73f3d333b9f716"", ""valid"": ""19ea50b168cd601e3bb52e24f07102402cc7315b7f30895ff4ee0da1c8a931c8""}",,,02290e3d22516bffdf9025b740c4c955b1021f9255f2a3f795835296b3bd1b3e,False,,1000000,all_trace_pages,dataset/processed/finals_v3_official/dedup_pressure/test.csv,1045434.0,dedup_pressure,dedup_pressure
official,0.0013222419076050478,64,,,"{""avg_selector_time_ms"": 0.0, ""decision_count"": 0, ""max_B_t"": 0, ""max_K_t"": 0, ""mean_B_t"": 0.0, ""mean_K_t"": 0.0, ""min_B_t"": 0, ""min_K_t"": 0, ""selector_time_seconds"": 0.0}",full_dram,,,qmap/qmap_eval.py --config /home/likc/Q-former-for-OS/dataset/jsonl/finals_v3_official/dedup_pressure/B64/resolved_config.json --policy random --stage5_replay_seed 0 --json_output /home/likc/Q-former-for-OS/outputs/results/finals_v3_official/stage5_main/raw/dedup_pressure/random/seed_0.json,bb1f255f64fee0706bff0dbbdb45f712f1754d82f76b2f895663ea32ad62a816,CAPD-MIC-1.0,"{""dram_read_cost"": 1.0, ""dram_write_cost"": 1.0, ""migration_cost"": 10.0, ""nvm_read_cost"": 2.0, ""nvm_write_cost"": 8.0}",fd9f3359900bdf868d9e985f967428aa6588c79b6d4944d08864b09cfbc51589,capd_finals_v3_official_data_v1,d42012b4222091383fc3dfd7eb084dfe4c714512f067aaf7620d37dc844f4fa8,3544,,0.0046860253205522895,none,64,empty,"{""B"": 64, ""D"": 64, ""H"": 10, ""Hc"": 256, ""K"": 8, ""L"": 256, ""Lres"": 256, ""approx_ndcg_alpha"": 10.0, ""artifact_class"": ""official"", ""contract_id"": ""CAPD-MIC-1.0"", ""dirty_demotion_nvm_write"": ""none"", ""dram_initial_state"": ""empty"", ""first_touch_accounting"": ""nvm_access"", ""initial_residency"": ""all_trace_pages_in_nvm"", ""lru_direction"": ""oldest_is_one"", ""nvm_capacity_pages"": null, ""page_oov"": ""unk"", ""page_state_dim"": 4, ""page_vocab_fit"": ""train_only"", ""pc_oov"": ""unk"", ""pc_vocab_fit"": ""train_only"", ""position_encoding"": ""sinusoidal"", ""run_profile"": ""official"", ""schema_version"": ""capd_finals_v3_0"", ""selector_recall_tie"": ""any_hit"", ""shared_page_embedding"": true, ""tail_policy"": ""drop_incomplete_window"", ""trace_page_backing"": ""all_trace_pages"", ""training_scope"": ""per_workload"", ""validation_guard_accesses"": 256, ""validation_holdout_fraction"": 0.2, ""validation_strategy"": ""independent_valid_trace""}",nvm_access,2bd07f29a639d54db5180b57651842ce95dd3014,0.996392,99.6392,996392,all_trace_pages_in_nvm,3544,3608,,random,,1955,1653,random,0,0.0,0,,official,0,COMPLETED,capd_finals_v3_0,,,1c04935e3188eed4d2e7d6217b2e156253448b2967c26905353476190dd8f439,"{""test"": ""02290e3d22516bffdf9025b740c4c955b1021f9255f2a3f795835296b3bd1b3e"", ""train"": ""1c505939b9041ae4c0d3a6cb8fed653a45a42aab74a7b74f7d73f3d333b9f716"", ""valid"": ""19ea50b168cd601e3bb52e24f07102402cc7315b7f30895ff4ee0da1c8a931c8""}",,,02290e3d22516bffdf9025b740c4c955b1021f9255f2a3f795835296b3bd1b3e,False,,1000000,all_trace_pages,dataset/processed/finals_v3_official/dedup_pressure/test.csv,1048966.0,dedup_pressure,dedup_pressure
official,0.0013009038291957767,64,,,"{""avg_selector_time_ms"": 0.0, ""decision_count"": 0, ""max_B_t"": 0, ""max_K_t"": 0, ""mean_B_t"": 0.0, ""mean_K_t"": 0.0, ""min_B_t"": 0, ""min_K_t"": 0, ""selector_time_seconds"": 0.0}",full_dram,,,qmap/qmap_eval.py --config /home/likc/Q-former-for-OS/dataset/jsonl/finals_v3_official/dedup_pressure/B64/resolved_config.json --policy random --stage5_replay_seed 1 --json_output /home/likc/Q-former-for-OS/outputs/results/finals_v3_official/stage5_main/raw/dedup_pressure/random/seed_1.json,bb1f255f64fee0706bff0dbbdb45f712f1754d82f76b2f895663ea32ad62a816,CAPD-MIC-1.0,"{""dram_read_cost"": 1.0, ""dram_write_cost"": 1.0, ""migration_cost"": 10.0, ""nvm_read_cost"": 2.0, ""nvm_write_cost"": 8.0}",fd9f3359900bdf868d9e985f967428aa6588c79b6d4944d08864b09cfbc51589,capd_finals_v3_official_data_v1,d42012b4222091383fc3dfd7eb084dfe4c714512f067aaf7620d37dc844f4fa8,3543,,0.004609102266840637,none,64,empty,"{""B"": 64, ""D"": 64, ""H"": 10, ""Hc"": 256, ""K"": 8, ""L"": 256, ""Lres"": 256, ""approx_ndcg_alpha"": 10.0, ""artifact_class"": ""official"", ""contract_id"": ""CAPD-MIC-1.0"", ""dirty_demotion_nvm_write"": ""none"", ""dram_initial_state"": ""empty"", ""first_touch_accounting"": ""nvm_access"", ""initial_residency"": ""all_trace_pages_in_nvm"", ""lru_direction"": ""oldest_is_one"", ""nvm_capacity_pages"": null, ""page_oov"": ""unk"", ""page_state_dim"": 4, ""page_vocab_fit"": ""train_only"", ""pc_oov"": ""unk"", ""pc_vocab_fit"": ""train_only"", ""position_encoding"": ""sinusoidal"", ""run_profile"": ""official"", ""schema_version"": ""capd_finals_v3_0"", ""selector_recall_tie"": ""any_hit"", ""shared_page_embedding"": true, ""tail_policy"": ""drop_incomplete_window"", ""trace_page_backing"": ""all_trace_pages"", ""training_scope"": ""per_workload"", ""validation_guard_accesses"": 256, ""validation_holdout_fraction"": 0.2, ""validation_strategy"": ""independent_valid_trace""}",nvm_access,2bd07f29a639d54db5180b57651842ce95dd3014,0.996393,99.63929999999999,996393,all_trace_pages_in_nvm,3543,3607,,random,,1957,1650,random,0,0.0,1,,official,1,COMPLETED,capd_finals_v3_0,,,1c04935e3188eed4d2e7d6217b2e156253448b2967c26905353476190dd8f439,"{""test"": ""02290e3d22516bffdf9025b740c4c955b1021f9255f2a3f795835296b3bd1b3e"", ""train"": ""1c505939b9041ae4c0d3a6cb8fed653a45a42aab74a7b74f7d73f3d333b9f716"", ""valid"": ""19ea50b168cd601e3bb52e24f07102402cc7315b7f30895ff4ee0da1c8a931c8""}",,,02290e3d22516bffdf9025b740c4c955b1021f9255f2a3f795835296b3bd1b3e,False,,1000000,all_trace_pages,dataset/processed/finals_v3_official/dedup_pressure/test.csv,1048937.0,dedup_pressure,dedup_pressure
official,0.0013186881707505716,64,,,"{""avg_selector_time_ms"": 0.0, ""decision_count"": 0, ""max_B_t"": 0, ""max_K_t"": 0, ""mean_B_t"": 0.0, ""mean_K_t"": 0.0, ""min_B_t"": 0, ""min_K_t"": 0, ""selector_time_seconds"": 0.0}",full_dram,,,qmap/qmap_eval.py --config /home/likc/Q-former-for-OS/dataset/jsonl/finals_v3_official/dedup_pressure/B64/resolved_config.json --policy random --stage5_replay_seed 2 --json_output /home/likc/Q-former-for-OS/outputs/results/finals_v3_official/stage5_main/raw/dedup_pressure/random/seed_2.json,bb1f255f64fee0706bff0dbbdb45f712f1754d82f76b2f895663ea32ad62a816,CAPD-MIC-1.0,"{""dram_read_cost"": 1.0, ""dram_write_cost"": 1.0, ""migration_cost"": 10.0, ""nvm_read_cost"": 2.0, ""nvm_write_cost"": 8.0}",fd9f3359900bdf868d9e985f967428aa6588c79b6d4944d08864b09cfbc51589,capd_finals_v3_official_data_v1,d42012b4222091383fc3dfd7eb084dfe4c714512f067aaf7620d37dc844f4fa8,3545,,0.004674749565310776,none,64,empty,"{""B"": 64, ""D"": 64, ""H"": 10, ""Hc"": 256, ""K"": 8, ""L"": 256, ""Lres"": 256, ""approx_ndcg_alpha"": 10.0, ""artifact_class"": ""official"", ""contract_id"": ""CAPD-MIC-1.0"", ""dirty_demotion_nvm_write"": ""none"", ""dram_initial_state"": ""empty"", ""first_touch_accounting"": ""nvm_access"", ""initial_residency"": ""all_trace_pages_in_nvm"", ""lru_direction"": ""oldest_is_one"", ""nvm_capacity_pages"": null, ""page_oov"": ""unk"", ""page_state_dim"": 4, ""page_vocab_fit"": ""train_only"", ""pc_oov"": ""unk"", ""pc_vocab_fit"": ""train_only"", ""position_encoding"": ""sinusoidal"", ""run_profile"": ""official"", ""schema_version"": ""capd_finals_v3_0"", ""selector_recall_tie"": ""any_hit"", ""shared_page_embedding"": true, ""tail_policy"": ""drop_incomplete_window"", ""trace_page_backing"": ""all_trace_pages"", ""training_scope"": ""per_workload"", ""validation_guard_accesses"": 256, ""validation_holdout_fraction"": 0.2, ""validation_strategy"": ""independent_valid_trace""}",nvm_access,2bd07f29a639d54db5180b57651842ce95dd3014,0.996391,99.6391,996391,all_trace_pages_in_nvm,3545,3609,,random,,1936,1673,random,0,0.0,2,,official,2,COMPLETED,capd_finals_v3_0,,,1c04935e3188eed4d2e7d6217b2e156253448b2967c26905353476190dd8f439,"{""test"": ""02290e3d22516bffdf9025b740c4c955b1021f9255f2a3f795835296b3bd1b3e"", ""train"": ""1c505939b9041ae4c0d3a6cb8fed653a45a42aab74a7b74f7d73f3d333b9f716"", ""valid"": ""19ea50b168cd601e3bb52e24f07102402cc7315b7f30895ff4ee0da1c8a931c8""}",,,02290e3d22516bffdf9025b740c4c955b1021f9255f2a3f795835296b3bd1b3e,False,,1000000,all_trace_pages,dataset/processed/finals_v3_official/dedup_pressure/test.csv,1049097.0,dedup_pressure,dedup_pressure
official,0.00031069059687346246,64,,,"{""avg_selector_time_ms"": 0.0, ""decision_count"": 0, ""max_B_t"": 0, ""max_K_t"": 0, ""mean_B_t"": 0.0, ""mean_K_t"": 0.0, ""min_B_t"": 0, ""min_K_t"": 0, ""selector_time_seconds"": 0.0}",full_dram,,,qmap/qmap_eval.py --config /home/likc/Q-former-for-OS/dataset/jsonl/finals_v3_official/dedup_pressure/B64/resolved_config.json --policy lru --json_output /home/likc/Q-former-for-OS/outputs/results/finals_v3_official/stage5_main/raw/dedup_pressure/lru/run.json,bb1f255f64fee0706bff0dbbdb45f712f1754d82f76b2f895663ea32ad62a816,CAPD-MIC-1.0,"{""dram_read_cost"": 1.0, ""dram_write_cost"": 1.0, ""migration_cost"": 10.0, ""nvm_read_cost"": 2.0, ""nvm_write_cost"": 8.0}",fd9f3359900bdf868d9e985f967428aa6588c79b6d4944d08864b09cfbc51589,capd_finals_v3_official_data_v1,d42012b4222091383fc3dfd7eb084dfe4c714512f067aaf7620d37dc844f4fa8,3259,,0.0010125406552106142,none,64,empty,"{""B"": 64, ""D"": 64, ""H"": 10, ""Hc"": 256, ""K"": 8, ""L"": 256, ""Lres"": 256, ""approx_ndcg_alpha"": 10.0, ""artifact_class"": ""official"", ""contract_id"": ""CAPD-MIC-1.0"", ""dirty_demotion_nvm_write"": ""none"", ""dram_initial_state"": ""empty"", ""first_touch_accounting"": ""nvm_access"", ""initial_residency"": ""all_trace_pages_in_nvm"", ""lru_direction"": ""oldest_is_one"", ""nvm_capacity_pages"": null, ""page_oov"": ""unk"", ""page_state_dim"": 4, ""page_vocab_fit"": ""train_only"", ""pc_oov"": ""unk"", ""pc_vocab_fit"": ""train_only"", ""position_encoding"": ""sinusoidal"", ""run_profile"": ""official"", ""schema_version"": ""capd_finals_v3_0"", ""selector_recall_tie"": ""any_hit"", ""shared_page_embedding"": true, ""tail_policy"": ""drop_incomplete_window"", ""trace_page_backing"": ""all_trace_pages"", ""training_scope"": ""per_workload"", ""validation_guard_accesses"": 256, ""validation_holdout_fraction"": 0.2, ""validation_strategy"": ""independent_valid_trace""}",nvm_access,2bd07f29a639d54db5180b57651842ce95dd3014,0.996677,99.6677,996677,all_trace_pages_in_nvm,3259,3323,,lru,,1777,1546,lru,0,0.0,0,,official,0,COMPLETED,capd_finals_v3_0,,,1c04935e3188eed4d2e7d6217b2e156253448b2967c26905353476190dd8f439,"{""test"": ""02290e3d22516bffdf9025b740c4c955b1021f9255f2a3f795835296b3bd1b3e"", ""train"": ""1c505939b9041ae4c0d3a6cb8fed653a45a42aab74a7b74f7d73f3d333b9f716"", ""valid"": ""19ea50b168cd601e3bb52e24f07102402cc7315b7f30895ff4ee0da1c8a931c8""}",,,02290e3d22516bffdf9025b740c4c955b1021f9255f2a3f795835296b3bd1b3e,False,,1000000,all_trace_pages,dataset/processed/finals_v3_official/dedup_pressure/test.csv,1045189.0,dedup_pressure,dedup_pressure
official,0.02191095534666664,64,,,"{""avg_selector_time_ms"": 0.0, ""decision_count"": 0, ""max_B_t"": 0, ""max_K_t"": 0, ""mean_B_t"": 0.0, ""mean_K_t"": 0.0, ""min_B_t"": 0, ""min_K_t"": 0, ""selector_time_seconds"": 0.0}",full_dram,,,qmap/qmap_eval.py --config /home/likc/Q-former-for-OS/dataset/jsonl/finals_v3_official/dedup_pressure/B64/resolved_config.json --policy lfu --json_output /home/likc/Q-former-for-OS/outputs/results/finals_v3_official/stage5_main/raw/dedup_pressure/lfu/run.json,bb1f255f64fee0706bff0dbbdb45f712f1754d82f76b2f895663ea32ad62a816,CAPD-MIC-1.0,"{""dram_read_cost"": 1.0, ""dram_write_cost"": 1.0, ""migration_cost"": 10.0, ""nvm_read_cost"": 2.0, ""nvm_write_cost"": 8.0}",fd9f3359900bdf868d9e985f967428aa6588c79b6d4944d08864b09cfbc51589,capd_finals_v3_official_data_v1,d42012b4222091383fc3dfd7eb084dfe4c714512f067aaf7620d37dc844f4fa8,98193,,2.1515024383552372,none,64,empty,"{""B"": 64, ""D"": 64, ""H"": 10, ""Hc"": 256, ""K"": 8, ""L"": 256, ""Lres"": 256, ""approx_ndcg_alpha"": 10.0, ""artifact_class"": ""official"", ""contract_id"": ""CAPD-MIC-1.0"", ""dirty_demotion_nvm_write"": ""none"", ""dram_initial_state"": ""empty"", ""first_touch_accounting"": ""nvm_access"", ""initial_residency"": ""all_trace_pages_in_nvm"", ""lru_direction"": ""oldest_is_one"", ""nvm_capacity_pages"": null, ""page_oov"": ""unk"", ""page_state_dim"": 4, ""page_vocab_fit"": ""train_only"", ""pc_oov"": ""unk"", ""pc_vocab_fit"": ""train_only"", ""position_encoding"": ""sinusoidal"", ""run_profile"": ""official"", ""schema_version"": ""capd_finals_v3_0"", ""selector_recall_tie"": ""any_hit"", ""shared_page_embedding"": true, ""tail_policy"": ""drop_incomplete_window"", ""trace_page_backing"": ""all_trace_pages"", ""training_scope"": ""per_workload"", ""validation_guard_accesses"": 256, ""validation_holdout_fraction"": 0.2, ""validation_strategy"": ""independent_valid_trace""}",nvm_access,2bd07f29a639d54db5180b57651842ce95dd3014,0.901743,90.1743,901743,all_trace_pages_in_nvm,98193,98257,,lfu,,49593,48664,lfu,0,0.0,0,,official,0,COMPLETED,capd_finals_v3_0,,,1c04935e3188eed4d2e7d6217b2e156253448b2967c26905353476190dd8f439,"{""test"": ""02290e3d22516bffdf9025b740c4c955b1021f9255f2a3f795835296b3bd1b3e"", ""train"": ""1c505939b9041ae4c0d3a6cb8fed653a45a42aab74a7b74f7d73f3d333b9f716"", ""valid"": ""19ea50b168cd601e3bb52e24f07102402cc7315b7f30895ff4ee0da1c8a931c8""}",,,02290e3d22516bffdf9025b740c4c955b1021f9255f2a3f795835296b3bd1b3e,False,,1000000,all_trace_pages,dataset/processed/finals_v3_official/dedup_pressure/test.csv,2372171.0,dedup_pressure,dedup_pressure
official,0.0013782320866822502,64,,,"{""avg_selector_time_ms"": 0.0, ""decision_count"": 0, ""max_B_t"": 0, ""max_K_t"": 0, ""mean_B_t"": 0.0, ""mean_K_t"": 0.0, ""min_B_t"": 0, ""min_K_t"": 0, ""selector_time_seconds"": 0.0}",full_dram,,,qmap/qmap_eval.py --config /home/likc/Q-former-for-OS/dataset/jsonl/finals_v3_official/dedup_pressure/B64/resolved_config.json --policy clock --json_output /home/likc/Q-former-for-OS/outputs/results/finals_v3_official/stage5_main/raw/dedup_pressure/clock/run.json,bb1f255f64fee0706bff0dbbdb45f712f1754d82f76b2f895663ea32ad62a816,CAPD-MIC-1.0,"{""dram_read_cost"": 1.0, ""dram_write_cost"": 1.0, ""migration_cost"": 10.0, ""nvm_read_cost"": 2.0, ""nvm_write_cost"": 8.0}",fd9f3359900bdf868d9e985f967428aa6588c79b6d4944d08864b09cfbc51589,capd_finals_v3_official_data_v1,d42012b4222091383fc3dfd7eb084dfe4c714512f067aaf7620d37dc844f4fa8,3267,,0.004502684227190912,none,64,empty,"{""B"": 64, ""D"": 64, ""H"": 10, ""Hc"": 256, ""K"": 8, ""L"": 256, ""Lres"": 256, ""approx_ndcg_alpha"": 10.0, ""artifact_class"": ""official"", ""contract_id"": ""CAPD-MIC-1.0"", ""dirty_demotion_nvm_write"": ""none"", ""dram_initial_state"": ""empty"", ""first_touch_accounting"": ""nvm_access"", ""initial_residency"": ""all_trace_pages_in_nvm"", ""lru_direction"": ""oldest_is_one"", ""nvm_capacity_pages"": null, ""page_oov"": ""unk"", ""page_state_dim"": 4, ""page_vocab_fit"": ""train_only"", ""pc_oov"": ""unk"", ""pc_vocab_fit"": ""train_only"", ""position_encoding"": ""sinusoidal"", ""run_profile"": ""official"", ""schema_version"": ""capd_finals_v3_0"", ""selector_recall_tie"": ""any_hit"", ""shared_page_embedding"": true, ""tail_policy"": ""drop_incomplete_window"", ""trace_page_backing"": ""all_trace_pages"", ""training_scope"": ""per_workload"", ""validation_guard_accesses"": 256, ""validation_holdout_fraction"": 0.2, ""validation_strategy"": ""independent_valid_trace""}",nvm_access,2bd07f29a639d54db5180b57651842ce95dd3014,0.996669,99.6669,996669,all_trace_pages_in_nvm,3267,3331,,clock,,1781,1550,clock,0,0.0,0,,official,0,COMPLETED,capd_finals_v3_0,,,1c04935e3188eed4d2e7d6217b2e156253448b2967c26905353476190dd8f439,"{""test"": ""02290e3d22516bffdf9025b740c4c955b1021f9255f2a3f795835296b3bd1b3e"", ""train"": ""1c505939b9041ae4c0d3a6cb8fed653a45a42aab74a7b74f7d73f3d333b9f716"", ""valid"": ""19ea50b168cd601e3bb52e24f07102402cc7315b7f30895ff4ee0da1c8a931c8""}",,,02290e3d22516bffdf9025b740c4c955b1021f9255f2a3f795835296b3bd1b3e,False,,1000000,all_trace_pages,dataset/processed/finals_v3_official/dedup_pressure/test.csv,1045301.0,dedup_pressure,dedup_pressure
official,3.3433584892816812,8,valid_trace,"{""EndToEndRecall@K"": 1.0, ""NRegret"": 0.0, ""PoolRecall@B"": 1.0, ""SelectorRecall@K"": 1.0, ""TieCoverage@K"": 0.12520449787901278}","{""avg_selector_time_ms"": 0.39582907139545626, ""decision_count"": 1823, ""max_B_t"": 64, ""max_K_t"": 8, ""mean_B_t"": 64.0, ""mean_K_t"": 8.0, ""min_B_t"": 64, ""min_K_t"": 8, ""selector_time_seconds"": 0.7215963971539168}",capd_selector_B_to_K,/home/likc/Q-former-for-OS/outputs/checkpoints/finals_v3_official/stage6_capacity/capacity_D128/canneal/seed_3136859/qmap_best.pth,934cfbfc043463e60f0189c87774085f120175633f7a1d9d69bd6eb5e55ec25a,qmap/qmap_eval.py --config /home/likc/Q-former-for-OS/dataset/jsonl/finals_v3_official/stage6_capacity/capacity_D128/canneal/resolved_config.json --selector_params /home/likc/Q-former-for-OS/dataset/jsonl/finals_v3_official/stage6_capacity/capacity_D128/canneal/selector_params.json --policy qmap --checkpoint /home/likc/Q-former-for-OS/outputs/checkpoints/finals_v3_official/stage6_capacity/capacity_D128/canneal/seed_3136859/qmap_best.pth --json_output /home/likc/Q-former-for-OS/outputs/results/finals_v3_official/stage6_capacity/raw/capacity_D128/canneal/qmap/seed_3136859.json,023a93c0e32eef95b3883c6f0cee456d83b4c5dec57d7fed0418398e4c4b1952,CAPD-MIC-1.0,"{""dram_read_cost"": 1.0, ""dram_write_cost"": 1.0, ""migration_cost"": 10.0, ""nvm_read_cost"": 2.0, ""nvm_write_cost"": 8.0}",fd9f3359900bdf868d9e985f967428aa6588c79b6d4944d08864b09cfbc51589,capd_finals_v3_official_data_v1,5986f7d63d4b81da33feb24a9c6a7d3db51c339d421e1322d4f80b7bc3249bdb,1823,,6.094942525960505,none,128,empty,"{""B"": 64, ""D"": 128, ""H"": 10, ""Hc"": 256, ""K"": 8, ""L"": 256, ""Lres"": 256, ""approx_ndcg_alpha"": 10.0, ""artifact_class"": ""official"", ""contract_id"": ""CAPD-MIC-1.0"", ""dirty_demotion_nvm_write"": ""none"", ""dram_initial_state"": ""empty"", ""first_touch_accounting"": ""nvm_access"", ""initial_residency"": ""all_trace_pages_in_nvm"", ""lru_direction"": ""oldest_is_one"", ""nvm_capacity_pages"": null, ""page_oov"": ""unk"", ""page_state_dim"": 4, ""page_vocab_fit"": ""train_only"", ""pc_oov"": ""unk"", ""pc_vocab_fit"": ""train_only"", ""position_encoding"": ""sinusoidal"", ""run_profile"": ""official"", ""schema_version"": ""capd_finals_v3_0"", ""selector_recall_tie"": ""any_hit"", ""shared_page_embedding"": true, ""stage6_variant_family"": ""capacity_robustness"", ""stage6_variant_id"": ""capacity_D128"", ""tail_policy"": ""drop_incomplete_window"", ""trace_page_backing"": ""all_trace_pages"", ""training_scope"": ""per_workload"", ""validation_guard_accesses"": 256, ""validation_holdout_fraction"": 0.2, ""validation_strategy"": ""independent_valid_trace""}",nvm_access,2bd07f29a639d54db5180b57651842ce95dd3014,0.990245,99.0245,198049,all_trace_pages_in_nvm,1823,1951,3136859,,,1936,15,qmap,0,0.0,0,6.832459772005677,official,,COMPLETED,capd_finals_v3_0,f850a94bada05403c10f5afbc913aba147a5a763edead5e8102a6ed64bd04d66,/home/likc/Q-former-for-OS/dataset/jsonl/finals_v3_official/stage6_capacity/capacity_D128/canneal/selector_params.json,33ee5f0f77966a23dfad7b07a1b50779a849fe27ed2da0a0d13b1a3adbb74686,"{""test"": ""3a5ecb35b4aec98a8fb470483ce0427d4da21ede1e3af387d9b7d61bccf6138e"", ""train"": ""4a98f01a328d2d86b680fde62818163ceb2403392f59676210ea22989c3b773f"", ""valid"": ""2805d4cf2a4d5d2051a0db3baf6ded3abf7d720f82eae3071f0746f4fcaee142""}","{""family"": ""capacity_robustness"", ""only_difference"": ""only DRAM capacity D changes from 64 to 128"", ""retrain_required"": true, ""source_stage"": ""stage6"", ""test_used_for_selection"": false, ""variant_id"": ""capacity_D128""}",capacity_D128,3a5ecb35b4aec98a8fb470483ce0427d4da21ede1e3af387d9b7d61bccf6138e,False,29272.034768422756,200000,all_trace_pages,dataset/processed/finals_v3_official/canneal/test.csv,220271.0,canneal,canneal
official,3.3669642867478786,8,valid_trace,"{""EndToEndRecall@K"": 1.0, ""NRegret"": 0.0, ""PoolRecall@B"": 1.0, ""SelectorRecall@K"": 1.0, ""TieCoverage@K"": 0.12520449787901278}","{""avg_selector_time_ms"": 0.3992411192099327, ""decision_count"": 1777, ""max_B_t"": 64, ""max_K_t"": 8, ""mean_B_t"": 64.0, ""mean_K_t"": 8.0, ""min_B_t"": 64, ""min_K_t"": 8, ""selector_time_seconds"": 0.7094514688360505}",capd_selector_B_to_K,/home/likc/Q-former-for-OS/outputs/checkpoints/finals_v3_official/stage6_capacity/capacity_D128/canneal/seed_42/qmap_best.pth,cef6c2065b7e0bd9a8b478510c1d305c369a6d4381c4a08687a0cd19ac4e1c93,qmap/qmap_eval.py --config /home/likc/Q-former-for-OS/dataset/jsonl/finals_v3_official/stage6_capacity/capacity_D128/canneal/resolved_config.json --selector_params /home/likc/Q-former-for-OS/dataset/jsonl/finals_v3_official/stage6_capacity/capacity_D128/canneal/selector_params.json --policy qmap --checkpoint /home/likc/Q-former-for-OS/outputs/checkpoints/finals_v3_official/stage6_capacity/capacity_D128/canneal/seed_42/qmap_best.pth --json_output /home/likc/Q-former-for-OS/outputs/results/finals_v3_official/stage6_capacity/raw/capacity_D128/canneal/qmap/seed_42.json,023a93c0e32eef95b3883c6f0cee456d83b4c5dec57d7fed0418398e4c4b1952,CAPD-MIC-1.0,"{""dram_read_cost"": 1.0, ""dram_write_cost"": 1.0, ""migration_cost"": 10.0, ""nvm_read_cost"": 2.0, ""nvm_write_cost"": 8.0}",fd9f3359900bdf868d9e985f967428aa6588c79b6d4944d08864b09cfbc51589,capd_finals_v3_official_data_v1,5986f7d63d4b81da33feb24a9c6a7d3db51c339d421e1322d4f80b7bc3249bdb,1777,,5.98309553755098,none,128,empty,"{""B"": 64, ""D"": 128, ""H"": 10, ""Hc"": 256, ""K"": 8, ""L"": 256, ""Lres"": 256, ""approx_ndcg_alpha"": 10.0, ""artifact_class"": ""official"", ""contract_id"": ""CAPD-MIC-1.0"", ""dirty_demotion_nvm_write"": ""none"", ""dram_initial_state"": ""empty"", ""first_touch_accounting"": ""nvm_access"", ""initial_residency"": ""all_trace_pages_in_nvm"", ""lru_direction"": ""oldest_is_one"", ""nvm_capacity_pages"": null, ""page_oov"": ""unk"", ""page_state_dim"": 4, ""page_vocab_fit"": ""train_only"", ""pc_oov"": ""unk"", ""pc_vocab_fit"": ""train_only"", ""position_encoding"": ""sinusoidal"", ""run_profile"": ""official"", ""schema_version"": ""capd_finals_v3_0"", ""selector_recall_tie"": ""any_hit"", ""shared_page_embedding"": true, ""stage6_variant_family"": ""capacity_robustness"", ""stage6_variant_id"": ""capacity_D128"", ""tail_policy"": ""drop_incomplete_window"", ""trace_page_backing"": ""all_trace_pages"", ""training_scope"": ""per_workload"", ""validation_guard_accesses"": 256, ""validation_holdout_fraction"": 0.2, ""validation_strategy"": ""independent_valid_trace""}",nvm_access,2bd07f29a639d54db5180b57651842ce95dd3014,0.990475,99.0475,198095,all_trace_pages_in_nvm,1777,1905,42,,,1890,15,qmap,0,0.0,0,6.713523373997305,official,,COMPLETED,capd_finals_v3_0,f850a94bada05403c10f5afbc913aba147a5a763edead5e8102a6ed64bd04d66,/home/likc/Q-former-for-OS/dataset/jsonl/finals_v3_official/stage6_capacity/capacity_D128/canneal/selector_params.json,33ee5f0f77966a23dfad7b07a1b50779a849fe27ed2da0a0d13b1a3adbb74686,"{""test"": ""3a5ecb35b4aec98a8fb470483ce0427d4da21ede1e3af387d9b7d61bccf6138e"", ""train"": ""4a98f01a328d2d86b680fde62818163ceb2403392f59676210ea22989c3b773f"", ""valid"": ""2805d4cf2a4d5d2051a0db3baf6ded3abf7d720f82eae3071f0746f4fcaee142""}","{""family"": ""capacity_robustness"", ""only_difference"": ""only DRAM capacity D changes from 64 to 128"", ""retrain_required"": true, ""source_stage"": ""stage6"", ""test_used_for_selection"": false, ""variant_id"": ""capacity_D128""}",capacity_D128,3a5ecb35b4aec98a8fb470483ce0427d4da21ede1e3af387d9b7d61bccf6138e,False,29790.61647042689,200000,all_trace_pages,dataset/processed/finals_v3_official/canneal/test.csv,219765.0,canneal,canneal
official,3.3876004605282386,8,valid_trace,"{""EndToEndRecall@K"": 1.0, ""NRegret"": 0.0, ""PoolRecall@B"": 1.0, ""SelectorRecall@K"": 1.0, ""TieCoverage@K"": 0.12520449787901278}","{""avg_selector_time_ms"": 0.3967502453034732, ""decision_count"": 1757, ""max_B_t"": 64, ""max_K_t"": 8, ""mean_B_t"": 64.0, ""mean_K_t"": 8.0, ""min_B_t"": 64, ""min_K_t"": 8, ""selector_time_seconds"": 0.6970901809982024}",capd_selector_B_to_K,/home/likc/Q-former-for-OS/outputs/checkpoints/finals_v3_official/stage6_capacity/capacity_D128/canneal/seed_2026/qmap_best.pth,2830a4c19dec22f19d6e927e1ba6445e7e6b1b082ef04789773cc1a620f60317,qmap/qmap_eval.py --config /home/likc/Q-former-for-OS/dataset/jsonl/finals_v3_official/stage6_capacity/capacity_D128/canneal/resolved_config.json --selector_params /home/likc/Q-former-for-OS/dataset/jsonl/finals_v3_official/stage6_capacity/capacity_D128/canneal/selector_params.json --policy qmap --checkpoint /home/likc/Q-former-for-OS/outputs/checkpoints/finals_v3_official/stage6_capacity/capacity_D128/canneal/seed_2026/qmap_best.pth --json_output /home/likc/Q-former-for-OS/outputs/results/finals_v3_official/stage6_capacity/raw/capacity_D128/canneal/qmap/seed_2026.json,023a93c0e32eef95b3883c6f0cee456d83b4c5dec57d7fed0418398e4c4b1952,CAPD-MIC-1.0,"{""dram_read_cost"": 1.0, ""dram_write_cost"": 1.0, ""migration_cost"": 10.0, ""nvm_read_cost"": 2.0, ""nvm_write_cost"": 8.0}",fd9f3359900bdf868d9e985f967428aa6588c79b6d4944d08864b09cfbc51589,capd_finals_v3_official_data_v1,5986f7d63d4b81da33feb24a9c6a7d3db51c339d421e1322d4f80b7bc3249bdb,1757,,5.952014009148115,none,128,empty,"{""B"": 64, ""D"": 128, ""H"": 10, ""Hc"": 256, ""K"": 8, ""L"": 256, ""Lres"": 256, ""approx_ndcg_alpha"": 10.0, ""artifact_class"": ""official"", ""contract_id"": ""CAPD-MIC-1.0"", ""dirty_demotion_nvm_write"": ""none"", ""dram_initial_state"": ""empty"", ""first_touch_accounting"": ""nvm_access"", ""initial_residency"": ""all_trace_pages_in_nvm"", ""lru_direction"": ""oldest_is_one"", ""nvm_capacity_pages"": null, ""page_oov"": ""unk"", ""page_state_dim"": 4, ""page_vocab_fit"": ""train_only"", ""pc_oov"": ""unk"", ""pc_vocab_fit"": ""train_only"", ""position_encoding"": ""sinusoidal"", ""run_profile"": ""official"", ""schema_version"": ""capd_finals_v3_0"", ""selector_recall_tie"": ""any_hit"", ""shared_page_embedding"": true, ""stage6_variant_family"": ""capacity_robustness"", ""stage6_variant_id"": ""capacity_D128"", ""tail_policy"": ""drop_incomplete_window"", ""trace_page_backing"": ""all_trace_pages"", ""training_scope"": ""per_workload"", ""validation_guard_accesses"": 256, ""validation_holdout_fraction"": 0.2, ""validation_strategy"": ""independent_valid_trace""}",nvm_access,2bd07f29a639d54db5180b57651842ce95dd3014,0.990575,99.0575,198115,all_trace_pages_in_nvm,1757,1885,2026,,,1870,15,qmap,0,0.0,0,6.684713391005062,official,,COMPLETED,capd_finals_v3_0,f850a94bada05403c10f5afbc913aba147a5a763edead5e8102a6ed64bd04d66,/home/likc/Q-former-for-OS/dataset/jsonl/finals_v3_official/stage6_capacity/capacity_D128/canneal/selector_params.json,33ee5f0f77966a23dfad7b07a1b50779a849fe27ed2da0a0d13b1a3adbb74686,"{""test"": ""3a5ecb35b4aec98a8fb470483ce0427d4da21ede1e3af387d9b7d61bccf6138e"", ""train"": ""4a98f01a328d2d86b680fde62818163ceb2403392f59676210ea22989c3b773f"", ""valid"": ""2805d4cf2a4d5d2051a0db3baf6ded3abf7d720f82eae3071f0746f4fcaee142""}","{""family"": ""capacity_robustness"", ""only_difference"": ""only DRAM capacity D changes from 64 to 128"", ""retrain_required"": true, ""source_stage"": ""stage6"", ""test_used_for_selection"": false, ""variant_id"": ""capacity_D128""}",capacity_D128,3a5ecb35b4aec98a8fb470483ce0427d4da21ede1e3af387d9b7d61bccf6138e,False,29919.00898385855,200000,all_trace_pages,dataset/processed/finals_v3_official/canneal/test.csv,219545.0,canneal,canneal
official,0.0012121210451918683,64,,,"{""avg_selector_time_ms"": 0.0, ""decision_count"": 0, ""max_B_t"": 0, ""max_K_t"": 0, ""mean_B_t"": 0.0, ""mean_K_t"": 0.0, ""min_B_t"": 0, ""min_K_t"": 0, ""selector_time_seconds"": 0.0}",full_dram,,,qmap/qmap_eval.py --config /home/likc/Q-former-for-OS/dataset/jsonl/finals_v3_official/stage6_capacity/capacity_D128/canneal/resolved_config.json --policy random --stage5_replay_seed 0 --json_output /home/likc/Q-former-for-OS/outputs/results/finals_v3_official/stage6_capacity/raw/capacity_D128/canneal/random/seed_0.json,023a93c0e32eef95b3883c6f0cee456d83b4c5dec57d7fed0418398e4c4b1952,CAPD-MIC-1.0,"{""dram_read_cost"": 1.0, ""dram_write_cost"": 1.0, ""migration_cost"": 10.0, ""nvm_read_cost"": 2.0, ""nvm_write_cost"": 8.0}",fd9f3359900bdf868d9e985f967428aa6588c79b6d4944d08864b09cfbc51589,capd_finals_v3_official_data_v1,5986f7d63d4b81da33feb24a9c6a7d3db51c339d421e1322d4f80b7bc3249bdb,2491,,0.003019393523572944,none,128,empty,"{""B"": 64, ""D"": 128, ""H"": 10, ""Hc"": 256, ""K"": 8, ""L"": 256, ""Lres"": 256, ""approx_ndcg_alpha"": 10.0, ""artifact_class"": ""official"", ""contract_id"": ""CAPD-MIC-1.0"", ""dirty_demotion_nvm_write"": ""none"", ""dram_initial_state"": ""empty"", ""first_touch_accounting"": ""nvm_access"", ""initial_residency"": ""all_trace_pages_in_nvm"", ""lru_direction"": ""oldest_is_one"", ""nvm_capacity_pages"": null, ""page_oov"": ""unk"", ""page_state_dim"": 4, ""page_vocab_fit"": ""train_only"", ""pc_oov"": ""unk"", ""pc_vocab_fit"": ""train_only"", ""position_encoding"": ""sinusoidal"", ""run_profile"": ""official"", ""schema_version"": ""capd_finals_v3_0"", ""selector_recall_tie"": ""any_hit"", ""shared_page_embedding"": true, ""stage6_variant_family"": ""capacity_robustness"", ""stage6_variant_id"": ""capacity_D128"", ""tail_policy"": ""drop_incomplete_window"", ""trace_page_backing"": ""all_trace_pages"", ""training_scope"": ""per_workload"", ""validation_guard_accesses"": 256, ""validation_holdout_fraction"": 0.2, ""validation_strategy"": ""independent_valid_trace""}",nvm_access,2bd07f29a639d54db5180b57651842ce95dd3014,0.986905,98.6905,197381,all_trace_pages_in_nvm,2491,2619,,,,2576,43,random,0,0.0,0,0.3159799619897967,official,,COMPLETED,capd_finals_v3_0,,,33ee5f0f77966a23dfad7b07a1b50779a849fe27ed2da0a0d13b1a3adbb74686,"{""test"": ""3a5ecb35b4aec98a8fb470483ce0427d4da21ede1e3af387d9b7d61bccf6138e"", ""train"": ""4a98f01a328d2d86b680fde62818163ceb2403392f59676210ea22989c3b773f"", ""valid"": ""2805d4cf2a4d5d2051a0db3baf6ded3abf7d720f82eae3071f0746f4fcaee142""}","{""family"": ""capacity_robustness"", ""only_difference"": ""only DRAM capacity D changes from 64 to 128"", ""retrain_required"": true, ""source_stage"": ""stage6"", ""test_used_for_selection"": false, ""variant_id"": ""capacity_D128""}",capacity_D128,3a5ecb35b4aec98a8fb470483ce0427d4da21ede1e3af387d9b7d61bccf6138e,False,632951.5287632644,200000,all_trace_pages,dataset/processed/finals_v3_official/canneal/test.csv,227787.0,canneal,canneal
official,0.0012050989099031356,64,,,"{""avg_selector_time_ms"": 0.0, ""decision_count"": 0, ""max_B_t"": 0, ""max_K_t"": 0, ""mean_B_t"": 0.0, ""mean_K_t"": 0.0, ""min_B_t"": 0, ""min_K_t"": 0, ""selector_time_seconds"": 0.0}",full_dram,,,qmap/qmap_eval.py --config /home/likc/Q-former-for-OS/dataset/jsonl/finals_v3_official/stage6_capacity/capacity_D128/canneal/resolved_config.json --policy random --stage5_replay_seed 1 --json_output /home/likc/Q-former-for-OS/outputs/results/finals_v3_official/stage6_capacity/raw/capacity_D128/canneal/random/seed_1.json,023a93c0e32eef95b3883c6f0cee456d83b4c5dec57d7fed0418398e4c4b1952,CAPD-MIC-1.0,"{""dram_read_cost"": 1.0, ""dram_write_cost"": 1.0, ""migration_cost"": 10.0, ""nvm_read_cost"": 2.0, ""nvm_write_cost"": 8.0}",fd9f3359900bdf868d9e985f967428aa6588c79b6d4944d08864b09cfbc51589,capd_finals_v3_official_data_v1,5986f7d63d4b81da33feb24a9c6a7d3db51c339d421e1322d4f80b7bc3249bdb,2454,,0.0029573127249022946,none,128,empty,"{""B"": 64, ""D"": 128, ""H"": 10, ""Hc"": 256, ""K"": 8, ""L"": 256, ""Lres"": 256, ""approx_ndcg_alpha"": 10.0, ""artifact_class"": ""official"", ""contract_id"": ""CAPD-MIC-1.0"", ""dirty_demotion_nvm_write"": ""none"", ""dram_initial_state"": ""empty"", ""first_touch_accounting"": ""nvm_access"", ""initial_residency"": ""all_trace_pages_in_nvm"", ""lru_direction"": ""oldest_is_one"", ""nvm_capacity_pages"": null, ""page_oov"": ""unk"", ""page_state_dim"": 4, ""page_vocab_fit"": ""train_only"", ""pc_oov"": ""unk"", ""pc_vocab_fit"": ""train_only"", ""position_encoding"": ""sinusoidal"", ""run_profile"": ""official"", ""schema_version"": ""capd_finals_v3_0"", ""selector_recall_tie"": ""any_hit"", ""shared_page_embedding"": true, ""stage6_variant_family"": ""capacity_robustness"", ""stage6_variant_id"": ""capacity_D128"", ""tail_policy"": ""drop_incomplete_window"", ""trace_page_backing"": ""all_trace_pages"", ""training_scope"": ""per_workload"", ""validation_guard_accesses"": 256, ""validation_holdout_fraction"": 0.2, ""validation_strategy"": ""independent_valid_trace""}",nvm_access,2bd07f29a639d54db5180b57651842ce95dd3014,0.98709,98.709,197418,all_trace_pages_in_nvm,2454,2582,,,,2545,37,random,0,0.0,1,0.31516398799431045,official,,COMPLETED,capd_finals_v3_0,,,33ee5f0f77966a23dfad7b07a1b50779a849fe27ed2da0a0d13b1a3adbb74686,"{""test"": ""3a5ecb35b4aec98a8fb470483ce0427d4da21ede1e3af387d9b7d61bccf6138e"", ""train"": ""4a98f01a328d2d86b680fde62818163ceb2403392f59676210ea22989c3b773f"", ""valid"": ""2805d4cf2a4d5d2051a0db3baf6ded3abf7d720f82eae3071f0746f4fcaee142""}","{""family"": ""capacity_robustness"", ""only_difference"": ""only DRAM capacity D changes from 64 to 128"", ""retrain_required"": true, ""source_stage"": ""stage6"", ""test_used_for_selection"": false, ""variant_id"": ""capacity_D128""}",capacity_D128,3a5ecb35b4aec98a8fb470483ce0427d4da21ede1e3af387d9b7d61bccf6138e,False,634590.2692524964,200000,all_trace_pages,dataset/processed/finals_v3_official/canneal/test.csv,227344.0,canneal,canneal
official,0.0012552931161585036,64,,,"{""avg_selector_time_ms"": 0.0, ""decision_count"": 0, ""max_B_t"": 0, ""max_K_t"": 0, ""mean_B_t"": 0.0, ""mean_K_t"": 0.0, ""min_B_t"": 0, ""min_K_t"": 0, ""selector_time_seconds"": 0.0}",full_dram,,,qmap/qmap_eval.py --config /home/likc/Q-former-for-OS/dataset/jsonl/finals_v3_official/stage6_capacity/capacity_D128/canneal/resolved_config.json --policy random --stage5_replay_seed 2 --json_output /home/likc/Q-former-for-OS/outputs/results/finals_v3_official/stage6_capacity/raw/capacity_D128/canneal/random/seed_2.json,023a93c0e32eef95b3883c6f0cee456d83b4c5dec57d7fed0418398e4c4b1952,CAPD-MIC-1.0,"{""dram_read_cost"": 1.0, ""dram_write_cost"": 1.0, ""migration_cost"": 10.0, ""nvm_read_cost"": 2.0, ""nvm_write_cost"": 8.0}",fd9f3359900bdf868d9e985f967428aa6588c79b6d4944d08864b09cfbc51589,capd_finals_v3_official_data_v1,5986f7d63d4b81da33feb24a9c6a7d3db51c339d421e1322d4f80b7bc3249bdb,2416,,0.0030327881686389446,none,128,empty,"{""B"": 64, ""D"": 128, ""H"": 10, ""Hc"": 256, ""K"": 8, ""L"": 256, ""Lres"": 256, ""approx_ndcg_alpha"": 10.0, ""artifact_class"": ""official"", ""contract_id"": ""CAPD-MIC-1.0"", ""dirty_demotion_nvm_write"": ""none"", ""dram_initial_state"": ""empty"", ""first_touch_accounting"": ""nvm_access"", ""initial_residency"": ""all_trace_pages_in_nvm"", ""lru_direction"": ""oldest_is_one"", ""nvm_capacity_pages"": null, ""page_oov"": ""unk"", ""page_state_dim"": 4, ""page_vocab_fit"": ""train_only"", ""pc_oov"": ""unk"", ""pc_vocab_fit"": ""train_only"", ""position_encoding"": ""sinusoidal"", ""run_profile"": ""official"", ""schema_version"": ""capd_finals_v3_0"", ""selector_recall_tie"": ""any_hit"", ""shared_page_embedding"": true, ""stage6_variant_family"": ""capacity_robustness"", ""stage6_variant_id"": ""capacity_D128"", ""tail_policy"": ""drop_incomplete_window"", ""trace_page_backing"": ""all_trace_pages"", ""training_scope"": ""per_workload"", ""validation_guard_accesses"": 256, ""validation_holdout_fraction"": 0.2, ""validation_strategy"": ""independent_valid_trace""}",nvm_access,2bd07f29a639d54db5180b57651842ce95dd3014,0.98728,98.72800000000001,197456,all_trace_pages_in_nvm,2416,2544,,,,2507,37,random,0,0.0,2,0.3184087370027555,official,,COMPLETED,capd_finals_v3_0,,,33ee5f0f77966a23dfad7b07a1b50779a849fe27ed2da0a0d13b1a3adbb74686,"{""test"": ""3a5ecb35b4aec98a8fb470483ce0427d4da21ede1e3af387d9b7d61bccf6138e"", ""train"": ""4a98f01a328d2d86b680fde62818163ceb2403392f59676210ea22989c3b773f"", ""valid"": ""2805d4cf2a4d5d2051a0db3baf6ded3abf7d720f82eae3071f0746f4fcaee142""}","{""family"": ""capacity_robustness"", ""only_difference"": ""only DRAM capacity D changes from 64 to 128"", ""retrain_required"": true, ""source_stage"": ""stage6"", ""test_used_for_selection"": false, ""variant_id"": ""capacity_D128""}",capacity_D128,3a5ecb35b4aec98a8fb470483ce0427d4da21ede1e3af387d9b7d61bccf6138e,False,628123.4675990351,200000,all_trace_pages,dataset/processed/finals_v3_official/canneal/test.csv,226926.0,canneal,canneal
official,0.0003102835038430806,64,,,"{""avg_selector_time_ms"": 0.0, ""decision_count"": 0, ""max_B_t"": 0, ""max_K_t"": 0, ""mean_B_t"": 0.0, ""mean_K_t"": 0.0, ""min_B_t"": 0, ""min_K_t"": 0, ""selector_time_seconds"": 0.0}",full_dram,,,qmap/qmap_eval.py --config /home/likc/Q-former-for-OS/dataset/jsonl/finals_v3_official/stage6_capacity/capacity_D128/canneal/resolved_config.json --policy lru --json_output /home/likc/Q-former-for-OS/outputs/results/finals_v3_official/stage6_capacity/raw/capacity_D128/canneal/lru/run.json,023a93c0e32eef95b3883c6f0cee456d83b4c5dec57d7fed0418398e4c4b1952,CAPD-MIC-1.0,"{""dram_read_cost"": 1.0, ""dram_write_cost"": 1.0, ""migration_cost"": 10.0, ""nvm_read_cost"": 2.0, ""nvm_write_cost"": 8.0}",fd9f3359900bdf868d9e985f967428aa6588c79b6d4944d08864b09cfbc51589,capd_finals_v3_official_data_v1,5986f7d63d4b81da33feb24a9c6a7d3db51c339d421e1322d4f80b7bc3249bdb,1673,,0.0005191043019294739,none,128,empty,"{""B"": 64, ""D"": 128, ""H"": 10, ""Hc"": 256, ""K"": 8, ""L"": 256, ""Lres"": 256, ""approx_ndcg_alpha"": 10.0, ""artifact_class"": ""official"", ""contract_id"": ""CAPD-MIC-1.0"", ""dirty_demotion_nvm_write"": ""none"", ""dram_initial_state"": ""empty"", ""first_touch_accounting"": ""nvm_access"", ""initial_residency"": ""all_trace_pages_in_nvm"", ""lru_direction"": ""oldest_is_one"", ""nvm_capacity_pages"": null, ""page_oov"": ""unk"", ""page_state_dim"": 4, ""page_vocab_fit"": ""train_only"", ""pc_oov"": ""unk"", ""pc_vocab_fit"": ""train_only"", ""position_encoding"": ""sinusoidal"", ""run_profile"": ""official"", ""schema_version"": ""capd_finals_v3_0"", ""selector_recall_tie"": ""any_hit"", ""shared_page_embedding"": true, ""stage6_variant_family"": ""capacity_robustness"", ""stage6_variant_id"": ""capacity_D128"", ""tail_policy"": ""drop_incomplete_window"", ""trace_page_backing"": ""all_trace_pages"", ""training_scope"": ""per_workload"", ""validation_guard_accesses"": 256, ""validation_holdout_fraction"": 0.2, ""validation_strategy"": ""independent_valid_trace""}",nvm_access,2bd07f29a639d54db5180b57651842ce95dd3014,0.990995,99.09949999999999,198199,all_trace_pages_in_nvm,1673,1801,,,,1785,16,lru,0,0.0,0,0.3104614229960134,official,,COMPLETED,capd_finals_v3_0,,,33ee5f0f77966a23dfad7b07a1b50779a849fe27ed2da0a0d13b1a3adbb74686,"{""test"": ""3a5ecb35b4aec98a8fb470483ce0427d4da21ede1e3af387d9b7d61bccf6138e"", ""train"": ""4a98f01a328d2d86b680fde62818163ceb2403392f59676210ea22989c3b773f"", ""valid"": ""2805d4cf2a4d5d2051a0db3baf6ded3abf7d720f82eae3071f0746f4fcaee142""}","{""family"": ""capacity_robustness"", ""only_difference"": ""only DRAM capacity D changes from 64 to 128"", ""retrain_required"": true, ""source_stage"": ""stage6"", ""test_used_for_selection"": false, ""variant_id"": ""capacity_D128""}",capacity_D128,3a5ecb35b4aec98a8fb470483ce0427d4da21ede1e3af387d9b7d61bccf6138e,False,644202.4199656141,200000,all_trace_pages,dataset/processed/finals_v3_official/canneal/test.csv,218627.0,canneal,canneal
official,0.039857384605242636,64,,,"{""avg_selector_time_ms"": 0.0, ""decision_count"": 0, ""max_B_t"": 0, ""max_K_t"": 0, ""mean_B_t"": 0.0, ""mean_K_t"": 0.0, ""min_B_t"": 0, ""min_K_t"": 0, ""selector_time_seconds"": 0.0}",full_dram,,,qmap/qmap_eval.py --config /home/likc/Q-former-for-OS/dataset/jsonl/finals_v3_official/stage6_capacity/capacity_D128/canneal/resolved_config.json --policy lfu --json_output /home/likc/Q-former-for-OS/outputs/results/finals_v3_official/stage6_capacity/raw/capacity_D128/canneal/lfu/run.json,023a93c0e32eef95b3883c6f0cee456d83b4c5dec57d7fed0418398e4c4b1952,CAPD-MIC-1.0,"{""dram_read_cost"": 1.0, ""dram_write_cost"": 1.0, ""migration_cost"": 10.0, ""nvm_read_cost"": 2.0, ""nvm_write_cost"": 8.0}",fd9f3359900bdf868d9e985f967428aa6588c79b6d4944d08864b09cfbc51589,capd_finals_v3_official_data_v1,5986f7d63d4b81da33feb24a9c6a7d3db51c339d421e1322d4f80b7bc3249bdb,4442,,0.17704650241648778,none,128,empty,"{""B"": 64, ""D"": 128, ""H"": 10, ""Hc"": 256, ""K"": 8, ""L"": 256, ""Lres"": 256, ""approx_ndcg_alpha"": 10.0, ""artifact_class"": ""official"", ""contract_id"": ""CAPD-MIC-1.0"", ""dirty_demotion_nvm_write"": ""none"", ""dram_initial_state"": ""empty"", ""first_touch_accounting"": ""nvm_access"", ""initial_residency"": ""all_trace_pages_in_nvm"", ""lru_direction"": ""oldest_is_one"", ""nvm_capacity_pages"": null, ""page_oov"": ""unk"", ""page_state_dim"": 4, ""page_vocab_fit"": ""train_only"", ""pc_oov"": ""unk"", ""pc_vocab_fit"": ""train_only"", ""position_encoding"": ""sinusoidal"", ""run_profile"": ""official"", ""schema_version"": ""capd_finals_v3_0"", ""selector_recall_tie"": ""any_hit"", ""shared_page_embedding"": true, ""stage6_variant_family"": ""capacity_robustness"", ""stage6_variant_id"": ""capacity_D128"", ""tail_policy"": ""drop_incomplete_window"", ""trace_page_backing"": ""all_trace_pages"", ""training_scope"": ""per_workload"", ""validation_guard_accesses"": 256, ""validation_holdout_fraction"": 0.2, ""validation_strategy"": ""independent_valid_trace""}",nvm_access,2bd07f29a639d54db5180b57651842ce95dd3014,0.97715,97.715,195430,all_trace_pages_in_nvm,4442,4570,,,,4091,479,lfu,0,0.0,0,0.5049260439991485,official,,COMPLETED,capd_finals_v3_0,,,33ee5f0f77966a23dfad7b07a1b50779a849fe27ed2da0a0d13b1a3adbb74686,"{""test"": ""3a5ecb35b4aec98a8fb470483ce0427d4da21ede1e3af387d9b7d61bccf6138e"", ""train"": ""4a98f01a328d2d86b680fde62818163ceb2403392f59676210ea22989c3b773f"", ""valid"": ""2805d4cf2a4d5d2051a0db3baf6ded3abf7d720f82eae3071f0746f4fcaee142""}","{""family"": ""capacity_robustness"", ""only_difference"": ""only DRAM capacity D changes from 64 to 128"", ""retrain_required"": true, ""source_stage"": ""stage6"", ""test_used_for_selection"": false, ""variant_id"": ""capacity_D128""}",capacity_D128,3a5ecb35b4aec98a8fb470483ce0427d4da21ede1e3af387d9b7d61bccf6138e,False,396097.6114758249,200000,all_trace_pages,dataset/processed/finals_v3_official/canneal/test.csv,251864.0,canneal,canneal
official,0.001398150569578405,64,,,"{""avg_selector_time_ms"": 0.0, ""decision_count"": 0, ""max_B_t"": 0, ""max_K_t"": 0, ""mean_B_t"": 0.0, ""mean_K_t"": 0.0, ""min_B_t"": 0, ""min_K_t"": 0, ""selector_time_seconds"": 0.0}",full_dram,,,qmap/qmap_eval.py --config /home/likc/Q-former-for-OS/dataset/jsonl/finals_v3_official/stage6_capacity/capacity_D128/canneal/resolved_config.json --policy clock --json_output /home/likc/Q-former-for-OS/outputs/results/finals_v3_official/stage6_capacity/raw/capacity_D128/canneal/clock/run.json,023a93c0e32eef95b3883c6f0cee456d83b4c5dec57d7fed0418398e4c4b1952,CAPD-MIC-1.0,"{""dram_read_cost"": 1.0, ""dram_write_cost"": 1.0, ""migration_cost"": 10.0, ""nvm_read_cost"": 2.0, ""nvm_write_cost"": 8.0}",fd9f3359900bdf868d9e985f967428aa6588c79b6d4944d08864b09cfbc51589,capd_finals_v3_official_data_v1,5986f7d63d4b81da33feb24a9c6a7d3db51c339d421e1322d4f80b7bc3249bdb,2085,,0.0029151439375709742,none,128,empty,"{""B"": 64, ""D"": 128, ""H"": 10, ""Hc"": 256, ""K"": 8, ""L"": 256, ""Lres"": 256, ""approx_ndcg_alpha"": 10.0, ""artifact_class"": ""official"", ""contract_id"": ""CAPD-MIC-1.0"", ""dirty_demotion_nvm_write"": ""none"", ""dram_initial_state"": ""empty"", ""first_touch_accounting"": ""nvm_access"", ""initial_residency"": ""all_trace_pages_in_nvm"", ""lru_direction"": ""oldest_is_one"", ""nvm_capacity_pages"": null, ""page_oov"": ""unk"", ""page_state_dim"": 4, ""page_vocab_fit"": ""train_only"", ""pc_oov"": ""unk"", ""pc_vocab_fit"": ""train_only"", ""position_encoding"": ""sinusoidal"", ""run_profile"": ""official"", ""schema_version"": ""capd_finals_v3_0"", ""selector_recall_tie"": ""any_hit"", ""shared_page_embedding"": true, ""stage6_variant_family"": ""capacity_robustness"", ""stage6_variant_id"": ""capacity_D128"", ""tail_policy"": ""drop_incomplete_window"", ""trace_page_backing"": ""all_trace_pages"", ""training_scope"": ""per_workload"", ""validation_guard_accesses"": 256, ""validation_holdout_fraction"": 0.2, ""validation_strategy"": ""independent_valid_trace""}",nvm_access,2bd07f29a639d54db5180b57651842ce95dd3014,0.988935,98.8935,197787,all_trace_pages_in_nvm,2085,2213,,,,2196,17,clock,0,0.0,0,0.47627131499757525,official,,COMPLETED,capd_finals_v3_0,,,33ee5f0f77966a23dfad7b07a1b50779a849fe27ed2da0a0d13b1a3adbb74686,"{""test"": ""3a5ecb35b4aec98a8fb470483ce0427d4da21ede1e3af387d9b7d61bccf6138e"", ""train"": ""4a98f01a328d2d86b680fde62818163ceb2403392f59676210ea22989c3b773f"", ""valid"": ""2805d4cf2a4d5d2051a0db3baf6ded3abf7d720f82eae3071f0746f4fcaee142""}","{""family"": ""capacity_robustness"", ""only_difference"": ""only DRAM capacity D changes from 64 to 128"", ""retrain_required"": true, ""source_stage"": ""stage6"", ""test_used_for_selection"": false, ""variant_id"": ""capacity_D128""}",capacity_D128,3a5ecb35b4aec98a8fb470483ce0427d4da21ede1e3af387d9b7d61bccf6138e,False,419928.7122740496,200000,all_trace_pages,dataset/processed/finals_v3_official/canneal/test.csv,223165.0,canneal,canneal
official,3.1818753051624387,8,valid_trace,"{""EndToEndRecall@K"": 1.0, ""NRegret"": 0.0, ""PoolRecall@B"": 1.0, ""SelectorRecall@K"": 1.0, ""TieCoverage@K"": 0.12521029917343285}","{""avg_selector_time_ms"": 0.3875431181872401, ""decision_count"": 2710, ""max_B_t"": 64, ""max_K_t"": 8, ""mean_B_t"": 64.0, ""mean_K_t"": 8.0, ""min_B_t"": 64, ""min_K_t"": 8, ""selector_time_seconds"": 1.0502418502874207}",capd_selector_B_to_K,/home/likc/Q-former-for-OS/outputs/checkpoints/finals_v3_official/stage6_capacity/capacity_D128/streamcluster_pressure/seed_3136859/qmap_best.pth,70d7bc05f9120ba793af8a33020c35f8b6244ff065c113e36ac6d004bc58311f,qmap/qmap_eval.py --config /home/likc/Q-former-for-OS/dataset/jsonl/finals_v3_official/stage6_capacity/capacity_D128/streamcluster_pressure/resolved_config.json --selector_params /home/likc/Q-former-for-OS/dataset/jsonl/finals_v3_official/stage6_capacity/capacity_D128/streamcluster_pressure/selector_params.json --policy qmap --checkpoint /home/likc/Q-former-for-OS/outputs/checkpoints/finals_v3_official/stage6_capacity/capacity_D128/streamcluster_pressure/seed_3136859/qmap_best.pth --json_output /home/likc/Q-former-for-OS/outputs/results/finals_v3_official/stage6_capacity/raw/capacity_D128/streamcluster_pressure/qmap/seed_3136859.json,5510fba9da29d9457f1e43a04f56255eb7faaa99c0d8d5a304c7ea98bff4968e,CAPD-MIC-1.0,"{""dram_read_cost"": 1.0, ""dram_write_cost"": 1.0, ""migration_cost"": 10.0, ""nvm_read_cost"": 2.0, ""nvm_write_cost"": 8.0}",fd9f3359900bdf868d9e985f967428aa6588c79b6d4944d08864b09cfbc51589,capd_finals_v3_official_data_v1,2b31c00b19945884a09cc6fc8f3d451aad73f0d03b98a350ef540960609ea2c4,2710,,8.622882076990209,none,128,empty,"{""B"": 64, ""D"": 128, ""H"": 10, ""Hc"": 256, ""K"": 8, ""L"": 256, ""Lres"": 256, ""approx_ndcg_alpha"": 10.0, ""artifact_class"": ""official"", ""contract_id"": ""CAPD-MIC-1.0"", ""dirty_demotion_nvm_write"": ""none"", ""dram_initial_state"": ""empty"", ""first_touch_accounting"": ""nvm_access"", ""initial_residency"": ""all_trace_pages_in_nvm"", ""lru_direction"": ""oldest_is_one"", ""nvm_capacity_pages"": null, ""page_oov"": ""unk"", ""page_state_dim"": 4, ""page_vocab_fit"": ""train_only"", ""pc_oov"": ""unk"", ""pc_vocab_fit"": ""train_only"", ""position_encoding"": ""sinusoidal"", ""run_profile"": ""official"", ""schema_version"": ""capd_finals_v3_0"", ""selector_recall_tie"": ""any_hit"", ""shared_page_embedding"": true, ""stage6_variant_family"": ""capacity_robustness"", ""stage6_variant_id"": ""capacity_D128"", ""tail_policy"": ""drop_incomplete_window"", ""trace_page_backing"": ""all_trace_pages"", ""training_scope"": ""per_workload"", ""validation_guard_accesses"": 256, ""validation_holdout_fraction"": 0.2, ""validation_strategy"": ""independent_valid_trace""}",nvm_access,2bd07f29a639d54db5180b57651842ce95dd3014,0.98581,98.581,197162,all_trace_pages_in_nvm,2710,2838,3136859,,,2837,1,qmap,0,0.0,0,9.359988996002357,official,,COMPLETED,capd_finals_v3_0,ab4b84e2ff612407d1c742e6a7aab9f9dbd71811306bca2b9342957b8f579408,/home/likc/Q-former-for-OS/dataset/jsonl/finals_v3_official/stage6_capacity/capacity_D128/streamcluster_pressure/selector_params.json,d12c5e2507c333421709ab37c1d555e50426674e3853c88759c2d44237c70235,"{""test"": ""7620aef325310ef88b78b935ed6818bba5f6c0cfdadf624f1f9aad9570ac62d7"", ""train"": ""a04bbff36eccb0091d933efd69a390c150114d67bc6644f3dbdf0991897f252d"", ""valid"": ""e7d875df6e1247bd71320d4b9e1c3e2a3e029a33dce94ad109d8289342951774""}","{""family"": ""capacity_robustness"", ""only_difference"": ""only DRAM capacity D changes from 64 to 128"", ""retrain_required"": true, ""source_stage"": ""stage6"", ""test_used_for_selection"": false, ""variant_id"": ""capacity_D128""}",capacity_D128,7620aef325310ef88b78b935ed6818bba5f6c0cfdadf624f1f9aad9570ac62d7,False,21367.546488080254,200000,all_trace_pages,dataset/processed/finals_v3_official/streamcluster_pressure/test.csv,229944.0,streamcluster_pressure,streamcluster_pressure
official,3.229585029803409,8,valid_trace,"{""EndToEndRecall@K"": 1.0, ""NRegret"": 0.0, ""PoolRecall@B"": 1.0, ""SelectorRecall@K"": 1.0, ""TieCoverage@K"": 0.12521029917343285}","{""avg_selector_time_ms"": 0.3863897715165534, ""decision_count"": 2710, ""max_B_t"": 64, ""max_K_t"": 8, ""mean_B_t"": 64.0, ""mean_K_t"": 8.0, ""min_B_t"": 64, ""min_K_t"": 8, ""selector_time_seconds"": 1.0471162808098597}",capd_selector_B_to_K,/home/likc/Q-former-for-OS/outputs/checkpoints/finals_v3_official/stage6_capacity/capacity_D128/streamcluster_pressure/seed_42/qmap_best.pth,d53d433f8b50e5ad9a5822166e8aaf1db354e433d0aca57335256f1840db0b4f,qmap/qmap_eval.py --config /home/likc/Q-former-for-OS/dataset/jsonl/finals_v3_official/stage6_capacity/capacity_D128/streamcluster_pressure/resolved_config.json --selector_params /home/likc/Q-former-for-OS/dataset/jsonl/finals_v3_official/stage6_capacity/capacity_D128/streamcluster_pressure/selector_params.json --policy qmap --checkpoint /home/likc/Q-former-for-OS/outputs/checkpoints/finals_v3_official/stage6_capacity/capacity_D128/streamcluster_pressure/seed_42/qmap_best.pth --json_output /home/likc/Q-former-for-OS/outputs/results/finals_v3_official/stage6_capacity/raw/capacity_D128/streamcluster_pressure/qmap/seed_42.json,5510fba9da29d9457f1e43a04f56255eb7faaa99c0d8d5a304c7ea98bff4968e,CAPD-MIC-1.0,"{""dram_read_cost"": 1.0, ""dram_write_cost"": 1.0, ""migration_cost"": 10.0, ""nvm_read_cost"": 2.0, ""nvm_write_cost"": 8.0}",fd9f3359900bdf868d9e985f967428aa6588c79b6d4944d08864b09cfbc51589,capd_finals_v3_official_data_v1,2b31c00b19945884a09cc6fc8f3d451aad73f0d03b98a350ef540960609ea2c4,2710,,8.752175430767238,none,128,empty,"{""B"": 64, ""D"": 128, ""H"": 10, ""Hc"": 256, ""K"": 8, ""L"": 256, ""Lres"": 256, ""approx_ndcg_alpha"": 10.0, ""artifact_class"": ""official"", ""contract_id"": ""CAPD-MIC-1.0"", ""dirty_demotion_nvm_write"": ""none"", ""dram_initial_state"": ""empty"", ""first_touch_accounting"": ""nvm_access"", ""initial_residency"": ""all_trace_pages_in_nvm"", ""lru_direction"": ""oldest_is_one"", ""nvm_capacity_pages"": null, ""page_oov"": ""unk"", ""page_state_dim"": 4, ""page_vocab_fit"": ""train_only"", ""pc_oov"": ""unk"", ""pc_vocab_fit"": ""train_only"", ""position_encoding"": ""sinusoidal"", ""run_profile"": ""official"", ""schema_version"": ""capd_finals_v3_0"", ""selector_recall_tie"": ""any_hit"", ""shared_page_embedding"": true, ""stage6_variant_family"": ""capacity_robustness"", ""stage6_variant_id"": ""capacity_D128"", ""tail_policy"": ""drop_incomplete_window"", ""trace_page_backing"": ""all_trace_pages"", ""training_scope"": ""per_workload"", ""validation_guard_accesses"": 256, ""validation_holdout_fraction"": 0.2, ""validation_strategy"": ""independent_valid_trace""}",nvm_access,2bd07f29a639d54db5180b57651842ce95dd3014,0.98581,98.581,197162,all_trace_pages_in_nvm,2710,2838,42,,,2837,1,qmap,0,0.0,0,9.502886631002184,official,,COMPLETED,capd_finals_v3_0,ab4b84e2ff612407d1c742e6a7aab9f9dbd71811306bca2b9342957b8f579408,/home/likc/Q-former-for-OS/dataset/jsonl/finals_v3_official/stage6_capacity/capacity_D128/streamcluster_pressure/selector_params.json,d12c5e2507c333421709ab37c1d555e50426674e3853c88759c2d44237c70235,"{""test"": ""7620aef325310ef88b78b935ed6818bba5f6c0cfdadf624f1f9aad9570ac62d7"", ""train"": ""a04bbff36eccb0091d933efd69a390c150114d67bc6644f3dbdf0991897f252d"", ""valid"": ""e7d875df6e1247bd71320d4b9e1c3e2a3e029a33dce94ad109d8289342951774""}","{""family"": ""capacity_robustness"", ""only_difference"": ""only DRAM capacity D changes from 64 to 128"", ""retrain_required"": true, ""source_stage"": ""stage6"", ""test_used_for_selection"": false, ""variant_id"": ""capacity_D128""}",capacity_D128,7620aef325310ef88b78b935ed6818bba5f6c0cfdadf624f1f9aad9570ac62d7,False,21046.236555902993,200000,all_trace_pages,dataset/processed/finals_v3_official/streamcluster_pressure/test.csv,229944.0,streamcluster_pressure,streamcluster_pressure
official,3.2213385129365486,8,valid_trace,"{""EndToEndRecall@K"": 1.0, ""NRegret"": 0.0, ""PoolRecall@B"": 1.0, ""SelectorRecall@K"": 1.0, ""TieCoverage@K"": 0.12521029917343285}","{""avg_selector_time_ms"": 0.3827714149093142, ""decision_count"": 2710, ""max_B_t"": 64, ""max_K_t"": 8, ""mean_B_t"": 64.0, ""mean_K_t"": 8.0, ""min_B_t"": 64, ""min_K_t"": 8, ""selector_time_seconds"": 1.0373105344042415}",capd_selector_B_to_K,/home/likc/Q-former-for-OS/outputs/checkpoints/finals_v3_official/stage6_capacity/capacity_D128/streamcluster_pressure/seed_2026/qmap_best.pth,edb20c128b7743732b11b139c34b8667c067e325b74dcf4ab07d0e854ca27ec6,qmap/qmap_eval.py --config /home/likc/Q-former-for-OS/dataset/jsonl/finals_v3_official/stage6_capacity/capacity_D128/streamcluster_pressure/resolved_config.json --selector_params /home/likc/Q-former-for-OS/dataset/jsonl/finals_v3_official/stage6_capacity/capacity_D128/streamcluster_pressure/selector_params.json --policy qmap --checkpoint /home/likc/Q-former-for-OS/outputs/checkpoints/finals_v3_official/stage6_capacity/capacity_D128/streamcluster_pressure/seed_2026/qmap_best.pth --json_output /home/likc/Q-former-for-OS/outputs/results/finals_v3_official/stage6_capacity/raw/capacity_D128/streamcluster_pressure/qmap/seed_2026.json,5510fba9da29d9457f1e43a04f56255eb7faaa99c0d8d5a304c7ea98bff4968e,CAPD-MIC-1.0,"{""dram_read_cost"": 1.0, ""dram_write_cost"": 1.0, ""migration_cost"": 10.0, ""nvm_read_cost"": 2.0, ""nvm_write_cost"": 8.0}",fd9f3359900bdf868d9e985f967428aa6588c79b6d4944d08864b09cfbc51589,capd_finals_v3_official_data_v1,2b31c00b19945884a09cc6fc8f3d451aad73f0d03b98a350ef540960609ea2c4,2710,,8.729827370058047,none,128,empty,"{""B"": 64, ""D"": 128, ""H"": 10, ""Hc"": 256, ""K"": 8, ""L"": 256, ""Lres"": 256, ""approx_ndcg_alpha"": 10.0, ""artifact_class"": ""official"", ""contract_id"": ""CAPD-MIC-1.0"", ""dirty_demotion_nvm_write"": ""none"", ""dram_initial_state"": ""empty"", ""first_touch_accounting"": ""nvm_access"", ""initial_residency"": ""all_trace_pages_in_nvm"", ""lru_direction"": ""oldest_is_one"", ""nvm_capacity_pages"": null, ""page_oov"": ""unk"", ""page_state_dim"": 4, ""page_vocab_fit"": ""train_only"", ""pc_oov"": ""unk"", ""pc_vocab_fit"": ""train_only"", ""position_encoding"": ""sinusoidal"", ""run_profile"": ""official"", ""schema_version"": ""capd_finals_v3_0"", ""selector_recall_tie"": ""any_hit"", ""shared_page_embedding"": true, ""stage6_variant_family"": ""capacity_robustness"", ""stage6_variant_id"": ""capacity_D128"", ""tail_policy"": ""drop_incomplete_window"", ""trace_page_backing"": ""all_trace_pages"", ""training_scope"": ""per_workload"", ""validation_guard_accesses"": 256, ""validation_holdout_fraction"": 0.2, ""validation_strategy"": ""independent_valid_trace""}",nvm_access,2bd07f29a639d54db5180b57651842ce95dd3014,0.98581,98.581,197162,all_trace_pages_in_nvm,2710,2838,2026,,,2837,1,qmap,0,0.0,0,9.477274175005732,official,,COMPLETED,capd_finals_v3_0,ab4b84e2ff612407d1c742e6a7aab9f9dbd71811306bca2b9342957b8f579408,/home/likc/Q-former-for-OS/dataset/jsonl/finals_v3_official/stage6_capacity/capacity_D128/streamcluster_pressure/selector_params.json,d12c5e2507c333421709ab37c1d555e50426674e3853c88759c2d44237c70235,"{""test"": ""7620aef325310ef88b78b935ed6818bba5f6c0cfdadf624f1f9aad9570ac62d7"", ""train"": ""a04bbff36eccb0091d933efd69a390c150114d67bc6644f3dbdf0991897f252d"", ""valid"": ""e7d875df6e1247bd71320d4b9e1c3e2a3e029a33dce94ad109d8289342951774""}","{""family"": ""capacity_robustness"", ""only_difference"": ""only DRAM capacity D changes from 64 to 128"", ""retrain_required"": true, ""source_stage"": ""stage6"", ""test_used_for_selection"": false, ""variant_id"": ""capacity_D128""}",capacity_D128,7620aef325310ef88b78b935ed6818bba5f6c0cfdadf624f1f9aad9570ac62d7,False,21103.11428231726,200000,all_trace_pages,dataset/processed/finals_v3_official/streamcluster_pressure/test.csv,229944.0,streamcluster_pressure,streamcluster_pressure
official,0.0012385741975688548,64,,,"{""avg_selector_time_ms"": 0.0, ""decision_count"": 0, ""max_B_t"": 0, ""max_K_t"": 0, ""mean_B_t"": 0.0, ""mean_K_t"": 0.0, ""min_B_t"": 0, ""min_K_t"": 0, ""selector_time_seconds"": 0.0}",full_dram,,,qmap/qmap_eval.py --config /home/likc/Q-former-for-OS/dataset/jsonl/finals_v3_official/stage6_capacity/capacity_D128/streamcluster_pressure/resolved_config.json --policy random --stage5_replay_seed 0 --json_output /home/likc/Q-former-for-OS/outputs/results/finals_v3_official/stage6_capacity/raw/capacity_D128/streamcluster_pressure/random/seed_0.json,5510fba9da29d9457f1e43a04f56255eb7faaa99c0d8d5a304c7ea98bff4968e,CAPD-MIC-1.0,"{""dram_read_cost"": 1.0, ""dram_write_cost"": 1.0, ""migration_cost"": 10.0, ""nvm_read_cost"": 2.0, ""nvm_write_cost"": 8.0}",fd9f3359900bdf868d9e985f967428aa6588c79b6d4944d08864b09cfbc51589,capd_finals_v3_official_data_v1,2b31c00b19945884a09cc6fc8f3d451aad73f0d03b98a350ef540960609ea2c4,3057,,0.003786321321967989,none,128,empty,"{""B"": 64, ""D"": 128, ""H"": 10, ""Hc"": 256, ""K"": 8, ""L"": 256, ""Lres"": 256, ""approx_ndcg_alpha"": 10.0, ""artifact_class"": ""official"", ""contract_id"": ""CAPD-MIC-1.0"", ""dirty_demotion_nvm_write"": ""none"", ""dram_initial_state"": ""empty"", ""first_touch_accounting"": ""nvm_access"", ""initial_residency"": ""all_trace_pages_in_nvm"", ""lru_direction"": ""oldest_is_one"", ""nvm_capacity_pages"": null, ""page_oov"": ""unk"", ""page_state_dim"": 4, ""page_vocab_fit"": ""train_only"", ""pc_oov"": ""unk"", ""pc_vocab_fit"": ""train_only"", ""position_encoding"": ""sinusoidal"", ""run_profile"": ""official"", ""schema_version"": ""capd_finals_v3_0"", ""selector_recall_tie"": ""any_hit"", ""shared_page_embedding"": true, ""stage6_variant_family"": ""capacity_robustness"", ""stage6_variant_id"": ""capacity_D128"", ""tail_policy"": ""drop_incomplete_window"", ""trace_page_backing"": ""all_trace_pages"", ""training_scope"": ""per_workload"", ""validation_guard_accesses"": 256, ""validation_holdout_fraction"": 0.2, ""validation_strategy"": ""independent_valid_trace""}",nvm_access,2bd07f29a639d54db5180b57651842ce95dd3014,0.984075,98.4075,196815,all_trace_pages_in_nvm,3057,3185,,,,3161,24,random,0,0.0,0,0.3187686479941476,official,,COMPLETED,capd_finals_v3_0,,,d12c5e2507c333421709ab37c1d555e50426674e3853c88759c2d44237c70235,"{""test"": ""7620aef325310ef88b78b935ed6818bba5f6c0cfdadf624f1f9aad9570ac62d7"", ""train"": ""a04bbff36eccb0091d933efd69a390c150114d67bc6644f3dbdf0991897f252d"", ""valid"": ""e7d875df6e1247bd71320d4b9e1c3e2a3e029a33dce94ad109d8289342951774""}","{""family"": ""capacity_robustness"", ""only_difference"": ""only DRAM capacity D changes from 64 to 128"", ""retrain_required"": true, ""source_stage"": ""stage6"", ""test_used_for_selection"": false, ""variant_id"": ""capacity_D128""}",capacity_D128,7620aef325310ef88b78b935ed6818bba5f6c0cfdadf624f1f9aad9570ac62d7,False,627414.2744542175,200000,all_trace_pages,dataset/processed/finals_v3_official/streamcluster_pressure/test.csv,233899.0,streamcluster_pressure,streamcluster_pressure
official,0.0012191339943917793,64,,,"{""avg_selector_time_ms"": 0.0, ""decision_count"": 0, ""max_B_t"": 0, ""max_K_t"": 0, ""mean_B_t"": 0.0, ""mean_K_t"": 0.0, ""min_B_t"": 0, ""min_K_t"": 0, ""selector_time_seconds"": 0.0}",full_dram,,,qmap/qmap_eval.py --config /home/likc/Q-former-for-OS/dataset/jsonl/finals_v3_official/stage6_capacity/capacity_D128/streamcluster_pressure/resolved_config.json --policy random --stage5_replay_seed 1 --json_output /home/likc/Q-former-for-OS/outputs/results/finals_v3_official/stage6_capacity/raw/capacity_D128/streamcluster_pressure/random/seed_1.json,5510fba9da29d9457f1e43a04f56255eb7faaa99c0d8d5a304c7ea98bff4968e,CAPD-MIC-1.0,"{""dram_read_cost"": 1.0, ""dram_write_cost"": 1.0, ""migration_cost"": 10.0, ""nvm_read_cost"": 2.0, ""nvm_write_cost"": 8.0}",fd9f3359900bdf868d9e985f967428aa6588c79b6d4944d08864b09cfbc51589,capd_finals_v3_official_data_v1,2b31c00b19945884a09cc6fc8f3d451aad73f0d03b98a350ef540960609ea2c4,3018,,0.00367934639507439,none,128,empty,"{""B"": 64, ""D"": 128, ""H"": 10, ""Hc"": 256, ""K"": 8, ""L"": 256, ""Lres"": 256, ""approx_ndcg_alpha"": 10.0, ""artifact_class"": ""official"", ""contract_id"": ""CAPD-MIC-1.0"", ""dirty_demotion_nvm_write"": ""none"", ""dram_initial_state"": ""empty"", ""first_touch_accounting"": ""nvm_access"", ""initial_residency"": ""all_trace_pages_in_nvm"", ""lru_direction"": ""oldest_is_one"", ""nvm_capacity_pages"": null, ""page_oov"": ""unk"", ""page_state_dim"": 4, ""page_vocab_fit"": ""train_only"", ""pc_oov"": ""unk"", ""pc_vocab_fit"": ""train_only"", ""position_encoding"": ""sinusoidal"", ""run_profile"": ""official"", ""schema_version"": ""capd_finals_v3_0"", ""selector_recall_tie"": ""any_hit"", ""shared_page_embedding"": true, ""stage6_variant_family"": ""capacity_robustness"", ""stage6_variant_id"": ""capacity_D128"", ""tail_policy"": ""drop_incomplete_window"", ""trace_page_backing"": ""all_trace_pages"", ""training_scope"": ""per_workload"", ""validation_guard_accesses"": 256, ""validation_holdout_fraction"": 0.2, ""validation_strategy"": ""independent_valid_trace""}",nvm_access,2bd07f29a639d54db5180b57651842ce95dd3014,0.98427,98.42699999999999,196854,all_trace_pages_in_nvm,3018,3146,,,,3127,19,random,0,0.0,1,0.3173467540036654,official,,COMPLETED,capd_finals_v3_0,,,d12c5e2507c333421709ab37c1d555e50426674e3853c88759c2d44237c70235,"{""test"": ""7620aef325310ef88b78b935ed6818bba5f6c0cfdadf624f1f9aad9570ac62d7"", ""train"": ""a04bbff36eccb0091d933efd69a390c150114d67bc6644f3dbdf0991897f252d"", ""valid"": ""e7d875df6e1247bd71320d4b9e1c3e2a3e029a33dce94ad109d8289342951774""}","{""family"": ""capacity_robustness"", ""only_difference"": ""only DRAM capacity D changes from 64 to 128"", ""retrain_required"": true, ""source_stage"": ""stage6"", ""test_used_for_selection"": false, ""variant_id"": ""capacity_D128""}",capacity_D128,7620aef325310ef88b78b935ed6818bba5f6c0cfdadf624f1f9aad9570ac62d7,False,630225.4473278462,200000,all_trace_pages,dataset/processed/finals_v3_official/streamcluster_pressure/test.csv,233440.0,streamcluster_pressure,streamcluster_pressure
official,0.0012395184880926047,64,,,"{""avg_selector_time_ms"": 0.0, ""decision_count"": 0, ""max_B_t"": 0, ""max_K_t"": 0, ""mean_B_t"": 0.0, ""mean_K_t"": 0.0, ""min_B_t"": 0, ""min_K_t"": 0, ""selector_time_seconds"": 0.0}",full_dram,,,qmap/qmap_eval.py --config /home/likc/Q-former-for-OS/dataset/jsonl/finals_v3_official/stage6_capacity/capacity_D128/streamcluster_pressure/resolved_config.json --policy random --stage5_replay_seed 2 --json_output /home/likc/Q-former-for-OS/outputs/results/finals_v3_official/stage6_capacity/raw/capacity_D128/streamcluster_pressure/random/seed_2.json,5510fba9da29d9457f1e43a04f56255eb7faaa99c0d8d5a304c7ea98bff4968e,CAPD-MIC-1.0,"{""dram_read_cost"": 1.0, ""dram_write_cost"": 1.0, ""migration_cost"": 10.0, ""nvm_read_cost"": 2.0, ""nvm_write_cost"": 8.0}",fd9f3359900bdf868d9e985f967428aa6588c79b6d4944d08864b09cfbc51589,capd_finals_v3_official_data_v1,2b31c00b19945884a09cc6fc8f3d451aad73f0d03b98a350ef540960609ea2c4,3053,,0.0037842499441467226,none,128,empty,"{""B"": 64, ""D"": 128, ""H"": 10, ""Hc"": 256, ""K"": 8, ""L"": 256, ""Lres"": 256, ""approx_ndcg_alpha"": 10.0, ""artifact_class"": ""official"", ""contract_id"": ""CAPD-MIC-1.0"", ""dirty_demotion_nvm_write"": ""none"", ""dram_initial_state"": ""empty"", ""first_touch_accounting"": ""nvm_access"", ""initial_residency"": ""all_trace_pages_in_nvm"", ""lru_direction"": ""oldest_is_one"", ""nvm_capacity_pages"": null, ""page_oov"": ""unk"", ""page_state_dim"": 4, ""page_vocab_fit"": ""train_only"", ""pc_oov"": ""unk"", ""pc_vocab_fit"": ""train_only"", ""position_encoding"": ""sinusoidal"", ""run_profile"": ""official"", ""schema_version"": ""capd_finals_v3_0"", ""selector_recall_tie"": ""any_hit"", ""shared_page_embedding"": true, ""stage6_variant_family"": ""capacity_robustness"", ""stage6_variant_id"": ""capacity_D128"", ""tail_policy"": ""drop_incomplete_window"", ""trace_page_backing"": ""all_trace_pages"", ""training_scope"": ""per_workload"", ""validation_guard_accesses"": 256, ""validation_holdout_fraction"": 0.2, ""validation_strategy"": ""independent_valid_trace""}",nvm_access,2bd07f29a639d54db5180b57651842ce95dd3014,0.984095,98.40950000000001,196819,all_trace_pages_in_nvm,3053,3181,,,,3162,19,random,0,0.0,2,0.3154485230043065,official,,COMPLETED,capd_finals_v3_0,,,d12c5e2507c333421709ab37c1d555e50426674e3853c88759c2d44237c70235,"{""test"": ""7620aef325310ef88b78b935ed6818bba5f6c0cfdadf624f1f9aad9570ac62d7"", ""train"": ""a04bbff36eccb0091d933efd69a390c150114d67bc6644f3dbdf0991897f252d"", ""valid"": ""e7d875df6e1247bd71320d4b9e1c3e2a3e029a33dce94ad109d8289342951774""}","{""family"": ""capacity_robustness"", ""only_difference"": ""only DRAM capacity D changes from 64 to 128"", ""retrain_required"": true, ""source_stage"": ""stage6"", ""test_used_for_selection"": false, ""variant_id"": ""capacity_D128""}",capacity_D128,7620aef325310ef88b78b935ed6818bba5f6c0cfdadf624f1f9aad9570ac62d7,False,634017.8679399606,200000,all_trace_pages,dataset/processed/finals_v3_official/streamcluster_pressure/test.csv,233825.0,streamcluster_pressure,streamcluster_pressure
official,0.0003039891139493076,64,,,"{""avg_selector_time_ms"": 0.0, ""decision_count"": 0, ""max_B_t"": 0, ""max_K_t"": 0, ""mean_B_t"": 0.0, ""mean_K_t"": 0.0, ""min_B_t"": 0, ""min_K_t"": 0, ""selector_time_seconds"": 0.0}",full_dram,,,qmap/qmap_eval.py --config /home/likc/Q-former-for-OS/dataset/jsonl/finals_v3_official/stage6_capacity/capacity_D128/streamcluster_pressure/resolved_config.json --policy lru --json_output /home/likc/Q-former-for-OS/outputs/results/finals_v3_official/stage6_capacity/raw/capacity_D128/streamcluster_pressure/lru/run.json,5510fba9da29d9457f1e43a04f56255eb7faaa99c0d8d5a304c7ea98bff4968e,CAPD-MIC-1.0,"{""dram_read_cost"": 1.0, ""dram_write_cost"": 1.0, ""migration_cost"": 10.0, ""nvm_read_cost"": 2.0, ""nvm_write_cost"": 8.0}",fd9f3359900bdf868d9e985f967428aa6588c79b6d4944d08864b09cfbc51589,capd_finals_v3_official_data_v1,2b31c00b19945884a09cc6fc8f3d451aad73f0d03b98a350ef540960609ea2c4,2725,,0.0008283703355118632,none,128,empty,"{""B"": 64, ""D"": 128, ""H"": 10, ""Hc"": 256, ""K"": 8, ""L"": 256, ""Lres"": 256, ""approx_ndcg_alpha"": 10.0, ""artifact_class"": ""official"", ""contract_id"": ""CAPD-MIC-1.0"", ""dirty_demotion_nvm_write"": ""none"", ""dram_initial_state"": ""empty"", ""first_touch_accounting"": ""nvm_access"", ""initial_residency"": ""all_trace_pages_in_nvm"", ""lru_direction"": ""oldest_is_one"", ""nvm_capacity_pages"": null, ""page_oov"": ""unk"", ""page_state_dim"": 4, ""page_vocab_fit"": ""train_only"", ""pc_oov"": ""unk"", ""pc_vocab_fit"": ""train_only"", ""position_encoding"": ""sinusoidal"", ""run_profile"": ""official"", ""schema_version"": ""capd_finals_v3_0"", ""selector_recall_tie"": ""any_hit"", ""shared_page_embedding"": true, ""stage6_variant_family"": ""capacity_robustness"", ""stage6_variant_id"": ""capacity_D128"", ""tail_policy"": ""drop_incomplete_window"", ""trace_page_backing"": ""all_trace_pages"", ""training_scope"": ""per_workload"", ""validation_guard_accesses"": 256, ""validation_holdout_fraction"": 0.2, ""validation_strategy"": ""independent_valid_trace""}",nvm_access,2bd07f29a639d54db5180b57651842ce95dd3014,0.985735,98.5735,197147,all_trace_pages_in_nvm,2725,2853,,,,2848,5,lru,0,0.0,0,0.31669950200011954,official,,COMPLETED,capd_finals_v3_0,,,d12c5e2507c333421709ab37c1d555e50426674e3853c88759c2d44237c70235,"{""test"": ""7620aef325310ef88b78b935ed6818bba5f6c0cfdadf624f1f9aad9570ac62d7"", ""train"": ""a04bbff36eccb0091d933efd69a390c150114d67bc6644f3dbdf0991897f252d"", ""valid"": ""e7d875df6e1247bd71320d4b9e1c3e2a3e029a33dce94ad109d8289342951774""}","{""family"": ""capacity_robustness"", ""only_difference"": ""only DRAM capacity D changes from 64 to 128"", ""retrain_required"": true, ""source_stage"": ""stage6"", ""test_used_for_selection"": false, ""variant_id"": ""capacity_D128""}",capacity_D128,7620aef325310ef88b78b935ed6818bba5f6c0cfdadf624f1f9aad9570ac62d7,False,631513.4654045793,200000,all_trace_pages,dataset/processed/finals_v3_official/streamcluster_pressure/test.csv,230133.0,streamcluster_pressure,streamcluster_pressure
official,0.04133184257019696,64,,,"{""avg_selector_time_ms"": 0.0, ""decision_count"": 0, ""max_B_t"": 0, ""max_K_t"": 0, ""mean_B_t"": 0.0, ""mean_K_t"": 0.0, ""min_B_t"": 0, ""min_K_t"": 0, ""selector_time_seconds"": 0.0}",full_dram,,,qmap/qmap_eval.py --config /home/likc/Q-former-for-OS/dataset/jsonl/finals_v3_official/stage6_capacity/capacity_D128/streamcluster_pressure/resolved_config.json --policy lfu --json_output /home/likc/Q-former-for-OS/outputs/results/finals_v3_official/stage6_capacity/raw/capacity_D128/streamcluster_pressure/lfu/run.json,5510fba9da29d9457f1e43a04f56255eb7faaa99c0d8d5a304c7ea98bff4968e,CAPD-MIC-1.0,"{""dram_read_cost"": 1.0, ""dram_write_cost"": 1.0, ""migration_cost"": 10.0, ""nvm_read_cost"": 2.0, ""nvm_write_cost"": 8.0}",fd9f3359900bdf868d9e985f967428aa6588c79b6d4944d08864b09cfbc51589,capd_finals_v3_official_data_v1,2b31c00b19945884a09cc6fc8f3d451aad73f0d03b98a350ef540960609ea2c4,3145,,0.12998864488326944,none,128,empty,"{""B"": 64, ""D"": 128, ""H"": 10, ""Hc"": 256, ""K"": 8, ""L"": 256, ""Lres"": 256, ""approx_ndcg_alpha"": 10.0, ""artifact_class"": ""official"", ""contract_id"": ""CAPD-MIC-1.0"", ""dirty_demotion_nvm_write"": ""none"", ""dram_initial_state"": ""empty"", ""first_touch_accounting"": ""nvm_access"", ""initial_residency"": ""all_trace_pages_in_nvm"", ""lru_direction"": ""oldest_is_one"", ""nvm_capacity_pages"": null, ""page_oov"": ""unk"", ""page_state_dim"": 4, ""page_vocab_fit"": ""train_only"", ""pc_oov"": ""unk"", ""pc_vocab_fit"": ""train_only"", ""position_encoding"": ""sinusoidal"", ""run_profile"": ""official"", ""schema_version"": ""capd_finals_v3_0"", ""selector_recall_tie"": ""any_hit"", ""shared_page_embedding"": true, ""stage6_variant_family"": ""capacity_robustness"", ""stage6_variant_id"": ""capacity_D128"", ""tail_policy"": ""drop_incomplete_window"", ""trace_page_backing"": ""all_trace_pages"", ""training_scope"": ""per_workload"", ""validation_guard_accesses"": 256, ""validation_holdout_fraction"": 0.2, ""validation_strategy"": ""independent_valid_trace""}",nvm_access,2bd07f29a639d54db5180b57651842ce95dd3014,0.983635,98.3635,196727,all_trace_pages_in_nvm,3145,3273,,,,3244,29,lfu,0,0.0,0,0.442056293002679,official,,COMPLETED,capd_finals_v3_0,,,d12c5e2507c333421709ab37c1d555e50426674e3853c88759c2d44237c70235,"{""test"": ""7620aef325310ef88b78b935ed6818bba5f6c0cfdadf624f1f9aad9570ac62d7"", ""train"": ""a04bbff36eccb0091d933efd69a390c150114d67bc6644f3dbdf0991897f252d"", ""valid"": ""e7d875df6e1247bd71320d4b9e1c3e2a3e029a33dce94ad109d8289342951774""}","{""family"": ""capacity_robustness"", ""only_difference"": ""only DRAM capacity D changes from 64 to 128"", ""retrain_required"": true, ""source_stage"": ""stage6"", ""test_used_for_selection"": false, ""variant_id"": ""capacity_D128""}",capacity_D128,7620aef325310ef88b78b935ed6818bba5f6c0cfdadf624f1f9aad9570ac62d7,False,452431.06628229347,200000,all_trace_pages,dataset/processed/finals_v3_official/streamcluster_pressure/test.csv,234897.0,streamcluster_pressure,streamcluster_pressure
official,0.0012986634907258844,64,,,"{""avg_selector_time_ms"": 0.0, ""decision_count"": 0, ""max_B_t"": 0, ""max_K_t"": 0, ""mean_B_t"": 0.0, ""mean_K_t"": 0.0, ""min_B_t"": 0, ""min_K_t"": 0, ""selector_time_seconds"": 0.0}",full_dram,,,qmap/qmap_eval.py --config /home/likc/Q-former-for-OS/dataset/jsonl/finals_v3_official/stage6_capacity/capacity_D128/streamcluster_pressure/resolved_config.json --policy clock --json_output /home/likc/Q-former-for-OS/outputs/results/finals_v3_official/stage6_capacity/raw/capacity_D128/streamcluster_pressure/clock/run.json,5510fba9da29d9457f1e43a04f56255eb7faaa99c0d8d5a304c7ea98bff4968e,CAPD-MIC-1.0,"{""dram_read_cost"": 1.0, ""dram_write_cost"": 1.0, ""migration_cost"": 10.0, ""nvm_read_cost"": 2.0, ""nvm_write_cost"": 8.0}",fd9f3359900bdf868d9e985f967428aa6588c79b6d4944d08864b09cfbc51589,capd_finals_v3_official_data_v1,2b31c00b19945884a09cc6fc8f3d451aad73f0d03b98a350ef540960609ea2c4,2923,,0.0037959933833917603,none,128,empty,"{""B"": 64, ""D"": 128, ""H"": 10, ""Hc"": 256, ""K"": 8, ""L"": 256, ""Lres"": 256, ""approx_ndcg_alpha"": 10.0, ""artifact_class"": ""official"", ""contract_id"": ""CAPD-MIC-1.0"", ""dirty_demotion_nvm_write"": ""none"", ""dram_initial_state"": ""empty"", ""first_touch_accounting"": ""nvm_access"", ""initial_residency"": ""all_trace_pages_in_nvm"", ""lru_direction"": ""oldest_is_one"", ""nvm_capacity_pages"": null, ""page_oov"": ""unk"", ""page_state_dim"": 4, ""page_vocab_fit"": ""train_only"", ""pc_oov"": ""unk"", ""pc_vocab_fit"": ""train_only"", ""position_encoding"": ""sinusoidal"", ""run_profile"": ""official"", ""schema_version"": ""capd_finals_v3_0"", ""selector_recall_tie"": ""any_hit"", ""shared_page_embedding"": true, ""stage6_variant_family"": ""capacity_robustness"", ""stage6_variant_id"": ""capacity_D128"", ""tail_policy"": ""drop_incomplete_window"", ""trace_page_backing"": ""all_trace_pages"", ""training_scope"": ""per_workload"", ""validation_guard_accesses"": 256, ""validation_holdout_fraction"": 0.2, ""validation_strategy"": ""independent_valid_trace""}",nvm_access,2bd07f29a639d54db5180b57651842ce95dd3014,0.984745,98.47449999999999,196949,all_trace_pages_in_nvm,2923,3051,,,,3036,15,clock,0,0.0,0,0.45759989599173423,official,,COMPLETED,capd_finals_v3_0,,,d12c5e2507c333421709ab37c1d555e50426674e3853c88759c2d44237c70235,"{""test"": ""7620aef325310ef88b78b935ed6818bba5f6c0cfdadf624f1f9aad9570ac62d7"", ""train"": ""a04bbff36eccb0091d933efd69a390c150114d67bc6644f3dbdf0991897f252d"", ""valid"": ""e7d875df6e1247bd71320d4b9e1c3e2a3e029a33dce94ad109d8289342951774""}","{""family"": ""capacity_robustness"", ""only_difference"": ""only DRAM capacity D changes from 64 to 128"", ""retrain_required"": true, ""source_stage"": ""stage6"", ""test_used_for_selection"": false, ""variant_id"": ""capacity_D128""}",capacity_D128,7620aef325310ef88b78b935ed6818bba5f6c0cfdadf624f1f9aad9570ac62d7,False,437063.0364033401,200000,all_trace_pages,dataset/processed/finals_v3_official/streamcluster_pressure/test.csv,232371.0,streamcluster_pressure,streamcluster_pressure
official,3.1177373178525043,8,valid_trace,"{""EndToEndRecall@K"": 1.0, ""NRegret"": 0.0, ""PoolRecall@B"": 1.0, ""SelectorRecall@K"": 0.0, ""TieCoverage@K"": 0.125}","{""avg_selector_time_ms"": 0.38808959273808696, ""decision_count"": 3188, ""max_B_t"": 64, ""max_K_t"": 8, ""mean_B_t"": 64.0, ""mean_K_t"": 8.0, ""min_B_t"": 64, ""min_K_t"": 8, ""selector_time_seconds"": 1.2372296216490213}",capd_selector_B_to_K,/home/likc/Q-former-for-OS/outputs/checkpoints/finals_v3_official/stage6_capacity/capacity_D128/dedup_pressure/seed_3136859/qmap_best.pth,67e69442a941e1bf41fcb659166a2bf157069233474b6d790c55e39d2e891731,qmap/qmap_eval.py --config /home/likc/Q-former-for-OS/dataset/jsonl/finals_v3_official/stage6_capacity/capacity_D128/dedup_pressure/resolved_config.json --selector_params /home/likc/Q-former-for-OS/dataset/jsonl/finals_v3_official/stage6_capacity/capacity_D128/dedup_pressure/selector_params.json --policy qmap --checkpoint /home/likc/Q-former-for-OS/outputs/checkpoints/finals_v3_official/stage6_capacity/capacity_D128/dedup_pressure/seed_3136859/qmap_best.pth --json_output /home/likc/Q-former-for-OS/outputs/results/finals_v3_official/stage6_capacity/raw/capacity_D128/dedup_pressure/qmap/seed_3136859.json,a73446dc64535595e6ecad0d55bbe019a80573fcee921c6fcb1dc5231d9fedee,CAPD-MIC-1.0,"{""dram_read_cost"": 1.0, ""dram_write_cost"": 1.0, ""migration_cost"": 10.0, ""nvm_read_cost"": 2.0, ""nvm_write_cost"": 8.0}",fd9f3359900bdf868d9e985f967428aa6588c79b6d4944d08864b09cfbc51589,capd_finals_v3_official_data_v1,d42012b4222091383fc3dfd7eb084dfe4c714512f067aaf7620d37dc844f4fa8,3188,,9.939346569313784,none,128,empty,"{""B"": 64, ""D"": 128, ""H"": 10, ""Hc"": 256, ""K"": 8, ""L"": 256, ""Lres"": 256, ""approx_ndcg_alpha"": 10.0, ""artifact_class"": ""official"", ""contract_id"": ""CAPD-MIC-1.0"", ""dirty_demotion_nvm_write"": ""none"", ""dram_initial_state"": ""empty"", ""first_touch_accounting"": ""nvm_access"", ""initial_residency"": ""all_trace_pages_in_nvm"", ""lru_direction"": ""oldest_is_one"", ""nvm_capacity_pages"": null, ""page_oov"": ""unk"", ""page_state_dim"": 4, ""page_vocab_fit"": ""train_only"", ""pc_oov"": ""unk"", ""pc_vocab_fit"": ""train_only"", ""position_encoding"": ""sinusoidal"", ""run_profile"": ""official"", ""schema_version"": ""capd_finals_v3_0"", ""selector_recall_tie"": ""any_hit"", ""shared_page_embedding"": true, ""stage6_variant_family"": ""capacity_robustness"", ""stage6_variant_id"": ""capacity_D128"", ""tail_policy"": ""drop_incomplete_window"", ""trace_page_backing"": ""all_trace_pages"", ""training_scope"": ""per_workload"", ""validation_guard_accesses"": 256, ""validation_holdout_fraction"": 0.2, ""validation_strategy"": ""independent_valid_trace""}",nvm_access,2bd07f29a639d54db5180b57651842ce95dd3014,0.996684,99.6684,996684,all_trace_pages_in_nvm,3188,3316,3136859,,,1775,1541,qmap,0,0.0,0,13.222739019998698,official,,COMPLETED,capd_finals_v3_0,96247054818236582c6dc4fcb58e8afbbee6028e94a1cb51b6044c88a0927536,/home/likc/Q-former-for-OS/dataset/jsonl/finals_v3_official/stage6_capacity/capacity_D128/dedup_pressure/selector_params.json,1c04935e3188eed4d2e7d6217b2e156253448b2967c26905353476190dd8f439,"{""test"": ""02290e3d22516bffdf9025b740c4c955b1021f9255f2a3f795835296b3bd1b3e"", ""train"": ""1c505939b9041ae4c0d3a6cb8fed653a45a42aab74a7b74f7d73f3d333b9f716"", ""valid"": ""19ea50b168cd601e3bb52e24f07102402cc7315b7f30895ff4ee0da1c8a931c8""}","{""family"": ""capacity_robustness"", ""only_difference"": ""only DRAM capacity D changes from 64 to 128"", ""retrain_required"": true, ""source_stage"": ""stage6"", ""test_used_for_selection"": false, ""variant_id"": ""capacity_D128""}",capacity_D128,02290e3d22516bffdf9025b740c4c955b1021f9255f2a3f795835296b3bd1b3e,False,75627.29616666808,1000000,all_trace_pages,dataset/processed/finals_v3_official/dedup_pressure/test.csv,1044442.0,dedup_pressure,dedup_pressure
official,3.1695337539252653,8,valid_trace,"{""EndToEndRecall@K"": 1.0, ""NRegret"": 0.0, ""PoolRecall@B"": 1.0, ""SelectorRecall@K"": 0.0, ""TieCoverage@K"": 0.125}","{""avg_selector_time_ms"": 0.3896798575066505, ""decision_count"": 3187, ""max_B_t"": 64, ""max_K_t"": 8, ""mean_B_t"": 64.0, ""mean_K_t"": 8.0, ""min_B_t"": 64, ""min_K_t"": 8, ""selector_time_seconds"": 1.2419097058736952}",capd_selector_B_to_K,/home/likc/Q-former-for-OS/outputs/checkpoints/finals_v3_official/stage6_capacity/capacity_D128/dedup_pressure/seed_42/qmap_best.pth,4e3f889443462f0ff7ca94c647a1d3dcfa81b61e76a980a73bce1d17b1784bc9,qmap/qmap_eval.py --config /home/likc/Q-former-for-OS/dataset/jsonl/finals_v3_official/stage6_capacity/capacity_D128/dedup_pressure/resolved_config.json --selector_params /home/likc/Q-former-for-OS/dataset/jsonl/finals_v3_official/stage6_capacity/capacity_D128/dedup_pressure/selector_params.json --policy qmap --checkpoint /home/likc/Q-former-for-OS/outputs/checkpoints/finals_v3_official/stage6_capacity/capacity_D128/dedup_pressure/seed_42/qmap_best.pth --json_output /home/likc/Q-former-for-OS/outputs/results/finals_v3_official/stage6_capacity/raw/capacity_D128/dedup_pressure/qmap/seed_42.json,a73446dc64535595e6ecad0d55bbe019a80573fcee921c6fcb1dc5231d9fedee,CAPD-MIC-1.0,"{""dram_read_cost"": 1.0, ""dram_write_cost"": 1.0, ""migration_cost"": 10.0, ""nvm_read_cost"": 2.0, ""nvm_write_cost"": 8.0}",fd9f3359900bdf868d9e985f967428aa6588c79b6d4944d08864b09cfbc51589,capd_finals_v3_official_data_v1,d42012b4222091383fc3dfd7eb084dfe4c714512f067aaf7620d37dc844f4fa8,3187,,10.10130407375982,none,128,empty,"{""B"": 64, ""D"": 128, ""H"": 10, ""Hc"": 256, ""K"": 8, ""L"": 256, ""Lres"": 256, ""approx_ndcg_alpha"": 10.0, ""artifact_class"": ""official"", ""contract_id"": ""CAPD-MIC-1.0"", ""dirty_demotion_nvm_write"": ""none"", ""dram_initial_state"": ""empty"", ""first_touch_accounting"": ""nvm_access"", ""initial_residency"": ""all_trace_pages_in_nvm"", ""lru_direction"": ""oldest_is_one"", ""nvm_capacity_pages"": null, ""page_oov"": ""unk"", ""page_state_dim"": 4, ""page_vocab_fit"": ""train_only"", ""pc_oov"": ""unk"", ""pc_vocab_fit"": ""train_only"", ""position_encoding"": ""sinusoidal"", ""run_profile"": ""official"", ""schema_version"": ""capd_finals_v3_0"", ""selector_recall_tie"": ""any_hit"", ""shared_page_embedding"": true, ""stage6_variant_family"": ""capacity_robustness"", ""stage6_variant_id"": ""capacity_D128"", ""tail_policy"": ""drop_incomplete_window"", ""trace_page_backing"": ""all_trace_pages"", ""training_scope"": ""per_workload"", ""validation_guard_accesses"": 256, ""validation_holdout_fraction"": 0.2, ""validation_strategy"": ""independent_valid_trace""}",nvm_access,2bd07f29a639d54db5180b57651842ce95dd3014,0.996685,99.66850000000001,996685,all_trace_pages_in_nvm,3187,3315,42,,,1773,1542,qmap,0,0.0,0,13.414841040997999,official,,COMPLETED,capd_finals_v3_0,96247054818236582c6dc4fcb58e8afbbee6028e94a1cb51b6044c88a0927536,/home/likc/Q-former-for-OS/dataset/jsonl/finals_v3_official/stage6_capacity/capacity_D128/dedup_pressure/selector_params.json,1c04935e3188eed4d2e7d6217b2e156253448b2967c26905353476190dd8f439,"{""test"": ""02290e3d22516bffdf9025b740c4c955b1021f9255f2a3f795835296b3bd1b3e"", ""train"": ""1c505939b9041ae4c0d3a6cb8fed653a45a42aab74a7b74f7d73f3d333b9f716"", ""valid"": ""19ea50b168cd601e3bb52e24f07102402cc7315b7f30895ff4ee0da1c8a931c8""}","{""family"": ""capacity_robustness"", ""only_difference"": ""only DRAM capacity D changes from 64 to 128"", ""retrain_required"": true, ""source_stage"": ""stage6"", ""test_used_for_selection"": false, ""variant_id"": ""capacity_D128""}",capacity_D128,02290e3d22516bffdf9025b740c4c955b1021f9255f2a3f795835296b3bd1b3e,False,74544.30484445047,1000000,all_trace_pages,dataset/processed/finals_v3_official/dedup_pressure/test.csv,1044437.0,dedup_pressure,dedup_pressure
official,3.2400512490171263,8,valid_trace,"{""EndToEndRecall@K"": 1.0, ""NRegret"": 0.0, ""PoolRecall@B"": 1.0, ""SelectorRecall@K"": 0.0, ""TieCoverage@K"": 0.125}","{""avg_selector_time_ms"": 0.3922838366254496, ""decision_count"": 3177, ""max_B_t"": 64, ""max_K_t"": 8, ""mean_B_t"": 64.0, ""mean_K_t"": 8.0, ""min_B_t"": 64, ""min_K_t"": 8, ""selector_time_seconds"": 1.2462857489590533}",capd_selector_B_to_K,/home/likc/Q-former-for-OS/outputs/checkpoints/finals_v3_official/stage6_capacity/capacity_D128/dedup_pressure/seed_2026/qmap_best.pth,3981e88746483ad3c60dbb0bea5b6227143b94943984ce15c77ae1502c5099f9,qmap/qmap_eval.py --config /home/likc/Q-former-for-OS/dataset/jsonl/finals_v3_official/stage6_capacity/capacity_D128/dedup_pressure/resolved_config.json --selector_params /home/likc/Q-former-for-OS/dataset/jsonl/finals_v3_official/stage6_capacity/capacity_D128/dedup_pressure/selector_params.json --policy qmap --checkpoint /home/likc/Q-former-for-OS/outputs/checkpoints/finals_v3_official/stage6_capacity/capacity_D128/dedup_pressure/seed_2026/qmap_best.pth --json_output /home/likc/Q-former-for-OS/outputs/results/finals_v3_official/stage6_capacity/raw/capacity_D128/dedup_pressure/qmap/seed_2026.json,a73446dc64535595e6ecad0d55bbe019a80573fcee921c6fcb1dc5231d9fedee,CAPD-MIC-1.0,"{""dram_read_cost"": 1.0, ""dram_write_cost"": 1.0, ""migration_cost"": 10.0, ""nvm_read_cost"": 2.0, ""nvm_write_cost"": 8.0}",fd9f3359900bdf868d9e985f967428aa6588c79b6d4944d08864b09cfbc51589,capd_finals_v3_official_data_v1,d42012b4222091383fc3dfd7eb084dfe4c714512f067aaf7620d37dc844f4fa8,3177,,10.29364281812741,none,128,empty,"{""B"": 64, ""D"": 128, ""H"": 10, ""Hc"": 256, ""K"": 8, ""L"": 256, ""Lres"": 256, ""approx_ndcg_alpha"": 10.0, ""artifact_class"": ""official"", ""contract_id"": ""CAPD-MIC-1.0"", ""dirty_demotion_nvm_write"": ""none"", ""dram_initial_state"": ""empty"", ""first_touch_accounting"": ""nvm_access"", ""initial_residency"": ""all_trace_pages_in_nvm"", ""lru_direction"": ""oldest_is_one"", ""nvm_capacity_pages"": null, ""page_oov"": ""unk"", ""page_state_dim"": 4, ""page_vocab_fit"": ""train_only"", ""pc_oov"": ""unk"", ""pc_vocab_fit"": ""train_only"", ""position_encoding"": ""sinusoidal"", ""run_profile"": ""official"", ""schema_version"": ""capd_finals_v3_0"", ""selector_recall_tie"": ""any_hit"", ""shared_page_embedding"": true, ""stage6_variant_family"": ""capacity_robustness"", ""stage6_variant_id"": ""capacity_D128"", ""tail_policy"": ""drop_incomplete_window"", ""trace_page_backing"": ""all_trace_pages"", ""training_scope"": ""per_workload"", ""validation_guard_accesses"": 256, ""validation_holdout_fraction"": 0.2, ""validation_strategy"": ""independent_valid_trace""}",nvm_access,2bd07f29a639d54db5180b57651842ce95dd3014,0.996695,99.6695,996695,all_trace_pages_in_nvm,3177,3305,2026,,,1764,1541,qmap,0,0.0,0,13.578614297002787,official,,COMPLETED,capd_finals_v3_0,96247054818236582c6dc4fcb58e8afbbee6028e94a1cb51b6044c88a0927536,/home/likc/Q-former-for-OS/dataset/jsonl/finals_v3_official/stage6_capacity/capacity_D128/dedup_pressure/selector_params.json,1c04935e3188eed4d2e7d6217b2e156253448b2967c26905353476190dd8f439,"{""test"": ""02290e3d22516bffdf9025b740c4c955b1021f9255f2a3f795835296b3bd1b3e"", ""train"": ""1c505939b9041ae4c0d3a6cb8fed653a45a42aab74a7b74f7d73f3d333b9f716"", ""valid"": ""19ea50b168cd601e3bb52e24f07102402cc7315b7f30895ff4ee0da1c8a931c8""}","{""family"": ""capacity_robustness"", ""only_difference"": ""only DRAM capacity D changes from 64 to 128"", ""retrain_required"": true, ""source_stage"": ""stage6"", ""test_used_for_selection"": false, ""variant_id"": ""capacity_D128""}",capacity_D128,02290e3d22516bffdf9025b740c4c955b1021f9255f2a3f795835296b3bd1b3e,False,73645.21726055142,1000000,all_trace_pages,dataset/processed/finals_v3_official/dedup_pressure/test.csv,1044321.0,dedup_pressure,dedup_pressure
official,0.0012576959694021936,64,,,"{""avg_selector_time_ms"": 0.0, ""decision_count"": 0, ""max_B_t"": 0, ""max_K_t"": 0, ""mean_B_t"": 0.0, ""mean_K_t"": 0.0, ""min_B_t"": 0, ""min_K_t"": 0, ""selector_time_seconds"": 0.0}",full_dram,,,qmap/qmap_eval.py --config /home/likc/Q-former-for-OS/dataset/jsonl/finals_v3_official/stage6_capacity/capacity_D128/dedup_pressure/resolved_config.json --policy random --stage5_replay_seed 0 --json_output /home/likc/Q-former-for-OS/outputs/results/finals_v3_official/stage6_capacity/raw/capacity_D128/dedup_pressure/random/seed_0.json,a73446dc64535595e6ecad0d55bbe019a80573fcee921c6fcb1dc5231d9fedee,CAPD-MIC-1.0,"{""dram_read_cost"": 1.0, ""dram_write_cost"": 1.0, ""migration_cost"": 10.0, ""nvm_read_cost"": 2.0, ""nvm_write_cost"": 8.0}",fd9f3359900bdf868d9e985f967428aa6588c79b6d4944d08864b09cfbc51589,capd_finals_v3_official_data_v1,d42012b4222091383fc3dfd7eb084dfe4c714512f067aaf7620d37dc844f4fa8,3322,,0.004178066010354087,none,128,empty,"{""B"": 64, ""D"": 128, ""H"": 10, ""Hc"": 256, ""K"": 8, ""L"": 256, ""Lres"": 256, ""approx_ndcg_alpha"": 10.0, ""artifact_class"": ""official"", ""contract_id"": ""CAPD-MIC-1.0"", ""dirty_demotion_nvm_write"": ""none"", ""dram_initial_state"": ""empty"", ""first_touch_accounting"": ""nvm_access"", ""initial_residency"": ""all_trace_pages_in_nvm"", ""lru_direction"": ""oldest_is_one"", ""nvm_capacity_pages"": null, ""page_oov"": ""unk"", ""page_state_dim"": 4, ""page_vocab_fit"": ""train_only"", ""pc_oov"": ""unk"", ""pc_vocab_fit"": ""train_only"", ""position_encoding"": ""sinusoidal"", ""run_profile"": ""official"", ""schema_version"": ""capd_finals_v3_0"", ""selector_recall_tie"": ""any_hit"", ""shared_page_embedding"": true, ""stage6_variant_family"": ""capacity_robustness"", ""stage6_variant_id"": ""capacity_D128"", ""tail_policy"": ""drop_incomplete_window"", ""trace_page_backing"": ""all_trace_pages"", ""training_scope"": ""per_workload"", ""validation_guard_accesses"": 256, ""validation_holdout_fraction"": 0.2, ""validation_strategy"": ""independent_valid_trace""}",nvm_access,2bd07f29a639d54db5180b57651842ce95dd3014,0.99655,99.655,996550,all_trace_pages_in_nvm,3322,3450,,,,1842,1608,random,0,0.0,0,1.437810552000883,official,,COMPLETED,capd_finals_v3_0,,,1c04935e3188eed4d2e7d6217b2e156253448b2967c26905353476190dd8f439,"{""test"": ""02290e3d22516bffdf9025b740c4c955b1021f9255f2a3f795835296b3bd1b3e"", ""train"": ""1c505939b9041ae4c0d3a6cb8fed653a45a42aab74a7b74f7d73f3d333b9f716"", ""valid"": ""19ea50b168cd601e3bb52e24f07102402cc7315b7f30895ff4ee0da1c8a931c8""}","{""family"": ""capacity_robustness"", ""only_difference"": ""only DRAM capacity D changes from 64 to 128"", ""retrain_required"": true, ""source_stage"": ""stage6"", ""test_used_for_selection"": false, ""variant_id"": ""capacity_D128""}",capacity_D128,02290e3d22516bffdf9025b740c4c955b1021f9255f2a3f795835296b3bd1b3e,False,695501.920338797,1000000,all_trace_pages,dataset/processed/finals_v3_official/dedup_pressure/test.csv,1046318.0,dedup_pressure,dedup_pressure
official,0.0012432410667867833,64,,,"{""avg_selector_time_ms"": 0.0, ""decision_count"": 0, ""max_B_t"": 0, ""max_K_t"": 0, ""mean_B_t"": 0.0, ""mean_K_t"": 0.0, ""min_B_t"": 0, ""min_K_t"": 0, ""selector_time_seconds"": 0.0}",full_dram,,,qmap/qmap_eval.py --config /home/likc/Q-former-for-OS/dataset/jsonl/finals_v3_official/stage6_capacity/capacity_D128/dedup_pressure/resolved_config.json --policy random --stage5_replay_seed 1 --json_output /home/likc/Q-former-for-OS/outputs/results/finals_v3_official/stage6_capacity/raw/capacity_D128/dedup_pressure/random/seed_1.json,a73446dc64535595e6ecad0d55bbe019a80573fcee921c6fcb1dc5231d9fedee,CAPD-MIC-1.0,"{""dram_read_cost"": 1.0, ""dram_write_cost"": 1.0, ""migration_cost"": 10.0, ""nvm_read_cost"": 2.0, ""nvm_write_cost"": 8.0}",fd9f3359900bdf868d9e985f967428aa6588c79b6d4944d08864b09cfbc51589,capd_finals_v3_official_data_v1,d42012b4222091383fc3dfd7eb084dfe4c714512f067aaf7620d37dc844f4fa8,3311,,0.004116371172131039,none,128,empty,"{""B"": 64, ""D"": 128, ""H"": 10, ""Hc"": 256, ""K"": 8, ""L"": 256, ""Lres"": 256, ""approx_ndcg_alpha"": 10.0, ""artifact_class"": ""official"", ""contract_id"": ""CAPD-MIC-1.0"", ""dirty_demotion_nvm_write"": ""none"", ""dram_initial_state"": ""empty"", ""first_touch_accounting"": ""nvm_access"", ""initial_residency"": ""all_trace_pages_in_nvm"", ""lru_direction"": ""oldest_is_one"", ""nvm_capacity_pages"": null, ""page_oov"": ""unk"", ""page_state_dim"": 4, ""page_vocab_fit"": ""train_only"", ""pc_oov"": ""unk"", ""pc_vocab_fit"": ""train_only"", ""position_encoding"": ""sinusoidal"", ""run_profile"": ""official"", ""schema_version"": ""capd_finals_v3_0"", ""selector_recall_tie"": ""any_hit"", ""shared_page_embedding"": true, ""stage6_variant_family"": ""capacity_robustness"", ""stage6_variant_id"": ""capacity_D128"", ""tail_policy"": ""drop_incomplete_window"", ""trace_page_backing"": ""all_trace_pages"", ""training_scope"": ""per_workload"", ""validation_guard_accesses"": 256, ""validation_holdout_fraction"": 0.2, ""validation_strategy"": ""independent_valid_trace""}",nvm_access,2bd07f29a639d54db5180b57651842ce95dd3014,0.996561,99.65610000000001,996561,all_trace_pages_in_nvm,3311,3439,,,,1851,1588,random,0,0.0,1,1.4414963019953575,official,,COMPLETED,capd_finals_v3_0,,,1c04935e3188eed4d2e7d6217b2e156253448b2967c26905353476190dd8f439,"{""test"": ""02290e3d22516bffdf9025b740c4c955b1021f9255f2a3f795835296b3bd1b3e"", ""train"": ""1c505939b9041ae4c0d3a6cb8fed653a45a42aab74a7b74f7d73f3d333b9f716"", ""valid"": ""19ea50b168cd601e3bb52e24f07102402cc7315b7f30895ff4ee0da1c8a931c8""}","{""family"": ""capacity_robustness"", ""only_difference"": ""only DRAM capacity D changes from 64 to 128"", ""retrain_required"": true, ""source_stage"": ""stage6"", ""test_used_for_selection"": false, ""variant_id"": ""capacity_D128""}",capacity_D128,02290e3d22516bffdf9025b740c4c955b1021f9255f2a3f795835296b3bd1b3e,False,693723.5972203143,1000000,all_trace_pages,dataset/processed/finals_v3_official/dedup_pressure/test.csv,1046077.0,dedup_pressure,dedup_pressure
official,0.0012479957222283837,64,,,"{""avg_selector_time_ms"": 0.0, ""decision_count"": 0, ""max_B_t"": 0, ""max_K_t"": 0, ""mean_B_t"": 0.0, ""mean_K_t"": 0.0, ""min_B_t"": 0, ""min_K_t"": 0, ""selector_time_seconds"": 0.0}",full_dram,,,qmap/qmap_eval.py --config /home/likc/Q-former-for-OS/dataset/jsonl/finals_v3_official/stage6_capacity/capacity_D128/dedup_pressure/resolved_config.json --policy random --stage5_replay_seed 2 --json_output /home/likc/Q-former-for-OS/outputs/results/finals_v3_official/stage6_capacity/raw/capacity_D128/dedup_pressure/random/seed_2.json,a73446dc64535595e6ecad0d55bbe019a80573fcee921c6fcb1dc5231d9fedee,CAPD-MIC-1.0,"{""dram_read_cost"": 1.0, ""dram_write_cost"": 1.0, ""migration_cost"": 10.0, ""nvm_read_cost"": 2.0, ""nvm_write_cost"": 8.0}",fd9f3359900bdf868d9e985f967428aa6588c79b6d4944d08864b09cfbc51589,capd_finals_v3_official_data_v1,d42012b4222091383fc3dfd7eb084dfe4c714512f067aaf7620d37dc844f4fa8,3323,,0.004147089784964919,none,128,empty,"{""B"": 64, ""D"": 128, ""H"": 10, ""Hc"": 256, ""K"": 8, ""L"": 256, ""Lres"": 256, ""approx_ndcg_alpha"": 10.0, ""artifact_class"": ""official"", ""contract_id"": ""CAPD-MIC-1.0"", ""dirty_demotion_nvm_write"": ""none"", ""dram_initial_state"": ""empty"", ""first_touch_accounting"": ""nvm_access"", ""initial_residency"": ""all_trace_pages_in_nvm"", ""lru_direction"": ""oldest_is_one"", ""nvm_capacity_pages"": null, ""page_oov"": ""unk"", ""page_state_dim"": 4, ""page_vocab_fit"": ""train_only"", ""pc_oov"": ""unk"", ""pc_vocab_fit"": ""train_only"", ""position_encoding"": ""sinusoidal"", ""run_profile"": ""official"", ""schema_version"": ""capd_finals_v3_0"", ""selector_recall_tie"": ""any_hit"", ""shared_page_embedding"": true, ""stage6_variant_family"": ""capacity_robustness"", ""stage6_variant_id"": ""capacity_D128"", ""tail_policy"": ""drop_incomplete_window"", ""trace_page_backing"": ""all_trace_pages"", ""training_scope"": ""per_workload"", ""validation_guard_accesses"": 256, ""validation_holdout_fraction"": 0.2, ""validation_strategy"": ""independent_valid_trace""}",nvm_access,2bd07f29a639d54db5180b57651842ce95dd3014,0.996549,99.6549,996549,all_trace_pages_in_nvm,3323,3451,,,,1851,1600,random,0,0.0,2,1.4319105809991015,official,,COMPLETED,capd_finals_v3_0,,,1c04935e3188eed4d2e7d6217b2e156253448b2967c26905353476190dd8f439,"{""test"": ""02290e3d22516bffdf9025b740c4c955b1021f9255f2a3f795835296b3bd1b3e"", ""train"": ""1c505939b9041ae4c0d3a6cb8fed653a45a42aab74a7b74f7d73f3d333b9f716"", ""valid"": ""19ea50b168cd601e3bb52e24f07102402cc7315b7f30895ff4ee0da1c8a931c8""}","{""family"": ""capacity_robustness"", ""only_difference"": ""only DRAM capacity D changes from 64 to 128"", ""retrain_required"": true, ""source_stage"": ""stage6"", ""test_used_for_selection"": false, ""variant_id"": ""capacity_D128""}",capacity_D128,02290e3d22516bffdf9025b740c4c955b1021f9255f2a3f795835296b3bd1b3e,False,698367.6308210948,1000000,all_trace_pages,dataset/processed/finals_v3_official/dedup_pressure/test.csv,1046281.0,dedup_pressure,dedup_pressure
official,0.0003242529255104525,64,,,"{""avg_selector_time_ms"": 0.0, ""decision_count"": 0, ""max_B_t"": 0, ""max_K_t"": 0, ""mean_B_t"": 0.0, ""mean_K_t"": 0.0, ""min_B_t"": 0, ""min_K_t"": 0, ""selector_time_seconds"": 0.0}",full_dram,,,qmap/qmap_eval.py --config /home/likc/Q-former-for-OS/dataset/jsonl/finals_v3_official/stage6_capacity/capacity_D128/dedup_pressure/resolved_config.json --policy lru --json_output /home/likc/Q-former-for-OS/outputs/results/finals_v3_official/stage6_capacity/raw/capacity_D128/dedup_pressure/lru/run.json,a73446dc64535595e6ecad0d55bbe019a80573fcee921c6fcb1dc5231d9fedee,CAPD-MIC-1.0,"{""dram_read_cost"": 1.0, ""dram_write_cost"": 1.0, ""migration_cost"": 10.0, ""nvm_read_cost"": 2.0, ""nvm_write_cost"": 8.0}",fd9f3359900bdf868d9e985f967428aa6588c79b6d4944d08864b09cfbc51589,capd_finals_v3_official_data_v1,d42012b4222091383fc3dfd7eb084dfe4c714512f067aaf7620d37dc844f4fa8,3187,,0.0010333940736018121,none,128,empty,"{""B"": 64, ""D"": 128, ""H"": 10, ""Hc"": 256, ""K"": 8, ""L"": 256, ""Lres"": 256, ""approx_ndcg_alpha"": 10.0, ""artifact_class"": ""official"", ""contract_id"": ""CAPD-MIC-1.0"", ""dirty_demotion_nvm_write"": ""none"", ""dram_initial_state"": ""empty"", ""first_touch_accounting"": ""nvm_access"", ""initial_residency"": ""all_trace_pages_in_nvm"", ""lru_direction"": ""oldest_is_one"", ""nvm_capacity_pages"": null, ""page_oov"": ""unk"", ""page_state_dim"": 4, ""page_vocab_fit"": ""train_only"", ""pc_oov"": ""unk"", ""pc_vocab_fit"": ""train_only"", ""position_encoding"": ""sinusoidal"", ""run_profile"": ""official"", ""schema_version"": ""capd_finals_v3_0"", ""selector_recall_tie"": ""any_hit"", ""shared_page_embedding"": true, ""stage6_variant_family"": ""capacity_robustness"", ""stage6_variant_id"": ""capacity_D128"", ""tail_policy"": ""drop_incomplete_window"", ""trace_page_backing"": ""all_trace_pages"", ""training_scope"": ""per_workload"", ""validation_guard_accesses"": 256, ""validation_holdout_fraction"": 0.2, ""validation_strategy"": ""independent_valid_trace""}",nvm_access,2bd07f29a639d54db5180b57651842ce95dd3014,0.996685,99.66850000000001,996685,all_trace_pages_in_nvm,3187,3315,,,,1773,1542,lru,0,0.0,0,1.4317834960093023,official,,COMPLETED,capd_finals_v3_0,,,1c04935e3188eed4d2e7d6217b2e156253448b2967c26905353476190dd8f439,"{""test"": ""02290e3d22516bffdf9025b740c4c955b1021f9255f2a3f795835296b3bd1b3e"", ""train"": ""1c505939b9041ae4c0d3a6cb8fed653a45a42aab74a7b74f7d73f3d333b9f716"", ""valid"": ""19ea50b168cd601e3bb52e24f07102402cc7315b7f30895ff4ee0da1c8a931c8""}","{""family"": ""capacity_robustness"", ""only_difference"": ""only DRAM capacity D changes from 64 to 128"", ""retrain_required"": true, ""source_stage"": ""stage6"", ""test_used_for_selection"": false, ""variant_id"": ""capacity_D128""}",capacity_D128,02290e3d22516bffdf9025b740c4c955b1021f9255f2a3f795835296b3bd1b3e,False,698429.61787674,1000000,all_trace_pages,dataset/processed/finals_v3_official/dedup_pressure/test.csv,1044437.0,dedup_pressure,dedup_pressure
official,0.04033836714291049,64,,,"{""avg_selector_time_ms"": 0.0, ""decision_count"": 0, ""max_B_t"": 0, ""max_K_t"": 0, ""mean_B_t"": 0.0, ""mean_K_t"": 0.0, ""min_B_t"": 0, ""min_K_t"": 0, ""selector_time_seconds"": 0.0}",full_dram,,,qmap/qmap_eval.py --config /home/likc/Q-former-for-OS/dataset/jsonl/finals_v3_official/stage6_capacity/capacity_D128/dedup_pressure/resolved_config.json --policy lfu --json_output /home/likc/Q-former-for-OS/outputs/results/finals_v3_official/stage6_capacity/raw/capacity_D128/dedup_pressure/lfu/run.json,a73446dc64535595e6ecad0d55bbe019a80573fcee921c6fcb1dc5231d9fedee,CAPD-MIC-1.0,"{""dram_read_cost"": 1.0, ""dram_write_cost"": 1.0, ""migration_cost"": 10.0, ""nvm_read_cost"": 2.0, ""nvm_write_cost"": 8.0}",fd9f3359900bdf868d9e985f967428aa6588c79b6d4944d08864b09cfbc51589,capd_finals_v3_official_data_v1,d42012b4222091383fc3dfd7eb084dfe4c714512f067aaf7620d37dc844f4fa8,96129,,3.877686895080842,none,128,empty,"{""B"": 64, ""D"": 128, ""H"": 10, ""Hc"": 256, ""K"": 8, ""L"": 256, ""Lres"": 256, ""approx_ndcg_alpha"": 10.0, ""artifact_class"": ""official"", ""contract_id"": ""CAPD-MIC-1.0"", ""dirty_demotion_nvm_write"": ""none"", ""dram_initial_state"": ""empty"", ""first_touch_accounting"": ""nvm_access"", ""initial_residency"": ""all_trace_pages_in_nvm"", ""lru_direction"": ""oldest_is_one"", ""nvm_capacity_pages"": null, ""page_oov"": ""unk"", ""page_state_dim"": 4, ""page_vocab_fit"": ""train_only"", ""pc_oov"": ""unk"", ""pc_vocab_fit"": ""train_only"", ""position_encoding"": ""sinusoidal"", ""run_profile"": ""official"", ""schema_version"": ""capd_finals_v3_0"", ""selector_recall_tie"": ""any_hit"", ""shared_page_embedding"": true, ""stage6_variant_family"": ""capacity_robustness"", ""stage6_variant_id"": ""capacity_D128"", ""tail_policy"": ""drop_incomplete_window"", ""trace_page_backing"": ""all_trace_pages"", ""training_scope"": ""per_workload"", ""validation_guard_accesses"": 256, ""validation_holdout_fraction"": 0.2, ""validation_strategy"": ""independent_valid_trace""}",nvm_access,2bd07f29a639d54db5180b57651842ce95dd3014,0.903743,90.37429999999999,903743,all_trace_pages_in_nvm,96129,96257,,,,48593,47664,lfu,0,0.0,0,5.748622154002078,official,,COMPLETED,capd_finals_v3_0,,,1c04935e3188eed4d2e7d6217b2e156253448b2967c26905353476190dd8f439,"{""test"": ""02290e3d22516bffdf9025b740c4c955b1021f9255f2a3f795835296b3bd1b3e"", ""train"": ""1c505939b9041ae4c0d3a6cb8fed653a45a42aab74a7b74f7d73f3d333b9f716"", ""valid"": ""19ea50b168cd601e3bb52e24f07102402cc7315b7f30895ff4ee0da1c8a931c8""}","{""family"": ""capacity_robustness"", ""only_difference"": ""only DRAM capacity D changes from 64 to 128"", ""retrain_required"": true, ""source_stage"": ""stage6"", ""test_used_for_selection"": false, ""variant_id"": ""capacity_D128""}",capacity_D128,02290e3d22516bffdf9025b740c4c955b1021f9255f2a3f795835296b3bd1b3e,False,173954.72744783195,1000000,all_trace_pages,dataset/processed/finals_v3_official/dedup_pressure/test.csv,2343531.0,dedup_pressure,dedup_pressure
official,0.001258705282643589,64,,,"{""avg_selector_time_ms"": 0.0, ""decision_count"": 0, ""max_B_t"": 0, ""max_K_t"": 0, ""mean_B_t"": 0.0, ""mean_K_t"": 0.0, ""min_B_t"": 0, ""min_K_t"": 0, ""selector_time_seconds"": 0.0}",full_dram,,,qmap/qmap_eval.py --config /home/likc/Q-former-for-OS/dataset/jsonl/finals_v3_official/stage6_capacity/capacity_D128/dedup_pressure/resolved_config.json --policy clock --json_output /home/likc/Q-former-for-OS/outputs/results/finals_v3_official/stage6_capacity/raw/capacity_D128/dedup_pressure/clock/run.json,a73446dc64535595e6ecad0d55bbe019a80573fcee921c6fcb1dc5231d9fedee,CAPD-MIC-1.0,"{""dram_read_cost"": 1.0, ""dram_write_cost"": 1.0, ""migration_cost"": 10.0, ""nvm_read_cost"": 2.0, ""nvm_write_cost"": 8.0}",fd9f3359900bdf868d9e985f967428aa6588c79b6d4944d08864b09cfbc51589,capd_finals_v3_official_data_v1,d42012b4222091383fc3dfd7eb084dfe4c714512f067aaf7620d37dc844f4fa8,3195,,0.004021563378046267,none,128,empty,"{""B"": 64, ""D"": 128, ""H"": 10, ""Hc"": 256, ""K"": 8, ""L"": 256, ""Lres"": 256, ""approx_ndcg_alpha"": 10.0, ""artifact_class"": ""official"", ""contract_id"": ""CAPD-MIC-1.0"", ""dirty_demotion_nvm_write"": ""none"", ""dram_initial_state"": ""empty"", ""first_touch_accounting"": ""nvm_access"", ""initial_residency"": ""all_trace_pages_in_nvm"", ""lru_direction"": ""oldest_is_one"", ""nvm_capacity_pages"": null, ""page_oov"": ""unk"", ""page_state_dim"": 4, ""page_vocab_fit"": ""train_only"", ""pc_oov"": ""unk"", ""pc_vocab_fit"": ""train_only"", ""position_encoding"": ""sinusoidal"", ""run_profile"": ""official"", ""schema_version"": ""capd_finals_v3_0"", ""selector_recall_tie"": ""any_hit"", ""shared_page_embedding"": true, ""stage6_variant_family"": ""capacity_robustness"", ""stage6_variant_id"": ""capacity_D128"", ""tail_policy"": ""drop_incomplete_window"", ""trace_page_backing"": ""all_trace_pages"", ""training_scope"": ""per_workload"", ""validation_guard_accesses"": 256, ""validation_holdout_fraction"": 0.2, ""validation_strategy"": ""independent_valid_trace""}",nvm_access,2bd07f29a639d54db5180b57651842ce95dd3014,0.996677,99.6677,996677,all_trace_pages_in_nvm,3195,3323,,,,1777,1546,clock,0,0.0,0,1.4137390209943987,official,,COMPLETED,capd_finals_v3_0,,,1c04935e3188eed4d2e7d6217b2e156253448b2967c26905353476190dd8f439,"{""test"": ""02290e3d22516bffdf9025b740c4c955b1021f9255f2a3f795835296b3bd1b3e"", ""train"": ""1c505939b9041ae4c0d3a6cb8fed653a45a42aab74a7b74f7d73f3d333b9f716"", ""valid"": ""19ea50b168cd601e3bb52e24f07102402cc7315b7f30895ff4ee0da1c8a931c8""}","{""family"": ""capacity_robustness"", ""only_difference"": ""only DRAM capacity D changes from 64 to 128"", ""retrain_required"": true, ""source_stage"": ""stage6"", ""test_used_for_selection"": false, ""variant_id"": ""capacity_D128""}",capacity_D128,02290e3d22516bffdf9025b740c4c955b1021f9255f2a3f795835296b3bd1b3e,False,707344.1315191385,1000000,all_trace_pages,dataset/processed/finals_v3_official/dedup_pressure/test.csv,1044549.0,dedup_pressure,dedup_pressure
official,3.5528113652940947,8,valid_trace,"{""EndToEndRecall@K"": 1.0, ""NRegret"": 0.0, ""PoolRecall@B"": 1.0, ""SelectorRecall@K"": 1.0, ""TieCoverage@K"": 0.12505826286503594}","{""avg_selector_time_ms"": 0.4013857539068083, ""decision_count"": 1304, ""max_B_t"": 64, ""max_K_t"": 8, ""mean_B_t"": 64.0, ""mean_K_t"": 8.0, ""min_B_t"": 64, ""min_K_t"": 8, ""selector_time_seconds"": 0.5234070230944781}",capd_selector_B_to_K,/home/likc/Q-former-for-OS/outputs/checkpoints/finals_v3_official/stage6_capacity/capacity_D256/canneal/seed_3136859/qmap_best.pth,dd89979d73a9df91ca589c05bf2fb18d387d50ab6512300a2f06b52b0c7444ba,qmap/qmap_eval.py --config /home/likc/Q-former-for-OS/dataset/jsonl/finals_v3_official/stage6_capacity/capacity_D256/canneal/resolved_config.json --selector_params /home/likc/Q-former-for-OS/dataset/jsonl/finals_v3_official/stage6_capacity/capacity_D256/canneal/selector_params.json --policy qmap --checkpoint /home/likc/Q-former-for-OS/outputs/checkpoints/finals_v3_official/stage6_capacity/capacity_D256/canneal/seed_3136859/qmap_best.pth --json_output /home/likc/Q-former-for-OS/outputs/results/finals_v3_official/stage6_capacity/raw/capacity_D256/canneal/qmap/seed_3136859.json,f1434a80ec1c6443d059a3aba8fb449bc18d8e3bc1529877f40f7623008b63eb,CAPD-MIC-1.0,"{""dram_read_cost"": 1.0, ""dram_write_cost"": 1.0, ""migration_cost"": 10.0, ""nvm_read_cost"": 2.0, ""nvm_write_cost"": 8.0}",fd9f3359900bdf868d9e985f967428aa6588c79b6d4944d08864b09cfbc51589,capd_finals_v3_official_data_v1,5986f7d63d4b81da33feb24a9c6a7d3db51c339d421e1322d4f80b7bc3249bdb,1304,,4.632866020343499,none,256,empty,"{""B"": 64, ""D"": 256, ""H"": 10, ""Hc"": 256, ""K"": 8, ""L"": 256, ""Lres"": 256, ""approx_ndcg_alpha"": 10.0, ""artifact_class"": ""official"", ""contract_id"": ""CAPD-MIC-1.0"", ""dirty_demotion_nvm_write"": ""none"", ""dram_initial_state"": ""empty"", ""first_touch_accounting"": ""nvm_access"", ""initial_residency"": ""all_trace_pages_in_nvm"", ""lru_direction"": ""oldest_is_one"", ""nvm_capacity_pages"": null, ""page_oov"": ""unk"", ""page_state_dim"": 4, ""page_vocab_fit"": ""train_only"", ""pc_oov"": ""unk"", ""pc_vocab_fit"": ""train_only"", ""position_encoding"": ""sinusoidal"", ""run_profile"": ""official"", ""schema_version"": ""capd_finals_v3_0"", ""selector_recall_tie"": ""any_hit"", ""shared_page_embedding"": true, ""stage6_variant_family"": ""capacity_robustness"", ""stage6_variant_id"": ""capacity_D256"", ""tail_policy"": ""drop_incomplete_window"", ""trace_page_backing"": ""all_trace_pages"", ""training_scope"": ""per_workload"", ""validation_guard_accesses"": 256, ""validation_holdout_fraction"": 0.2, ""validation_strategy"": ""independent_valid_trace""}",nvm_access,2bd07f29a639d54db5180b57651842ce95dd3014,0.9922,99.22,198440,all_trace_pages_in_nvm,1304,1560,3136859,,,1545,15,qmap,0,0.0,0,5.366712896997342,official,,COMPLETED,capd_finals_v3_0,8407eeb0169a0e12bfdd5753dd04edf0a4329f9eed3bd79cfb7e4e6c8584103c,/home/likc/Q-former-for-OS/dataset/jsonl/finals_v3_official/stage6_capacity/capacity_D256/canneal/selector_params.json,33ee5f0f77966a23dfad7b07a1b50779a849fe27ed2da0a0d13b1a3adbb74686,"{""test"": ""3a5ecb35b4aec98a8fb470483ce0427d4da21ede1e3af387d9b7d61bccf6138e"", ""train"": ""4a98f01a328d2d86b680fde62818163ceb2403392f59676210ea22989c3b773f"", ""valid"": ""2805d4cf2a4d5d2051a0db3baf6ded3abf7d720f82eae3071f0746f4fcaee142""}","{""family"": ""capacity_robustness"", ""only_difference"": ""only DRAM capacity D changes from 64 to 256"", ""retrain_required"": true, ""source_stage"": ""stage6"", ""test_used_for_selection"": false, ""variant_id"": ""capacity_D256""}",capacity_D256,3a5ecb35b4aec98a8fb470483ce0427d4da21ede1e3af387d9b7d61bccf6138e,False,37266.75971652952,200000,all_trace_pages,dataset/processed/finals_v3_official/canneal/test.csv,214690.0,canneal,canneal
official,3.489563249743799,8,valid_trace,"{""EndToEndRecall@K"": 1.0, ""NRegret"": 0.0, ""PoolRecall@B"": 1.0, ""SelectorRecall@K"": 1.0, ""TieCoverage@K"": 0.12505826286503594}","{""avg_selector_time_ms"": 0.39030390761037076, ""decision_count"": 1301, ""max_B_t"": 64, ""max_K_t"": 8, ""mean_B_t"": 64.0, ""mean_K_t"": 8.0, ""min_B_t"": 64, ""min_K_t"": 8, ""selector_time_seconds"": 0.5077853838010924}",capd_selector_B_to_K,/home/likc/Q-former-for-OS/outputs/checkpoints/finals_v3_official/stage6_capacity/capacity_D256/canneal/seed_42/qmap_best.pth,c19bd33da73629a31c3edeee55f73a0b6fd8bd33d838cc9bd5669600ed131d57,qmap/qmap_eval.py --config /home/likc/Q-former-for-OS/dataset/jsonl/finals_v3_official/stage6_capacity/capacity_D256/canneal/resolved_config.json --selector_params /home/likc/Q-former-for-OS/dataset/jsonl/finals_v3_official/stage6_capacity/capacity_D256/canneal/selector_params.json --policy qmap --checkpoint /home/likc/Q-former-for-OS/outputs/checkpoints/finals_v3_official/stage6_capacity/capacity_D256/canneal/seed_42/qmap_best.pth --json_output /home/likc/Q-former-for-OS/outputs/results/finals_v3_official/stage6_capacity/raw/capacity_D256/canneal/qmap/seed_42.json,f1434a80ec1c6443d059a3aba8fb449bc18d8e3bc1529877f40f7623008b63eb,CAPD-MIC-1.0,"{""dram_read_cost"": 1.0, ""dram_write_cost"": 1.0, ""migration_cost"": 10.0, ""nvm_read_cost"": 2.0, ""nvm_write_cost"": 8.0}",fd9f3359900bdf868d9e985f967428aa6588c79b6d4944d08864b09cfbc51589,capd_finals_v3_official_data_v1,5986f7d63d4b81da33feb24a9c6a7d3db51c339d421e1322d4f80b7bc3249bdb,1301,,4.539921787916683,none,256,empty,"{""B"": 64, ""D"": 256, ""H"": 10, ""Hc"": 256, ""K"": 8, ""L"": 256, ""Lres"": 256, ""approx_ndcg_alpha"": 10.0, ""artifact_class"": ""official"", ""contract_id"": ""CAPD-MIC-1.0"", ""dirty_demotion_nvm_write"": ""none"", ""dram_initial_state"": ""empty"", ""first_touch_accounting"": ""nvm_access"", ""initial_residency"": ""all_trace_pages_in_nvm"", ""lru_direction"": ""oldest_is_one"", ""nvm_capacity_pages"": null, ""page_oov"": ""unk"", ""page_state_dim"": 4, ""page_vocab_fit"": ""train_only"", ""pc_oov"": ""unk"", ""pc_vocab_fit"": ""train_only"", ""position_encoding"": ""sinusoidal"", ""run_profile"": ""official"", ""schema_version"": ""capd_finals_v3_0"", ""selector_recall_tie"": ""any_hit"", ""shared_page_embedding"": true, ""stage6_variant_family"": ""capacity_robustness"", ""stage6_variant_id"": ""capacity_D256"", ""tail_policy"": ""drop_incomplete_window"", ""trace_page_backing"": ""all_trace_pages"", ""training_scope"": ""per_workload"", ""validation_guard_accesses"": 256, ""validation_holdout_fraction"": 0.2, ""validation_strategy"": ""independent_valid_trace""}",nvm_access,2bd07f29a639d54db5180b57651842ce95dd3014,0.992215,99.22149999999999,198443,all_trace_pages_in_nvm,1301,1557,42,,,1542,15,qmap,0,0.0,0,5.276030453998828,official,,COMPLETED,capd_finals_v3_0,8407eeb0169a0e12bfdd5753dd04edf0a4329f9eed3bd79cfb7e4e6c8584103c,/home/likc/Q-former-for-OS/dataset/jsonl/finals_v3_official/stage6_capacity/capacity_D256/canneal/selector_params.json,33ee5f0f77966a23dfad7b07a1b50779a849fe27ed2da0a0d13b1a3adbb74686,"{""test"": ""3a5ecb35b4aec98a8fb470483ce0427d4da21ede1e3af387d9b7d61bccf6138e"", ""train"": ""4a98f01a328d2d86b680fde62818163ceb2403392f59676210ea22989c3b773f"", ""valid"": ""2805d4cf2a4d5d2051a0db3baf6ded3abf7d720f82eae3071f0746f4fcaee142""}","{""family"": ""capacity_robustness"", ""only_difference"": ""only DRAM capacity D changes from 64 to 256"", ""retrain_required"": true, ""source_stage"": ""stage6"", ""test_used_for_selection"": false, ""variant_id"": ""capacity_D256""}",capacity_D256,3a5ecb35b4aec98a8fb470483ce0427d4da21ede1e3af387d9b7d61bccf6138e,False,37907.286878606865,200000,all_trace_pages,dataset/processed/finals_v3_official/canneal/test.csv,214657.0,canneal,canneal
official,3.360312547839175,8,valid_trace,"{""EndToEndRecall@K"": 1.0, ""NRegret"": 0.0, ""PoolRecall@B"": 1.0, ""SelectorRecall@K"": 1.0, ""TieCoverage@K"": 0.12505826286503594}","{""avg_selector_time_ms"": 0.3916897337386707, ""decision_count"": 1300, ""max_B_t"": 64, ""max_K_t"": 8, ""mean_B_t"": 64.0, ""mean_K_t"": 8.0, ""min_B_t"": 64, ""min_K_t"": 8, ""selector_time_seconds"": 0.5091966538602719}",capd_selector_B_to_K,/home/likc/Q-former-for-OS/outputs/checkpoints/finals_v3_official/stage6_capacity/capacity_D256/canneal/seed_2026/qmap_best.pth,c65d603f831e8eb9e86fd753f2d8dadbdff420f924bf712d32aeeb4740996e84,qmap/qmap_eval.py --config /home/likc/Q-former-for-OS/dataset/jsonl/finals_v3_official/stage6_capacity/capacity_D256/canneal/resolved_config.json --selector_params /home/likc/Q-former-for-OS/dataset/jsonl/finals_v3_official/stage6_capacity/capacity_D256/canneal/selector_params.json --policy qmap --checkpoint /home/likc/Q-former-for-OS/outputs/checkpoints/finals_v3_official/stage6_capacity/capacity_D256/canneal/seed_2026/qmap_best.pth --json_output /home/likc/Q-former-for-OS/outputs/results/finals_v3_official/stage6_capacity/raw/capacity_D256/canneal/qmap/seed_2026.json,f1434a80ec1c6443d059a3aba8fb449bc18d8e3bc1529877f40f7623008b63eb,CAPD-MIC-1.0,"{""dram_read_cost"": 1.0, ""dram_write_cost"": 1.0, ""migration_cost"": 10.0, ""nvm_read_cost"": 2.0, ""nvm_write_cost"": 8.0}",fd9f3359900bdf868d9e985f967428aa6588c79b6d4944d08864b09cfbc51589,capd_finals_v3_official_data_v1,5986f7d63d4b81da33feb24a9c6a7d3db51c339d421e1322d4f80b7bc3249bdb,1300,,4.368406312190928,none,256,empty,"{""B"": 64, ""D"": 256, ""H"": 10, ""Hc"": 256, ""K"": 8, ""L"": 256, ""Lres"": 256, ""approx_ndcg_alpha"": 10.0, ""artifact_class"": ""official"", ""contract_id"": ""CAPD-MIC-1.0"", ""dirty_demotion_nvm_write"": ""none"", ""dram_initial_state"": ""empty"", ""first_touch_accounting"": ""nvm_access"", ""initial_residency"": ""all_trace_pages_in_nvm"", ""lru_direction"": ""oldest_is_one"", ""nvm_capacity_pages"": null, ""page_oov"": ""unk"", ""page_state_dim"": 4, ""page_vocab_fit"": ""train_only"", ""pc_oov"": ""unk"", ""pc_vocab_fit"": ""train_only"", ""position_encoding"": ""sinusoidal"", ""run_profile"": ""official"", ""schema_version"": ""capd_finals_v3_0"", ""selector_recall_tie"": ""any_hit"", ""shared_page_embedding"": true, ""stage6_variant_family"": ""capacity_robustness"", ""stage6_variant_id"": ""capacity_D256"", ""tail_policy"": ""drop_incomplete_window"", ""trace_page_backing"": ""all_trace_pages"", ""training_scope"": ""per_workload"", ""validation_guard_accesses"": 256, ""validation_holdout_fraction"": 0.2, ""validation_strategy"": ""independent_valid_trace""}",nvm_access,2bd07f29a639d54db5180b57651842ce95dd3014,0.99222,99.222,198444,all_trace_pages_in_nvm,1300,1556,2026,,,1541,15,qmap,0,0.0,0,5.096738193009514,official,,COMPLETED,capd_finals_v3_0,8407eeb0169a0e12bfdd5753dd04edf0a4329f9eed3bd79cfb7e4e6c8584103c,/home/likc/Q-former-for-OS/dataset/jsonl/finals_v3_official/stage6_capacity/capacity_D256/canneal/selector_params.json,33ee5f0f77966a23dfad7b07a1b50779a849fe27ed2da0a0d13b1a3adbb74686,"{""test"": ""3a5ecb35b4aec98a8fb470483ce0427d4da21ede1e3af387d9b7d61bccf6138e"", ""train"": ""4a98f01a328d2d86b680fde62818163ceb2403392f59676210ea22989c3b773f"", ""valid"": ""2805d4cf2a4d5d2051a0db3baf6ded3abf7d720f82eae3071f0746f4fcaee142""}","{""family"": ""capacity_robustness"", ""only_difference"": ""only DRAM capacity D changes from 64 to 256"", ""retrain_required"": true, ""source_stage"": ""stage6"", ""test_used_for_selection"": false, ""variant_id"": ""capacity_D256""}",capacity_D256,3a5ecb35b4aec98a8fb470483ce0427d4da21ede1e3af387d9b7d61bccf6138e,False,39240.78350234119,200000,all_trace_pages,dataset/processed/finals_v3_official/canneal/test.csv,214646.0,canneal,canneal
official,0.0013913508865451918,64,,,"{""avg_selector_time_ms"": 0.0, ""decision_count"": 0, ""max_B_t"": 0, ""max_K_t"": 0, ""mean_B_t"": 0.0, ""mean_K_t"": 0.0, ""min_B_t"": 0, ""min_K_t"": 0, ""selector_time_seconds"": 0.0}",full_dram,,,qmap/qmap_eval.py --config /home/likc/Q-former-for-OS/dataset/jsonl/finals_v3_official/stage6_capacity/capacity_D256/canneal/resolved_config.json --policy random --stage5_replay_seed 0 --json_output /home/likc/Q-former-for-OS/outputs/results/finals_v3_official/stage6_capacity/raw/capacity_D256/canneal/random/seed_0.json,f1434a80ec1c6443d059a3aba8fb449bc18d8e3bc1529877f40f7623008b63eb,CAPD-MIC-1.0,"{""dram_read_cost"": 1.0, ""dram_write_cost"": 1.0, ""migration_cost"": 10.0, ""nvm_read_cost"": 2.0, ""nvm_write_cost"": 8.0}",fd9f3359900bdf868d9e985f967428aa6588c79b6d4944d08864b09cfbc51589,capd_finals_v3_official_data_v1,5986f7d63d4b81da33feb24a9c6a7d3db51c339d421e1322d4f80b7bc3249bdb,1619,,0.0022525970853166655,none,256,empty,"{""B"": 64, ""D"": 256, ""H"": 10, ""Hc"": 256, ""K"": 8, ""L"": 256, ""Lres"": 256, ""approx_ndcg_alpha"": 10.0, ""artifact_class"": ""official"", ""contract_id"": ""CAPD-MIC-1.0"", ""dirty_demotion_nvm_write"": ""none"", ""dram_initial_state"": ""empty"", ""first_touch_accounting"": ""nvm_access"", ""initial_residency"": ""all_trace_pages_in_nvm"", ""lru_direction"": ""oldest_is_one"", ""nvm_capacity_pages"": null, ""page_oov"": ""unk"", ""page_state_dim"": 4, ""page_vocab_fit"": ""train_only"", ""pc_oov"": ""unk"", ""pc_vocab_fit"": ""train_only"", ""position_encoding"": ""sinusoidal"", ""run_profile"": ""official"", ""schema_version"": ""capd_finals_v3_0"", ""selector_recall_tie"": ""any_hit"", ""shared_page_embedding"": true, ""stage6_variant_family"": ""capacity_robustness"", ""stage6_variant_id"": ""capacity_D256"", ""tail_policy"": ""drop_incomplete_window"", ""trace_page_backing"": ""all_trace_pages"", ""training_scope"": ""per_workload"", ""validation_guard_accesses"": 256, ""validation_holdout_fraction"": 0.2, ""validation_strategy"": ""independent_valid_trace""}",nvm_access,2bd07f29a639d54db5180b57651842ce95dd3014,0.990625,99.0625,198125,all_trace_pages_in_nvm,1619,1875,,,,1851,24,random,0,0.0,0,0.33111059801012743,official,,COMPLETED,capd_finals_v3_0,,,33ee5f0f77966a23dfad7b07a1b50779a849fe27ed2da0a0d13b1a3adbb74686,"{""test"": ""3a5ecb35b4aec98a8fb470483ce0427d4da21ede1e3af387d9b7d61bccf6138e"", ""train"": ""4a98f01a328d2d86b680fde62818163ceb2403392f59676210ea22989c3b773f"", ""valid"": ""2805d4cf2a4d5d2051a0db3baf6ded3abf7d720f82eae3071f0746f4fcaee142""}","{""family"": ""capacity_robustness"", ""only_difference"": ""only DRAM capacity D changes from 64 to 256"", ""retrain_required"": true, ""source_stage"": ""stage6"", ""test_used_for_selection"": false, ""variant_id"": ""capacity_D256""}",capacity_D256,3a5ecb35b4aec98a8fb470483ce0427d4da21ede1e3af387d9b7d61bccf6138e,False,604027.7816594767,200000,all_trace_pages,dataset/processed/finals_v3_official/canneal/test.csv,218209.0,canneal,canneal
official,0.0013433591137560674,64,,,"{""avg_selector_time_ms"": 0.0, ""decision_count"": 0, ""max_B_t"": 0, ""max_K_t"": 0, ""mean_B_t"": 0.0, ""mean_K_t"": 0.0, ""min_B_t"": 0, ""min_K_t"": 0, ""selector_time_seconds"": 0.0}",full_dram,,,qmap/qmap_eval.py --config /home/likc/Q-former-for-OS/dataset/jsonl/finals_v3_official/stage6_capacity/capacity_D256/canneal/resolved_config.json --policy random --stage5_replay_seed 1 --json_output /home/likc/Q-former-for-OS/outputs/results/finals_v3_official/stage6_capacity/raw/capacity_D256/canneal/random/seed_1.json,f1434a80ec1c6443d059a3aba8fb449bc18d8e3bc1529877f40f7623008b63eb,CAPD-MIC-1.0,"{""dram_read_cost"": 1.0, ""dram_write_cost"": 1.0, ""migration_cost"": 10.0, ""nvm_read_cost"": 2.0, ""nvm_write_cost"": 8.0}",fd9f3359900bdf868d9e985f967428aa6588c79b6d4944d08864b09cfbc51589,capd_finals_v3_official_data_v1,5986f7d63d4b81da33feb24a9c6a7d3db51c339d421e1322d4f80b7bc3249bdb,1640,,0.0022031089465599507,none,256,empty,"{""B"": 64, ""D"": 256, ""H"": 10, ""Hc"": 256, ""K"": 8, ""L"": 256, ""Lres"": 256, ""approx_ndcg_alpha"": 10.0, ""artifact_class"": ""official"", ""contract_id"": ""CAPD-MIC-1.0"", ""dirty_demotion_nvm_write"": ""none"", ""dram_initial_state"": ""empty"", ""first_touch_accounting"": ""nvm_access"", ""initial_residency"": ""all_trace_pages_in_nvm"", ""lru_direction"": ""oldest_is_one"", ""nvm_capacity_pages"": null, ""page_oov"": ""unk"", ""page_state_dim"": 4, ""page_vocab_fit"": ""train_only"", ""pc_oov"": ""unk"", ""pc_vocab_fit"": ""train_only"", ""position_encoding"": ""sinusoidal"", ""run_profile"": ""official"", ""schema_version"": ""capd_finals_v3_0"", ""selector_recall_tie"": ""any_hit"", ""shared_page_embedding"": true, ""stage6_variant_family"": ""capacity_robustness"", ""stage6_variant_id"": ""capacity_D256"", ""tail_policy"": ""drop_incomplete_window"", ""trace_page_backing"": ""all_trace_pages"", ""training_scope"": ""per_workload"", ""validation_guard_accesses"": 256, ""validation_holdout_fraction"": 0.2, ""validation_strategy"": ""independent_valid_trace""}",nvm_access,2bd07f29a639d54db5180b57651842ce95dd3014,0.99052,99.05199999999999,198104,all_trace_pages_in_nvm,1640,1896,,,,1871,25,random,0,0.0,1,0.3325371190003352,official,,COMPLETED,capd_finals_v3_0,,,33ee5f0f77966a23dfad7b07a1b50779a849fe27ed2da0a0d13b1a3adbb74686,"{""test"": ""3a5ecb35b4aec98a8fb470483ce0427d4da21ede1e3af387d9b7d61bccf6138e"", ""train"": ""4a98f01a328d2d86b680fde62818163ceb2403392f59676210ea22989c3b773f"", ""valid"": ""2805d4cf2a4d5d2051a0db3baf6ded3abf7d720f82eae3071f0746f4fcaee142""}","{""family"": ""capacity_robustness"", ""only_difference"": ""only DRAM capacity D changes from 64 to 256"", ""retrain_required"": true, ""source_stage"": ""stage6"", ""test_used_for_selection"": false, ""variant_id"": ""capacity_D256""}",capacity_D256,3a5ecb35b4aec98a8fb470483ce0427d4da21ede1e3af387d9b7d61bccf6138e,False,601436.6173654087,200000,all_trace_pages,dataset/processed/finals_v3_official/canneal/test.csv,218446.0,canneal,canneal
official,0.0013236782631711728,64,,,"{""avg_selector_time_ms"": 0.0, ""decision_count"": 0, ""max_B_t"": 0, ""max_K_t"": 0, ""mean_B_t"": 0.0, ""mean_K_t"": 0.0, ""min_B_t"": 0, ""min_K_t"": 0, ""selector_time_seconds"": 0.0}",full_dram,,,qmap/qmap_eval.py --config /home/likc/Q-former-for-OS/dataset/jsonl/finals_v3_official/stage6_capacity/capacity_D256/canneal/resolved_config.json --policy random --stage5_replay_seed 2 --json_output /home/likc/Q-former-for-OS/outputs/results/finals_v3_official/stage6_capacity/raw/capacity_D256/canneal/random/seed_2.json,f1434a80ec1c6443d059a3aba8fb449bc18d8e3bc1529877f40f7623008b63eb,CAPD-MIC-1.0,"{""dram_read_cost"": 1.0, ""dram_write_cost"": 1.0, ""migration_cost"": 10.0, ""nvm_read_cost"": 2.0, ""nvm_write_cost"": 8.0}",fd9f3359900bdf868d9e985f967428aa6588c79b6d4944d08864b09cfbc51589,capd_finals_v3_official_data_v1,5986f7d63d4b81da33feb24a9c6a7d3db51c339d421e1322d4f80b7bc3249bdb,1608,,0.002128474647179246,none,256,empty,"{""B"": 64, ""D"": 256, ""H"": 10, ""Hc"": 256, ""K"": 8, ""L"": 256, ""Lres"": 256, ""approx_ndcg_alpha"": 10.0, ""artifact_class"": ""official"", ""contract_id"": ""CAPD-MIC-1.0"", ""dirty_demotion_nvm_write"": ""none"", ""dram_initial_state"": ""empty"", ""first_touch_accounting"": ""nvm_access"", ""initial_residency"": ""all_trace_pages_in_nvm"", ""lru_direction"": ""oldest_is_one"", ""nvm_capacity_pages"": null, ""page_oov"": ""unk"", ""page_state_dim"": 4, ""page_vocab_fit"": ""train_only"", ""pc_oov"": ""unk"", ""pc_vocab_fit"": ""train_only"", ""position_encoding"": ""sinusoidal"", ""run_profile"": ""official"", ""schema_version"": ""capd_finals_v3_0"", ""selector_recall_tie"": ""any_hit"", ""shared_page_embedding"": true, ""stage6_variant_family"": ""capacity_robustness"", ""stage6_variant_id"": ""capacity_D256"", ""tail_policy"": ""drop_incomplete_window"", ""trace_page_backing"": ""all_trace_pages"", ""training_scope"": ""per_workload"", ""validation_guard_accesses"": 256, ""validation_holdout_fraction"": 0.2, ""validation_strategy"": ""independent_valid_trace""}",nvm_access,2bd07f29a639d54db5180b57651842ce95dd3014,0.99068,99.068,198136,all_trace_pages_in_nvm,1608,1864,,,,1840,24,random,0,0.0,2,0.33021606599504594,official,,COMPLETED,capd_finals_v3_0,,,33ee5f0f77966a23dfad7b07a1b50779a849fe27ed2da0a0d13b1a3adbb74686,"{""test"": ""3a5ecb35b4aec98a8fb470483ce0427d4da21ede1e3af387d9b7d61bccf6138e"", ""train"": ""4a98f01a328d2d86b680fde62818163ceb2403392f59676210ea22989c3b773f"", ""valid"": ""2805d4cf2a4d5d2051a0db3baf6ded3abf7d720f82eae3071f0746f4fcaee142""}","{""family"": ""capacity_robustness"", ""only_difference"": ""only DRAM capacity D changes from 64 to 256"", ""retrain_required"": true, ""source_stage"": ""stage6"", ""test_used_for_selection"": false, ""variant_id"": ""capacity_D256""}",capacity_D256,3a5ecb35b4aec98a8fb470483ce0427d4da21ede1e3af387d9b7d61bccf6138e,False,605664.0502857922,200000,all_trace_pages,dataset/processed/finals_v3_official/canneal/test.csv,218088.0,canneal,canneal
official,0.00030192113387825546,64,,,"{""avg_selector_time_ms"": 0.0, ""decision_count"": 0, ""max_B_t"": 0, ""max_K_t"": 0, ""mean_B_t"": 0.0, ""mean_K_t"": 0.0, ""min_B_t"": 0, ""min_K_t"": 0, ""selector_time_seconds"": 0.0}",full_dram,,,qmap/qmap_eval.py --config /home/likc/Q-former-for-OS/dataset/jsonl/finals_v3_official/stage6_capacity/capacity_D256/canneal/resolved_config.json --policy lru --json_output /home/likc/Q-former-for-OS/outputs/results/finals_v3_official/stage6_capacity/raw/capacity_D256/canneal/lru/run.json,f1434a80ec1c6443d059a3aba8fb449bc18d8e3bc1529877f40f7623008b63eb,CAPD-MIC-1.0,"{""dram_read_cost"": 1.0, ""dram_write_cost"": 1.0, ""migration_cost"": 10.0, ""nvm_read_cost"": 2.0, ""nvm_write_cost"": 8.0}",fd9f3359900bdf868d9e985f967428aa6588c79b6d4944d08864b09cfbc51589,capd_finals_v3_official_data_v1,5986f7d63d4b81da33feb24a9c6a7d3db51c339d421e1322d4f80b7bc3249bdb,1293,,0.00039038402610458434,none,256,empty,"{""B"": 64, ""D"": 256, ""H"": 10, ""Hc"": 256, ""K"": 8, ""L"": 256, ""Lres"": 256, ""approx_ndcg_alpha"": 10.0, ""artifact_class"": ""official"", ""contract_id"": ""CAPD-MIC-1.0"", ""dirty_demotion_nvm_write"": ""none"", ""dram_initial_state"": ""empty"", ""first_touch_accounting"": ""nvm_access"", ""initial_residency"": ""all_trace_pages_in_nvm"", ""lru_direction"": ""oldest_is_one"", ""nvm_capacity_pages"": null, ""page_oov"": ""unk"", ""page_state_dim"": 4, ""page_vocab_fit"": ""train_only"", ""pc_oov"": ""unk"", ""pc_vocab_fit"": ""train_only"", ""position_encoding"": ""sinusoidal"", ""run_profile"": ""official"", ""schema_version"": ""capd_finals_v3_0"", ""selector_recall_tie"": ""any_hit"", ""shared_page_embedding"": true, ""stage6_variant_family"": ""capacity_robustness"", ""stage6_variant_id"": ""capacity_D256"", ""tail_policy"": ""drop_incomplete_window"", ""trace_page_backing"": ""all_trace_pages"", ""training_scope"": ""per_workload"", ""validation_guard_accesses"": 256, ""validation_holdout_fraction"": 0.2, ""validation_strategy"": ""independent_valid_trace""}",nvm_access,2bd07f29a639d54db5180b57651842ce95dd3014,0.992255,99.2255,198451,all_trace_pages_in_nvm,1293,1549,,,,1534,15,lru,0,0.0,0,0.33091573099954985,official,,COMPLETED,capd_finals_v3_0,,,33ee5f0f77966a23dfad7b07a1b50779a849fe27ed2da0a0d13b1a3adbb74686,"{""test"": ""3a5ecb35b4aec98a8fb470483ce0427d4da21ede1e3af387d9b7d61bccf6138e"", ""train"": ""4a98f01a328d2d86b680fde62818163ceb2403392f59676210ea22989c3b773f"", ""valid"": ""2805d4cf2a4d5d2051a0db3baf6ded3abf7d720f82eae3071f0746f4fcaee142""}","{""family"": ""capacity_robustness"", ""only_difference"": ""only DRAM capacity D changes from 64 to 256"", ""retrain_required"": true, ""source_stage"": ""stage6"", ""test_used_for_selection"": false, ""variant_id"": ""capacity_D256""}",capacity_D256,3a5ecb35b4aec98a8fb470483ce0427d4da21ede1e3af387d9b7d61bccf6138e,False,604383.4767113929,200000,all_trace_pages,dataset/processed/finals_v3_official/canneal/test.csv,214569.0,canneal,canneal
official,0.08151857828115999,64,,,"{""avg_selector_time_ms"": 0.0, ""decision_count"": 0, ""max_B_t"": 0, ""max_K_t"": 0, ""mean_B_t"": 0.0, ""mean_K_t"": 0.0, ""min_B_t"": 0, ""min_K_t"": 0, ""selector_time_seconds"": 0.0}",full_dram,,,qmap/qmap_eval.py --config /home/likc/Q-former-for-OS/dataset/jsonl/finals_v3_official/stage6_capacity/capacity_D256/canneal/resolved_config.json --policy lfu --json_output /home/likc/Q-former-for-OS/outputs/results/finals_v3_official/stage6_capacity/raw/capacity_D256/canneal/lfu/run.json,f1434a80ec1c6443d059a3aba8fb449bc18d8e3bc1529877f40f7623008b63eb,CAPD-MIC-1.0,"{""dram_read_cost"": 1.0, ""dram_write_cost"": 1.0, ""migration_cost"": 10.0, ""nvm_read_cost"": 2.0, ""nvm_write_cost"": 8.0}",fd9f3359900bdf868d9e985f967428aa6588c79b6d4944d08864b09cfbc51589,capd_finals_v3_official_data_v1,5986f7d63d4b81da33feb24a9c6a7d3db51c339d421e1322d4f80b7bc3249bdb,3109,,0.2534412598761264,none,256,empty,"{""B"": 64, ""D"": 256, ""H"": 10, ""Hc"": 256, ""K"": 8, ""L"": 256, ""Lres"": 256, ""approx_ndcg_alpha"": 10.0, ""artifact_class"": ""official"", ""contract_id"": ""CAPD-MIC-1.0"", ""dirty_demotion_nvm_write"": ""none"", ""dram_initial_state"": ""empty"", ""first_touch_accounting"": ""nvm_access"", ""initial_residency"": ""all_trace_pages_in_nvm"", ""lru_direction"": ""oldest_is_one"", ""nvm_capacity_pages"": null, ""page_oov"": ""unk"", ""page_state_dim"": 4, ""page_vocab_fit"": ""train_only"", ""pc_oov"": ""unk"", ""pc_vocab_fit"": ""train_only"", ""position_encoding"": ""sinusoidal"", ""run_profile"": ""official"", ""schema_version"": ""capd_finals_v3_0"", ""selector_recall_tie"": ""any_hit"", ""shared_page_embedding"": true, ""stage6_variant_family"": ""capacity_robustness"", ""stage6_variant_id"": ""capacity_D256"", ""tail_policy"": ""drop_incomplete_window"", ""trace_page_backing"": ""all_trace_pages"", ""training_scope"": ""per_workload"", ""validation_guard_accesses"": 256, ""validation_holdout_fraction"": 0.2, ""validation_strategy"": ""independent_valid_trace""}",nvm_access,2bd07f29a639d54db5180b57651842ce95dd3014,0.983175,98.3175,196635,all_trace_pages_in_nvm,3109,3365,,,,3135,230,lfu,0,0.0,0,0.5915588719944935,official,,COMPLETED,capd_finals_v3_0,,,33ee5f0f77966a23dfad7b07a1b50779a849fe27ed2da0a0d13b1a3adbb74686,"{""test"": ""3a5ecb35b4aec98a8fb470483ce0427d4da21ede1e3af387d9b7d61bccf6138e"", ""train"": ""4a98f01a328d2d86b680fde62818163ceb2403392f59676210ea22989c3b773f"", ""valid"": ""2805d4cf2a4d5d2051a0db3baf6ded3abf7d720f82eae3071f0746f4fcaee142""}","{""family"": ""capacity_robustness"", ""only_difference"": ""only DRAM capacity D changes from 64 to 256"", ""retrain_required"": true, ""source_stage"": ""stage6"", ""test_used_for_selection"": false, ""variant_id"": ""capacity_D256""}",capacity_D256,3a5ecb35b4aec98a8fb470483ce0427d4da21ede1e3af387d9b7d61bccf6138e,False,338089.7649724737,200000,all_trace_pages,dataset/processed/finals_v3_official/canneal/test.csv,235835.0,canneal,canneal
official,0.001427104064092845,64,,,"{""avg_selector_time_ms"": 0.0, ""decision_count"": 0, ""max_B_t"": 0, ""max_K_t"": 0, ""mean_B_t"": 0.0, ""mean_K_t"": 0.0, ""min_B_t"": 0, ""min_K_t"": 0, ""selector_time_seconds"": 0.0}",full_dram,,,qmap/qmap_eval.py --config /home/likc/Q-former-for-OS/dataset/jsonl/finals_v3_official/stage6_capacity/capacity_D256/canneal/resolved_config.json --policy clock --json_output /home/likc/Q-former-for-OS/outputs/results/finals_v3_official/stage6_capacity/raw/capacity_D256/canneal/clock/run.json,f1434a80ec1c6443d059a3aba8fb449bc18d8e3bc1529877f40f7623008b63eb,CAPD-MIC-1.0,"{""dram_read_cost"": 1.0, ""dram_write_cost"": 1.0, ""migration_cost"": 10.0, ""nvm_read_cost"": 2.0, ""nvm_write_cost"": 8.0}",fd9f3359900bdf868d9e985f967428aa6588c79b6d4944d08864b09cfbc51589,capd_finals_v3_official_data_v1,5986f7d63d4b81da33feb24a9c6a7d3db51c339d421e1322d4f80b7bc3249bdb,1518,,0.0021663439692929387,none,256,empty,"{""B"": 64, ""D"": 256, ""H"": 10, ""Hc"": 256, ""K"": 8, ""L"": 256, ""Lres"": 256, ""approx_ndcg_alpha"": 10.0, ""artifact_class"": ""official"", ""contract_id"": ""CAPD-MIC-1.0"", ""dirty_demotion_nvm_write"": ""none"", ""dram_initial_state"": ""empty"", ""first_touch_accounting"": ""nvm_access"", ""initial_residency"": ""all_trace_pages_in_nvm"", ""lru_direction"": ""oldest_is_one"", ""nvm_capacity_pages"": null, ""page_oov"": ""unk"", ""page_state_dim"": 4, ""page_vocab_fit"": ""train_only"", ""pc_oov"": ""unk"", ""pc_vocab_fit"": ""train_only"", ""position_encoding"": ""sinusoidal"", ""run_profile"": ""official"", ""schema_version"": ""capd_finals_v3_0"", ""selector_recall_tie"": ""any_hit"", ""shared_page_embedding"": true, ""stage6_variant_family"": ""capacity_robustness"", ""stage6_variant_id"": ""capacity_D256"", ""tail_policy"": ""drop_incomplete_window"", ""trace_page_backing"": ""all_trace_pages"", ""training_scope"": ""per_workload"", ""validation_guard_accesses"": 256, ""validation_holdout_fraction"": 0.2, ""validation_strategy"": ""independent_valid_trace""}",nvm_access,2bd07f29a639d54db5180b57651842ce95dd3014,0.99113,99.113,198226,all_trace_pages_in_nvm,1518,1774,,,,1759,15,clock,0,0.0,0,0.6667124259984121,official,,COMPLETED,capd_finals_v3_0,,,33ee5f0f77966a23dfad7b07a1b50779a849fe27ed2da0a0d13b1a3adbb74686,"{""test"": ""3a5ecb35b4aec98a8fb470483ce0427d4da21ede1e3af387d9b7d61bccf6138e"", ""train"": ""4a98f01a328d2d86b680fde62818163ceb2403392f59676210ea22989c3b773f"", ""valid"": ""2805d4cf2a4d5d2051a0db3baf6ded3abf7d720f82eae3071f0746f4fcaee142""}","{""family"": ""capacity_robustness"", ""only_difference"": ""only DRAM capacity D changes from 64 to 256"", ""retrain_required"": true, ""source_stage"": ""stage6"", ""test_used_for_selection"": false, ""variant_id"": ""capacity_D256""}",capacity_D256,3a5ecb35b4aec98a8fb470483ce0427d4da21ede1e3af387d9b7d61bccf6138e,False,299979.4097140112,200000,all_trace_pages,dataset/processed/finals_v3_official/canneal/test.csv,217044.0,canneal,canneal
official,3.1998257713239724,8,valid_trace,"{""EndToEndRecall@K"": 1.0, ""NRegret"": 0.0, ""PoolRecall@B"": 1.0, ""SelectorRecall@K"": 1.0, ""TieCoverage@K"": 0.12497490432273041}","{""avg_selector_time_ms"": 0.38387984401367037, ""decision_count"": 2570, ""max_B_t"": 64, ""max_K_t"": 8, ""mean_B_t"": 64.0, ""mean_K_t"": 8.0, ""min_B_t"": 64, ""min_K_t"": 8, ""selector_time_seconds"": 0.9865711991151329}",capd_selector_B_to_K,/home/likc/Q-former-for-OS/outputs/checkpoints/finals_v3_official/stage6_capacity/capacity_D256/streamcluster_pressure/seed_3136859/qmap_best.pth,ee4d6566ede915ed66a89da90f8420496c309370b67d4bda502a2c94c435b944,qmap/qmap_eval.py --config /home/likc/Q-former-for-OS/dataset/jsonl/finals_v3_official/stage6_capacity/capacity_D256/streamcluster_pressure/resolved_config.json --selector_params /home/likc/Q-former-for-OS/dataset/jsonl/finals_v3_official/stage6_capacity/capacity_D256/streamcluster_pressure/selector_params.json --policy qmap --checkpoint /home/likc/Q-former-for-OS/outputs/checkpoints/finals_v3_official/stage6_capacity/capacity_D256/streamcluster_pressure/seed_3136859/qmap_best.pth --json_output /home/likc/Q-former-for-OS/outputs/results/finals_v3_official/stage6_capacity/raw/capacity_D256/streamcluster_pressure/qmap/seed_3136859.json,b45115379e9bd097a5bc174d5994bffb5444c6774e3cdf6bbc09a1edac418e0a,CAPD-MIC-1.0,"{""dram_read_cost"": 1.0, ""dram_write_cost"": 1.0, ""migration_cost"": 10.0, ""nvm_read_cost"": 2.0, ""nvm_write_cost"": 8.0}",fd9f3359900bdf868d9e985f967428aa6588c79b6d4944d08864b09cfbc51589,capd_finals_v3_official_data_v1,2b31c00b19945884a09cc6fc8f3d451aad73f0d03b98a350ef540960609ea2c4,2570,,8.223552232302609,none,256,empty,"{""B"": 64, ""D"": 256, ""H"": 10, ""Hc"": 256, ""K"": 8, ""L"": 256, ""Lres"": 256, ""approx_ndcg_alpha"": 10.0, ""artifact_class"": ""official"", ""contract_id"": ""CAPD-MIC-1.0"", ""dirty_demotion_nvm_write"": ""none"", ""dram_initial_state"": ""empty"", ""first_touch_accounting"": ""nvm_access"", ""initial_residency"": ""all_trace_pages_in_nvm"", ""lru_direction"": ""oldest_is_one"", ""nvm_capacity_pages"": null, ""page_oov"": ""unk"", ""page_state_dim"": 4, ""page_vocab_fit"": ""train_only"", ""pc_oov"": ""unk"", ""pc_vocab_fit"": ""train_only"", ""position_encoding"": ""sinusoidal"", ""run_profile"": ""official"", ""schema_version"": ""capd_finals_v3_0"", ""selector_recall_tie"": ""any_hit"", ""shared_page_embedding"": true, ""stage6_variant_family"": ""capacity_robustness"", ""stage6_variant_id"": ""capacity_D256"", ""tail_policy"": ""drop_incomplete_window"", ""trace_page_backing"": ""all_trace_pages"", ""training_scope"": ""per_workload"", ""validation_guard_accesses"": 256, ""validation_holdout_fraction"": 0.2, ""validation_strategy"": ""independent_valid_trace""}",nvm_access,2bd07f29a639d54db5180b57651842ce95dd3014,0.98587,98.587,197174,all_trace_pages_in_nvm,2570,2826,3136859,,,2825,1,qmap,0,0.0,0,8.985032851007418,official,,COMPLETED,capd_finals_v3_0,10d162b655e9bb06fd5817ca87687c90cc1428f527e9750716be69cadc78911e,/home/likc/Q-former-for-OS/dataset/jsonl/finals_v3_official/stage6_capacity/capacity_D256/streamcluster_pressure/selector_params.json,d12c5e2507c333421709ab37c1d555e50426674e3853c88759c2d44237c70235,"{""test"": ""7620aef325310ef88b78b935ed6818bba5f6c0cfdadf624f1f9aad9570ac62d7"", ""train"": ""a04bbff36eccb0091d933efd69a390c150114d67bc6644f3dbdf0991897f252d"", ""valid"": ""e7d875df6e1247bd71320d4b9e1c3e2a3e029a33dce94ad109d8289342951774""}","{""family"": ""capacity_robustness"", ""only_difference"": ""only DRAM capacity D changes from 64 to 256"", ""retrain_required"": true, ""source_stage"": ""stage6"", ""test_used_for_selection"": false, ""variant_id"": ""capacity_D256""}",capacity_D256,7620aef325310ef88b78b935ed6818bba5f6c0cfdadf624f1f9aad9570ac62d7,False,22259.239706349614,200000,all_trace_pages,dataset/processed/finals_v3_official/streamcluster_pressure/test.csv,228532.0,streamcluster_pressure,streamcluster_pressure
official,3.2930691395839116,8,valid_trace,"{""EndToEndRecall@K"": 1.0, ""NRegret"": 0.0, ""PoolRecall@B"": 1.0, ""SelectorRecall@K"": 1.0, ""TieCoverage@K"": 0.12497490432273041}","{""avg_selector_time_ms"": 0.38662704051690305, ""decision_count"": 2569, ""max_B_t"": 64, ""max_K_t"": 8, ""mean_B_t"": 64.0, ""mean_K_t"": 8.0, ""min_B_t"": 64, ""min_K_t"": 8, ""selector_time_seconds"": 0.9932448670879239}",capd_selector_B_to_K,/home/likc/Q-former-for-OS/outputs/checkpoints/finals_v3_official/stage6_capacity/capacity_D256/streamcluster_pressure/seed_42/qmap_best.pth,39d565d4cc904fbc24f19b7ec63d520b2599ae2be4b26b97c9eba57fe855aa11,qmap/qmap_eval.py --config /home/likc/Q-former-for-OS/dataset/jsonl/finals_v3_official/stage6_capacity/capacity_D256/streamcluster_pressure/resolved_config.json --selector_params /home/likc/Q-former-for-OS/dataset/jsonl/finals_v3_official/stage6_capacity/capacity_D256/streamcluster_pressure/selector_params.json --policy qmap --checkpoint /home/likc/Q-former-for-OS/outputs/checkpoints/finals_v3_official/stage6_capacity/capacity_D256/streamcluster_pressure/seed_42/qmap_best.pth --json_output /home/likc/Q-former-for-OS/outputs/results/finals_v3_official/stage6_capacity/raw/capacity_D256/streamcluster_pressure/qmap/seed_42.json,b45115379e9bd097a5bc174d5994bffb5444c6774e3cdf6bbc09a1edac418e0a,CAPD-MIC-1.0,"{""dram_read_cost"": 1.0, ""dram_write_cost"": 1.0, ""migration_cost"": 10.0, ""nvm_read_cost"": 2.0, ""nvm_write_cost"": 8.0}",fd9f3359900bdf868d9e985f967428aa6588c79b6d4944d08864b09cfbc51589,capd_finals_v3_official_data_v1,2b31c00b19945884a09cc6fc8f3d451aad73f0d03b98a350ef540960609ea2c4,2569,,8.459894619591068,none,256,empty,"{""B"": 64, ""D"": 256, ""H"": 10, ""Hc"": 256, ""K"": 8, ""L"": 256, ""Lres"": 256, ""approx_ndcg_alpha"": 10.0, ""artifact_class"": ""official"", ""contract_id"": ""CAPD-MIC-1.0"", ""dirty_demotion_nvm_write"": ""none"", ""dram_initial_state"": ""empty"", ""first_touch_accounting"": ""nvm_access"", ""initial_residency"": ""all_trace_pages_in_nvm"", ""lru_direction"": ""oldest_is_one"", ""nvm_capacity_pages"": null, ""page_oov"": ""unk"", ""page_state_dim"": 4, ""page_vocab_fit"": ""train_only"", ""pc_oov"": ""unk"", ""pc_vocab_fit"": ""train_only"", ""position_encoding"": ""sinusoidal"", ""run_profile"": ""official"", ""schema_version"": ""capd_finals_v3_0"", ""selector_recall_tie"": ""any_hit"", ""shared_page_embedding"": true, ""stage6_variant_family"": ""capacity_robustness"", ""stage6_variant_id"": ""capacity_D256"", ""tail_policy"": ""drop_incomplete_window"", ""trace_page_backing"": ""all_trace_pages"", ""training_scope"": ""per_workload"", ""validation_guard_accesses"": 256, ""validation_holdout_fraction"": 0.2, ""validation_strategy"": ""independent_valid_trace""}",nvm_access,2bd07f29a639d54db5180b57651842ce95dd3014,0.985875,98.58749999999999,197175,all_trace_pages_in_nvm,2569,2825,42,,,2824,1,qmap,0,0.0,0,9.229196048006997,official,,COMPLETED,capd_finals_v3_0,10d162b655e9bb06fd5817ca87687c90cc1428f527e9750716be69cadc78911e,/home/likc/Q-former-for-OS/dataset/jsonl/finals_v3_official/stage6_capacity/capacity_D256/streamcluster_pressure/selector_params.json,d12c5e2507c333421709ab37c1d555e50426674e3853c88759c2d44237c70235,"{""test"": ""7620aef325310ef88b78b935ed6818bba5f6c0cfdadf624f1f9aad9570ac62d7"", ""train"": ""a04bbff36eccb0091d933efd69a390c150114d67bc6644f3dbdf0991897f252d"", ""valid"": ""e7d875df6e1247bd71320d4b9e1c3e2a3e029a33dce94ad109d8289342951774""}","{""family"": ""capacity_robustness"", ""only_difference"": ""only DRAM capacity D changes from 64 to 256"", ""retrain_required"": true, ""source_stage"": ""stage6"", ""test_used_for_selection"": false, ""variant_id"": ""capacity_D256""}",capacity_D256,7620aef325310ef88b78b935ed6818bba5f6c0cfdadf624f1f9aad9570ac62d7,False,21670.35990563762,200000,all_trace_pages,dataset/processed/finals_v3_official/streamcluster_pressure/test.csv,228521.0,streamcluster_pressure,streamcluster_pressure
official,3.3126941800198124,8,valid_trace,"{""EndToEndRecall@K"": 1.0, ""NRegret"": 0.0, ""PoolRecall@B"": 1.0, ""SelectorRecall@K"": 1.0, ""TieCoverage@K"": 0.12497490432273041}","{""avg_selector_time_ms"": 0.38498016317209216, ""decision_count"": 2570, ""max_B_t"": 64, ""max_K_t"": 8, ""mean_B_t"": 64.0, ""mean_K_t"": 8.0, ""min_B_t"": 64, ""min_K_t"": 8, ""selector_time_seconds"": 0.9893990193522768}",capd_selector_B_to_K,/home/likc/Q-former-for-OS/outputs/checkpoints/finals_v3_official/stage6_capacity/capacity_D256/streamcluster_pressure/seed_2026/qmap_best.pth,b3ea0cdf2098824076029edf8e46e263274ec5e666f337e6a375dc8b072d9bfc,qmap/qmap_eval.py --config /home/likc/Q-former-for-OS/dataset/jsonl/finals_v3_official/stage6_capacity/capacity_D256/streamcluster_pressure/resolved_config.json --selector_params /home/likc/Q-former-for-OS/dataset/jsonl/finals_v3_official/stage6_capacity/capacity_D256/streamcluster_pressure/selector_params.json --policy qmap --checkpoint /home/likc/Q-former-for-OS/outputs/checkpoints/finals_v3_official/stage6_capacity/capacity_D256/streamcluster_pressure/seed_2026/qmap_best.pth --json_output /home/likc/Q-former-for-OS/outputs/results/finals_v3_official/stage6_capacity/raw/capacity_D256/streamcluster_pressure/qmap/seed_2026.json,b45115379e9bd097a5bc174d5994bffb5444c6774e3cdf6bbc09a1edac418e0a,CAPD-MIC-1.0,"{""dram_read_cost"": 1.0, ""dram_write_cost"": 1.0, ""migration_cost"": 10.0, ""nvm_read_cost"": 2.0, ""nvm_write_cost"": 8.0}",fd9f3359900bdf868d9e985f967428aa6588c79b6d4944d08864b09cfbc51589,capd_finals_v3_official_data_v1,2b31c00b19945884a09cc6fc8f3d451aad73f0d03b98a350ef540960609ea2c4,2570,,8.513624042650918,none,256,empty,"{""B"": 64, ""D"": 256, ""H"": 10, ""Hc"": 256, ""K"": 8, ""L"": 256, ""Lres"": 256, ""approx_ndcg_alpha"": 10.0, ""artifact_class"": ""official"", ""contract_id"": ""CAPD-MIC-1.0"", ""dirty_demotion_nvm_write"": ""none"", ""dram_initial_state"": ""empty"", ""first_touch_accounting"": ""nvm_access"", ""initial_residency"": ""all_trace_pages_in_nvm"", ""lru_direction"": ""oldest_is_one"", ""nvm_capacity_pages"": null, ""page_oov"": ""unk"", ""page_state_dim"": 4, ""page_vocab_fit"": ""train_only"", ""pc_oov"": ""unk"", ""pc_vocab_fit"": ""train_only"", ""position_encoding"": ""sinusoidal"", ""run_profile"": ""official"", ""schema_version"": ""capd_finals_v3_0"", ""selector_recall_tie"": ""any_hit"", ""shared_page_embedding"": true, ""stage6_variant_family"": ""capacity_robustness"", ""stage6_variant_id"": ""capacity_D256"", ""tail_policy"": ""drop_incomplete_window"", ""trace_page_backing"": ""all_trace_pages"", ""training_scope"": ""per_workload"", ""validation_guard_accesses"": 256, ""validation_holdout_fraction"": 0.2, ""validation_strategy"": ""independent_valid_trace""}",nvm_access,2bd07f29a639d54db5180b57651842ce95dd3014,0.98587,98.587,197174,all_trace_pages_in_nvm,2570,2826,2026,,,2825,1,qmap,0,0.0,0,9.304573193992837,official,,COMPLETED,capd_finals_v3_0,10d162b655e9bb06fd5817ca87687c90cc1428f527e9750716be69cadc78911e,/home/likc/Q-former-for-OS/dataset/jsonl/finals_v3_official/stage6_capacity/capacity_D256/streamcluster_pressure/selector_params.json,d12c5e2507c333421709ab37c1d555e50426674e3853c88759c2d44237c70235,"{""test"": ""7620aef325310ef88b78b935ed6818bba5f6c0cfdadf624f1f9aad9570ac62d7"", ""train"": ""a04bbff36eccb0091d933efd69a390c150114d67bc6644f3dbdf0991897f252d"", ""valid"": ""e7d875df6e1247bd71320d4b9e1c3e2a3e029a33dce94ad109d8289342951774""}","{""family"": ""capacity_robustness"", ""only_difference"": ""only DRAM capacity D changes from 64 to 256"", ""retrain_required"": true, ""source_stage"": ""stage6"", ""test_used_for_selection"": false, ""variant_id"": ""capacity_D256""}",capacity_D256,7620aef325310ef88b78b935ed6818bba5f6c0cfdadf624f1f9aad9570ac62d7,False,21494.806460238586,200000,all_trace_pages,dataset/processed/finals_v3_official/streamcluster_pressure/test.csv,228532.0,streamcluster_pressure,streamcluster_pressure
official,0.0012985026197713195,64,,,"{""avg_selector_time_ms"": 0.0, ""decision_count"": 0, ""max_B_t"": 0, ""max_K_t"": 0, ""mean_B_t"": 0.0, ""mean_K_t"": 0.0, ""min_B_t"": 0, ""min_K_t"": 0, ""selector_time_seconds"": 0.0}",full_dram,,,qmap/qmap_eval.py --config /home/likc/Q-former-for-OS/dataset/jsonl/finals_v3_official/stage6_capacity/capacity_D256/streamcluster_pressure/resolved_config.json --policy random --stage5_replay_seed 0 --json_output /home/likc/Q-former-for-OS/outputs/results/finals_v3_official/stage6_capacity/raw/capacity_D256/streamcluster_pressure/random/seed_0.json,b45115379e9bd097a5bc174d5994bffb5444c6774e3cdf6bbc09a1edac418e0a,CAPD-MIC-1.0,"{""dram_read_cost"": 1.0, ""dram_write_cost"": 1.0, ""migration_cost"": 10.0, ""nvm_read_cost"": 2.0, ""nvm_write_cost"": 8.0}",fd9f3359900bdf868d9e985f967428aa6588c79b6d4944d08864b09cfbc51589,capd_finals_v3_official_data_v1,2b31c00b19945884a09cc6fc8f3d451aad73f0d03b98a350ef540960609ea2c4,2732,,0.003547509157215245,none,256,empty,"{""B"": 64, ""D"": 256, ""H"": 10, ""Hc"": 256, ""K"": 8, ""L"": 256, ""Lres"": 256, ""approx_ndcg_alpha"": 10.0, ""artifact_class"": ""official"", ""contract_id"": ""CAPD-MIC-1.0"", ""dirty_demotion_nvm_write"": ""none"", ""dram_initial_state"": ""empty"", ""first_touch_accounting"": ""nvm_access"", ""initial_residency"": ""all_trace_pages_in_nvm"", ""lru_direction"": ""oldest_is_one"", ""nvm_capacity_pages"": null, ""page_oov"": ""unk"", ""page_state_dim"": 4, ""page_vocab_fit"": ""train_only"", ""pc_oov"": ""unk"", ""pc_vocab_fit"": ""train_only"", ""position_encoding"": ""sinusoidal"", ""run_profile"": ""official"", ""schema_version"": ""capd_finals_v3_0"", ""selector_recall_tie"": ""any_hit"", ""shared_page_embedding"": true, ""stage6_variant_family"": ""capacity_robustness"", ""stage6_variant_id"": ""capacity_D256"", ""tail_policy"": ""drop_incomplete_window"", ""trace_page_backing"": ""all_trace_pages"", ""training_scope"": ""per_workload"", ""validation_guard_accesses"": 256, ""validation_holdout_fraction"": 0.2, ""validation_strategy"": ""independent_valid_trace""}",nvm_access,2bd07f29a639d54db5180b57651842ce95dd3014,0.98506,98.506,197012,all_trace_pages_in_nvm,2732,2988,,,,2980,8,random,0,0.0,0,0.33723133101011626,official,,COMPLETED,capd_finals_v3_0,,,d12c5e2507c333421709ab37c1d555e50426674e3853c88759c2d44237c70235,"{""test"": ""7620aef325310ef88b78b935ed6818bba5f6c0cfdadf624f1f9aad9570ac62d7"", ""train"": ""a04bbff36eccb0091d933efd69a390c150114d67bc6644f3dbdf0991897f252d"", ""valid"": ""e7d875df6e1247bd71320d4b9e1c3e2a3e029a33dce94ad109d8289342951774""}","{""family"": ""capacity_robustness"", ""only_difference"": ""only DRAM capacity D changes from 64 to 256"", ""retrain_required"": true, ""source_stage"": ""stage6"", ""test_used_for_selection"": false, ""variant_id"": ""capacity_D256""}",capacity_D256,7620aef325310ef88b78b935ed6818bba5f6c0cfdadf624f1f9aad9570ac62d7,False,593064.7054677147,200000,all_trace_pages,dataset/processed/finals_v3_official/streamcluster_pressure/test.csv,230356.0,streamcluster_pressure,streamcluster_pressure
official,0.0012973716968846833,64,,,"{""avg_selector_time_ms"": 0.0, ""decision_count"": 0, ""max_B_t"": 0, ""max_K_t"": 0, ""mean_B_t"": 0.0, ""mean_K_t"": 0.0, ""min_B_t"": 0, ""min_K_t"": 0, ""selector_time_seconds"": 0.0}",full_dram,,,qmap/qmap_eval.py --config /home/likc/Q-former-for-OS/dataset/jsonl/finals_v3_official/stage6_capacity/capacity_D256/streamcluster_pressure/resolved_config.json --policy random --stage5_replay_seed 1 --json_output /home/likc/Q-former-for-OS/outputs/results/finals_v3_official/stage6_capacity/raw/capacity_D256/streamcluster_pressure/random/seed_1.json,b45115379e9bd097a5bc174d5994bffb5444c6774e3cdf6bbc09a1edac418e0a,CAPD-MIC-1.0,"{""dram_read_cost"": 1.0, ""dram_write_cost"": 1.0, ""migration_cost"": 10.0, ""nvm_read_cost"": 2.0, ""nvm_write_cost"": 8.0}",fd9f3359900bdf868d9e985f967428aa6588c79b6d4944d08864b09cfbc51589,capd_finals_v3_official_data_v1,2b31c00b19945884a09cc6fc8f3d451aad73f0d03b98a350ef540960609ea2c4,2704,,0.0035080930683761835,none,256,empty,"{""B"": 64, ""D"": 256, ""H"": 10, ""Hc"": 256, ""K"": 8, ""L"": 256, ""Lres"": 256, ""approx_ndcg_alpha"": 10.0, ""artifact_class"": ""official"", ""contract_id"": ""CAPD-MIC-1.0"", ""dirty_demotion_nvm_write"": ""none"", ""dram_initial_state"": ""empty"", ""first_touch_accounting"": ""nvm_access"", ""initial_residency"": ""all_trace_pages_in_nvm"", ""lru_direction"": ""oldest_is_one"", ""nvm_capacity_pages"": null, ""page_oov"": ""unk"", ""page_state_dim"": 4, ""page_vocab_fit"": ""train_only"", ""pc_oov"": ""unk"", ""pc_vocab_fit"": ""train_only"", ""position_encoding"": ""sinusoidal"", ""run_profile"": ""official"", ""schema_version"": ""capd_finals_v3_0"", ""selector_recall_tie"": ""any_hit"", ""shared_page_embedding"": true, ""stage6_variant_family"": ""capacity_robustness"", ""stage6_variant_id"": ""capacity_D256"", ""tail_policy"": ""drop_incomplete_window"", ""trace_page_backing"": ""all_trace_pages"", ""training_scope"": ""per_workload"", ""validation_guard_accesses"": 256, ""validation_holdout_fraction"": 0.2, ""validation_strategy"": ""independent_valid_trace""}",nvm_access,2bd07f29a639d54db5180b57651842ce95dd3014,0.9852,98.52,197040,all_trace_pages_in_nvm,2704,2960,,,,2950,10,random,0,0.0,1,0.33404532200074755,official,,COMPLETED,capd_finals_v3_0,,,d12c5e2507c333421709ab37c1d555e50426674e3853c88759c2d44237c70235,"{""test"": ""7620aef325310ef88b78b935ed6818bba5f6c0cfdadf624f1f9aad9570ac62d7"", ""train"": ""a04bbff36eccb0091d933efd69a390c150114d67bc6644f3dbdf0991897f252d"", ""valid"": ""e7d875df6e1247bd71320d4b9e1c3e2a3e029a33dce94ad109d8289342951774""}","{""family"": ""capacity_robustness"", ""only_difference"": ""only DRAM capacity D changes from 64 to 256"", ""retrain_required"": true, ""source_stage"": ""stage6"", ""test_used_for_selection"": false, ""variant_id"": ""capacity_D256""}",capacity_D256,7620aef325310ef88b78b935ed6818bba5f6c0cfdadf624f1f9aad9570ac62d7,False,598721.1519745588,200000,all_trace_pages,dataset/processed/finals_v3_official/streamcluster_pressure/test.csv,230060.0,streamcluster_pressure,streamcluster_pressure
official,0.001283269121515353,64,,,"{""avg_selector_time_ms"": 0.0, ""decision_count"": 0, ""max_B_t"": 0, ""max_K_t"": 0, ""mean_B_t"": 0.0, ""mean_K_t"": 0.0, ""min_B_t"": 0, ""min_K_t"": 0, ""selector_time_seconds"": 0.0}",full_dram,,,qmap/qmap_eval.py --config /home/likc/Q-former-for-OS/dataset/jsonl/finals_v3_official/stage6_capacity/capacity_D256/streamcluster_pressure/resolved_config.json --policy random --stage5_replay_seed 2 --json_output /home/likc/Q-former-for-OS/outputs/results/finals_v3_official/stage6_capacity/raw/capacity_D256/streamcluster_pressure/random/seed_2.json,b45115379e9bd097a5bc174d5994bffb5444c6774e3cdf6bbc09a1edac418e0a,CAPD-MIC-1.0,"{""dram_read_cost"": 1.0, ""dram_write_cost"": 1.0, ""migration_cost"": 10.0, ""nvm_read_cost"": 2.0, ""nvm_write_cost"": 8.0}",fd9f3359900bdf868d9e985f967428aa6588c79b6d4944d08864b09cfbc51589,capd_finals_v3_official_data_v1,2b31c00b19945884a09cc6fc8f3d451aad73f0d03b98a350ef540960609ea2c4,2738,,0.0035135908547090366,none,256,empty,"{""B"": 64, ""D"": 256, ""H"": 10, ""Hc"": 256, ""K"": 8, ""L"": 256, ""Lres"": 256, ""approx_ndcg_alpha"": 10.0, ""artifact_class"": ""official"", ""contract_id"": ""CAPD-MIC-1.0"", ""dirty_demotion_nvm_write"": ""none"", ""dram_initial_state"": ""empty"", ""first_touch_accounting"": ""nvm_access"", ""initial_residency"": ""all_trace_pages_in_nvm"", ""lru_direction"": ""oldest_is_one"", ""nvm_capacity_pages"": null, ""page_oov"": ""unk"", ""page_state_dim"": 4, ""page_vocab_fit"": ""train_only"", ""pc_oov"": ""unk"", ""pc_vocab_fit"": ""train_only"", ""position_encoding"": ""sinusoidal"", ""run_profile"": ""official"", ""schema_version"": ""capd_finals_v3_0"", ""selector_recall_tie"": ""any_hit"", ""shared_page_embedding"": true, ""stage6_variant_family"": ""capacity_robustness"", ""stage6_variant_id"": ""capacity_D256"", ""tail_policy"": ""drop_incomplete_window"", ""trace_page_backing"": ""all_trace_pages"", ""training_scope"": ""per_workload"", ""validation_guard_accesses"": 256, ""validation_holdout_fraction"": 0.2, ""validation_strategy"": ""independent_valid_trace""}",nvm_access,2bd07f29a639d54db5180b57651842ce95dd3014,0.98503,98.503,197006,all_trace_pages_in_nvm,2738,2994,,,,2984,10,random,0,0.0,2,0.33680181999807246,official,,COMPLETED,capd_finals_v3_0,,,d12c5e2507c333421709ab37c1d555e50426674e3853c88759c2d44237c70235,"{""test"": ""7620aef325310ef88b78b935ed6818bba5f6c0cfdadf624f1f9aad9570ac62d7"", ""train"": ""a04bbff36eccb0091d933efd69a390c150114d67bc6644f3dbdf0991897f252d"", ""valid"": ""e7d875df6e1247bd71320d4b9e1c3e2a3e029a33dce94ad109d8289342951774""}","{""family"": ""capacity_robustness"", ""only_difference"": ""only DRAM capacity D changes from 64 to 256"", ""retrain_required"": true, ""source_stage"": ""stage6"", ""test_used_for_selection"": false, ""variant_id"": ""capacity_D256""}",capacity_D256,7620aef325310ef88b78b935ed6818bba5f6c0cfdadf624f1f9aad9570ac62d7,False,593821.0191415967,200000,all_trace_pages,dataset/processed/finals_v3_official/streamcluster_pressure/test.csv,230434.0,streamcluster_pressure,streamcluster_pressure
official,0.0002872659725133431,64,,,"{""avg_selector_time_ms"": 0.0, ""decision_count"": 0, ""max_B_t"": 0, ""max_K_t"": 0, ""mean_B_t"": 0.0, ""mean_K_t"": 0.0, ""min_B_t"": 0, ""min_K_t"": 0, ""selector_time_seconds"": 0.0}",full_dram,,,qmap/qmap_eval.py --config /home/likc/Q-former-for-OS/dataset/jsonl/finals_v3_official/stage6_capacity/capacity_D256/streamcluster_pressure/resolved_config.json --policy lru --json_output /home/likc/Q-former-for-OS/outputs/results/finals_v3_official/stage6_capacity/raw/capacity_D256/streamcluster_pressure/lru/run.json,b45115379e9bd097a5bc174d5994bffb5444c6774e3cdf6bbc09a1edac418e0a,CAPD-MIC-1.0,"{""dram_read_cost"": 1.0, ""dram_write_cost"": 1.0, ""migration_cost"": 10.0, ""nvm_read_cost"": 2.0, ""nvm_write_cost"": 8.0}",fd9f3359900bdf868d9e985f967428aa6588c79b6d4944d08864b09cfbc51589,capd_finals_v3_official_data_v1,2b31c00b19945884a09cc6fc8f3d451aad73f0d03b98a350ef540960609ea2c4,2570,,0.0007382735493592918,none,256,empty,"{""B"": 64, ""D"": 256, ""H"": 10, ""Hc"": 256, ""K"": 8, ""L"": 256, ""Lres"": 256, ""approx_ndcg_alpha"": 10.0, ""artifact_class"": ""official"", ""contract_id"": ""CAPD-MIC-1.0"", ""dirty_demotion_nvm_write"": ""none"", ""dram_initial_state"": ""empty"", ""first_touch_accounting"": ""nvm_access"", ""initial_residency"": ""all_trace_pages_in_nvm"", ""lru_direction"": ""oldest_is_one"", ""nvm_capacity_pages"": null, ""page_oov"": ""unk"", ""page_state_dim"": 4, ""page_vocab_fit"": ""train_only"", ""pc_oov"": ""unk"", ""pc_vocab_fit"": ""train_only"", ""position_encoding"": ""sinusoidal"", ""run_profile"": ""official"", ""schema_version"": ""capd_finals_v3_0"", ""selector_recall_tie"": ""any_hit"", ""shared_page_embedding"": true, ""stage6_variant_family"": ""capacity_robustness"", ""stage6_variant_id"": ""capacity_D256"", ""tail_policy"": ""drop_incomplete_window"", ""trace_page_backing"": ""all_trace_pages"", ""training_scope"": ""per_workload"", ""validation_guard_accesses"": 256, ""validation_holdout_fraction"": 0.2, ""validation_strategy"": ""independent_valid_trace""}",nvm_access,2bd07f29a639d54db5180b57651842ce95dd3014,0.98587,98.587,197174,all_trace_pages_in_nvm,2570,2826,,,,2825,1,lru,0,0.0,0,0.3362895419995766,official,,COMPLETED,capd_finals_v3_0,,,d12c5e2507c333421709ab37c1d555e50426674e3853c88759c2d44237c70235,"{""test"": ""7620aef325310ef88b78b935ed6818bba5f6c0cfdadf624f1f9aad9570ac62d7"", ""train"": ""a04bbff36eccb0091d933efd69a390c150114d67bc6644f3dbdf0991897f252d"", ""valid"": ""e7d875df6e1247bd71320d4b9e1c3e2a3e029a33dce94ad109d8289342951774""}","{""family"": ""capacity_robustness"", ""only_difference"": ""only DRAM capacity D changes from 64 to 256"", ""retrain_required"": true, ""source_stage"": ""stage6"", ""test_used_for_selection"": false, ""variant_id"": ""capacity_D256""}",capacity_D256,7620aef325310ef88b78b935ed6818bba5f6c0cfdadf624f1f9aad9570ac62d7,False,594725.6010722207,200000,all_trace_pages,dataset/processed/finals_v3_official/streamcluster_pressure/test.csv,228532.0,streamcluster_pressure,streamcluster_pressure
official,0.08441385801059353,64,,,"{""avg_selector_time_ms"": 0.0, ""decision_count"": 0, ""max_B_t"": 0, ""max_K_t"": 0, ""mean_B_t"": 0.0, ""mean_K_t"": 0.0, ""min_B_t"": 0, ""min_K_t"": 0, ""selector_time_seconds"": 0.0}",full_dram,,,qmap/qmap_eval.py --config /home/likc/Q-former-for-OS/dataset/jsonl/finals_v3_official/stage6_capacity/capacity_D256/streamcluster_pressure/resolved_config.json --policy lfu --json_output /home/likc/Q-former-for-OS/outputs/results/finals_v3_official/stage6_capacity/raw/capacity_D256/streamcluster_pressure/lfu/run.json,b45115379e9bd097a5bc174d5994bffb5444c6774e3cdf6bbc09a1edac418e0a,CAPD-MIC-1.0,"{""dram_read_cost"": 1.0, ""dram_write_cost"": 1.0, ""migration_cost"": 10.0, ""nvm_read_cost"": 2.0, ""nvm_write_cost"": 8.0}",fd9f3359900bdf868d9e985f967428aa6588c79b6d4944d08864b09cfbc51589,capd_finals_v3_official_data_v1,2b31c00b19945884a09cc6fc8f3d451aad73f0d03b98a350ef540960609ea2c4,2906,,0.2453066713787848,none,256,empty,"{""B"": 64, ""D"": 256, ""H"": 10, ""Hc"": 256, ""K"": 8, ""L"": 256, ""Lres"": 256, ""approx_ndcg_alpha"": 10.0, ""artifact_class"": ""official"", ""contract_id"": ""CAPD-MIC-1.0"", ""dirty_demotion_nvm_write"": ""none"", ""dram_initial_state"": ""empty"", ""first_touch_accounting"": ""nvm_access"", ""initial_residency"": ""all_trace_pages_in_nvm"", ""lru_direction"": ""oldest_is_one"", ""nvm_capacity_pages"": null, ""page_oov"": ""unk"", ""page_state_dim"": 4, ""page_vocab_fit"": ""train_only"", ""pc_oov"": ""unk"", ""pc_vocab_fit"": ""train_only"", ""position_encoding"": ""sinusoidal"", ""run_profile"": ""official"", ""schema_version"": ""capd_finals_v3_0"", ""selector_recall_tie"": ""any_hit"", ""shared_page_embedding"": true, ""stage6_variant_family"": ""capacity_robustness"", ""stage6_variant_id"": ""capacity_D256"", ""tail_policy"": ""drop_incomplete_window"", ""trace_page_backing"": ""all_trace_pages"", ""training_scope"": ""per_workload"", ""validation_guard_accesses"": 256, ""validation_holdout_fraction"": 0.2, ""validation_strategy"": ""independent_valid_trace""}",nvm_access,2bd07f29a639d54db5180b57651842ce95dd3014,0.98419,98.419,196838,all_trace_pages_in_nvm,2906,3162,,,,3137,25,lfu,0,0.0,0,0.5854605450003874,official,,COMPLETED,capd_finals_v3_0,,,d12c5e2507c333421709ab37c1d555e50426674e3853c88759c2d44237c70235,"{""test"": ""7620aef325310ef88b78b935ed6818bba5f6c0cfdadf624f1f9aad9570ac62d7"", ""train"": ""a04bbff36eccb0091d933efd69a390c150114d67bc6644f3dbdf0991897f252d"", ""valid"": ""e7d875df6e1247bd71320d4b9e1c3e2a3e029a33dce94ad109d8289342951774""}","{""family"": ""capacity_robustness"", ""only_difference"": ""only DRAM capacity D changes from 64 to 256"", ""retrain_required"": true, ""source_stage"": ""stage6"", ""test_used_for_selection"": false, ""variant_id"": ""capacity_D256""}",capacity_D256,7620aef325310ef88b78b935ed6818bba5f6c0cfdadf624f1f9aad9570ac62d7,False,341611.40611083823,200000,all_trace_pages,dataset/processed/finals_v3_official/streamcluster_pressure/test.csv,232372.0,streamcluster_pressure,streamcluster_pressure
official,0.0013813048342187601,64,,,"{""avg_selector_time_ms"": 0.0, ""decision_count"": 0, ""max_B_t"": 0, ""max_K_t"": 0, ""mean_B_t"": 0.0, ""mean_K_t"": 0.0, ""min_B_t"": 0, ""min_K_t"": 0, ""selector_time_seconds"": 0.0}",full_dram,,,qmap/qmap_eval.py --config /home/likc/Q-former-for-OS/dataset/jsonl/finals_v3_official/stage6_capacity/capacity_D256/streamcluster_pressure/resolved_config.json --policy clock --json_output /home/likc/Q-former-for-OS/outputs/results/finals_v3_official/stage6_capacity/raw/capacity_D256/streamcluster_pressure/clock/run.json,b45115379e9bd097a5bc174d5994bffb5444c6774e3cdf6bbc09a1edac418e0a,CAPD-MIC-1.0,"{""dram_read_cost"": 1.0, ""dram_write_cost"": 1.0, ""migration_cost"": 10.0, ""nvm_read_cost"": 2.0, ""nvm_write_cost"": 8.0}",fd9f3359900bdf868d9e985f967428aa6588c79b6d4944d08864b09cfbc51589,capd_finals_v3_official_data_v1,2b31c00b19945884a09cc6fc8f3d451aad73f0d03b98a350ef540960609ea2c4,2664,,0.003679796078358777,none,256,empty,"{""B"": 64, ""D"": 256, ""H"": 10, ""Hc"": 256, ""K"": 8, ""L"": 256, ""Lres"": 256, ""approx_ndcg_alpha"": 10.0, ""artifact_class"": ""official"", ""contract_id"": ""CAPD-MIC-1.0"", ""dirty_demotion_nvm_write"": ""none"", ""dram_initial_state"": ""empty"", ""first_touch_accounting"": ""nvm_access"", ""initial_residency"": ""all_trace_pages_in_nvm"", ""lru_direction"": ""oldest_is_one"", ""nvm_capacity_pages"": null, ""page_oov"": ""unk"", ""page_state_dim"": 4, ""page_vocab_fit"": ""train_only"", ""pc_oov"": ""unk"", ""pc_vocab_fit"": ""train_only"", ""position_encoding"": ""sinusoidal"", ""run_profile"": ""official"", ""schema_version"": ""capd_finals_v3_0"", ""selector_recall_tie"": ""any_hit"", ""shared_page_embedding"": true, ""stage6_variant_family"": ""capacity_robustness"", ""stage6_variant_id"": ""capacity_D256"", ""tail_policy"": ""drop_incomplete_window"", ""trace_page_backing"": ""all_trace_pages"", ""training_scope"": ""per_workload"", ""validation_guard_accesses"": 256, ""validation_holdout_fraction"": 0.2, ""validation_strategy"": ""independent_valid_trace""}",nvm_access,2bd07f29a639d54db5180b57651842ce95dd3014,0.9854,98.54,197080,all_trace_pages_in_nvm,2664,2920,,,,2914,6,clock,0,0.0,0,0.635429343994474,official,,COMPLETED,capd_finals_v3_0,,,d12c5e2507c333421709ab37c1d555e50426674e3853c88759c2d44237c70235,"{""test"": ""7620aef325310ef88b78b935ed6818bba5f6c0cfdadf624f1f9aad9570ac62d7"", ""train"": ""a04bbff36eccb0091d933efd69a390c150114d67bc6644f3dbdf0991897f252d"", ""valid"": ""e7d875df6e1247bd71320d4b9e1c3e2a3e029a33dce94ad109d8289342951774""}","{""family"": ""capacity_robustness"", ""only_difference"": ""only DRAM capacity D changes from 64 to 256"", ""retrain_required"": true, ""source_stage"": ""stage6"", ""test_used_for_selection"": false, ""variant_id"": ""capacity_D256""}",capacity_D256,7620aef325310ef88b78b935ed6818bba5f6c0cfdadf624f1f9aad9570ac62d7,False,314747.8187625834,200000,all_trace_pages,dataset/processed/finals_v3_official/streamcluster_pressure/test.csv,229596.0,streamcluster_pressure,streamcluster_pressure
official,3.1839997432194345,8,valid_trace,"{""EndToEndRecall@K"": 1.0, ""NRegret"": 0.0, ""PoolRecall@B"": 1.0, ""SelectorRecall@K"": 0.0, ""TieCoverage@K"": 0.125}","{""avg_selector_time_ms"": 0.3920316112813398, ""decision_count"": 3054, ""max_B_t"": 64, ""max_K_t"": 8, ""mean_B_t"": 64.0, ""mean_K_t"": 8.0, ""min_B_t"": 64, ""min_K_t"": 8, ""selector_time_seconds"": 1.1972645408532117}",capd_selector_B_to_K,/home/likc/Q-former-for-OS/outputs/checkpoints/finals_v3_official/stage6_capacity/capacity_D256/dedup_pressure/seed_3136859/qmap_best.pth,387f8e80537d94d68875805869ceebd08e7d73964a6c7f30d682cf8ff537fb98,qmap/qmap_eval.py --config /home/likc/Q-former-for-OS/dataset/jsonl/finals_v3_official/stage6_capacity/capacity_D256/dedup_pressure/resolved_config.json --selector_params /home/likc/Q-former-for-OS/dataset/jsonl/finals_v3_official/stage6_capacity/capacity_D256/dedup_pressure/selector_params.json --policy qmap --checkpoint /home/likc/Q-former-for-OS/outputs/checkpoints/finals_v3_official/stage6_capacity/capacity_D256/dedup_pressure/seed_3136859/qmap_best.pth --json_output /home/likc/Q-former-for-OS/outputs/results/finals_v3_official/stage6_capacity/raw/capacity_D256/dedup_pressure/qmap/seed_3136859.json,cd1f671585328fa9623f1cd93fc31c34a3a9b40e1e34b39cd34566e8f53feacc,CAPD-MIC-1.0,"{""dram_read_cost"": 1.0, ""dram_write_cost"": 1.0, ""migration_cost"": 10.0, ""nvm_read_cost"": 2.0, ""nvm_write_cost"": 8.0}",fd9f3359900bdf868d9e985f967428aa6588c79b6d4944d08864b09cfbc51589,capd_finals_v3_official_data_v1,d42012b4222091383fc3dfd7eb084dfe4c714512f067aaf7620d37dc844f4fa8,3054,,9.723935215792153,none,256,empty,"{""B"": 64, ""D"": 256, ""H"": 10, ""Hc"": 256, ""K"": 8, ""L"": 256, ""Lres"": 256, ""approx_ndcg_alpha"": 10.0, ""artifact_class"": ""official"", ""contract_id"": ""CAPD-MIC-1.0"", ""dirty_demotion_nvm_write"": ""none"", ""dram_initial_state"": ""empty"", ""first_touch_accounting"": ""nvm_access"", ""initial_residency"": ""all_trace_pages_in_nvm"", ""lru_direction"": ""oldest_is_one"", ""nvm_capacity_pages"": null, ""page_oov"": ""unk"", ""page_state_dim"": 4, ""page_vocab_fit"": ""train_only"", ""pc_oov"": ""unk"", ""pc_vocab_fit"": ""train_only"", ""position_encoding"": ""sinusoidal"", ""run_profile"": ""official"", ""schema_version"": ""capd_finals_v3_0"", ""selector_recall_tie"": ""any_hit"", ""shared_page_embedding"": true, ""stage6_variant_family"": ""capacity_robustness"", ""stage6_variant_id"": ""capacity_D256"", ""tail_policy"": ""drop_incomplete_window"", ""trace_page_backing"": ""all_trace_pages"", ""training_scope"": ""per_workload"", ""validation_guard_accesses"": 256, ""validation_holdout_fraction"": 0.2, ""validation_strategy"": ""independent_valid_trace""}",nvm_access,2bd07f29a639d54db5180b57651842ce95dd3014,0.99669,99.669,996690,all_trace_pages_in_nvm,3054,3310,3136859,,,1769,1541,qmap,0,0.0,0,13.05955022200942,official,,COMPLETED,capd_finals_v3_0,f153bf42f8cf380e58b23e749fe6241fa8d1097d30b78c0826b21d162c43bc7d,/home/likc/Q-former-for-OS/dataset/jsonl/finals_v3_official/stage6_capacity/capacity_D256/dedup_pressure/selector_params.json,1c04935e3188eed4d2e7d6217b2e156253448b2967c26905353476190dd8f439,"{""test"": ""02290e3d22516bffdf9025b740c4c955b1021f9255f2a3f795835296b3bd1b3e"", ""train"": ""1c505939b9041ae4c0d3a6cb8fed653a45a42aab74a7b74f7d73f3d333b9f716"", ""valid"": ""19ea50b168cd601e3bb52e24f07102402cc7315b7f30895ff4ee0da1c8a931c8""}","{""family"": ""capacity_robustness"", ""only_difference"": ""only DRAM capacity D changes from 64 to 256"", ""retrain_required"": true, ""source_stage"": ""stage6"", ""test_used_for_selection"": false, ""variant_id"": ""capacity_D256""}",capacity_D256,02290e3d22516bffdf9025b740c4c955b1021f9255f2a3f795835296b3bd1b3e,False,76572.31550859139,1000000,all_trace_pages,dataset/processed/finals_v3_official/dedup_pressure/test.csv,1043096.0,dedup_pressure,dedup_pressure
official,3.1868013640166657,8,valid_trace,"{""EndToEndRecall@K"": 1.0, ""NRegret"": 0.0, ""PoolRecall@B"": 1.0, ""SelectorRecall@K"": 0.0, ""TieCoverage@K"": 0.125}","{""avg_selector_time_ms"": 0.392230605872804, ""decision_count"": 3059, ""max_B_t"": 64, ""max_K_t"": 8, ""mean_B_t"": 64.0, ""mean_K_t"": 8.0, ""min_B_t"": 64, ""min_K_t"": 8, ""selector_time_seconds"": 1.1998334233649075}",capd_selector_B_to_K,/home/likc/Q-former-for-OS/outputs/checkpoints/finals_v3_official/stage6_capacity/capacity_D256/dedup_pressure/seed_42/qmap_best.pth,c9beaccde579b221f021941fffd1079cd6184c59030b51296b0816c8dc85d1a9,qmap/qmap_eval.py --config /home/likc/Q-former-for-OS/dataset/jsonl/finals_v3_official/stage6_capacity/capacity_D256/dedup_pressure/resolved_config.json --selector_params /home/likc/Q-former-for-OS/dataset/jsonl/finals_v3_official/stage6_capacity/capacity_D256/dedup_pressure/selector_params.json --policy qmap --checkpoint /home/likc/Q-former-for-OS/outputs/checkpoints/finals_v3_official/stage6_capacity/capacity_D256/dedup_pressure/seed_42/qmap_best.pth --json_output /home/likc/Q-former-for-OS/outputs/results/finals_v3_official/stage6_capacity/raw/capacity_D256/dedup_pressure/qmap/seed_42.json,cd1f671585328fa9623f1cd93fc31c34a3a9b40e1e34b39cd34566e8f53feacc,CAPD-MIC-1.0,"{""dram_read_cost"": 1.0, ""dram_write_cost"": 1.0, ""migration_cost"": 10.0, ""nvm_read_cost"": 2.0, ""nvm_write_cost"": 8.0}",fd9f3359900bdf868d9e985f967428aa6588c79b6d4944d08864b09cfbc51589,capd_finals_v3_official_data_v1,d42012b4222091383fc3dfd7eb084dfe4c714512f067aaf7620d37dc844f4fa8,3059,,9.748425372526981,none,256,empty,"{""B"": 64, ""D"": 256, ""H"": 10, ""Hc"": 256, ""K"": 8, ""L"": 256, ""Lres"": 256, ""approx_ndcg_alpha"": 10.0, ""artifact_class"": ""official"", ""contract_id"": ""CAPD-MIC-1.0"", ""dirty_demotion_nvm_write"": ""none"", ""dram_initial_state"": ""empty"", ""first_touch_accounting"": ""nvm_access"", ""initial_residency"": ""all_trace_pages_in_nvm"", ""lru_direction"": ""oldest_is_one"", ""nvm_capacity_pages"": null, ""page_oov"": ""unk"", ""page_state_dim"": 4, ""page_vocab_fit"": ""train_only"", ""pc_oov"": ""unk"", ""pc_vocab_fit"": ""train_only"", ""position_encoding"": ""sinusoidal"", ""run_profile"": ""official"", ""schema_version"": ""capd_finals_v3_0"", ""selector_recall_tie"": ""any_hit"", ""shared_page_embedding"": true, ""stage6_variant_family"": ""capacity_robustness"", ""stage6_variant_id"": ""capacity_D256"", ""tail_policy"": ""drop_incomplete_window"", ""trace_page_backing"": ""all_trace_pages"", ""training_scope"": ""per_workload"", ""validation_guard_accesses"": 256, ""validation_holdout_fraction"": 0.2, ""validation_strategy"": ""independent_valid_trace""}",nvm_access,2bd07f29a639d54db5180b57651842ce95dd3014,0.996685,99.66850000000001,996685,all_trace_pages_in_nvm,3059,3315,42,,,1773,1542,qmap,0,0.0,0,13.143753345997538,official,,COMPLETED,capd_finals_v3_0,f153bf42f8cf380e58b23e749fe6241fa8d1097d30b78c0826b21d162c43bc7d,/home/likc/Q-former-for-OS/dataset/jsonl/finals_v3_official/stage6_capacity/capacity_D256/dedup_pressure/selector_params.json,1c04935e3188eed4d2e7d6217b2e156253448b2967c26905353476190dd8f439,"{""test"": ""02290e3d22516bffdf9025b740c4c955b1021f9255f2a3f795835296b3bd1b3e"", ""train"": ""1c505939b9041ae4c0d3a6cb8fed653a45a42aab74a7b74f7d73f3d333b9f716"", ""valid"": ""19ea50b168cd601e3bb52e24f07102402cc7315b7f30895ff4ee0da1c8a931c8""}","{""family"": ""capacity_robustness"", ""only_difference"": ""only DRAM capacity D changes from 64 to 256"", ""retrain_required"": true, ""source_stage"": ""stage6"", ""test_used_for_selection"": false, ""variant_id"": ""capacity_D256""}",capacity_D256,02290e3d22516bffdf9025b740c4c955b1021f9255f2a3f795835296b3bd1b3e,False,76081.76855392028,1000000,all_trace_pages,dataset/processed/finals_v3_official/dedup_pressure/test.csv,1043157.0,dedup_pressure,dedup_pressure
official,3.1635319436644167,8,valid_trace,"{""EndToEndRecall@K"": 1.0, ""NRegret"": 0.0, ""PoolRecall@B"": 1.0, ""SelectorRecall@K"": 0.0, ""TieCoverage@K"": 0.125}","{""avg_selector_time_ms"": 0.3895482683993191, ""decision_count"": 3045, ""max_B_t"": 64, ""max_K_t"": 8, ""mean_B_t"": 64.0, ""mean_K_t"": 8.0, ""min_B_t"": 64, ""min_K_t"": 8, ""selector_time_seconds"": 1.1861744772759266}",capd_selector_B_to_K,/home/likc/Q-former-for-OS/outputs/checkpoints/finals_v3_official/stage6_capacity/capacity_D256/dedup_pressure/seed_2026/qmap_best.pth,bf7539af9fa2e928d40d07da1ee808cdc8cb5273ce0201367b2726c197aad941,qmap/qmap_eval.py --config /home/likc/Q-former-for-OS/dataset/jsonl/finals_v3_official/stage6_capacity/capacity_D256/dedup_pressure/resolved_config.json --selector_params /home/likc/Q-former-for-OS/dataset/jsonl/finals_v3_official/stage6_capacity/capacity_D256/dedup_pressure/selector_params.json --policy qmap --checkpoint /home/likc/Q-former-for-OS/outputs/checkpoints/finals_v3_official/stage6_capacity/capacity_D256/dedup_pressure/seed_2026/qmap_best.pth --json_output /home/likc/Q-former-for-OS/outputs/results/finals_v3_official/stage6_capacity/raw/capacity_D256/dedup_pressure/qmap/seed_2026.json,cd1f671585328fa9623f1cd93fc31c34a3a9b40e1e34b39cd34566e8f53feacc,CAPD-MIC-1.0,"{""dram_read_cost"": 1.0, ""dram_write_cost"": 1.0, ""migration_cost"": 10.0, ""nvm_read_cost"": 2.0, ""nvm_write_cost"": 8.0}",fd9f3359900bdf868d9e985f967428aa6588c79b6d4944d08864b09cfbc51589,capd_finals_v3_official_data_v1,d42012b4222091383fc3dfd7eb084dfe4c714512f067aaf7620d37dc844f4fa8,3045,,9.632954768458148,none,256,empty,"{""B"": 64, ""D"": 256, ""H"": 10, ""Hc"": 256, ""K"": 8, ""L"": 256, ""Lres"": 256, ""approx_ndcg_alpha"": 10.0, ""artifact_class"": ""official"", ""contract_id"": ""CAPD-MIC-1.0"", ""dirty_demotion_nvm_write"": ""none"", ""dram_initial_state"": ""empty"", ""first_touch_accounting"": ""nvm_access"", ""initial_residency"": ""all_trace_pages_in_nvm"", ""lru_direction"": ""oldest_is_one"", ""nvm_capacity_pages"": null, ""page_oov"": ""unk"", ""page_state_dim"": 4, ""page_vocab_fit"": ""train_only"", ""pc_oov"": ""unk"", ""pc_vocab_fit"": ""train_only"", ""position_encoding"": ""sinusoidal"", ""run_profile"": ""official"", ""schema_version"": ""capd_finals_v3_0"", ""selector_recall_tie"": ""any_hit"", ""shared_page_embedding"": true, ""stage6_variant_family"": ""capacity_robustness"", ""stage6_variant_id"": ""capacity_D256"", ""tail_policy"": ""drop_incomplete_window"", ""trace_page_backing"": ""all_trace_pages"", ""training_scope"": ""per_workload"", ""validation_guard_accesses"": 256, ""validation_holdout_fraction"": 0.2, ""validation_strategy"": ""independent_valid_trace""}",nvm_access,2bd07f29a639d54db5180b57651842ce95dd3014,0.996699,99.6699,996699,all_trace_pages_in_nvm,3045,3301,2026,,,1759,1542,qmap,0,0.0,0,13.041193808006938,official,,COMPLETED,capd_finals_v3_0,f153bf42f8cf380e58b23e749fe6241fa8d1097d30b78c0826b21d162c43bc7d,/home/likc/Q-former-for-OS/dataset/jsonl/finals_v3_official/stage6_capacity/capacity_D256/dedup_pressure/selector_params.json,1c04935e3188eed4d2e7d6217b2e156253448b2967c26905353476190dd8f439,"{""test"": ""02290e3d22516bffdf9025b740c4c955b1021f9255f2a3f795835296b3bd1b3e"", ""train"": ""1c505939b9041ae4c0d3a6cb8fed653a45a42aab74a7b74f7d73f3d333b9f716"", ""valid"": ""19ea50b168cd601e3bb52e24f07102402cc7315b7f30895ff4ee0da1c8a931c8""}","{""family"": ""capacity_robustness"", ""only_difference"": ""only DRAM capacity D changes from 64 to 256"", ""retrain_required"": true, ""source_stage"": ""stage6"", ""test_used_for_selection"": false, ""variant_id"": ""capacity_D256""}",capacity_D256,02290e3d22516bffdf9025b740c4c955b1021f9255f2a3f795835296b3bd1b3e,False,76680.09652506102,1000000,all_trace_pages,dataset/processed/finals_v3_official/dedup_pressure/test.csv,1043003.0,dedup_pressure,dedup_pressure
official,0.0013305496465745232,64,,,"{""avg_selector_time_ms"": 0.0, ""decision_count"": 0, ""max_B_t"": 0, ""max_K_t"": 0, ""mean_B_t"": 0.0, ""mean_K_t"": 0.0, ""min_B_t"": 0, ""min_K_t"": 0, ""selector_time_seconds"": 0.0}",full_dram,,,qmap/qmap_eval.py --config /home/likc/Q-former-for-OS/dataset/jsonl/finals_v3_official/stage6_capacity/capacity_D256/dedup_pressure/resolved_config.json --policy random --stage5_replay_seed 0 --json_output /home/likc/Q-former-for-OS/outputs/results/finals_v3_official/stage6_capacity/raw/capacity_D256/dedup_pressure/random/seed_0.json,cd1f671585328fa9623f1cd93fc31c34a3a9b40e1e34b39cd34566e8f53feacc,CAPD-MIC-1.0,"{""dram_read_cost"": 1.0, ""dram_write_cost"": 1.0, ""migration_cost"": 10.0, ""nvm_read_cost"": 2.0, ""nvm_write_cost"": 8.0}",fd9f3359900bdf868d9e985f967428aa6588c79b6d4944d08864b09cfbc51589,capd_finals_v3_official_data_v1,d42012b4222091383fc3dfd7eb084dfe4c714512f067aaf7620d37dc844f4fa8,3100,,0.004124703904381022,none,256,empty,"{""B"": 64, ""D"": 256, ""H"": 10, ""Hc"": 256, ""K"": 8, ""L"": 256, ""Lres"": 256, ""approx_ndcg_alpha"": 10.0, ""artifact_class"": ""official"", ""contract_id"": ""CAPD-MIC-1.0"", ""dirty_demotion_nvm_write"": ""none"", ""dram_initial_state"": ""empty"", ""first_touch_accounting"": ""nvm_access"", ""initial_residency"": ""all_trace_pages_in_nvm"", ""lru_direction"": ""oldest_is_one"", ""nvm_capacity_pages"": null, ""page_oov"": ""unk"", ""page_state_dim"": 4, ""page_vocab_fit"": ""train_only"", ""pc_oov"": ""unk"", ""pc_vocab_fit"": ""train_only"", ""position_encoding"": ""sinusoidal"", ""run_profile"": ""official"", ""schema_version"": ""capd_finals_v3_0"", ""selector_recall_tie"": ""any_hit"", ""shared_page_embedding"": true, ""stage6_variant_family"": ""capacity_robustness"", ""stage6_variant_id"": ""capacity_D256"", ""tail_policy"": ""drop_incomplete_window"", ""trace_page_backing"": ""all_trace_pages"", ""training_scope"": ""per_workload"", ""validation_guard_accesses"": 256, ""validation_holdout_fraction"": 0.2, ""validation_strategy"": ""independent_valid_trace""}",nvm_access,2bd07f29a639d54db5180b57651842ce95dd3014,0.996644,99.6644,996644,all_trace_pages_in_nvm,3100,3356,,,,1783,1573,random,0,0.0,0,1.4965540480043273,official,,COMPLETED,capd_finals_v3_0,,,1c04935e3188eed4d2e7d6217b2e156253448b2967c26905353476190dd8f439,"{""test"": ""02290e3d22516bffdf9025b740c4c955b1021f9255f2a3f795835296b3bd1b3e"", ""train"": ""1c505939b9041ae4c0d3a6cb8fed653a45a42aab74a7b74f7d73f3d333b9f716"", ""valid"": ""19ea50b168cd601e3bb52e24f07102402cc7315b7f30895ff4ee0da1c8a931c8""}","{""family"": ""capacity_robustness"", ""only_difference"": ""only DRAM capacity D changes from 64 to 256"", ""retrain_required"": true, ""source_stage"": ""stage6"", ""test_used_for_selection"": false, ""variant_id"": ""capacity_D256""}",capacity_D256,02290e3d22516bffdf9025b740c4c955b1021f9255f2a3f795835296b3bd1b3e,False,668201.7273839939,1000000,all_trace_pages,dataset/processed/finals_v3_official/dedup_pressure/test.csv,1043794.0,dedup_pressure,dedup_pressure
official,0.0013350919476784549,64,,,"{""avg_selector_time_ms"": 0.0, ""decision_count"": 0, ""max_B_t"": 0, ""max_K_t"": 0, ""mean_B_t"": 0.0, ""mean_K_t"": 0.0, ""min_B_t"": 0, ""min_K_t"": 0, ""selector_time_seconds"": 0.0}",full_dram,,,qmap/qmap_eval.py --config /home/likc/Q-former-for-OS/dataset/jsonl/finals_v3_official/stage6_capacity/capacity_D256/dedup_pressure/resolved_config.json --policy random --stage5_replay_seed 1 --json_output /home/likc/Q-former-for-OS/outputs/results/finals_v3_official/stage6_capacity/raw/capacity_D256/dedup_pressure/random/seed_1.json,cd1f671585328fa9623f1cd93fc31c34a3a9b40e1e34b39cd34566e8f53feacc,CAPD-MIC-1.0,"{""dram_read_cost"": 1.0, ""dram_write_cost"": 1.0, ""migration_cost"": 10.0, ""nvm_read_cost"": 2.0, ""nvm_write_cost"": 8.0}",fd9f3359900bdf868d9e985f967428aa6588c79b6d4944d08864b09cfbc51589,capd_finals_v3_official_data_v1,d42012b4222091383fc3dfd7eb084dfe4c714512f067aaf7620d37dc844f4fa8,3084,,0.004117423566640355,none,256,empty,"{""B"": 64, ""D"": 256, ""H"": 10, ""Hc"": 256, ""K"": 8, ""L"": 256, ""Lres"": 256, ""approx_ndcg_alpha"": 10.0, ""artifact_class"": ""official"", ""contract_id"": ""CAPD-MIC-1.0"", ""dirty_demotion_nvm_write"": ""none"", ""dram_initial_state"": ""empty"", ""first_touch_accounting"": ""nvm_access"", ""initial_residency"": ""all_trace_pages_in_nvm"", ""lru_direction"": ""oldest_is_one"", ""nvm_capacity_pages"": null, ""page_oov"": ""unk"", ""page_state_dim"": 4, ""page_vocab_fit"": ""train_only"", ""pc_oov"": ""unk"", ""pc_vocab_fit"": ""train_only"", ""position_encoding"": ""sinusoidal"", ""run_profile"": ""official"", ""schema_version"": ""capd_finals_v3_0"", ""selector_recall_tie"": ""any_hit"", ""shared_page_embedding"": true, ""stage6_variant_family"": ""capacity_robustness"", ""stage6_variant_id"": ""capacity_D256"", ""tail_policy"": ""drop_incomplete_window"", ""trace_page_backing"": ""all_trace_pages"", ""training_scope"": ""per_workload"", ""validation_guard_accesses"": 256, ""validation_holdout_fraction"": 0.2, ""validation_strategy"": ""independent_valid_trace""}",nvm_access,2bd07f29a639d54db5180b57651842ce95dd3014,0.99666,99.666,996660,all_trace_pages_in_nvm,3084,3340,,,,1781,1559,random,0,0.0,1,1.4931322089978494,official,,COMPLETED,capd_finals_v3_0,,,1c04935e3188eed4d2e7d6217b2e156253448b2967c26905353476190dd8f439,"{""test"": ""02290e3d22516bffdf9025b740c4c955b1021f9255f2a3f795835296b3bd1b3e"", ""train"": ""1c505939b9041ae4c0d3a6cb8fed653a45a42aab74a7b74f7d73f3d333b9f716"", ""valid"": ""19ea50b168cd601e3bb52e24f07102402cc7315b7f30895ff4ee0da1c8a931c8""}","{""family"": ""capacity_robustness"", ""only_difference"": ""only DRAM capacity D changes from 64 to 256"", ""retrain_required"": true, ""source_stage"": ""stage6"", ""test_used_for_selection"": false, ""variant_id"": ""capacity_D256""}",capacity_D256,02290e3d22516bffdf9025b740c4c955b1021f9255f2a3f795835296b3bd1b3e,False,669733.0577787036,1000000,all_trace_pages,dataset/processed/finals_v3_official/dedup_pressure/test.csv,1043534.0,dedup_pressure,dedup_pressure
official,0.0015536230667719557,64,,,"{""avg_selector_time_ms"": 0.0, ""decision_count"": 0, ""max_B_t"": 0, ""max_K_t"": 0, ""mean_B_t"": 0.0, ""mean_K_t"": 0.0, ""min_B_t"": 0, ""min_K_t"": 0, ""selector_time_seconds"": 0.0}",full_dram,,,qmap/qmap_eval.py --config /home/likc/Q-former-for-OS/dataset/jsonl/finals_v3_official/stage6_capacity/capacity_D256/dedup_pressure/resolved_config.json --policy random --stage5_replay_seed 2 --json_output /home/likc/Q-former-for-OS/outputs/results/finals_v3_official/stage6_capacity/raw/capacity_D256/dedup_pressure/random/seed_2.json,cd1f671585328fa9623f1cd93fc31c34a3a9b40e1e34b39cd34566e8f53feacc,CAPD-MIC-1.0,"{""dram_read_cost"": 1.0, ""dram_write_cost"": 1.0, ""migration_cost"": 10.0, ""nvm_read_cost"": 2.0, ""nvm_write_cost"": 8.0}",fd9f3359900bdf868d9e985f967428aa6588c79b6d4944d08864b09cfbc51589,capd_finals_v3_official_data_v1,d42012b4222091383fc3dfd7eb084dfe4c714512f067aaf7620d37dc844f4fa8,3100,,0.004816231506993063,none,256,empty,"{""B"": 64, ""D"": 256, ""H"": 10, ""Hc"": 256, ""K"": 8, ""L"": 256, ""Lres"": 256, ""approx_ndcg_alpha"": 10.0, ""artifact_class"": ""official"", ""contract_id"": ""CAPD-MIC-1.0"", ""dirty_demotion_nvm_write"": ""none"", ""dram_initial_state"": ""empty"", ""first_touch_accounting"": ""nvm_access"", ""initial_residency"": ""all_trace_pages_in_nvm"", ""lru_direction"": ""oldest_is_one"", ""nvm_capacity_pages"": null, ""page_oov"": ""unk"", ""page_state_dim"": 4, ""page_vocab_fit"": ""train_only"", ""pc_oov"": ""unk"", ""pc_vocab_fit"": ""train_only"", ""position_encoding"": ""sinusoidal"", ""run_profile"": ""official"", ""schema_version"": ""capd_finals_v3_0"", ""selector_recall_tie"": ""any_hit"", ""shared_page_embedding"": true, ""stage6_variant_family"": ""capacity_robustness"", ""stage6_variant_id"": ""capacity_D256"", ""tail_policy"": ""drop_incomplete_window"", ""trace_page_backing"": ""all_trace_pages"", ""training_scope"": ""per_workload"", ""validation_guard_accesses"": 256, ""validation_holdout_fraction"": 0.2, ""validation_strategy"": ""independent_valid_trace""}",nvm_access,2bd07f29a639d54db5180b57651842ce95dd3014,0.996644,99.6644,996644,all_trace_pages_in_nvm,3100,3356,,,,1793,1563,random,0,0.0,2,1.7168435339990538,official,,COMPLETED,capd_finals_v3_0,,,1c04935e3188eed4d2e7d6217b2e156253448b2967c26905353476190dd8f439,"{""test"": ""02290e3d22516bffdf9025b740c4c955b1021f9255f2a3f795835296b3bd1b3e"", ""train"": ""1c505939b9041ae4c0d3a6cb8fed653a45a42aab74a7b74f7d73f3d333b9f716"", ""valid"": ""19ea50b168cd601e3bb52e24f07102402cc7315b7f30895ff4ee0da1c8a931c8""}","{""family"": ""capacity_robustness"", ""only_difference"": ""only DRAM capacity D changes from 64 to 256"", ""retrain_required"": true, ""source_stage"": ""stage6"", ""test_used_for_selection"": false, ""variant_id"": ""capacity_D256""}",capacity_D256,02290e3d22516bffdf9025b740c4c955b1021f9255f2a3f795835296b3bd1b3e,False,582464.2608349371,1000000,all_trace_pages,dataset/processed/finals_v3_official/dedup_pressure/test.csv,1043734.0,dedup_pressure,dedup_pressure
official,0.00029650661366254616,64,,,"{""avg_selector_time_ms"": 0.0, ""decision_count"": 0, ""max_B_t"": 0, ""max_K_t"": 0, ""mean_B_t"": 0.0, ""mean_K_t"": 0.0, ""min_B_t"": 0, ""min_K_t"": 0, ""selector_time_seconds"": 0.0}",full_dram,,,qmap/qmap_eval.py --config /home/likc/Q-former-for-OS/dataset/jsonl/finals_v3_official/stage6_capacity/capacity_D256/dedup_pressure/resolved_config.json --policy lru --json_output /home/likc/Q-former-for-OS/outputs/results/finals_v3_official/stage6_capacity/raw/capacity_D256/dedup_pressure/lru/run.json,cd1f671585328fa9623f1cd93fc31c34a3a9b40e1e34b39cd34566e8f53feacc,CAPD-MIC-1.0,"{""dram_read_cost"": 1.0, ""dram_write_cost"": 1.0, ""migration_cost"": 10.0, ""nvm_read_cost"": 2.0, ""nvm_write_cost"": 8.0}",fd9f3359900bdf868d9e985f967428aa6588c79b6d4944d08864b09cfbc51589,capd_finals_v3_official_data_v1,d42012b4222091383fc3dfd7eb084dfe4c714512f067aaf7620d37dc844f4fa8,3059,,0.0009070137311937287,none,256,empty,"{""B"": 64, ""D"": 256, ""H"": 10, ""Hc"": 256, ""K"": 8, ""L"": 256, ""Lres"": 256, ""approx_ndcg_alpha"": 10.0, ""artifact_class"": ""official"", ""contract_id"": ""CAPD-MIC-1.0"", ""dirty_demotion_nvm_write"": ""none"", ""dram_initial_state"": ""empty"", ""first_touch_accounting"": ""nvm_access"", ""initial_residency"": ""all_trace_pages_in_nvm"", ""lru_direction"": ""oldest_is_one"", ""nvm_capacity_pages"": null, ""page_oov"": ""unk"", ""page_state_dim"": 4, ""page_vocab_fit"": ""train_only"", ""pc_oov"": ""unk"", ""pc_vocab_fit"": ""train_only"", ""position_encoding"": ""sinusoidal"", ""run_profile"": ""official"", ""schema_version"": ""capd_finals_v3_0"", ""selector_recall_tie"": ""any_hit"", ""shared_page_embedding"": true, ""stage6_variant_family"": ""capacity_robustness"", ""stage6_variant_id"": ""capacity_D256"", ""tail_policy"": ""drop_incomplete_window"", ""trace_page_backing"": ""all_trace_pages"", ""training_scope"": ""per_workload"", ""validation_guard_accesses"": 256, ""validation_holdout_fraction"": 0.2, ""validation_strategy"": ""independent_valid_trace""}",nvm_access,2bd07f29a639d54db5180b57651842ce95dd3014,0.996685,99.66850000000001,996685,all_trace_pages_in_nvm,3059,3315,,,,1773,1542,lru,0,0.0,0,1.5208592869894346,official,,COMPLETED,capd_finals_v3_0,,,1c04935e3188eed4d2e7d6217b2e156253448b2967c26905353476190dd8f439,"{""test"": ""02290e3d22516bffdf9025b740c4c955b1021f9255f2a3f795835296b3bd1b3e"", ""train"": ""1c505939b9041ae4c0d3a6cb8fed653a45a42aab74a7b74f7d73f3d333b9f716"", ""valid"": ""19ea50b168cd601e3bb52e24f07102402cc7315b7f30895ff4ee0da1c8a931c8""}","{""family"": ""capacity_robustness"", ""only_difference"": ""only DRAM capacity D changes from 64 to 256"", ""retrain_required"": true, ""source_stage"": ""stage6"", ""test_used_for_selection"": false, ""variant_id"": ""capacity_D256""}",capacity_D256,02290e3d22516bffdf9025b740c4c955b1021f9255f2a3f795835296b3bd1b3e,False,657523.0256702552,1000000,all_trace_pages,dataset/processed/finals_v3_official/dedup_pressure/test.csv,1043157.0,dedup_pressure,dedup_pressure
official,0.08570562511922435,64,,,"{""avg_selector_time_ms"": 0.0, ""decision_count"": 0, ""max_B_t"": 0, ""max_K_t"": 0, ""mean_B_t"": 0.0, ""mean_K_t"": 0.0, ""min_B_t"": 0, ""min_K_t"": 0, ""selector_time_seconds"": 0.0}",full_dram,,,qmap/qmap_eval.py --config /home/likc/Q-former-for-OS/dataset/jsonl/finals_v3_official/stage6_capacity/capacity_D256/dedup_pressure/resolved_config.json --policy lfu --json_output /home/likc/Q-former-for-OS/outputs/results/finals_v3_official/stage6_capacity/raw/capacity_D256/dedup_pressure/lfu/run.json,cd1f671585328fa9623f1cd93fc31c34a3a9b40e1e34b39cd34566e8f53feacc,CAPD-MIC-1.0,"{""dram_read_cost"": 1.0, ""dram_write_cost"": 1.0, ""migration_cost"": 10.0, ""nvm_read_cost"": 2.0, ""nvm_write_cost"": 8.0}",fd9f3359900bdf868d9e985f967428aa6588c79b6d4944d08864b09cfbc51589,capd_finals_v3_official_data_v1,d42012b4222091383fc3dfd7eb084dfe4c714512f067aaf7620d37dc844f4fa8,92001,,7.885003216593759,none,256,empty,"{""B"": 64, ""D"": 256, ""H"": 10, ""Hc"": 256, ""K"": 8, ""L"": 256, ""Lres"": 256, ""approx_ndcg_alpha"": 10.0, ""artifact_class"": ""official"", ""contract_id"": ""CAPD-MIC-1.0"", ""dirty_demotion_nvm_write"": ""none"", ""dram_initial_state"": ""empty"", ""first_touch_accounting"": ""nvm_access"", ""initial_residency"": ""all_trace_pages_in_nvm"", ""lru_direction"": ""oldest_is_one"", ""nvm_capacity_pages"": null, ""page_oov"": ""unk"", ""page_state_dim"": 4, ""page_vocab_fit"": ""train_only"", ""pc_oov"": ""unk"", ""pc_vocab_fit"": ""train_only"", ""position_encoding"": ""sinusoidal"", ""run_profile"": ""official"", ""schema_version"": ""capd_finals_v3_0"", ""selector_recall_tie"": ""any_hit"", ""shared_page_embedding"": true, ""stage6_variant_family"": ""capacity_robustness"", ""stage6_variant_id"": ""capacity_D256"", ""tail_policy"": ""drop_incomplete_window"", ""trace_page_backing"": ""all_trace_pages"", ""training_scope"": ""per_workload"", ""validation_guard_accesses"": 256, ""validation_holdout_fraction"": 0.2, ""validation_strategy"": ""independent_valid_trace""}",nvm_access,2bd07f29a639d54db5180b57651842ce95dd3014,0.907743,90.7743,907743,all_trace_pages_in_nvm,92001,92257,,,,46593,45664,lfu,0,0.0,0,10.204627771992818,official,,COMPLETED,capd_finals_v3_0,,,1c04935e3188eed4d2e7d6217b2e156253448b2967c26905353476190dd8f439,"{""test"": ""02290e3d22516bffdf9025b740c4c955b1021f9255f2a3f795835296b3bd1b3e"", ""train"": ""1c505939b9041ae4c0d3a6cb8fed653a45a42aab74a7b74f7d73f3d333b9f716"", ""valid"": ""19ea50b168cd601e3bb52e24f07102402cc7315b7f30895ff4ee0da1c8a931c8""}","{""family"": ""capacity_robustness"", ""only_difference"": ""only DRAM capacity D changes from 64 to 256"", ""retrain_required"": true, ""source_stage"": ""stage6"", ""test_used_for_selection"": false, ""variant_id"": ""capacity_D256""}",capacity_D256,02290e3d22516bffdf9025b740c4c955b1021f9255f2a3f795835296b3bd1b3e,False,97994.75515849357,1000000,all_trace_pages,dataset/processed/finals_v3_official/dedup_pressure/test.csv,2286251.0,dedup_pressure,dedup_pressure
official,0.0013488197282939395,64,,,"{""avg_selector_time_ms"": 0.0, ""decision_count"": 0, ""max_B_t"": 0, ""max_K_t"": 0, ""mean_B_t"": 0.0, ""mean_K_t"": 0.0, ""min_B_t"": 0, ""min_K_t"": 0, ""selector_time_seconds"": 0.0}",full_dram,,,qmap/qmap_eval.py --config /home/likc/Q-former-for-OS/dataset/jsonl/finals_v3_official/stage6_capacity/capacity_D256/dedup_pressure/resolved_config.json --policy clock --json_output /home/likc/Q-former-for-OS/outputs/results/finals_v3_official/stage6_capacity/raw/capacity_D256/dedup_pressure/clock/run.json,cd1f671585328fa9623f1cd93fc31c34a3a9b40e1e34b39cd34566e8f53feacc,CAPD-MIC-1.0,"{""dram_read_cost"": 1.0, ""dram_write_cost"": 1.0, ""migration_cost"": 10.0, ""nvm_read_cost"": 2.0, ""nvm_write_cost"": 8.0}",fd9f3359900bdf868d9e985f967428aa6588c79b6d4944d08864b09cfbc51589,capd_finals_v3_official_data_v1,d42012b4222091383fc3dfd7eb084dfe4c714512f067aaf7620d37dc844f4fa8,3044,,0.004105807252926752,none,256,empty,"{""B"": 64, ""D"": 256, ""H"": 10, ""Hc"": 256, ""K"": 8, ""L"": 256, ""Lres"": 256, ""approx_ndcg_alpha"": 10.0, ""artifact_class"": ""official"", ""contract_id"": ""CAPD-MIC-1.0"", ""dirty_demotion_nvm_write"": ""none"", ""dram_initial_state"": ""empty"", ""first_touch_accounting"": ""nvm_access"", ""initial_residency"": ""all_trace_pages_in_nvm"", ""lru_direction"": ""oldest_is_one"", ""nvm_capacity_pages"": null, ""page_oov"": ""unk"", ""page_state_dim"": 4, ""page_vocab_fit"": ""train_only"", ""pc_oov"": ""unk"", ""pc_vocab_fit"": ""train_only"", ""position_encoding"": ""sinusoidal"", ""run_profile"": ""official"", ""schema_version"": ""capd_finals_v3_0"", ""selector_recall_tie"": ""any_hit"", ""shared_page_embedding"": true, ""stage6_variant_family"": ""capacity_robustness"", ""stage6_variant_id"": ""capacity_D256"", ""tail_policy"": ""drop_incomplete_window"", ""trace_page_backing"": ""all_trace_pages"", ""training_scope"": ""per_workload"", ""validation_guard_accesses"": 256, ""validation_holdout_fraction"": 0.2, ""validation_strategy"": ""independent_valid_trace""}",nvm_access,2bd07f29a639d54db5180b57651842ce95dd3014,0.9967,99.67,996700,all_trace_pages_in_nvm,3044,3300,,,,1757,1543,clock,0,0.0,0,1.8460659089905676,official,,COMPLETED,capd_finals_v3_0,,,1c04935e3188eed4d2e7d6217b2e156253448b2967c26905353476190dd8f439,"{""test"": ""02290e3d22516bffdf9025b740c4c955b1021f9255f2a3f795835296b3bd1b3e"", ""train"": ""1c505939b9041ae4c0d3a6cb8fed653a45a42aab74a7b74f7d73f3d333b9f716"", ""valid"": ""19ea50b168cd601e3bb52e24f07102402cc7315b7f30895ff4ee0da1c8a931c8""}","{""family"": ""capacity_robustness"", ""only_difference"": ""only DRAM capacity D changes from 64 to 256"", ""retrain_required"": true, ""source_stage"": ""stage6"", ""test_used_for_selection"": false, ""variant_id"": ""capacity_D256""}",capacity_D256,02290e3d22516bffdf9025b740c4c955b1021f9255f2a3f795835296b3bd1b3e,False,541692.4689036709,1000000,all_trace_pages,dataset/processed/finals_v3_official/dedup_pressure/test.csv,1042998.0,dedup_pressure,dedup_pressure
