idx,address,pc,rw
0,0x10003b000,0x4000f0,R
1,0x100033000,0x40009c,R
2,0x100003000,0x400174,W
3,0x1001b9000,0x400160,R
4,0x100017000,0x400124,R
5,0x100019000,0x40008c,R
6,0x100081000,0x400088,R
7,0x1000d0000,0x40002c,R
8,0x10002a000,0x400030,R
9,0x100175000,0x4001ac,R
10,0x10003d000,0x400044,R
11,0x100018000,0x400020,R
12,0x100018000,0x4000d0,R
13,0x10000e000,0x4001c8,W
14,0x100005000,0x4001bc,W
15,0x10002c000,0x400164,W
16,0x10009a000,0x4000e0,R
17,0x10002d000,0x400014,R
18,0x10000d000,0x4000ec,R
19,0x100027000,0x400198,W
20,0x100177000,0x4001ec,R
21,0x100018000,0x4000cc,R
22,0x100025000,0x4001d0,R
23,0x10000b000,0x4000b8,W
24,0x1001ec000,0x4000f0,R
25,0x1001f8000,0x4000fc,W
26,0x1001b9000,0x4000ac,W
27,0x1001fe000,0x400090,R
28,0x1000f7000,0x400188,R
29,0x100025000,0x4000b0,R
30,0x10003c000,0x400078,R
31,0x100016000,0x40001c,R
32,0x100134000,0x4000b0,R
33,0x100019000,0x400158,R
34,0x10001a000,0x400170,R
35,0x100170000,0x400160,R
36,0x100028000,0x400024,R
37,0x100010000,0x400160,W
38,0x100036000,0x400138,R
39,0x100170000,0x400028,R
40,0x10001d000,0x400134,R
41,0x10011a000,0x400088,R
42,0x100033000,0x400138,R
43,0x100034000,0x4001e4,R
44,0x10001d000,0x400074,W
45,0x100076000,0x400044,R
46,0x100036000,0x400148,R
47,0x100018000,0x4000e8,W
48,0x100026000,0x400034,W
49,0x100020000,0x400104,R
50,0x10012c000,0x400114,R
51,0x100006000,0x400114,W
52,0x100036000,0x4001bc,R
53,0x100028000,0x4000bc,W
54,0x100028000,0x4001a8,R
55,0x1000e5000,0x4000bc,R
56,0x10002b000,0x40009c,W
57,0x1001c4000,0x4001fc,W
58,0x10011f000,0x4000ec,R
59,0x10002c000,0x4001a4,W
60,0x100015000,0x4001fc,W
61,0x10000e000,0x4000c8,W
62,0x100013000,0x4001d4,R
63,0x100126000,0x4000f0,R
64,0x100028000,0x400088,R
65,0x10003e000,0x400060,W
66,0x100072000,0x4001ec,R
67,0x10003f000,0x4001cc,R
68,0x10003a000,0x4000d8,R
69,0x10003b000,0x4001ac,R
70,0x100019000,0x40006c,R
71,0x100003000,0x4000f4,W
72,0x100004000,0x40002c,W
73,0x100032000,0x4001b0,W
74,0x10000d000,0x400010,W
75,0x100157000,0x400184,R
76,0x100026000,0x400164,R
77,0x1000f8000,0x4001d0,R
78,0x10003a000,0x400110,R
79,0x100125000,0x400184,R
80,0x100010000,0x400028,R
81,0x100012000,0x40017c,W
82,0x10000b000,0x400074,W
83,0x100033000,0x4000ac,R
84,0x10003a000,0x4001bc,R
85,0x100024000,0x400104,R
86,0x10002f000,0x40007c,R
87,0x100022000,0x40009c,R
88,0x10000f000,0x400048,R
89,0x100007000,0x400104,W
90,0x100007000,0x400114,W
91,0x100037000,0x400174,W
92,0x100027000,0x4000a0,W
93,0x100033000,0x400020,W
94,0x100017000,0x40011c,R
95,0x100024000,0x40015c,R
96,0x100023000,0x400174,R
97,0x100000000,0x400130,W
98,0x100125000,0x400128,W
99,0x10003e000,0x400020,W
100,0x1001e6000,0x4000a0,W
101,0x1001b2000,0x400020,R
102,0x10010b000,0x400148,R
103,0x100020000,0x4000f4,R
104,0x100197000,0x4000c8,R
105,0x100020000,0x40006c,R
106,0x100019000,0x40001c,R
107,0x100004000,0x400130,W
108,0x100025000,0x400114,R
109,0x10003f000,0x4000bc,R
110,0x10003b000,0x400100,R
111,0x10001d000,0x400010,W
112,0x100010000,0x400014,R
113,0x100008000,0x400094,R
114,0x100050000,0x4000e4,R
115,0x100004000,0x400134,W
116,0x10003a000,0x40017c,R
117,0x100005000,0x40019c,R
118,0x100000000,0x4000f4,R
119,0x100000000,0x400180,W
120,0x10003a000,0x4001b0,R
121,0x100009000,0x40009c,R
122,0x10000e000,0x400014,R
123,0x100019000,0x4000e0,R
124,0x100114000,0x400050,R
125,0x100005000,0x4000b8,W
126,0x100191000,0x40014c,R
127,0x10003a000,0x400088,R
128,0x10002a000,0x4001ec,W
129,0x100119000,0x4000b0,W
130,0x10000d000,0x400110,R
131,0x100001000,0x400040,R
132,0x100016000,0x4000dc,R
133,0x100031000,0x4000f0,R
134,0x100013000,0x4000b8,R
135,0x100014000,0x400158,R
136,0x100035000,0x4001d8,R
137,0x100140000,0x400080,W
138,0x100036000,0x400068,W
139,0x1001bd000,0x40008c,R
140,0x100001000,0x400160,W
141,0x100023000,0x40001c,W
142,0x10002c000,0x4000dc,R
143,0x100000000,0x400014,W
144,0x10001d000,0x4000ac,R
145,0x1001ae000,0x4001b8,W
146,0x100171000,0x4000c8,R
147,0x10001d000,0x400030,R
148,0x1000af000,0x4000a8,R
149,0x10000b000,0x400190,W
150,0x1000a0000,0x40000c,R
151,0x1000e7000,0x4001b0,R
152,0x1000bd000,0x400168,R
153,0x100008000,0x400034,W
154,0x100001000,0x400168,W
155,0x100126000,0x40007c,R
156,0x10000e000,0x4001e8,W
157,0x10003d000,0x400040,R
158,0x100039000,0x4001ac,R
159,0x100097000,0x400010,R
160,0x1000ca000,0x4001e8,R
161,0x10002f000,0x40003c,W
162,0x100032000,0x40001c,R
163,0x100012000,0x4000a4,R
164,0x100006000,0x400164,W
165,0x10017f000,0x4000e4,R
166,0x10001a000,0x400124,R
167,0x10002b000,0x400008,R
168,0x10011d000,0x40005c,R
169,0x100016000,0x4001d4,R
170,0x100198000,0x40011c,R
171,0x100031000,0x4000a4,R
172,0x10002a000,0x4001ec,R
173,0x1001a9000,0x4000c8,R
174,0x100006000,0x4000c4,W
175,0x100016000,0x4001cc,R
176,0x10003f000,0x4000c4,R
177,0x10001b000,0x4000ec,R
178,0x10003c000,0x400148,R
179,0x10012d000,0x400184,R
180,0x100039000,0x4001c0,W
181,0x100024000,0x4000f4,R
182,0x10001a000,0x400138,R
183,0x100195000,0x400150,R
184,0x100083000,0x40002c,R
185,0x10003f000,0x4000b0,R
186,0x1000ed000,0x400020,R
187,0x10000f000,0x400118,W
188,0x10000c000,0x4001c0,R
189,0x10012e000,0x400178,R
190,0x1001b7000,0x400160,R
191,0x100073000,0x4001bc,R
192,0x10014a000,0x400174,R
193,0x100146000,0x4001b8,W
194,0x100037000,0x4000b4,R
195,0x100031000,0x400030,R
196,0x1000e8000,0x40000c,R
197,0x1001dd000,0x400054,R
198,0x10002a000,0x400138,R
199,0x10002c000,0x40013c,R
200,0x100146000,0x4000b0,R
201,0x1000b7000,0x4001c8,R
202,0x10008f000,0x40018c,R
203,0x100027000,0x4001f8,R
204,0x10000f000,0x4001f4,R
205,0x100004000,0x40001c,W
206,0x100017000,0x4001c0,R
207,0x10003b000,0x4001f8,R
208,0x1000bc000,0x400154,W
209,0x10001e000,0x400044,R
210,0x100039000,0x4001c8,R
211,0x100008000,0x40001c,W
212,0x10015d000,0x40015c,R
213,0x100004000,0x400018,R
214,0x100015000,0x400070,W
215,0x10003b000,0x400144,R
216,0x100000000,0x4001e0,R
217,0x100026000,0x40008c,R
218,0x10003b000,0x400038,R
219,0x100034000,0x400110,R
220,0x10002f000,0x4001d8,R
221,0x100035000,0x400154,R
222,0x100017000,0x400028,R
223,0x100044000,0x400004,W
224,0x100030000,0x400184,W
225,0x10001d000,0x400088,W
226,0x10000f000,0x400114,R
227,0x100004000,0x400110,W
228,0x10018b000,0x400014,W
229,0x10002f000,0x4000a0,R
230,0x1001c0000,0x4001dc,R
231,0x10005a000,0x4000b4,R
232,0x10001e000,0x4000fc,W
233,0x1001dc000,0x4001f8,W
234,0x10001f000,0x400124,R
235,0x100087000,0x400050,R
236,0x10003d000,0x4000b0,R
237,0x100195000,0x4001ec,W
238,0x10000c000,0x4001d8,W
239,0x100036000,0x40004c,R
240,0x100008000,0x40003c,W
241,0x100032000,0x4001d0,R
242,0x100029000,0x4001ec,R
243,0x10000a000,0x4000f0,R
244,0x10000d000,0x4001a4,W
245,0x100024000,0x40018c,R
246,0x100180000,0x400068,R
247,0x100018000,0x400024,W
248,0x10002d000,0x4001d8,R
249,0x100037000,0x400018,W
250,0x10019b000,0x40011c,R
251,0x1000b5000,0x400074,R
252,0x10000e000,0x400084,R
253,0x1001c5000,0x4001f0,R
254,0x10008e000,0x400044,R
255,0x100039000,0x400180,R
256,0x100133000,0x400094,R
257,0x10003f000,0x400118,R
258,0x1001fa000,0x400198,W
259,0x100022000,0x400068,R
260,0x100041000,0x400090,R
261,0x100005000,0x4000cc,W
262,0x10009e000,0x400108,R
263,0x100165000,0x400180,R
264,0x10016c000,0x40010c,R
265,0x100033000,0x400110,R
266,0x100029000,0x400158,R
267,0x10000f000,0x400020,W
268,0x1000c2000,0x4000b4,W
269,0x10018f000,0x4000d4,R
270,0x10000d000,0x400110,W
271,0x10000a000,0x40004c,R
272,0x10001b000,0x40013c,R
273,0x100031000,0x4001c4,R
274,0x10000c000,0x4001b8,W
275,0x100184000,0x400088,R
276,0x1001f2000,0x400164,R
277,0x100032000,0x4001e4,R
278,0x10003b000,0x400190,R
279,0x10015c000,0x40003c,W
280,0x10000d000,0x4000bc,W
281,0x100026000,0x4000ac,R
282,0x100026000,0x400070,R
283,0x10018c000,0x40008c,R
284,0x1001e6000,0x400158,R
285,0x1001c3000,0x40011c,W
286,0x100025000,0x40016c,R
287,0x100016000,0x400198,R
288,0x10001c000,0x400124,R
289,0x100010000,0x40011c,R
290,0x10002e000,0x40001c,R
291,0x100025000,0x400194,W
292,0x10001c000,0x400050,R
293,0x1001ea000,0x400190,R
294,0x10002c000,0x400064,R
295,0x100002000,0x4001c4,R
296,0x10000c000,0x40016c,R
297,0x100011000,0x4001d0,R
298,0x1000b1000,0x4000d8,R
299,0x100012000,0x400138,R
300,0x10003c000,0x400098,R
301,0x100012000,0x40011c,R
302,0x10003b000,0x400020,R
303,0x1001db000,0x400018,R
304,0x10001b000,0x40011c,R
305,0x100004000,0x40014c,R
306,0x100028000,0x4001dc,W
307,0x100195000,0x400184,R
308,0x100013000,0x40000c,W
309,0x100001000,0x400128,W
310,0x100003000,0x40015c,W
311,0x100189000,0x400118,W
312,0x100012000,0x400084,R
313,0x100023000,0x40008c,R
314,0x10001e000,0x4001e4,R
315,0x100063000,0x40018c,R
316,0x100038000,0x400180,R
317,0x100185000,0x400198,R
318,0x1001be000,0x4001e4,R
319,0x100030000,0x4001a0,R
320,0x1001ec000,0x4001ac,R
321,0x10000e000,0x4000c0,R
322,0x10000b000,0x4000cc,R
323,0x10003a000,0x400190,R
324,0x1000c8000,0x4001a8,R
325,0x100199000,0x400030,R
326,0x100079000,0x400170,R
327,0x1000bc000,0x4001cc,R
328,0x100024000,0x400178,R
329,0x100123000,0x40010c,R
330,0x100002000,0x4000cc,W
331,0x100032000,0x4001ac,R
332,0x100014000,0x4000e8,R
333,0x100002000,0x4000fc,W
334,0x100075000,0x4001e8,R
335,0x100011000,0x4000b4,R
336,0x100010000,0x400038,R
337,0x10001e000,0x400064,W
338,0x100036000,0x4000d0,R
339,0x1001aa000,0x4000a8,R
340,0x1001ec000,0x400194,R
341,0x100095000,0x400084,R
342,0x100000000,0x40013c,R
343,0x100006000,0x40005c,W
344,0x10003b000,0x400078,R
345,0x10001e000,0x4001d0,R
346,0x100036000,0x400030,R
347,0x1001d8000,0x400184,R
348,0x10000f000,0x400048,W
349,0x100075000,0x4001b4,W
350,0x10014d000,0x400078,R
351,0x10003b000,0x4000e0,R
352,0x1000f1000,0x4001dc,W
353,0x10016b000,0x400084,R
354,0x100000000,0x4001d8,W
355,0x100023000,0x400020,R
356,0x100006000,0x4000e0,W
357,0x10014d000,0x400038,R
358,0x100006000,0x4001e0,W
359,0x100004000,0x4000b4,R
360,0x1000f7000,0x400134,R
361,0x10003c000,0x400068,W
362,0x10008f000,0x4000f0,R
363,0x10003c000,0x4001f4,R
364,0x100007000,0x4000d8,W
365,0x100039000,0x4000fc,R
366,0x100029000,0x4000f8,R
367,0x100035000,0x400020,W
368,0x10009b000,0x400164,R
369,0x100025000,0x40001c,R
370,0x10001c000,0x40000c,R
371,0x100001000,0x400090,W
372,0x100180000,0x400068,W
373,0x10003a000,0x4000bc,R
374,0x10006a000,0x400070,R
375,0x1001ff000,0x400034,R
376,0x10004e000,0x4001cc,R
377,0x100059000,0x400128,R
378,0x1000f6000,0x400188,R
379,0x10001e000,0x400194,R
380,0x100022000,0x4000d8,R
381,0x100029000,0x4000f0,R
382,0x100032000,0x400080,R
383,0x100137000,0x400028,R
384,0x1001ff000,0x400094,R
385,0x10003c000,0x4001e0,R
386,0x100041000,0x400148,R
387,0x100004000,0x40002c,W
388,0x1000e3000,0x4000ec,R
389,0x10002b000,0x400194,R
390,0x1001d1000,0x400090,R
391,0x1001e9000,0x40005c,R
392,0x10013f000,0x40006c,R
393,0x100005000,0x400044,R
394,0x10002b000,0x400050,R
395,0x10011b000,0x4001ac,R
396,0x1001d3000,0x400074,R
397,0x100030000,0x400130,W
398,0x10001b000,0x4000a4,R
399,0x10003a000,0x40010c,R
400,0x100030000,0x4000f8,R
401,0x100020000,0x400164,R
402,0x1000aa000,0x4001b8,R
403,0x100006000,0x400190,R
404,0x100022000,0x4000d8,R
405,0x10003c000,0x400198,W
406,0x10001a000,0x400168,R
407,0x10001f000,0x40008c,W
408,0x100010000,0x400198,R
409,0x100062000,0x40007c,R
410,0x100035000,0x400194,W
411,0x100037000,0x4001f0,R
412,0x10000b000,0x40000c,R
413,0x100026000,0x40009c,R
414,0x1001e2000,0x4001bc,R
415,0x10015f000,0x40008c,R
416,0x10002c000,0x4000d4,R
417,0x100008000,0x4000ac,W
418,0x10001f000,0x4000c4,R
419,0x100039000,0x400030,R
420,0x100001000,0x4000c4,W
421,0x10003e000,0x400050,R
422,0x100008000,0x40013c,W
423,0x100006000,0x400110,W
424,0x100011000,0x4000b8,W
425,0x100004000,0x400060,W
426,0x10003d000,0x400094,R
427,0x1001e4000,0x400088,R
428,0x10002c000,0x4001a4,R
429,0x10000a000,0x4000b0,W
430,0x100037000,0x4000b0,W
431,0x10000c000,0x40009c,W
432,0x100014000,0x40016c,R
433,0x100025000,0x4001c8,W
434,0x100031000,0x4001e8,R
435,0x100039000,0x40018c,R
436,0x100055000,0x400028,R
437,0x10002e000,0x400180,W
438,0x10001d000,0x4001bc,R
439,0x10003a000,0x400030,R
440,0x1001e6000,0x400184,W
441,0x100004000,0x400104,W
442,0x1001f4000,0x4000b0,R
443,0x1000b4000,0x40011c,R
444,0x100026000,0x4000b0,R
445,0x100016000,0x400054,R
446,0x100002000,0x4000d8,R
447,0x100010000,0x400160,R
448,0x10001d000,0x4000c0,W
449,0x100096000,0x400104,R
450,0x10001b000,0x400158,W
451,0x100167000,0x4001b8,R
452,0x100033000,0x4001a8,R
453,0x100001000,0x4000f8,W
454,0x100017000,0x40019c,R
455,0x10017c000,0x40007c,R
456,0x100004000,0x40014c,W
457,0x1000e9000,0x4000f0,R
458,0x100016000,0x4000f4,R
459,0x10008b000,0x400150,R
460,0x100038000,0x400064,W
461,0x100008000,0x400184,W
462,0x10003e000,0x400168,R
463,0x100184000,0x400110,R
464,0x10003b000,0x400028,W
465,0x100001000,0x4001b4,W
466,0x100031000,0x4001f4,W
467,0x10000c000,0x4001bc,R
468,0x10002d000,0x400060,R
469,0x100010000,0x4001c0,R
470,0x100046000,0x40016c,R
471,0x1001ca000,0x4000c4,R
472,0x100036000,0x40006c,R
473,0x10001c000,0x4001b8,R
474,0x100005000,0x40002c,W
475,0x10002d000,0x4000b8,R
476,0x100017000,0x4000a8,W
477,0x10013e000,0x4000c8,R
478,0x100036000,0x400018,W
479,0x100122000,0x400010,R
480,0x10003a000,0x400058,R
481,0x100035000,0x4000fc,R
482,0x100184000,0x4000a0,R
483,0x10003c000,0x40014c,R
484,0x10003e000,0x4000fc,W
485,0x100004000,0x40002c,W
486,0x10000d000,0x40002c,W
487,0x100137000,0x4001d8,R
488,0x100021000,0x4000d0,R
489,0x100095000,0x40010c,R
490,0x100021000,0x400168,W
491,0x100031000,0x400090,R
492,0x100006000,0x400130,R
493,0x100022000,0x400004,R
494,0x100004000,0x400158,W
495,0x10010c000,0x4001d0,R
496,0x10000b000,0x400164,W
497,0x10002d000,0x40013c,R
498,0x100014000,0x4001fc,R
499,0x100026000,0x40013c,R
500,0x100108000,0x400014,R
501,0x100011000,0x4001c4,R
502,0x100013000,0x4001b4,R
503,0x10000c000,0x400008,W
504,0x100009000,0x400088,R
505,0x100023000,0x400144,R
506,0x10002e000,0x400168,R
507,0x100044000,0x400034,R
508,0x10002e000,0x4001a4,W
509,0x10001d000,0x4001b4,R
510,0x10001a000,0x400160,R
511,0x1001bb000,0x400134,R
512,0x10001b000,0x4000c0,W
513,0x10018f000,0x4001ac,W
514,0x100013000,0x4000f8,R
515,0x10001f000,0x400150,R
516,0x10014d000,0x4001ec,R
517,0x10019a000,0x400178,R
518,0x100022000,0x4000f8,R
519,0x10001f000,0x4000f0,R
520,0x10009e000,0x400034,R
521,0x10003e000,0x4000fc,R
522,0x1000fa000,0x400184,R
523,0x10002a000,0x4001d4,R
524,0x10000d000,0x400140,W
525,0x10003a000,0x400064,R
526,0x100102000,0x400130,R
527,0x10002e000,0x400070,R
528,0x100030000,0x4000b4,R
529,0x100006000,0x400088,R
530,0x10001c000,0x4000e4,R
531,0x100004000,0x4001cc,W
532,0x100061000,0x400024,R
533,0x10003b000,0x400170,R
534,0x10018f000,0x4000dc,R
535,0x10002a000,0x400120,R
536,0x100030000,0x40019c,R
537,0x100028000,0x4000bc,R
538,0x1001d9000,0x4000b0,W
539,0x1001dc000,0x4000a4,R
540,0x10002c000,0x4001dc,R
541,0x100034000,0x400188,W
542,0x100001000,0x400044,W
543,0x100087000,0x400088,R
544,0x100028000,0x40011c,R
545,0x10002f000,0x4001e0,R
546,0x1000b4000,0x400144,R
547,0x100096000,0x400174,R
548,0x100033000,0x400178,R
549,0x100027000,0x400188,W
550,0x10002e000,0x400158,W
551,0x100016000,0x400164,R
552,0x100077000,0x40011c,R
553,0x100037000,0x400138,R
554,0x10003c000,0x400000,R
555,0x10001d000,0x4000ac,R
556,0x10001b000,0x40003c,R
557,0x100157000,0x40007c,R
558,0x1001f0000,0x40011c,R
559,0x100025000,0x4001a4,W
560,0x100023000,0x400134,W
561,0x100000000,0x400160,R
562,0x10000e000,0x4000e8,W
563,0x10003c000,0x4000cc,R
564,0x10001a000,0x400014,R
565,0x1000c8000,0x400040,R
566,0x100011000,0x400140,R
567,0x10003f000,0x4000f8,W
568,0x10001f000,0x4000e4,W
569,0x100037000,0x4001dc,R
570,0x100167000,0x400184,R
571,0x100036000,0x400174,R
572,0x10003d000,0x4001e0,R
573,0x100028000,0x400144,R
574,0x10002f000,0x4001f8,R
575,0x100020000,0x4000a4,R
576,0x1001e9000,0x4000c4,R
577,0x100017000,0x400150,R
578,0x1000ea000,0x4001ec,R
579,0x10003e000,0x4000dc,R
580,0x100066000,0x400134,R
581,0x10002d000,0x40002c,R
582,0x10000a000,0x40010c,W
583,0x100035000,0x40006c,W
584,0x100003000,0x400180,R
585,0x1001f6000,0x400084,R
586,0x10015d000,0x4000cc,R
587,0x10003e000,0x4000d4,R
588,0x100015000,0x400050,R
589,0x1001bd000,0x400048,R
590,0x10000a000,0x400030,W
591,0x1001c6000,0x40015c,R
592,0x100097000,0x400000,R
593,0x10002b000,0x40003c,R
594,0x10002e000,0x4001c4,R
595,0x100004000,0x4000ec,W
596,0x1000ef000,0x400054,R
597,0x100007000,0x40014c,R
598,0x10003a000,0x400074,W
599,0x100037000,0x40008c,R
600,0x100005000,0x4000ac,W
601,0x100036000,0x4000ac,R
602,0x100007000,0x400018,R
603,0x100000000,0x4000d8,W
604,0x1001a4000,0x4000c8,R
605,0x10003c000,0x400198,R
606,0x10002a000,0x400018,R
607,0x100002000,0x400108,R
608,0x10001e000,0x40000c,R
609,0x100035000,0x4000c4,R
610,0x100009000,0x400034,W
611,0x100169000,0x400088,R
612,0x1001b1000,0x4001f0,R
613,0x10000b000,0x40007c,W
614,0x10003a000,0x400160,W
615,0x10002d000,0x400000,R
616,0x10001b000,0x4000e0,R
617,0x100012000,0x4000e4,R
618,0x1001c7000,0x400188,R
619,0x10000f000,0x40009c,R
620,0x100009000,0x400094,W
621,0x10010e000,0x4000cc,W
622,0x1001fe000,0x400094,R
623,0x100019000,0x4000a8,R
624,0x100136000,0x4000b8,R
625,0x100025000,0x400098,R
626,0x10002d000,0x4001bc,R
627,0x100032000,0x400014,W
628,0x100012000,0x400054,R
629,0x10018b000,0x400010,R
630,0x10003c000,0x4001dc,W
631,0x100018000,0x4000d0,R
632,0x1001a6000,0x40005c,R
633,0x10012c000,0x40013c,R
634,0x100013000,0x40014c,R
635,0x10002e000,0x400060,R
636,0x100032000,0x400100,W
637,0x100035000,0x400110,R
638,0x100035000,0x400104,W
639,0x10003e000,0x40002c,R
640,0x100010000,0x4001a0,R
641,0x1001df000,0x4000a4,R
642,0x10000e000,0x4000ec,W
643,0x10019c000,0x4000a8,R
644,0x10000e000,0x40018c,W
645,0x1000c3000,0x4000bc,W
646,0x100014000,0x4000a0,W
647,0x100017000,0x4000d0,W
648,0x10003a000,0x4000d4,R
649,0x1000b6000,0x400038,R
650,0x1001f7000,0x400094,R
651,0x10003a000,0x400064,R
652,0x100170000,0x4001d8,R
653,0x10002d000,0x4000e0,W
654,0x100010000,0x4001b8,R
655,0x1001d5000,0x4000a0,R
656,0x10003e000,0x4001ac,R
657,0x10002d000,0x4001a0,R
658,0x100015000,0x4001bc,R
659,0x100007000,0x4001bc,W
660,0x100008000,0x400014,R
661,0x100037000,0x4000f4,R
662,0x100062000,0x400170,R
663,0x10001e000,0x4000d4,W
664,0x100005000,0x4000b8,W
665,0x100005000,0x4001f8,W
666,0x100029000,0x400060,R
667,0x10002d000,0x40001c,W
668,0x1001c2000,0x4001f4,R
669,0x100012000,0x40005c,R
670,0x100021000,0x400180,R
671,0x10013c000,0x400098,R
672,0x10001c000,0x400184,W
673,0x100032000,0x4000d8,R
674,0x100037000,0x400050,R
675,0x100038000,0x400128,W
676,0x100039000,0x4000b0,R
677,0x100013000,0x40018c,R
678,0x100016000,0x4000c0,R
679,0x10002a000,0x4001dc,W
680,0x100023000,0x400000,R
681,0x10003e000,0x400170,W
682,0x100015000,0x400184,R
683,0x100015000,0x4001b0,W
684,0x100167000,0x4000ac,R
685,0x100008000,0x400094,W
686,0x1000b0000,0x400014,R
687,0x1000c4000,0x400004,R
688,0x10001b000,0x4001d8,W
689,0x100002000,0x40017c,W
690,0x100001000,0x40019c,R
691,0x1001e9000,0x400164,R
692,0x10002e000,0x400048,R
693,0x1001ea000,0x4001e4,W
694,0x1001c9000,0x4000b8,R
695,0x100002000,0x400014,W
696,0x10001d000,0x400064,R
697,0x10000f000,0x400124,W
698,0x10006c000,0x400130,W
699,0x10003a000,0x4000d4,R
700,0x100033000,0x4000e0,R
701,0x10001f000,0x4001c8,R
702,0x1000ca000,0x400084,R
703,0x1000d3000,0x4001c8,R
704,0x100016000,0x400028,W
705,0x10003d000,0x400108,W
706,0x100008000,0x400088,W
707,0x100000000,0x400180,W
708,0x10003e000,0x40007c,R
709,0x100036000,0x400020,R
710,0x100020000,0x4001e0,R
711,0x100195000,0x400020,R
712,0x10003e000,0x4000c8,R
713,0x100025000,0x4000b0,R
714,0x1001bb000,0x4001ac,R
715,0x100018000,0x40014c,R
716,0x100026000,0x4001c4,R
717,0x1000ba000,0x4000c4,R
718,0x10002e000,0x400188,R
719,0x100026000,0x400100,R
720,0x10003e000,0x4001ac,W
721,0x100036000,0x400034,R
722,0x100037000,0x4001c8,W
723,0x100004000,0x40004c,W
724,0x100017000,0x400140,R
725,0x10001c000,0x40003c,R
726,0x10000c000,0x40017c,R
727,0x10003b000,0x400094,R
728,0x10003c000,0x4000d8,W
729,0x10001b000,0x400024,R
730,0x100016000,0x4000ec,W
731,0x100039000,0x400018,R
732,0x100039000,0x40001c,R
733,0x10001b000,0x400098,R
734,0x100019000,0x400148,R
735,0x1000f6000,0x400060,R
736,0x100023000,0x400090,R
737,0x100028000,0x4001f8,R
738,0x10000f000,0x4000d8,W
739,0x100017000,0x4001d8,R
740,0x100030000,0x400050,R
741,0x10007b000,0x400028,R
742,0x1001be000,0x40004c,W
743,0x100173000,0x4001b4,R
744,0x10000c000,0x400084,W
745,0x1001e8000,0x40019c,R
746,0x100046000,0x400100,R
747,0x1001a3000,0x400008,R
748,0x100011000,0x4000c0,R
749,0x10000a000,0x400028,W
750,0x100155000,0x4000d4,R
751,0x10002f000,0x4000a0,R
752,0x10000c000,0x4001d8,R
753,0x100156000,0x400028,R
754,0x10000b000,0x400134,W
755,0x100011000,0x4000b8,W
756,0x1000f0000,0x400028,R
757,0x10003f000,0x4001b0,R
758,0x100019000,0x4001a4,R
759,0x100175000,0x40018c,W
760,0x10002a000,0x40012c,R
761,0x1001c8000,0x4000c4,R
762,0x10001b000,0x400150,R
763,0x10002a000,0x4001f0,R
764,0x1001c0000,0x4001c4,R
765,0x10002e000,0x40017c,W
766,0x1001c8000,0x4000ec,R
767,0x100060000,0x400140,W
768,0x10003a000,0x400018,R
769,0x1001ec000,0x400130,W
770,0x100012000,0x4001f4,R
771,0x100027000,0x4001b8,R
772,0x10001d000,0x4000f8,R
773,0x100023000,0x4001cc,W
774,0x100038000,0x400098,R
775,0x100022000,0x4000c0,R
776,0x10000b000,0x400134,W
777,0x100021000,0x4000a0,R
778,0x10001d000,0x400074,R
779,0x100008000,0x4001f8,R
780,0x100008000,0x400104,W
781,0x1001dd000,0x4000d4,R
782,0x10015e000,0x400164,R
783,0x100116000,0x400084,R
784,0x100199000,0x40003c,R
785,0x100002000,0x400100,W
786,0x100008000,0x4000ac,W
787,0x100024000,0x40005c,R
788,0x100017000,0x400054,R
789,0x100034000,0x4001c8,R
790,0x1000b9000,0x4001d4,R
791,0x100021000,0x4000dc,R
792,0x10001d000,0x400060,R
793,0x1000ed000,0x40011c,R
794,0x100019000,0x400158,W
795,0x100034000,0x400164,W
796,0x100033000,0x400104,R
797,0x1001d9000,0x40017c,R
798,0x10001c000,0x400178,R
799,0x10000e000,0x4000b0,R
800,0x10001a000,0x400050,W
801,0x10002a000,0x40002c,R
802,0x10018e000,0x4001bc,R
803,0x100076000,0x400040,R
804,0x10000e000,0x400198,R
805,0x100009000,0x400044,W
806,0x100035000,0x400030,R
807,0x100001000,0x4000ac,W
808,0x10001a000,0x400190,R
809,0x100018000,0x400128,R
810,0x100138000,0x4000a8,R
811,0x10001c000,0x400058,R
812,0x100026000,0x400158,R
813,0x10003a000,0x4000b0,R
814,0x100156000,0x4001f8,R
815,0x10003c000,0x4001d8,W
816,0x100131000,0x4000b4,R
817,0x100028000,0x4001dc,W
818,0x100016000,0x40006c,R
819,0x10000f000,0x4001b8,W
820,0x1001db000,0x4000bc,R
821,0x1000e9000,0x400194,R
822,0x100022000,0x400050,R
823,0x100037000,0x4000b8,R
824,0x100102000,0x4001b0,R
825,0x100016000,0x400018,R
826,0x100021000,0x400198,R
827,0x100022000,0x40019c,R
828,0x100039000,0x4000b8,W
829,0x10003e000,0x40012c,R
830,0x10003d000,0x40018c,R
831,0x100022000,0x4000ac,R
832,0x100123000,0x40002c,R
833,0x100026000,0x400130,R
834,0x1001f7000,0x40017c,R
835,0x10000f000,0x400194,W
836,0x100036000,0x400180,W
837,0x10002d000,0x400000,R
838,0x100003000,0x40016c,W
839,0x10000a000,0x400038,W
840,0x10000d000,0x40004c,R
841,0x100009000,0x40009c,W
842,0x10009a000,0x40017c,R
843,0x10000c000,0x400068,W
844,0x10012a000,0x4001a8,R
845,0x100188000,0x4000ec,R
846,0x100028000,0x400120,R
847,0x10018f000,0x400018,R
848,0x100034000,0x4000d8,R
849,0x100026000,0x40010c,R
850,0x100033000,0x4000c8,W
851,0x100029000,0x400024,R
852,0x100008000,0x4000c4,W
853,0x10002f000,0x400064,R
854,0x100189000,0x40002c,R
855,0x100029000,0x4001b4,W
856,0x1001ea000,0x400070,R
857,0x100036000,0x400138,R
858,0x10001a000,0x40003c,R
859,0x10003c000,0x400050,R
860,0x100000000,0x4000a8,W
861,0x100011000,0x400020,R
862,0x100013000,0x4000dc,R
863,0x10001a000,0x400180,R
864,0x10000c000,0x40015c,W
865,0x100017000,0x4000fc,R
866,0x100143000,0x400108,R
867,0x10003e000,0x4000ac,R
868,0x10013c000,0x400020,R
869,0x100033000,0x40006c,W
870,0x100018000,0x400150,R
871,0x10001e000,0x40011c,R
872,0x10002f000,0x400034,R
873,0x10002e000,0x4000b0,R
874,0x10002f000,0x4001f0,R
875,0x100011000,0x40017c,R
876,0x100031000,0x4001c0,R
877,0x1001b9000,0x400024,R
878,0x100035000,0x400110,R
879,0x100029000,0x400030,R
880,0x100038000,0x40005c,R
881,0x100025000,0x400124,W
882,0x100004000,0x400018,W
883,0x100048000,0x40013c,R
884,0x10002c000,0x400098,R
885,0x10000e000,0x400088,W
886,0x100005000,0x400094,W
887,0x10002d000,0x40008c,W
888,0x1001ba000,0x40009c,R
889,0x100004000,0x400024,R
890,0x1001e0000,0x4000c4,R
891,0x10000c000,0x40006c,W
892,0x10002b000,0x400158,W
893,0x100033000,0x400110,R
894,0x10000c000,0x400018,W
895,0x10003f000,0x40007c,R
896,0x100029000,0x40019c,R
897,0x100003000,0x4001ac,R
898,0x10018c000,0x400044,R
899,0x100006000,0x4001d0,W
900,0x100019000,0x40007c,R
901,0x10002c000,0x400160,R
902,0x100000000,0x400050,W
903,0x100021000,0x400174,W
904,0x10003d000,0x40003c,W
905,0x1001dd000,0x40012c,R
906,0x100034000,0x400130,R
907,0x10001d000,0x400154,R
908,0x10003c000,0x400134,R
909,0x100138000,0x4000fc,W
910,0x100035000,0x400170,R
911,0x10003c000,0x4000d0,R
912,0x10002b000,0x400130,W
913,0x100017000,0x40018c,R
914,0x10007e000,0x40003c,R
915,0x10003c000,0x4001f4,W
916,0x100026000,0x4000c0,R
917,0x100018000,0x40007c,R
918,0x10003c000,0x400188,R
919,0x100028000,0x400134,R
920,0x100025000,0x400168,R
921,0x100015000,0x400104,R
922,0x100027000,0x40019c,R
923,0x100030000,0x400094,R
924,0x100000000,0x40006c,W
925,0x100118000,0x40006c,R
926,0x10001e000,0x400068,R
927,0x100031000,0x400068,R
928,0x10012f000,0x4000b0,R
929,0x100171000,0x400188,R
930,0x100022000,0x4001d8,R
931,0x10000b000,0x400184,W
932,0x100038000,0x40003c,R
933,0x1000f1000,0x400170,R
934,0x10000f000,0x40002c,R
935,0x100051000,0x400184,R
936,0x100019000,0x400078,R
937,0x10001a000,0x4000b0,R
938,0x10002b000,0x400060,R
939,0x100024000,0x4000fc,R
940,0x100036000,0x40014c,W
941,0x100020000,0x4001ec,W
942,0x100003000,0x4000c0,R
943,0x100010000,0x400004,R
944,0x10001c000,0x400184,R
945,0x100009000,0x40001c,W
946,0x100002000,0x400178,W
947,0x1000cc000,0x400038,W
948,0x100002000,0x400198,W
949,0x10003f000,0x4000a8,R
950,0x10002d000,0x400018,R
951,0x100084000,0x4001cc,R
952,0x1001a8000,0x40017c,R
953,0x10002f000,0x400058,W
954,0x1000dc000,0x400074,R
955,0x10003b000,0x40017c,R
956,0x10007a000,0x4000e8,R
957,0x100008000,0x400198,W
958,0x100024000,0x4000d8,W
959,0x100039000,0x400018,R
960,0x100000000,0x400058,W
961,0x10002a000,0x40016c,R
962,0x10003a000,0x40005c,R
963,0x100066000,0x400180,R
964,0x1001e9000,0x4000bc,R
965,0x100198000,0x4001c4,R
966,0x100039000,0x4000cc,W
967,0x10001a000,0x4000d8,R
968,0x10002e000,0x400000,R
969,0x100025000,0x40001c,R
970,0x10000b000,0x4001b8,R
971,0x100029000,0x400138,R
972,0x100036000,0x400114,R
973,0x100006000,0x40009c,R
974,0x100008000,0x400050,W
975,0x10000f000,0x4000c4,R
976,0x10003d000,0x400014,R
977,0x100008000,0x400060,W
978,0x100005000,0x400110,R
979,0x10019e000,0x400148,R
980,0x10003d000,0x4000dc,R
981,0x100024000,0x400198,R
982,0x10003f000,0x4001c4,R
983,0x10002b000,0x400074,R
984,0x100039000,0x400014,R
985,0x10000b000,0x400194,W
986,0x100034000,0x400050,R
987,0x1001d5000,0x400158,R
988,0x1001c7000,0x40008c,R
989,0x10003a000,0x4000a4,W
990,0x1001f9000,0x4001dc,W
991,0x10007b000,0x400060,R
992,0x100018000,0x4001d8,R
993,0x10002b000,0x4001b8,R
994,0x1001ff000,0x4000ec,W
995,0x100026000,0x4001a4,R
996,0x10001e000,0x400048,R
997,0x10000e000,0x400038,W
998,0x10010a000,0x400150,R
999,0x10009d000,0x4001ec,W
1000,0x10002e000,0x400080,R
1001,0x100018000,0x400168,W
1002,0x100161000,0x400034,R
1003,0x100046000,0x400174,R
1004,0x10000e000,0x400150,R
1005,0x100155000,0x400148,R
1006,0x10003b000,0x400150,R
1007,0x10001c000,0x400020,R
1008,0x1001b0000,0x400064,R
1009,0x1000da000,0x400148,R
1010,0x100139000,0x4001ec,R
1011,0x100022000,0x4001f4,R
1012,0x1001f5000,0x4000a0,R
1013,0x10002f000,0x400018,W
1014,0x100004000,0x400134,R
1015,0x100019000,0x400110,R
1016,0x100183000,0x4001a8,R
1017,0x10000e000,0x4001b8,W
1018,0x100030000,0x4001cc,R
1019,0x100010000,0x400104,R
1020,0x100032000,0x400034,R
1021,0x100034000,0x400050,R
1022,0x100179000,0x400018,R
1023,0x10006e000,0x400060,R
1024,0x10000d000,0x4000dc,W
1025,0x100007000,0x40000c,W
1026,0x10004d000,0x4000cc,R
1027,0x10001b000,0x40007c,R
1028,0x100003000,0x400074,W
1029,0x10002a000,0x400078,W
1030,0x100024000,0x4001a0,W
1031,0x10002d000,0x40006c,R
1032,0x100027000,0x4001ec,R
1033,0x100021000,0x4001e8,R
1034,0x10000e000,0x400130,W
1035,0x1000cc000,0x400120,W
1036,0x10009e000,0x400144,R
1037,0x1001fc000,0x4000e0,R
1038,0x100024000,0x4001d8,R
1039,0x1001ec000,0x4000ec,R
1040,0x1000cc000,0x400118,R
1041,0x100038000,0x400178,W
1042,0x100025000,0x400000,W
1043,0x100000000,0x4001bc,W
1044,0x100068000,0x4001d4,R
1045,0x100197000,0x4000c4,R
1046,0x100036000,0x4001e8,R
1047,0x100022000,0x4000c4,R
1048,0x10001b000,0x4000d0,W
1049,0x100025000,0x4001c8,R
1050,0x100030000,0x4000bc,R
1051,0x10002d000,0x400004,R
1052,0x100035000,0x4000ac,R
1053,0x10002a000,0x400154,R
1054,0x100027000,0x400174,W
1055,0x10001d000,0x4001bc,R
1056,0x1001cb000,0x4001d0,W
1057,0x100033000,0x4000c8,R
1058,0x10000f000,0x4001f8,W
1059,0x100033000,0x400140,R
1060,0x10001e000,0x400028,R
1061,0x1001fd000,0x4000e8,R
1062,0x100034000,0x4000b0,R
1063,0x1000b7000,0x40006c,R
1064,0x100021000,0x4000b0,R
1065,0x100022000,0x400188,R
1066,0x100022000,0x400198,W
1067,0x1001c2000,0x4000a0,R
1068,0x1000c1000,0x400014,R
1069,0x100008000,0x4001dc,W
1070,0x100008000,0x400190,W
1071,0x1001a0000,0x4000dc,W
1072,0x1001f9000,0x4001a8,R
1073,0x10000e000,0x40015c,W
1074,0x10005b000,0x4001d0,R
1075,0x100018000,0x400140,W
1076,0x1000fe000,0x400080,R
1077,0x10001e000,0x4001cc,W
1078,0x100023000,0x400100,R
1079,0x10018f000,0x4000f8,R
1080,0x10015f000,0x4000d8,R
1081,0x100034000,0x400048,R
1082,0x100026000,0x4001e4,R
1083,0x100011000,0x4001d4,W
1084,0x100138000,0x4001e4,R
1085,0x10001c000,0x4001d4,R
1086,0x100036000,0x400194,R
1087,0x10001b000,0x400090,R
1088,0x1001e9000,0x4001d8,R
1089,0x100013000,0x400030,R
1090,0x100023000,0x400194,R
1091,0x100032000,0x400114,W
1092,0x10016c000,0x400150,R
1093,0x1000d0000,0x400030,W
1094,0x100103000,0x400110,R
1095,0x100027000,0x400080,R
1096,0x1001d0000,0x4001b0,W
1097,0x100022000,0x4001b8,W
1098,0x100034000,0x40004c,R
1099,0x10003b000,0x400040,R
1100,0x100002000,0x4001d0,W
1101,0x10000a000,0x40018c,W
1102,0x10002b000,0x400018,R
1103,0x100031000,0x400054,W
1104,0x1001e3000,0x400048,W
1105,0x100029000,0x400160,R
1106,0x10000f000,0x4000b0,R
1107,0x10000d000,0x4001a8,R
1108,0x100022000,0x4001bc,R
1109,0x10001d000,0x4000c8,R
1110,0x100029000,0x4000a0,R
1111,0x10005a000,0x40006c,R
1112,0x100037000,0x400080,R
1113,0x1000d5000,0x40010c,W
1114,0x100008000,0x40013c,W
1115,0x100033000,0x400160,R
1116,0x100171000,0x400020,W
1117,0x10001c000,0x4000cc,R
1118,0x10011d000,0x400140,R
1119,0x100008000,0x400100,W
1120,0x100018000,0x4000a4,W
1121,0x100019000,0x400080,R
1122,0x100025000,0x400150,R
1123,0x1001a1000,0x4001e8,R
1124,0x100002000,0x400130,R
1125,0x100029000,0x40010c,W
1126,0x10000e000,0x40008c,R
1127,0x1000b1000,0x400068,R
1128,0x1001d5000,0x4000f8,R
1129,0x10001f000,0x400018,R
1130,0x10001f000,0x400100,W
1131,0x10016c000,0x4000e8,R
1132,0x100003000,0x400184,R
1133,0x1001a9000,0x400160,R
1134,0x100016000,0x4000b4,R
1135,0x1001b8000,0x400074,W
1136,0x10003f000,0x4000f8,W
1137,0x100031000,0x4000a4,R
1138,0x100012000,0x400138,R
1139,0x100009000,0x400114,R
1140,0x10002b000,0x400144,R
1141,0x100018000,0x4000c4,R
1142,0x1000f5000,0x40016c,W
1143,0x100007000,0x40019c,R
1144,0x1001ad000,0x400118,R
1145,0x1000af000,0x400138,R
1146,0x1000eb000,0x4001e0,W
1147,0x10001f000,0x400004,R
1148,0x100008000,0x4000b8,W
1149,0x100077000,0x40016c,W
1150,0x100012000,0x4001a4,R
1151,0x100000000,0x4000f4,R
1152,0x100042000,0x400030,R
1153,0x100026000,0x4000d4,R
1154,0x10003b000,0x400000,R
1155,0x100174000,0x4000a8,R
1156,0x100038000,0x40001c,R
1157,0x1000d4000,0x400074,R
1158,0x10001f000,0x4001a4,R
1159,0x100028000,0x400084,R
1160,0x100000000,0x40008c,R
1161,0x10002f000,0x400034,R
1162,0x100013000,0x4000a0,R
1163,0x100009000,0x40019c,W
1164,0x100018000,0x4001c8,R
1165,0x100036000,0x4000ec,R
1166,0x10002c000,0x400040,R
1167,0x100018000,0x4000ac,R
1168,0x1001ae000,0x40006c,R
1169,0x100024000,0x4001f4,R
1170,0x100031000,0x4001bc,R
1171,0x1001cf000,0x400134,R
1172,0x100019000,0x4000c8,R
1173,0x1000d8000,0x400184,R
1174,0x10014a000,0x400100,R
1175,0x100018000,0x40010c,R
1176,0x100087000,0x4001f4,R
1177,0x1001a1000,0x4000f4,R
1178,0x1000e5000,0x400018,W
1179,0x100033000,0x40002c,W
1180,0x10003e000,0x400110,R
1181,0x100014000,0x400084,R
1182,0x100022000,0x4001e8,R
1183,0x10004a000,0x4001f4,W
1184,0x100013000,0x400160,R
1185,0x100000000,0x400050,R
1186,0x10001e000,0x40003c,R
1187,0x10002e000,0x4001f4,W
1188,0x100034000,0x4001cc,R
1189,0x100000000,0x40011c,W
1190,0x100025000,0x4001dc,R
1191,0x10002a000,0x4000d8,R
1192,0x1000a2000,0x4001f0,R
1193,0x1000c5000,0x4001cc,R
1194,0x100033000,0x4001ac,R
1195,0x100024000,0x40007c,W
1196,0x100180000,0x4001b8,R
1197,0x1000a7000,0x400134,R
1198,0x1001e6000,0x40005c,W
1199,0x10002b000,0x400170,R
1200,0x1001f0000,0x400100,W
1201,0x100058000,0x400014,R
1202,0x10001e000,0x40005c,R
1203,0x100003000,0x400130,W
1204,0x100028000,0x400010,R
1205,0x1001e7000,0x40004c,R
1206,0x100024000,0x4000e0,W
1207,0x100039000,0x400158,R
1208,0x10001b000,0x40016c,R
1209,0x100038000,0x4001f0,W
1210,0x10000d000,0x4000fc,W
1211,0x100005000,0x4000e0,R
1212,0x10000d000,0x4000a8,R
1213,0x10002f000,0x40008c,W
1214,0x100021000,0x40011c,R
1215,0x10002b000,0x400000,W
1216,0x100063000,0x400190,R
1217,0x100032000,0x400088,R
1218,0x10002b000,0x400174,R
1219,0x1001c9000,0x400108,R
1220,0x10002c000,0x400010,R
1221,0x10008a000,0x400034,W
1222,0x100034000,0x400014,R
1223,0x10001e000,0x4000ac,R
1224,0x10000d000,0x4001b0,R
1225,0x10002c000,0x4000e8,R
1226,0x100006000,0x4001f0,W
1227,0x100015000,0x4000d0,R
1228,0x10012c000,0x4000fc,R
1229,0x100187000,0x4001b4,R
1230,0x10001e000,0x400044,R
1231,0x100020000,0x40013c,R
1232,0x1001fa000,0x40017c,W
1233,0x100093000,0x4001f8,R
1234,0x100018000,0x4001c0,R
1235,0x10003f000,0x4001a0,W
1236,0x1001af000,0x4000b4,R
1237,0x1001ad000,0x4000e0,R
1238,0x100001000,0x400068,W
1239,0x10003d000,0x400004,R
1240,0x100027000,0x4000ac,R
1241,0x100008000,0x40008c,W
1242,0x100003000,0x400134,R
1243,0x10000f000,0x40010c,W
1244,0x1000ce000,0x400074,R
1245,0x10000c000,0x4000dc,R
1246,0x100030000,0x400018,R
1247,0x100189000,0x400098,R
1248,0x10003d000,0x40009c,R
1249,0x10001b000,0x4000cc,R
1250,0x10002f000,0x4000f0,R
1251,0x100001000,0x40009c,W
1252,0x10003a000,0x400188,R
1253,0x10002e000,0x40011c,R
1254,0x1001e9000,0x4000e8,R
1255,0x100175000,0x4000d8,R
1256,0x10002a000,0x40009c,W
1257,0x100125000,0x400064,R
1258,0x1001bc000,0x4000cc,W
1259,0x100030000,0x4001cc,R
1260,0x10011e000,0x40018c,R
1261,0x100157000,0x400024,R
1262,0x100001000,0x40001c,R
1263,0x10018f000,0x40013c,R
1264,0x100028000,0x400028,R
1265,0x100014000,0x400094,R
1266,0x100036000,0x400184,R
1267,0x100008000,0x40006c,W
1268,0x10001e000,0x4001a0,W
1269,0x100037000,0x4000fc,W
1270,0x100087000,0x400060,R
1271,0x100006000,0x40012c,W
1272,0x100170000,0x4001f0,R
1273,0x1001a2000,0x400170,R
1274,0x10002b000,0x4001c8,R
1275,0x100030000,0x4000d4,R
1276,0x100015000,0x40013c,W
1277,0x100013000,0x400190,R
1278,0x10001e000,0x4000dc,R
1279,0x1001f4000,0x400180,R
1280,0x10001e000,0x4001e8,R
1281,0x10003e000,0x4001c4,W
1282,0x100171000,0x4001f8,R
1283,0x1000f7000,0x400148,R
1284,0x1000da000,0x400114,R
1285,0x10000a000,0x4000d8,W
1286,0x100006000,0x400014,W
1287,0x1000ff000,0x400138,R
1288,0x100001000,0x40001c,W
1289,0x10001d000,0x400184,R
1290,0x100011000,0x4000cc,R
1291,0x10002c000,0x40018c,R
1292,0x100032000,0x400168,R
1293,0x100039000,0x400170,R
1294,0x100011000,0x4000d8,W
1295,0x100038000,0x4000ec,R
1296,0x1000a8000,0x400084,R
1297,0x10016a000,0x400054,R
1298,0x100118000,0x4001b0,R
1299,0x10002c000,0x4001fc,R
1300,0x100038000,0x400178,R
1301,0x100026000,0x400180,R
1302,0x100018000,0x40002c,R
1303,0x10019c000,0x400120,R
1304,0x100018000,0x4001c4,R
1305,0x10003a000,0x4001ec,W
1306,0x100006000,0x400150,R
1307,0x10001a000,0x4001e0,R
1308,0x100002000,0x40009c,W
1309,0x100024000,0x4001d8,R
1310,0x100020000,0x400138,R
1311,0x10009f000,0x4001c4,R
1312,0x1001d8000,0x4000cc,R
1313,0x10002a000,0x400178,R
1314,0x100018000,0x400020,R
1315,0x1000d0000,0x4001fc,R
1316,0x100029000,0x4001cc,R
1317,0x10002a000,0x40014c,W
1318,0x100033000,0x400100,R
1319,0x10001c000,0x400164,R
1320,0x100015000,0x40010c,R
1321,0x100107000,0x400160,R
1322,0x100075000,0x4001d0,R
1323,0x10002a000,0x400150,R
1324,0x1001ad000,0x4000a4,W
1325,0x1001f5000,0x40013c,R
1326,0x100034000,0x4001d0,R
1327,0x100012000,0x400194,R
1328,0x100011000,0x400178,W
1329,0x100034000,0x40014c,R
1330,0x10016a000,0x4000cc,R
1331,0x1000e4000,0x4001f4,R
1332,0x100006000,0x4001e8,W
1333,0x10001d000,0x4001e8,R
1334,0x100043000,0x4000dc,R
1335,0x1000e6000,0x400008,W
1336,0x100089000,0x40014c,R
1337,0x10001e000,0x4000b8,R
1338,0x100018000,0x40002c,W
1339,0x100175000,0x40011c,R
1340,0x10003b000,0x400104,W
1341,0x1001be000,0x4001d0,R
1342,0x1001bd000,0x400118,R
1343,0x1000e2000,0x400154,R
1344,0x100100000,0x400174,R
1345,0x10002f000,0x40017c,R
1346,0x100039000,0x400130,R
1347,0x100028000,0x400048,R
1348,0x10002e000,0x400128,W
1349,0x10001e000,0x400030,R
1350,0x10000c000,0x4000ec,W
1351,0x10003a000,0x400064,R
1352,0x100027000,0x400040,R
1353,0x10002f000,0x40004c,R
1354,0x1000f4000,0x400018,R
1355,0x100012000,0x400168,R
1356,0x10010a000,0x4000ec,R
1357,0x100108000,0x400080,W
1358,0x100003000,0x400008,R
1359,0x100010000,0x4001b4,W
1360,0x10003c000,0x40000c,R
1361,0x10015f000,0x4001a0,R
1362,0x100000000,0x400108,R
1363,0x10002c000,0x40014c,W
1364,0x100014000,0x400178,R
1365,0x100128000,0x40011c,W
1366,0x10003b000,0x4000c8,R
1367,0x100009000,0x400058,R
1368,0x100088000,0x4001d4,W
1369,0x100009000,0x400048,W
1370,0x100035000,0x4001a0,R
1371,0x100010000,0x4000f4,R
1372,0x100100000,0x400150,R
1373,0x10002e000,0x400144,R
1374,0x100068000,0x4000c8,R
1375,0x100172000,0x400174,W
1376,0x100008000,0x40001c,W
1377,0x10006e000,0x4000d4,R
1378,0x100036000,0x4000dc,R
1379,0x100002000,0x40008c,R
1380,0x100036000,0x4000a8,W
1381,0x100014000,0x4001cc,R
1382,0x100178000,0x40011c,R
1383,0x100028000,0x400140,R
1384,0x10001a000,0x4000b4,R
1385,0x10003c000,0x4001e4,R
1386,0x1000b8000,0x40010c,R
1387,0x10001a000,0x40016c,R
1388,0x1001db000,0x400184,R
1389,0x100002000,0x4000a8,R
1390,0x1001d6000,0x40010c,R
1391,0x100034000,0x400094,R
1392,0x10000c000,0x400090,W
1393,0x100009000,0x40011c,W
1394,0x100031000,0x4001a4,R
1395,0x100022000,0x4001b8,R
1396,0x100030000,0x4001f4,R
1397,0x10000e000,0x4001d0,W
1398,0x100016000,0x400118,R
1399,0x100018000,0x400024,R
1400,0x10001a000,0x400030,R
1401,0x100021000,0x4000cc,R
1402,0x100008000,0x4001c8,W
1403,0x100023000,0x400174,R
1404,0x10018b000,0x4000a8,W
1405,0x10015f000,0x4001b8,R
1406,0x100110000,0x40009c,R
1407,0x1001db000,0x400158,W
1408,0x100012000,0x4000c4,R
1409,0x10000c000,0x400148,W
1410,0x100017000,0x400148,R
1411,0x10000e000,0x400004,W
1412,0x10000f000,0x4001f8,W
1413,0x100031000,0x400144,W
1414,0x100099000,0x4001d8,R
1415,0x1000ea000,0x4001e8,R
1416,0x10001a000,0x400118,R
1417,0x100037000,0x4000c0,R
1418,0x10007b000,0x400074,R
1419,0x100013000,0x400030,R
1420,0x100013000,0x4000f0,R
1421,0x10000e000,0x400060,W
1422,0x100028000,0x40001c,W
1423,0x100012000,0x4001b0,W
1424,0x100023000,0x400174,R
1425,0x100165000,0x400124,R
1426,0x10000c000,0x4001f0,W
1427,0x100014000,0x400074,R
1428,0x100027000,0x4001c0,W
1429,0x10003e000,0x400008,R
1430,0x10000a000,0x4001d4,R
1431,0x1001d7000,0x400080,R
1432,0x1000e8000,0x400130,R
1433,0x10002b000,0x40008c,R
1434,0x1001b8000,0x40018c,R
1435,0x1000fb000,0x400074,R
1436,0x1001f0000,0x400150,R
1437,0x10012c000,0x4001e0,R
1438,0x10003f000,0x400040,R
1439,0x100048000,0x4000c0,R
1440,0x10001b000,0x400160,W
1441,0x10007c000,0x400180,R
1442,0x10010a000,0x4000cc,R
1443,0x100002000,0x400130,W
1444,0x100006000,0x400000,W
1445,0x10001e000,0x400054,R
1446,0x100006000,0x4000cc,W
1447,0x1000b2000,0x400118,R
1448,0x100009000,0x400028,W
1449,0x10000a000,0x4001fc,W
1450,0x1001a6000,0x4000fc,R
1451,0x10002e000,0x400158,W
1452,0x100035000,0x4000e4,R
1453,0x100001000,0x400000,R
1454,0x10001d000,0x4001dc,W
1455,0x100017000,0x4000d4,R
1456,0x10000d000,0x400024,W
1457,0x10007e000,0x4000cc,R
1458,0x10001c000,0x40007c,R
1459,0x10000c000,0x400070,W
1460,0x10002f000,0x4000ac,R
1461,0x1000fe000,0x4001e4,R
1462,0x100018000,0x4001d8,R
1463,0x10002c000,0x4001fc,R
1464,0x100107000,0x40004c,R
1465,0x100183000,0x400000,R
1466,0x100024000,0x400114,R
1467,0x10018c000,0x40004c,R
1468,0x100035000,0x4000cc,R
1469,0x100010000,0x400020,W
1470,0x10003d000,0x400084,R
1471,0x10002f000,0x400174,R
1472,0x100010000,0x4001e4,W
1473,0x10002b000,0x4001f0,R
1474,0x100008000,0x400110,W
1475,0x10002d000,0x4001fc,R
1476,0x1001b7000,0x4000fc,R
1477,0x100039000,0x4001e4,R
1478,0x100000000,0x400010,R
1479,0x100012000,0x4001a8,R
1480,0x100029000,0x400064,R
1481,0x100030000,0x400120,R
1482,0x10002e000,0x400198,W
1483,0x100031000,0x4000e4,R
1484,0x1000d1000,0x400144,R
1485,0x100001000,0x40016c,R
1486,0x10003d000,0x4001c0,W
1487,0x10001d000,0x4001a4,R
1488,0x100039000,0x4001c8,R
1489,0x1001c8000,0x40001c,R
1490,0x10000d000,0x4001ec,W
1491,0x1000c0000,0x4000e4,R
1492,0x100013000,0x4001fc,R
1493,0x1001f7000,0x40009c,R
1494,0x10000c000,0x400034,R
1495,0x10003a000,0x40010c,R
1496,0x100017000,0x40015c,R
1497,0x100019000,0x400188,R
1498,0x10000d000,0x4000a8,R
1499,0x100183000,0x4001bc,R
1500,0x100028000,0x4000c8,R
1501,0x1000ce000,0x400054,R
1502,0x100022000,0x400194,R
1503,0x10001a000,0x400088,W
1504,0x10001c000,0x4001e4,W
1505,0x100011000,0x400074,R
1506,0x100032000,0x400024,R
1507,0x100038000,0x40011c,R
1508,0x100023000,0x400030,W
1509,0x10001a000,0x4000c0,R
1510,0x1001de000,0x400184,W
1511,0x10002d000,0x4000fc,R
1512,0x10000c000,0x400094,R
1513,0x10001b000,0x400150,W
1514,0x1001fe000,0x4001ec,R
1515,0x10003b000,0x4001e8,R
1516,0x1001cf000,0x400140,W
1517,0x10000e000,0x400010,R
1518,0x100034000,0x4001f0,R
1519,0x100100000,0x400118,R
1520,0x100089000,0x4001d0,R
1521,0x100020000,0x400134,R
1522,0x100026000,0x400180,R
1523,0x100027000,0x40001c,R
1524,0x100011000,0x400040,W
1525,0x100020000,0x400064,R
1526,0x1001f5000,0x400080,R
1527,0x1001e7000,0x40005c,R
1528,0x100028000,0x4000c8,R
1529,0x100026000,0x40004c,R
1530,0x100007000,0x400080,R
1531,0x10003c000,0x400010,W
1532,0x10002c000,0x4001cc,R
1533,0x100000000,0x4001e4,W
1534,0x100184000,0x400078,R
1535,0x100024000,0x4001a0,R
1536,0x100018000,0x4001a4,R
1537,0x100097000,0x400098,R
1538,0x100016000,0x40018c,W
1539,0x100006000,0x400060,W
1540,0x100003000,0x4001d4,W
1541,0x100028000,0x400130,R
1542,0x1001b5000,0x4000e8,R
1543,0x100032000,0x400190,R
1544,0x100020000,0x40012c,R
1545,0x1001c1000,0x4001a8,R
1546,0x1001db000,0x400018,R
1547,0x10000b000,0x40019c,W
1548,0x10005a000,0x4000a8,R
1549,0x1000bc000,0x4000e0,R
1550,0x10000d000,0x400040,W
1551,0x10000d000,0x400068,R
1552,0x10002b000,0x4000ec,R
1553,0x100007000,0x4001e0,W
1554,0x100035000,0x400048,R
1555,0x1000e3000,0x400114,R
1556,0x100005000,0x400000,W
1557,0x1000fe000,0x4000e4,R
1558,0x100034000,0x4000e0,R
1559,0x1001ec000,0x400178,R
1560,0x1000f9000,0x400134,R
1561,0x1000b8000,0x400178,R
1562,0x100030000,0x4000b0,R
1563,0x10003f000,0x4000c8,R
1564,0x1000de000,0x4000f8,W
1565,0x10006a000,0x400120,R
1566,0x100037000,0x400044,R
1567,0x1000d0000,0x4000a4,W
1568,0x100002000,0x400108,W
1569,0x100008000,0x4001d8,W
1570,0x100018000,0x40013c,R
1571,0x10003e000,0x4000ac,R
1572,0x10011d000,0x400004,R
1573,0x10001f000,0x40000c,R
1574,0x1001f1000,0x400010,R
1575,0x100014000,0x400134,R
1576,0x100117000,0x4000c0,R
1577,0x100031000,0x4000b0,R
1578,0x10000c000,0x400024,W
1579,0x100030000,0x40005c,W
1580,0x10000a000,0x40019c,W
1581,0x100046000,0x400000,R
1582,0x10001d000,0x40019c,R
1583,0x100026000,0x400028,R
1584,0x100022000,0x400074,R
1585,0x10000b000,0x40002c,R
1586,0x100036000,0x4001c0,R
1587,0x10003d000,0x4000e0,R
1588,0x100021000,0x400088,W
1589,0x100019000,0x400118,R
1590,0x100039000,0x400004,R
1591,0x10000b000,0x400170,R
1592,0x100003000,0x400088,W
1593,0x100024000,0x4000d4,R
1594,0x10002d000,0x4001b4,W
1595,0x10000c000,0x400028,W
1596,0x10010e000,0x400148,R
1597,0x1001b0000,0x400130,R
1598,0x100021000,0x40015c,R
1599,0x10001b000,0x400014,R
1600,0x100155000,0x400080,W
1601,0x10002c000,0x4001bc,R
1602,0x100162000,0x400100,R
1603,0x1001be000,0x400004,R
1604,0x100018000,0x400018,R
1605,0x1001c0000,0x400030,R
1606,0x100094000,0x4000a0,R
1607,0x100033000,0x400034,W
1608,0x100025000,0x4001e4,W
1609,0x10003b000,0x4000e0,R
1610,0x100035000,0x400010,R
1611,0x100014000,0x4001cc,W
1612,0x100015000,0x400150,W
1613,0x100023000,0x4000cc,R
1614,0x1001b9000,0x400044,R
1615,0x100036000,0x400060,R
1616,0x10004f000,0x400158,R
1617,0x100168000,0x4001f0,R
1618,0x100188000,0x4000b0,R
1619,0x1000b2000,0x4001b8,R
1620,0x1000a0000,0x400124,R
1621,0x1001fa000,0x40011c,R
1622,0x100004000,0x40017c,R
1623,0x10003b000,0x400140,W
1624,0x10002c000,0x4001e0,W
1625,0x1001b8000,0x40002c,R
1626,0x10001f000,0x400110,R
1627,0x100001000,0x40019c,W
1628,0x10003a000,0x400194,R
1629,0x10003f000,0x4000d0,R
1630,0x10013f000,0x4000a8,R
1631,0x100022000,0x400038,R
1632,0x1000e0000,0x400184,R
1633,0x100152000,0x400084,R
1634,0x10002e000,0x400144,W
1635,0x100156000,0x4001b4,R
1636,0x10005e000,0x4000d8,R
1637,0x100018000,0x400134,R
1638,0x100005000,0x400124,R
1639,0x100007000,0x4000a4,R
1640,0x100015000,0x4000c4,R
1641,0x100028000,0x4001fc,R
1642,0x10002a000,0x4000fc,R
1643,0x10003a000,0x4001d8,R
1644,0x10015d000,0x400104,R
1645,0x10002c000,0x4001bc,R
1646,0x100029000,0x4000c4,R
1647,0x100002000,0x4000e0,W
1648,0x100027000,0x400128,W
1649,0x10003c000,0x4001dc,W
1650,0x100033000,0x40010c,R
1651,0x100174000,0x400034,W
1652,0x10012d000,0x40009c,R
1653,0x10002e000,0x400118,R
1654,0x10002f000,0x4001e0,R
1655,0x100141000,0x400020,W
1656,0x10009f000,0x4000a0,R
1657,0x100013000,0x4001d4,R
1658,0x10003e000,0x4000c8,R
1659,0x10011a000,0x40018c,R
1660,0x100032000,0x40001c,R
1661,0x100006000,0x400060,W
1662,0x1000b9000,0x4000b4,R
1663,0x100003000,0x4001c0,R
1664,0x1000a1000,0x400198,R
1665,0x10001b000,0x400010,R
1666,0x100037000,0x4000a8,R
1667,0x100030000,0x40004c,R
1668,0x10006b000,0x4000d8,R
1669,0x100018000,0x40005c,W
1670,0x1000c4000,0x4000d8,R
1671,0x100038000,0x40012c,R
1672,0x100016000,0x4000b4,W
1673,0x100047000,0x4001f8,R
1674,0x100030000,0x4000cc,R
1675,0x10002c000,0x4000b4,W
1676,0x10000e000,0x40005c,R
1677,0x100007000,0x400070,W
1678,0x10003f000,0x400024,R
1679,0x100018000,0x40005c,W
1680,0x100089000,0x400008,W
1681,0x100003000,0x400148,R
1682,0x100000000,0x400168,W
1683,0x10000f000,0x400114,R
1684,0x10003f000,0x4000a8,R
1685,0x10001b000,0x400114,R
1686,0x10015a000,0x400178,W
1687,0x100035000,0x4000a8,R
1688,0x100026000,0x40012c,R
1689,0x10001d000,0x4001b4,W
1690,0x100034000,0x400198,R
1691,0x100015000,0x400084,R
1692,0x100033000,0x40015c,R
1693,0x10014b000,0x40009c,R
1694,0x100022000,0x40011c,R
1695,0x100034000,0x400188,W
1696,0x1001ae000,0x4000d4,R
1697,0x10002a000,0x400090,R
1698,0x100013000,0x4000c0,W
1699,0x10001b000,0x400050,R
1700,0x10000c000,0x400104,W
1701,0x100189000,0x400094,R
1702,0x100005000,0x400188,W
1703,0x10017a000,0x4001cc,R
1704,0x100021000,0x4001a0,W
1705,0x10002e000,0x400154,R
1706,0x10001f000,0x400008,R
1707,0x100097000,0x400158,R
1708,0x100058000,0x400074,W
1709,0x100009000,0x400180,R
1710,0x1001aa000,0x400024,R
1711,0x100008000,0x4000b0,W
1712,0x10000c000,0x4000d8,W
1713,0x100028000,0x400094,R
1714,0x10003f000,0x4001f8,R
1715,0x100039000,0x400100,W
1716,0x1001b1000,0x4001c4,W
1717,0x100026000,0x400110,W
1718,0x10000e000,0x4001cc,W
1719,0x100009000,0x4001e0,W
1720,0x10003a000,0x400008,R
1721,0x100003000,0x40015c,W
1722,0x1000c6000,0x4001c4,R
1723,0x100036000,0x4001b0,W
1724,0x10001c000,0x400168,R
1725,0x10019d000,0x4000f0,R
1726,0x1001a4000,0x4000c0,R
1727,0x100037000,0x400080,R
1728,0x100038000,0x400034,R
1729,0x100012000,0x400080,R
1730,0x10003b000,0x400118,R
1731,0x100039000,0x40004c,W
1732,0x100166000,0x400030,R
1733,0x100004000,0x4000c4,W
1734,0x10015e000,0x400058,R
1735,0x100035000,0x40014c,R
1736,0x10000a000,0x4000f0,R
1737,0x100171000,0x400038,R
1738,0x1001f5000,0x4001bc,R
1739,0x10005f000,0x40013c,W
1740,0x100006000,0x400008,W
1741,0x10003d000,0x4001dc,W
1742,0x1000bc000,0x400008,R
1743,0x100100000,0x4001f8,R
1744,0x100031000,0x40001c,R
1745,0x100013000,0x400064,R
1746,0x10002f000,0x400134,R
1747,0x100013000,0x400110,R
1748,0x10002b000,0x4001d4,R
1749,0x100008000,0x40002c,W
1750,0x100031000,0x40016c,R
1751,0x100019000,0x400048,R
1752,0x100044000,0x400008,R
1753,0x10002a000,0x400034,R
1754,0x100008000,0x400098,W
1755,0x1001a3000,0x400114,R
1756,0x10002b000,0x4001cc,R
1757,0x10001d000,0x4001c8,R
1758,0x100001000,0x400044,W
1759,0x100031000,0x400140,R
1760,0x100010000,0x40003c,R
1761,0x100025000,0x4001dc,W
1762,0x100188000,0x40012c,R
1763,0x100022000,0x400038,R
1764,0x10002b000,0x400004,R
1765,0x100029000,0x4001c0,W
1766,0x100034000,0x4001d8,W
1767,0x100010000,0x4001f4,R
1768,0x100160000,0x400024,W
1769,0x10000c000,0x40001c,W
1770,0x100004000,0x4001f8,W
1771,0x10018c000,0x4001d0,W
1772,0x10002a000,0x400184,R
1773,0x100032000,0x4001ac,R
1774,0x10002c000,0x400160,W
1775,0x10003d000,0x400168,R
1776,0x100047000,0x40018c,R
1777,0x10018b000,0x400180,W
1778,0x10002c000,0x400140,R
1779,0x100148000,0x4001c4,R
1780,0x100038000,0x40016c,R
1781,0x100027000,0x4000f0,W
1782,0x100012000,0x400038,R
1783,0x100178000,0x4001e4,R
1784,0x100013000,0x400128,R
1785,0x1000ac000,0x400148,R
1786,0x10002f000,0x400128,R
1787,0x100024000,0x4000d4,R
1788,0x1000f6000,0x400048,R
1789,0x100033000,0x4000bc,R
1790,0x100020000,0x400080,W
1791,0x100015000,0x400030,W
1792,0x100084000,0x4001ec,R
1793,0x10000f000,0x400068,W
1794,0x10000a000,0x400114,W
1795,0x100137000,0x400188,R
1796,0x1000ed000,0x4000f8,R
1797,0x100038000,0x4000c8,R
1798,0x10001e000,0x4000b8,W
1799,0x10002a000,0x400120,R
1800,0x100037000,0x400010,R
1801,0x100014000,0x4001ec,R
1802,0x10002f000,0x40007c,R
1803,0x1001e9000,0x4001f0,R
1804,0x100012000,0x4001d4,R
1805,0x1001d1000,0x40007c,R
1806,0x10014b000,0x400198,R
1807,0x10009d000,0x400004,R
1808,0x100030000,0x4001ec,R
1809,0x100014000,0x40000c,R
1810,0x100026000,0x40010c,R
1811,0x100028000,0x400060,R
1812,0x100021000,0x4001cc,R
1813,0x1001c1000,0x400120,W
1814,0x10000c000,0x400030,W
1815,0x100003000,0x4000fc,W
1816,0x1001a5000,0x40017c,W
1817,0x100195000,0x400044,R
1818,0x10001a000,0x400000,W
1819,0x1000ca000,0x4000a0,R
1820,0x100012000,0x4000ac,R
1821,0x10002e000,0x4001dc,W
1822,0x100062000,0x400118,R
1823,0x10002a000,0x400004,W
1824,0x100033000,0x400190,R
1825,0x10002a000,0x4001b0,R
1826,0x100010000,0x400040,R
1827,0x100032000,0x40003c,R
1828,0x1001b1000,0x4000f0,R
1829,0x10003c000,0x400150,R
1830,0x10003d000,0x400140,W
1831,0x1001d5000,0x400134,R
1832,0x10003d000,0x400054,R
1833,0x100031000,0x4001b4,R
1834,0x100147000,0x400174,R
1835,0x100014000,0x4000b4,R
1836,0x100010000,0x4001d4,W
1837,0x1001e5000,0x4001c8,R
1838,0x100007000,0x400150,R
1839,0x100012000,0x400068,R
1840,0x10000f000,0x400150,W
1841,0x100132000,0x40013c,R
1842,0x1001a8000,0x4000ec,R
1843,0x10019d000,0x400054,R
1844,0x10000b000,0x4000ac,R
1845,0x10000d000,0x400138,R
1846,0x10001b000,0x4000c0,R
1847,0x10000f000,0x4000a0,R
1848,0x10003d000,0x40006c,R
1849,0x100031000,0x400150,R
1850,0x100025000,0x4001ec,R
1851,0x100017000,0x400190,R
1852,0x100035000,0x4001d8,R
1853,0x100020000,0x4000a8,R
1854,0x100097000,0x40008c,R
1855,0x100149000,0x400028,R
1856,0x100012000,0x400014,R
1857,0x10002b000,0x400084,R
1858,0x10000b000,0x400154,W
1859,0x100002000,0x400118,W
1860,0x10000c000,0x400048,W
1861,0x10001e000,0x400170,R
1862,0x10000c000,0x4000ec,W
1863,0x10007b000,0x400138,R
1864,0x100027000,0x400044,R
1865,0x100060000,0x40015c,R
1866,0x10002c000,0x400104,R
1867,0x100007000,0x40012c,W
1868,0x10015c000,0x4001e4,R
1869,0x100012000,0x400118,R
1870,0x10006e000,0x400074,W
1871,0x1000aa000,0x400124,R
1872,0x10001d000,0x40019c,R
1873,0x100030000,0x400168,R
1874,0x100023000,0x400064,R
1875,0x100180000,0x40017c,R
1876,0x1000c4000,0x40002c,R
1877,0x100007000,0x400180,W
1878,0x10000b000,0x400050,W
1879,0x100015000,0x4001dc,W
1880,0x100027000,0x4001a0,R
1881,0x100004000,0x400118,W
1882,0x100026000,0x400128,R
1883,0x10002d000,0x4000d0,W
1884,0x1000d1000,0x4001e8,R
1885,0x100014000,0x4001e0,R
1886,0x10001e000,0x4000b8,W
1887,0x10017c000,0x400074,R
1888,0x100039000,0x40018c,R
1889,0x100012000,0x4001b4,R
1890,0x100002000,0x4000d4,W
1891,0x10002a000,0x40012c,R
1892,0x100003000,0x400080,R
1893,0x10001b000,0x400178,W
1894,0x100029000,0x400120,R
1895,0x100013000,0x400124,W
1896,0x100023000,0x4000f8,R
1897,0x100038000,0x400164,R
1898,0x100034000,0x400024,W
1899,0x100011000,0x4001d4,W
1900,0x100020000,0x4001e4,R
1901,0x100035000,0x400194,R
1902,0x10003e000,0x400070,R
1903,0x100027000,0x400170,R
1904,0x100037000,0x4000d8,W
1905,0x100032000,0x400134,W
1906,0x10002d000,0x400064,R
1907,0x100095000,0x40004c,R
1908,0x100016000,0x400070,W
1909,0x100032000,0x400004,R
1910,0x100035000,0x4001a4,R
1911,0x10019d000,0x4001fc,R
1912,0x10002c000,0x40012c,R
1913,0x100035000,0x40014c,R
1914,0x100026000,0x4001a8,W
1915,0x1001d9000,0x40019c,R
1916,0x10008a000,0x400138,R
1917,0x1001df000,0x4001f8,R
1918,0x100027000,0x4000c8,R
1919,0x10001d000,0x400194,R
1920,0x10001d000,0x40013c,W
1921,0x100033000,0x400058,R
1922,0x10003b000,0x4001a4,W
1923,0x100160000,0x40000c,R
1924,0x100003000,0x40011c,R
1925,0x100096000,0x4001a0,R
1926,0x100039000,0x4001f8,R
1927,0x100018000,0x4000d8,W
1928,0x100015000,0x40017c,R
1929,0x100001000,0x40006c,W
1930,0x100161000,0x4001e4,W
1931,0x100005000,0x400148,W
1932,0x1001af000,0x400054,R
1933,0x1000ce000,0x400150,R
1934,0x10001d000,0x400148,R
1935,0x100152000,0x40000c,W
1936,0x100029000,0x400080,R
1937,0x100057000,0x40001c,R
1938,0x100037000,0x400088,R
1939,0x100018000,0x400138,W
1940,0x10006b000,0x4001c0,R
1941,0x1000c9000,0x4001e0,R
1942,0x100002000,0x40005c,R
1943,0x100007000,0x4001e8,W
1944,0x1000c7000,0x400154,R
1945,0x100150000,0x400048,R
1946,0x10002e000,0x400160,R
1947,0x100006000,0x400120,W
1948,0x1001f8000,0x4000b0,R
1949,0x100016000,0x40009c,R
1950,0x100027000,0x4000d8,W
1951,0x100031000,0x400148,W
1952,0x10003c000,0x400138,R
1953,0x100024000,0x4000e8,R
1954,0x10000e000,0x4001b8,R
1955,0x10012c000,0x4001a4,R
1956,0x100041000,0x4000c8,R
1957,0x100044000,0x400144,R
1958,0x10000f000,0x400020,W
1959,0x10001f000,0x40002c,R
1960,0x1000f4000,0x400140,R
1961,0x10003b000,0x40011c,R
1962,0x100005000,0x4001f4,W
1963,0x100004000,0x400174,W
1964,0x1001ad000,0x400140,R
1965,0x10002b000,0x400024,R
1966,0x10002f000,0x4000e0,R
1967,0x100036000,0x400168,R
1968,0x100018000,0x400048,R
1969,0x1001d1000,0x400030,R
1970,0x1000b6000,0x400038,R
1971,0x100034000,0x4000a4,W
1972,0x100144000,0x40005c,W
1973,0x10001a000,0x400110,R
1974,0x100028000,0x400128,W
1975,0x1000d3000,0x4001b4,R
1976,0x1000a6000,0x400138,R
1977,0x100032000,0x400114,R
1978,0x10001e000,0x400014,W
1979,0x10001c000,0x4000f8,R
1980,0x100014000,0x400080,R
1981,0x100061000,0x40019c,R
1982,0x100153000,0x4001dc,R
1983,0x100019000,0x4001e0,R
1984,0x1000de000,0x4000c4,W
1985,0x100018000,0x4001ac,R
1986,0x100096000,0x400024,R
1987,0x10001e000,0x40010c,R
1988,0x100038000,0x40010c,W
1989,0x100033000,0x40006c,R
1990,0x100000000,0x4000c0,W
1991,0x1001cb000,0x40016c,R
1992,0x10002e000,0x40013c,R
1993,0x100191000,0x4001e0,W
1994,0x100028000,0x40013c,R
1995,0x10002d000,0x400028,R
1996,0x1000b4000,0x40009c,R
1997,0x100035000,0x400124,R
1998,0x10000b000,0x4001fc,W
1999,0x10001b000,0x4001fc,R
2000,0x100188000,0x401078,R
2001,0x1001b4000,0x4011b0,W
2002,0x100009000,0x401100,W
2003,0x10000b000,0x401088,W
2004,0x10001c000,0x401144,W
2005,0x100003000,0x4011a4,R
2006,0x1001ca000,0x401080,R
2007,0x100027000,0x401014,R
2008,0x10002a000,0x4010c8,R
2009,0x100157000,0x401198,R
2010,0x1001be000,0x4010cc,R
2011,0x1001c1000,0x401028,R
2012,0x100037000,0x401120,R
2013,0x1001d2000,0x40102c,R
2014,0x1001f7000,0x401190,R
2015,0x100195000,0x4011d4,R
2016,0x1001d1000,0x4010b0,R
2017,0x1001c7000,0x4010d4,W
2018,0x1001b4000,0x40114c,R
2019,0x1001a6000,0x401074,W
2020,0x10009d000,0x401104,R
2021,0x100033000,0x4011f0,W
2022,0x100003000,0x401110,W
2023,0x100188000,0x401034,R
2024,0x1001fe000,0x4011ec,R
2025,0x100036000,0x4011d4,R
2026,0x100185000,0x40117c,R
2027,0x1000f4000,0x4011e4,R
2028,0x1001c6000,0x4011c8,R
2029,0x10002b000,0x4011fc,R
2030,0x100043000,0x401000,R
2031,0x1001b7000,0x401068,R
2032,0x1001e0000,0x401034,R
2033,0x1001ca000,0x4011bc,R
2034,0x100131000,0x4010fc,R
2035,0x1000dd000,0x401034,R
2036,0x1001bb000,0x401064,W
2037,0x10018d000,0x401054,R
2038,0x1001ab000,0x40116c,R
2039,0x10010d000,0x40110c,R
2040,0x10005a000,0x4011f8,R
2041,0x1001fa000,0x4011b4,R
2042,0x1001e0000,0x4011f0,R
2043,0x100007000,0x401008,R
2044,0x1001c3000,0x401184,R
2045,0x10005b000,0x4010c0,R
2046,0x10003f000,0x4010ac,R
2047,0x10003e000,0x401110,R
2048,0x100046000,0x401070,R
2049,0x100004000,0x401010,R
2050,0x100186000,0x401078,R
2051,0x100065000,0x401054,W
2052,0x100143000,0x40105c,R
2053,0x1001a0000,0x4011ec,R
2054,0x100023000,0x40113c,R
2055,0x1000bc000,0x401028,R
2056,0x10000f000,0x4011b8,W
2057,0x100015000,0x40115c,R
2058,0x100029000,0x401148,W
2059,0x10016f000,0x40109c,R
2060,0x100018000,0x4011f4,R
2061,0x10005a000,0x4011a0,R
2062,0x100041000,0x40119c,R
2063,0x1001ef000,0x401184,R
2064,0x100027000,0x401068,R
2065,0x1001ca000,0x4010e4,R
2066,0x10000e000,0x4011ac,W
2067,0x10000d000,0x4010f4,W
2068,0x1000b3000,0x4010e4,R
2069,0x100007000,0x40116c,W
2070,0x100008000,0x4011e4,W
2071,0x100019000,0x401004,W
2072,0x100151000,0x401044,R
2073,0x100186000,0x4011ac,R
2074,0x10005e000,0x401118,R
2075,0x100023000,0x401154,W
2076,0x1001b6000,0x401038,R
2077,0x1001a2000,0x401010,R
2078,0x100025000,0x4010cc,R
2079,0x1001ec000,0x401150,W
2080,0x100197000,0x401170,R
2081,0x10000b000,0x4010d8,W
2082,0x100037000,0x401118,R
2083,0x100028000,0x4010f8,R
2084,0x10018e000,0x401168,R
2085,0x1001f5000,0x401014,R
2086,0x1000f3000,0x401004,R
2087,0x100024000,0x4010d0,R
2088,0x100031000,0x4010e4,R
2089,0x1001e3000,0x4011bc,W
2090,0x10000b000,0x4011c4,W
2091,0x10003b000,0x4011ac,R
2092,0x10000d000,0x401148,R
2093,0x100034000,0x401100,R
2094,0x100043000,0x401108,R
2095,0x1001d0000,0x40101c,R
2096,0x10000d000,0x401014,R
2097,0x10001b000,0x401068,R
2098,0x100034000,0x40112c,R
2099,0x1001fa000,0x401194,W
2100,0x100019000,0x401190,R
2101,0x10002d000,0x401178,R
2102,0x1001cc000,0x401048,R
2103,0x10003b000,0x401120,R
2104,0x1000ca000,0x4010e0,R
2105,0x10017a000,0x4011cc,R
2106,0x1001b4000,0x401194,W
2107,0x100011000,0x401164,W
2108,0x1001b2000,0x4010a0,R
2109,0x1001dc000,0x401190,R
2110,0x100038000,0x4010ec,R
2111,0x100009000,0x4011e8,W
2112,0x10002d000,0x401060,W
2113,0x1001f4000,0x4010b0,R
2114,0x10000d000,0x4010a4,W
2115,0x10018e000,0x401168,R
2116,0x1001ad000,0x40110c,R
2117,0x10001c000,0x4011a8,R
2118,0x100148000,0x40116c,R
2119,0x10001f000,0x40111c,R
2120,0x10000b000,0x4011e0,W
2121,0x10000f000,0x401064,R
2122,0x1001de000,0x4010a4,R
2123,0x100020000,0x401050,R
2124,0x100000000,0x40114c,R
2125,0x10003a000,0x40104c,R
2126,0x10002a000,0x4011c0,R
2127,0x100038000,0x401184,R
2128,0x1000e3000,0x4010dc,R
2129,0x10002b000,0x4011c0,R
2130,0x100088000,0x4011c0,W
2131,0x100185000,0x4011b8,R
2132,0x1001b1000,0x401018,R
2133,0x10001a000,0x401084,W
2134,0x1001a3000,0x401164,R
2135,0x10018a000,0x401198,R
2136,0x10016e000,0x401090,R
2137,0x100162000,0x401164,R
2138,0x10003d000,0x40114c,R
2139,0x1000cb000,0x401060,W
2140,0x10017f000,0x40106c,W
2141,0x1001fb000,0x401058,R
2142,0x1001a1000,0x401114,R
2143,0x100014000,0x40116c,R
2144,0x10007f000,0x4011c4,R
2145,0x100038000,0x401144,R
2146,0x10002f000,0x401060,R
2147,0x1001c9000,0x40115c,R
2148,0x100002000,0x4011a0,W
2149,0x1001af000,0x401000,R
2150,0x100004000,0x4011e4,W
2151,0x100073000,0x401014,R
2152,0x10019f000,0x401178,W
2153,0x10001c000,0x401160,W
2154,0x100003000,0x401064,W
2155,0x100048000,0x40115c,R
2156,0x10003d000,0x401024,R
2157,0x1001bb000,0x4010c8,R
2158,0x10000e000,0x401018,W
2159,0x100010000,0x4010a8,R
2160,0x100026000,0x4010c0,R
2161,0x1001c0000,0x40104c,R
2162,0x10002e000,0x401170,R
2163,0x1001ea000,0x401154,R
2164,0x100038000,0x4010e0,R
2165,0x10002b000,0x401168,R
2166,0x100136000,0x4010c4,R
2167,0x100002000,0x40111c,W
2168,0x100144000,0x40100c,R
2169,0x100010000,0x401084,W
2170,0x10001b000,0x40116c,R
2171,0x10003b000,0x4010d4,W
2172,0x1001ac000,0x40106c,R
2173,0x1001a0000,0x4010a8,R
2174,0x10019e000,0x4010c4,R
2175,0x100038000,0x4010e0,W
2176,0x100024000,0x401174,R
2177,0x100001000,0x4011ec,W
2178,0x10005b000,0x4010d0,W
2179,0x1000fe000,0x4011a4,R
2180,0x100006000,0x4010c4,W
2181,0x1001e4000,0x4010e8,R
2182,0x1001d6000,0x4010b8,R
2183,0x100023000,0x40119c,R
2184,0x100043000,0x401090,R
2185,0x1001e4000,0x401070,R
2186,0x100013000,0x4010f4,W
2187,0x1001c1000,0x4010c8,R
2188,0x100036000,0x401148,R
2189,0x100079000,0x4010ac,R
2190,0x100006000,0x4011a4,R
2191,0x100009000,0x401040,W
2192,0x10002b000,0x40106c,R
2193,0x1001fc000,0x401178,R
2194,0x10002a000,0x40103c,R
2195,0x100039000,0x4011d4,R
2196,0x100038000,0x4010b0,R
2197,0x10003d000,0x4011b8,W
2198,0x100032000,0x4011d0,R
2199,0x100024000,0x40119c,W
2200,0x1000d0000,0x401168,R
2201,0x1001df000,0x4011b0,R
2202,0x10001c000,0x40102c,R
2203,0x1001cf000,0x4010f4,R
2204,0x10000d000,0x401044,W
2205,0x1000b1000,0x40100c,R
2206,0x100020000,0x401050,R
2207,0x100154000,0x4011d0,W
2208,0x100019000,0x40100c,R
2209,0x100077000,0x401050,R
2210,0x100003000,0x4010d4,W
2211,0x100140000,0x4011d0,R
2212,0x100003000,0x401074,W
2213,0x100002000,0x4011cc,W
2214,0x100019000,0x401038,R
2215,0x100037000,0x40113c,R
2216,0x100011000,0x401038,R
2217,0x100020000,0x4011cc,R
2218,0x10007e000,0x401050,R
2219,0x100001000,0x401084,R
2220,0x10003d000,0x40100c,W
2221,0x100141000,0x401170,R
2222,0x10002e000,0x401100,R
2223,0x1001b0000,0x4011d8,R
2224,0x10002d000,0x40112c,R
2225,0x10002d000,0x4011ac,R
2226,0x100038000,0x401128,W
2227,0x10000c000,0x40107c,W
2228,0x1001c8000,0x401018,R
2229,0x10001c000,0x401150,W
2230,0x10019b000,0x4011dc,R
2231,0x100017000,0x4011ec,R
2232,0x100018000,0x4011b4,R
2233,0x10012b000,0x401158,R
2234,0x100012000,0x401154,R
2235,0x1001e9000,0x401160,R
2236,0x10000d000,0x4011b8,W
2237,0x1001ac000,0x40119c,R
2238,0x100036000,0x401194,R
2239,0x100012000,0x4010c8,R
2240,0x10003c000,0x4010c8,R
2241,0x100007000,0x4011a0,W
2242,0x100035000,0x401144,R
2243,0x1001d4000,0x401024,R
2244,0x1001cd000,0x401134,R
2245,0x100193000,0x401050,R
2246,0x10018b000,0x4010fc,R
2247,0x10002d000,0x40108c,R
2248,0x100021000,0x4010f4,R
2249,0x10018c000,0x40111c,R
2250,0x1001e8000,0x4011a0,R
2251,0x1000c4000,0x4010c8,R
2252,0x1000c5000,0x4010e4,R
2253,0x1000b0000,0x4011c0,W
2254,0x100018000,0x401198,R
2255,0x10002f000,0x401114,R
2256,0x10010e000,0x401034,R
2257,0x1001fb000,0x401054,R
2258,0x100007000,0x4010f0,R
2259,0x1001bf000,0x4011d0,R
2260,0x100003000,0x401100,W
2261,0x10001b000,0x4010b8,R
2262,0x100030000,0x4011e0,R
2263,0x100005000,0x40111c,W
2264,0x10001e000,0x4010a8,R
2265,0x10003e000,0x401090,R
2266,0x10002c000,0x401124,W
2267,0x10019a000,0x401064,R
2268,0x100028000,0x401018,R
2269,0x100018000,0x401100,R
2270,0x100035000,0x401090,R
2271,0x100017000,0x4011c4,R
2272,0x10003b000,0x401134,R
2273,0x100009000,0x40105c,W
2274,0x100182000,0x4010f0,R
2275,0x10001b000,0x401040,W
2276,0x1001ac000,0x401080,R
2277,0x10002a000,0x4011c8,R
2278,0x1001ad000,0x40106c,R
2279,0x10017f000,0x401060,R
2280,0x10000d000,0x401120,R
2281,0x100108000,0x40103c,R
2282,0x100085000,0x4010cc,R
2283,0x100190000,0x401030,R
2284,0x1000f3000,0x401188,R
2285,0x10002c000,0x401104,W
2286,0x10001a000,0x401010,W
2287,0x1001a2000,0x4011d0,R
2288,0x100028000,0x4011d4,R
2289,0x10019b000,0x401148,R
2290,0x1001df000,0x401168,R
2291,0x100089000,0x401180,R
2292,0x100009000,0x401110,R
2293,0x1001c0000,0x401124,R
2294,0x1001a4000,0x4010a4,R
2295,0x10003b000,0x401084,R
2296,0x10000b000,0x40104c,W
2297,0x10001b000,0x4011bc,R
2298,0x1000d0000,0x4011f4,R
2299,0x1000b2000,0x401000,R
2300,0x100008000,0x4011e0,R
2301,0x100081000,0x40109c,R
2302,0x100007000,0x401184,W
2303,0x10010a000,0x401038,R
2304,0x10001c000,0x401150,R
2305,0x10002b000,0x401054,R
2306,0x1001d7000,0x40110c,R
2307,0x100050000,0x4011dc,R
2308,0x10002c000,0x401078,R
2309,0x100019000,0x401150,W
2310,0x10001c000,0x401128,R
2311,0x10002e000,0x4010a4,R
2312,0x100010000,0x401028,R
2313,0x1000f2000,0x40107c,R
2314,0x100004000,0x4010b4,W
2315,0x10002d000,0x401168,R
2316,0x100006000,0x401098,W
2317,0x100071000,0x4010b8,R
2318,0x10003a000,0x4010d0,W
2319,0x1001d5000,0x401138,W
2320,0x1001bc000,0x401074,R
2321,0x10005d000,0x401008,R
2322,0x100037000,0x40103c,W
2323,0x10002a000,0x401114,R
2324,0x1001ff000,0x40106c,W
2325,0x10000d000,0x4011e0,W
2326,0x100022000,0x4010c0,R
2327,0x100014000,0x401004,R
2328,0x100038000,0x4010ac,R
2329,0x100000000,0x4010a8,R
2330,0x100141000,0x401144,R
2331,0x100077000,0x4010dc,R
2332,0x10003c000,0x40116c,R
2333,0x10001d000,0x4010c8,R
2334,0x10000e000,0x401098,W
2335,0x1001b6000,0x4011c4,R
2336,0x100036000,0x4011b0,R
2337,0x100021000,0x4011dc,R
2338,0x1001d0000,0x401044,R
2339,0x10009f000,0x401024,R
2340,0x10000d000,0x4010a4,R
2341,0x10005c000,0x401148,R
2342,0x100169000,0x401160,R
2343,0x100038000,0x4011d8,R
2344,0x10003f000,0x4011ac,R
2345,0x10011d000,0x401064,R
2346,0x10003c000,0x4010f4,R
2347,0x10013c000,0x40114c,R
2348,0x1000cb000,0x4010b4,R
2349,0x100038000,0x40119c,R
2350,0x100013000,0x4011b4,R
2351,0x100015000,0x40106c,R
2352,0x100149000,0x401140,R
2353,0x100005000,0x401134,R
2354,0x10002f000,0x401158,R
2355,0x100071000,0x401058,W
2356,0x1000cd000,0x4011ec,R
2357,0x10003d000,0x4011cc,R
2358,0x100012000,0x401068,R
2359,0x100017000,0x401130,R
2360,0x1001bd000,0x401188,R
2361,0x1000b2000,0x4011ec,R
2362,0x100032000,0x4011ac,R
2363,0x1001c8000,0x401004,R
2364,0x1001ff000,0x4010f0,R
2365,0x100029000,0x4010ac,R
2366,0x1001ad000,0x401078,R
2367,0x10017f000,0x40117c,R
2368,0x1001c0000,0x4011a0,R
2369,0x100133000,0x4010d0,R
2370,0x10001a000,0x401140,R
2371,0x100002000,0x4010cc,W
2372,0x1001a7000,0x4010e8,R
2373,0x10003a000,0x4011c8,W
2374,0x10000f000,0x4010a8,R
2375,0x100024000,0x401070,R
2376,0x100105000,0x4011a0,R
2377,0x1001ef000,0x401010,R
2378,0x1001e1000,0x4010fc,R
2379,0x100194000,0x401124,R
2380,0x1001f1000,0x4011fc,R
2381,0x100030000,0x401088,R
2382,0x100030000,0x401004,R
2383,0x10010c000,0x401104,R
2384,0x10002b000,0x4011c8,R
2385,0x100008000,0x4010f0,W
2386,0x10001c000,0x40110c,W
2387,0x10006e000,0x401090,R
2388,0x10000e000,0x401148,R
2389,0x100007000,0x40108c,W
2390,0x100010000,0x40118c,R
2391,0x100021000,0x401000,R
2392,0x1001c5000,0x401108,R
2393,0x100018000,0x4011bc,W
2394,0x10000f000,0x401030,W
2395,0x1000a6000,0x401198,R
2396,0x100013000,0x401148,R
2397,0x10003d000,0x4010b4,R
2398,0x10019d000,0x401154,R
2399,0x10018a000,0x401120,R
2400,0x1001fb000,0x40111c,R
2401,0x10002d000,0x4010d4,R
2402,0x100005000,0x4010c4,R
2403,0x100025000,0x4011dc,R
2404,0x100037000,0x40100c,R
2405,0x100018000,0x40101c,R
2406,0x100079000,0x40115c,R
2407,0x10003d000,0x401034,R
2408,0x1000b6000,0x401020,R
2409,0x1000c8000,0x401170,R
2410,0x100038000,0x401104,R
2411,0x100038000,0x4011ec,R
2412,0x10002e000,0x4010c0,R
2413,0x100022000,0x4011fc,R
2414,0x1001d4000,0x401040,R
2415,0x100073000,0x4010b0,R
2416,0x10019c000,0x4011d8,R
2417,0x10001f000,0x401078,R
2418,0x100022000,0x401188,R
2419,0x100197000,0x401098,R
2420,0x1000f2000,0x40105c,R
2421,0x1000f2000,0x4010bc,R
2422,0x10002c000,0x4011e8,R
2423,0x100170000,0x401198,R
2424,0x100075000,0x401080,R
2425,0x100024000,0x40109c,W
2426,0x10002f000,0x4011c4,W
2427,0x10018e000,0x4010bc,R
2428,0x100003000,0x401160,W
2429,0x100016000,0x401040,W
2430,0x1001d8000,0x4010dc,R
2431,0x100004000,0x4010dc,W
2432,0x100008000,0x401078,W
2433,0x100039000,0x401090,R
2434,0x1001c2000,0x4010f8,W
2435,0x1001dc000,0x401068,R
2436,0x100032000,0x401134,R
2437,0x1001e2000,0x4011a8,R
2438,0x100016000,0x4011b8,R
2439,0x100182000,0x4010b4,R
2440,0x100022000,0x401094,R
2441,0x10002d000,0x401088,R
2442,0x10000a000,0x4011ac,R
2443,0x1001c9000,0x4010b0,R
2444,0x10003b000,0x401150,R
2445,0x100002000,0x401188,R
2446,0x10003e000,0x401124,R
2447,0x100051000,0x4011d4,R
2448,0x100026000,0x401184,R
2449,0x10003a000,0x4010d8,R
2450,0x100025000,0x401044,R
2451,0x100036000,0x401140,R
2452,0x100034000,0x401058,R
2453,0x100196000,0x401014,R
2454,0x10010a000,0x4010c4,R
2455,0x1001d1000,0x4010a0,R
2456,0x10008f000,0x4010b4,R
2457,0x100021000,0x4011fc,R
2458,0x100002000,0x4011c4,W
2459,0x100079000,0x40107c,R
2460,0x10001a000,0x4010ec,R
2461,0x10015e000,0x4011f4,R
2462,0x100001000,0x401160,R
2463,0x10003f000,0x4010f4,R
2464,0x100090000,0x4011dc,R
2465,0x100020000,0x401050,W
2466,0x1000a3000,0x401018,R
2467,0x1001dc000,0x40119c,W
2468,0x100011000,0x4011e8,R
2469,0x100033000,0x4010a4,R
2470,0x10002d000,0x401058,R
2471,0x1001c4000,0x40106c,W
2472,0x100194000,0x4011f8,W
2473,0x100024000,0x4011d4,R
2474,0x100153000,0x4010f4,R
2475,0x10018d000,0x40111c,R
2476,0x1001d4000,0x4010c8,R
2477,0x1001e7000,0x401170,R
2478,0x10003d000,0x401088,R
2479,0x1000a6000,0x401198,R
2480,0x10001a000,0x4011c0,R
2481,0x100031000,0x4010d0,R
2482,0x100092000,0x4010f4,R
2483,0x1001df000,0x4010f8,R
2484,0x100030000,0x401140,R
2485,0x100169000,0x4011b0,R
2486,0x100024000,0x401180,W
2487,0x10018c000,0x40104c,R
2488,0x100008000,0x401104,W
2489,0x100032000,0x40108c,W
2490,0x100055000,0x401104,R
2491,0x10001f000,0x401044,W
2492,0x100015000,0x4010b0,R
2493,0x1000b3000,0x4011c8,R
2494,0x1001b9000,0x4011b8,R
2495,0x1001d9000,0x4010c8,R
2496,0x100152000,0x401058,W
2497,0x10000a000,0x401088,W
2498,0x1000ea000,0x401028,R
2499,0x10000d000,0x4011a4,W
2500,0x100155000,0x4010b8,R
2501,0x10000d000,0x4011d4,W
2502,0x1001d9000,0x40113c,R
2503,0x100002000,0x401074,W
2504,0x100033000,0x401184,R
2505,0x100007000,0x401038,W
2506,0x10010d000,0x4011c4,W
2507,0x100037000,0x401010,R
2508,0x10003d000,0x401118,R
2509,0x1001b0000,0x4011e0,R
2510,0x100169000,0x4010ac,R
2511,0x100103000,0x4011b4,R
2512,0x10013a000,0x4011e0,R
2513,0x100010000,0x4010bc,R
2514,0x100174000,0x401060,R
2515,0x1001ad000,0x40116c,R
2516,0x1001ee000,0x401190,R
2517,0x10001e000,0x401050,R
2518,0x1000ef000,0x4010c8,R
2519,0x1000e3000,0x401144,R
2520,0x1001aa000,0x4011ec,R
2521,0x100024000,0x401058,R
2522,0x100091000,0x401118,R
2523,0x100194000,0x40119c,R
2524,0x10002f000,0x4011dc,R
2525,0x10016f000,0x4011e8,R
2526,0x10002f000,0x4010b4,R
2527,0x100020000,0x40104c,R
2528,0x10002c000,0x401038,W
2529,0x100103000,0x401024,R
2530,0x100023000,0x40100c,R
2531,0x100037000,0x40112c,R
2532,0x100036000,0x401000,R
2533,0x100036000,0x401060,R
2534,0x100006000,0x401088,W
2535,0x100015000,0x40111c,R
2536,0x10019a000,0x4010bc,R
2537,0x100007000,0x40101c,W
2538,0x100006000,0x401144,W
2539,0x100064000,0x401038,R
2540,0x10002c000,0x401190,R
2541,0x1001ad000,0x401078,R
2542,0x100195000,0x4010c8,W
2543,0x100008000,0x4010a8,W
2544,0x10009d000,0x40113c,R
2545,0x100191000,0x401114,W
2546,0x1001da000,0x4011d4,R
2547,0x1001df000,0x401020,W
2548,0x10013b000,0x401044,R
2549,0x100039000,0x4010f8,R
2550,0x10003f000,0x401050,R
2551,0x100005000,0x4010cc,W
2552,0x100000000,0x401104,W
2553,0x10003c000,0x4011e8,R
2554,0x100029000,0x4011c8,R
2555,0x10011d000,0x40101c,R
2556,0x100000000,0x401068,W
2557,0x10002f000,0x40107c,R
2558,0x100008000,0x40110c,W
2559,0x10002d000,0x40101c,R
2560,0x100007000,0x4011a8,W
2561,0x100133000,0x401000,R
2562,0x100139000,0x40107c,R
2563,0x100116000,0x401168,R
2564,0x1001c5000,0x401170,R
2565,0x100037000,0x4011ec,W
2566,0x1001ea000,0x4010bc,R
2567,0x100021000,0x4011a0,W
2568,0x1001b6000,0x40104c,R
2569,0x100026000,0x401164,R
2570,0x100028000,0x4010e4,R
2571,0x10002c000,0x401134,R
2572,0x10001d000,0x401110,R
2573,0x100194000,0x401028,R
2574,0x10003b000,0x401050,W
2575,0x100132000,0x4010c8,R
2576,0x100028000,0x4010fc,R
2577,0x1001ff000,0x401178,R
2578,0x1000a4000,0x40100c,R
2579,0x100185000,0x40114c,R
2580,0x100067000,0x4011e0,R
2581,0x1001f9000,0x401144,R
2582,0x100183000,0x401090,R
2583,0x100021000,0x401090,R
2584,0x10002c000,0x4010dc,R
2585,0x10002a000,0x4011f0,R
2586,0x10002a000,0x401184,W
2587,0x10017d000,0x401194,R
2588,0x100038000,0x401138,R
2589,0x10012d000,0x4011e4,R
2590,0x100004000,0x401134,W
2591,0x1001f4000,0x4010a4,R
2592,0x100039000,0x40113c,W
2593,0x10000d000,0x4011cc,W
2594,0x1001d1000,0x4011f0,R
2595,0x1001c7000,0x401074,R
2596,0x100034000,0x40114c,R
2597,0x100000000,0x401194,W
2598,0x10000a000,0x401060,W
2599,0x1001c8000,0x401024,R
2600,0x100024000,0x401154,R
2601,0x10009f000,0x401120,R
2602,0x1001ab000,0x4010f0,R
2603,0x1001f7000,0x40103c,R
2604,0x1001f8000,0x4010cc,R
2605,0x10003e000,0x4010fc,R
2606,0x100004000,0x401130,R
2607,0x1001e6000,0x4011e0,R
2608,0x1001ef000,0x40111c,R
2609,0x100026000,0x4010c0,W
2610,0x100039000,0x401078,R
2611,0x10000f000,0x4010e0,R
2612,0x1001f0000,0x401198,R
2613,0x1001b6000,0x401080,R
2614,0x10006a000,0x40105c,W
2615,0x100010000,0x401174,R
2616,0x100190000,0x40107c,R
2617,0x1001a1000,0x40119c,R
2618,0x100024000,0x40118c,W
2619,0x100175000,0x401048,R
2620,0x1001b3000,0x4010b0,W
2621,0x100024000,0x4010a4,W
2622,0x1001b4000,0x401120,R
2623,0x1000cf000,0x4010b0,R
2624,0x10003f000,0x401174,R
2625,0x100021000,0x4010b0,R
2626,0x100030000,0x401030,R
2627,0x100001000,0x4010bc,R
2628,0x1001a0000,0x4010dc,R
2629,0x10000c000,0x401078,W
2630,0x10008e000,0x4010fc,R
2631,0x10001b000,0x40117c,R
2632,0x100140000,0x4011b4,R
2633,0x1001a0000,0x401088,W
2634,0x10002e000,0x401104,R
2635,0x100000000,0x4010cc,W
2636,0x100101000,0x401194,R
2637,0x1001b8000,0x401038,W
2638,0x100019000,0x4011d8,R
2639,0x10003e000,0x4010ec,R
2640,0x100102000,0x40103c,R
2641,0x10000c000,0x4010dc,R
2642,0x100009000,0x401140,R
2643,0x1001d6000,0x401084,R
2644,0x10003a000,0x4011c8,R
2645,0x100036000,0x4010f0,R
2646,0x10003d000,0x401170,R
2647,0x10001f000,0x401184,R
2648,0x100002000,0x401080,R
2649,0x1001c9000,0x40108c,R
2650,0x1000b8000,0x401074,R
2651,0x10003f000,0x401174,W
2652,0x1001f5000,0x401048,R
2653,0x100015000,0x401150,R
2654,0x100011000,0x40104c,R
2655,0x100022000,0x401180,R
2656,0x100028000,0x401138,R
2657,0x1001a8000,0x401158,R
2658,0x1000c2000,0x4010c0,R
2659,0x100021000,0x401110,R
2660,0x100016000,0x401160,R
2661,0x100007000,0x4010bc,W
2662,0x10001f000,0x401070,R
2663,0x1000a2000,0x4011e0,R
2664,0x100010000,0x40106c,R
2665,0x1001fd000,0x4011e8,R
2666,0x100024000,0x40111c,R
2667,0x100038000,0x401180,R
2668,0x100003000,0x401190,W
2669,0x100118000,0x4010e0,R
2670,0x10018a000,0x4010d4,R
2671,0x100010000,0x401154,R
2672,0x100018000,0x401160,R
2673,0x100033000,0x40114c,W
2674,0x10002c000,0x401190,R
2675,0x100032000,0x40108c,R
2676,0x10002d000,0x40103c,R
2677,0x1001b5000,0x4010a0,R
2678,0x1001c7000,0x4011e0,R
2679,0x10007f000,0x4011d4,R
2680,0x100015000,0x4010cc,R
2681,0x100024000,0x401068,R
2682,0x1001c1000,0x4011d0,R
2683,0x1000c1000,0x4011c8,R
2684,0x1001e2000,0x401000,W
2685,0x1001b3000,0x4010e8,R
2686,0x1000f4000,0x4010e0,W
2687,0x100025000,0x401158,R
2688,0x1000c5000,0x4011ac,R
2689,0x10003c000,0x40107c,R
2690,0x100037000,0x401088,R
2691,0x10005e000,0x401050,W
2692,0x100021000,0x401150,R
2693,0x100005000,0x401014,W
2694,0x100029000,0x401198,R
2695,0x100035000,0x401090,R
2696,0x100001000,0x40105c,W
2697,0x1001ab000,0x4011c8,R
2698,0x100031000,0x401024,R
2699,0x100028000,0x401058,R
2700,0x1001e6000,0x4011d8,R
2701,0x100055000,0x4011b0,R
2702,0x100004000,0x401010,W
2703,0x1001a2000,0x4011a8,R
2704,0x100022000,0x40116c,W
2705,0x1001c1000,0x401178,R
2706,0x10007a000,0x40110c,R
2707,0x100004000,0x4010d4,W
2708,0x1001cf000,0x401118,R
2709,0x100198000,0x401194,R
2710,0x10001d000,0x401138,W
2711,0x100082000,0x4010d0,W
2712,0x1000b6000,0x401140,R
2713,0x1000b6000,0x40105c,R
2714,0x10001c000,0x401080,R
2715,0x10002a000,0x401178,W
2716,0x10003c000,0x4011a0,R
2717,0x100031000,0x401164,R
2718,0x100004000,0x40117c,W
2719,0x10003b000,0x401150,R
2720,0x100191000,0x4011a4,R
2721,0x1001bd000,0x40111c,R
2722,0x10018d000,0x401098,R
2723,0x100188000,0x401120,R
2724,0x1000ee000,0x401174,R
2725,0x10001b000,0x401004,R
2726,0x10002c000,0x40115c,R
2727,0x100161000,0x401078,R
2728,0x10002f000,0x4011a8,R
2729,0x10002c000,0x401050,R
2730,0x1001ec000,0x401198,R
2731,0x1001df000,0x401130,R
2732,0x100193000,0x4010ec,R
2733,0x100071000,0x401044,R
2734,0x100008000,0x4011c0,W
2735,0x100021000,0x4011cc,R
2736,0x100039000,0x401054,R
2737,0x100195000,0x4011a8,R
2738,0x1001ac000,0x401128,R
2739,0x100107000,0x4010c8,R
2740,0x1001fd000,0x4011ac,R
2741,0x100000000,0x4011b4,W
2742,0x10001c000,0x4010a4,R
2743,0x10000b000,0x401080,W
2744,0x10000b000,0x401068,W
2745,0x10000a000,0x401148,W
2746,0x10003d000,0x401050,W
2747,0x10013f000,0x401174,R
2748,0x1000a6000,0x401020,R
2749,0x100032000,0x40106c,R
2750,0x10003a000,0x401130,R
2751,0x100076000,0x401028,R
2752,0x1001c4000,0x401148,R
2753,0x10003b000,0x401128,W
2754,0x10003f000,0x401100,W
2755,0x100188000,0x4010ec,W
2756,0x1001d2000,0x401144,R
2757,0x1001c7000,0x4011ac,W
2758,0x100026000,0x401130,R
2759,0x10001f000,0x401100,R
2760,0x1001f6000,0x4010a4,R
2761,0x100006000,0x4010c0,W
2762,0x100036000,0x401028,R
2763,0x1001be000,0x4011ec,W
2764,0x10001c000,0x401198,R
2765,0x1001f7000,0x401110,R
2766,0x100019000,0x4010d4,R
2767,0x10000d000,0x4011ec,W
2768,0x100022000,0x401060,R
2769,0x100020000,0x40106c,R
2770,0x10000d000,0x4010d0,W
2771,0x1001a7000,0x401170,R
2772,0x100012000,0x4010bc,R
2773,0x1001f5000,0x40109c,R
2774,0x10019d000,0x401098,W
2775,0x100005000,0x4011fc,W
2776,0x100094000,0x40118c,R
2777,0x100032000,0x4011f8,R
2778,0x10001f000,0x401058,R
2779,0x1000aa000,0x401090,R
2780,0x100014000,0x401108,R
2781,0x100021000,0x401078,R
2782,0x1001c2000,0x401154,R
2783,0x100002000,0x4010d4,W
2784,0x10002e000,0x401164,R
2785,0x10018c000,0x401134,R
2786,0x100026000,0x40107c,R
2787,0x1001f8000,0x4010a8,R
2788,0x10000d000,0x401074,W
2789,0x100150000,0x4010bc,R
2790,0x1001ea000,0x40117c,R
2791,0x10001e000,0x401088,R
2792,0x10001e000,0x401034,R
2793,0x1001ef000,0x40111c,W
2794,0x10012a000,0x4011b0,R
2795,0x100032000,0x401040,R
2796,0x10018e000,0x401094,R
2797,0x100031000,0x401024,R
2798,0x10013c000,0x4010ac,R
2799,0x100025000,0x401058,R
2800,0x100022000,0x401000,R
2801,0x1001f5000,0x401188,R
2802,0x100038000,0x40107c,R
2803,0x1001ad000,0x4010c4,R
2804,0x100032000,0x401020,R
2805,0x10002f000,0x401110,W
2806,0x100092000,0x401088,R
2807,0x100025000,0x40109c,R
2808,0x100039000,0x40112c,W
2809,0x1001d5000,0x4010f8,R
2810,0x100010000,0x401104,W
2811,0x10001b000,0x401004,W
2812,0x100122000,0x4011d0,R
2813,0x1001c8000,0x40111c,R
2814,0x10001c000,0x401174,R
2815,0x10005a000,0x4011fc,R
2816,0x10001c000,0x4010d8,R
2817,0x10000d000,0x4011e8,W
2818,0x10017a000,0x401068,R
2819,0x100012000,0x40106c,R
2820,0x100027000,0x40114c,R
2821,0x100036000,0x4010fc,R
2822,0x10003a000,0x4010ac,W
2823,0x100007000,0x4010d0,W
2824,0x100035000,0x401084,R
2825,0x10001d000,0x4010b4,R
2826,0x1001cc000,0x4011e0,R
2827,0x100073000,0x401114,R
2828,0x1001e2000,0x401180,R
2829,0x1001de000,0x4011e4,R
2830,0x100046000,0x4010ac,R
2831,0x1001da000,0x4010ac,R
2832,0x10003d000,0x40118c,W
2833,0x100066000,0x401008,W
2834,0x10001d000,0x401094,R
2835,0x100011000,0x401168,R
2836,0x100038000,0x401050,R
2837,0x10000a000,0x401120,R
2838,0x10016c000,0x4010a0,R
2839,0x10002c000,0x4010c8,R
2840,0x100191000,0x401014,R
2841,0x100034000,0x40107c,R
2842,0x100039000,0x4010c0,R
2843,0x100017000,0x4010c8,R
2844,0x10000e000,0x401134,W
2845,0x100077000,0x4011ec,R
2846,0x100181000,0x401194,R
2847,0x100006000,0x40111c,W
2848,0x100022000,0x40119c,R
2849,0x1000b1000,0x4011e0,R
2850,0x10000c000,0x401198,R
2851,0x10001c000,0x401118,R
2852,0x10003a000,0x401118,R
2853,0x100026000,0x4010a8,W
2854,0x100029000,0x4010c0,R
2855,0x1001ad000,0x4011b8,R
2856,0x1000a6000,0x401198,R
2857,0x100036000,0x40116c,W
2858,0x1001bd000,0x40113c,R
2859,0x100023000,0x401058,R
2860,0x10006d000,0x401064,W
2861,0x100188000,0x4010f4,R
2862,0x100024000,0x40110c,R
2863,0x100160000,0x4010f0,R
2864,0x10001b000,0x401038,W
2865,0x100086000,0x40116c,R
2866,0x100193000,0x401108,R
2867,0x10000a000,0x401030,W
2868,0x100015000,0x4010e8,R
2869,0x100194000,0x401114,R
2870,0x100001000,0x401114,W
2871,0x100007000,0x4010d8,R
2872,0x10000c000,0x401118,W
2873,0x1001e7000,0x40103c,R
2874,0x1001cb000,0x401090,R
2875,0x100027000,0x40117c,R
2876,0x10003d000,0x40112c,R
2877,0x100195000,0x4010d8,W
2878,0x100157000,0x4010c8,R
2879,0x100013000,0x40111c,R
2880,0x100026000,0x4011a8,R
2881,0x10018f000,0x4010d0,W
2882,0x10001f000,0x401088,R
2883,0x1001a7000,0x40114c,R
2884,0x100180000,0x4011dc,R
2885,0x100027000,0x40100c,R
2886,0x100123000,0x4010f8,R
2887,0x100005000,0x4011c4,R
2888,0x100073000,0x401160,R
2889,0x100010000,0x40116c,R
2890,0x10003e000,0x40104c,R
2891,0x1001f4000,0x401060,R
2892,0x100017000,0x4011f4,R
2893,0x100028000,0x401160,W
2894,0x100021000,0x401078,R
2895,0x100005000,0x40113c,R
2896,0x100005000,0x4010f8,W
2897,0x10000b000,0x4011d8,W
2898,0x100014000,0x4011b8,R
2899,0x10001d000,0x4011b8,R
2900,0x10002f000,0x401184,R
2901,0x100004000,0x4010d4,W
2902,0x100038000,0x401180,W
2903,0x10003f000,0x40103c,R
2904,0x100013000,0x401088,R
2905,0x1001cf000,0x401104,R
2906,0x1000e3000,0x401020,R
2907,0x100030000,0x4010ec,R
2908,0x10001d000,0x4011f4,W
2909,0x100154000,0x40117c,R
2910,0x100006000,0x401028,R
2911,0x10001f000,0x40102c,R
2912,0x10001e000,0x4011f4,W
2913,0x100012000,0x40104c,W
2914,0x1001b8000,0x40109c,R
2915,0x100025000,0x401118,W
2916,0x1000f5000,0x4010a0,R
2917,0x1001fc000,0x401044,R
2918,0x10001b000,0x401004,R
2919,0x100163000,0x4010e4,R
2920,0x100196000,0x401110,R
2921,0x1000d8000,0x401030,R
2922,0x100035000,0x401160,R
2923,0x1001b6000,0x40110c,R
2924,0x1001c9000,0x4011c0,R
2925,0x100008000,0x401038,R
2926,0x10018a000,0x40110c,R
2927,0x100035000,0x4010e8,R
2928,0x100190000,0x401080,R
2929,0x10005b000,0x4011dc,R
2930,0x1001e2000,0x401080,W
2931,0x10000e000,0x4010e4,R
2932,0x100039000,0x401088,R
2933,0x100184000,0x4011b8,R
2934,0x100129000,0x401018,W
2935,0x100016000,0x40108c,R
2936,0x1000b7000,0x4010f4,R
2937,0x1000a7000,0x401164,W
2938,0x100001000,0x40113c,W
2939,0x100026000,0x40101c,R
2940,0x100008000,0x401048,W
2941,0x10000a000,0x40104c,W
2942,0x1001e8000,0x4010f4,R
2943,0x100065000,0x4011d4,R
2944,0x100036000,0x40113c,W
2945,0x100190000,0x401064,R
2946,0x10002a000,0x401118,R
2947,0x100021000,0x401194,R
2948,0x100197000,0x401114,W
2949,0x10003d000,0x401090,R
2950,0x1001d6000,0x401198,R
2951,0x1001fc000,0x401178,R
2952,0x100146000,0x4011e4,W
2953,0x100028000,0x4011d8,R
2954,0x100020000,0x401054,R
2955,0x1001c6000,0x4011a4,R
2956,0x10003a000,0x401068,R
2957,0x10000a000,0x4010e4,W
2958,0x1001ad000,0x401074,R
2959,0x10017d000,0x4011cc,R
2960,0x100063000,0x4011a4,R
2961,0x100199000,0x401158,W
2962,0x10015d000,0x40114c,W
2963,0x100044000,0x401128,R
2964,0x10007f000,0x401174,R
2965,0x1001c0000,0x4010f4,R
2966,0x10002f000,0x4011bc,R
2967,0x100036000,0x4011cc,R
2968,0x100116000,0x40112c,R
2969,0x1001ed000,0x40110c,R
2970,0x100031000,0x401124,R
2971,0x1001b0000,0x4010e0,R
2972,0x1001c5000,0x401088,R
2973,0x1001af000,0x40105c,R
2974,0x10002d000,0x401070,R
2975,0x10002c000,0x401000,R
2976,0x1001a3000,0x401040,R
2977,0x1001bf000,0x401140,R
2978,0x10002a000,0x401078,R
2979,0x100029000,0x401020,R
2980,0x1001f0000,0x401160,R
2981,0x10001c000,0x4010b8,R
2982,0x10000a000,0x4011c8,W
2983,0x100022000,0x4010f8,W
2984,0x100179000,0x4010d4,W
2985,0x100009000,0x401120,W
2986,0x100024000,0x4011f0,R
2987,0x100025000,0x4010a4,W
2988,0x1001eb000,0x40114c,R
2989,0x10003e000,0x401190,W
2990,0x100034000,0x4011f0,W
2991,0x100029000,0x4011e8,R
2992,0x100015000,0x401100,R
2993,0x10013b000,0x4010ec,R
2994,0x100006000,0x4011c4,W
2995,0x10003e000,0x4010b8,W
2996,0x10018b000,0x40103c,R
2997,0x10002b000,0x40113c,R
2998,0x10000a000,0x4010d0,W
2999,0x100018000,0x40108c,R
3000,0x100022000,0x401104,R
3001,0x100107000,0x4011c0,R
3002,0x1001cd000,0x401140,R
3003,0x1001f8000,0x4011ec,R
3004,0x10000b000,0x40105c,W
3005,0x1000b4000,0x4010fc,R
3006,0x100019000,0x401074,R
3007,0x100012000,0x401054,R
3008,0x1000c9000,0x4010b4,R
3009,0x10002a000,0x401104,R
3010,0x1001d5000,0x4011f8,R
3011,0x100011000,0x40105c,R
3012,0x100033000,0x401054,R
3013,0x10009f000,0x4010d8,W
3014,0x100005000,0x4010e4,W
3015,0x100019000,0x401060,R
3016,0x10003e000,0x401160,W
3017,0x1001b0000,0x4010c4,R
3018,0x10000e000,0x401184,R
3019,0x10018e000,0x4011d0,W
3020,0x100172000,0x401030,W
3021,0x100022000,0x401004,R
3022,0x1001f4000,0x401100,R
3023,0x100049000,0x401164,R
3024,0x1001a5000,0x40104c,R
3025,0x10000e000,0x401180,W
3026,0x100126000,0x4010f4,R
3027,0x1001f2000,0x401164,W
3028,0x100190000,0x401050,R
3029,0x100038000,0x401104,R
3030,0x10002a000,0x40105c,R
3031,0x10002b000,0x40109c,R
3032,0x100166000,0x401048,R
3033,0x1001be000,0x4010d0,R
3034,0x10000c000,0x4011c8,W
3035,0x1000ed000,0x4010b0,R
3036,0x100013000,0x401070,R
3037,0x100004000,0x4010b4,W
3038,0x1001c4000,0x40112c,R
3039,0x10015d000,0x401080,R
3040,0x100016000,0x4010e8,R
3041,0x1001f2000,0x401028,R
3042,0x100029000,0x40104c,R
3043,0x100049000,0x401038,W
3044,0x1001f1000,0x401128,R
3045,0x100026000,0x401198,R
3046,0x1001b9000,0x40105c,R
3047,0x100173000,0x40117c,R
3048,0x100194000,0x401030,R
3049,0x100013000,0x401158,W
3050,0x100016000,0x4010b4,R
3051,0x100037000,0x40110c,R
3052,0x1001b5000,0x401000,R
3053,0x10003e000,0x401154,R
3054,0x100135000,0x401060,R
3055,0x100002000,0x401174,W
3056,0x10003b000,0x4010b4,W
3057,0x100021000,0x4011a4,R
3058,0x10019c000,0x401170,R
3059,0x10001c000,0x40104c,R
3060,0x1000b2000,0x4011e4,R
3061,0x100015000,0x4010b4,R
3062,0x100035000,0x401028,R
3063,0x10000b000,0x401184,W
3064,0x100180000,0x401048,W
3065,0x1001ac000,0x401128,R
3066,0x10006e000,0x401028,R
3067,0x10001b000,0x401030,R
3068,0x100017000,0x40109c,W
3069,0x100006000,0x4011dc,W
3070,0x1001ba000,0x401058,R
3071,0x1001b4000,0x401020,R
3072,0x10019e000,0x401148,W
3073,0x100015000,0x40101c,W
3074,0x100016000,0x401054,R
3075,0x10002e000,0x4010c4,W
3076,0x100180000,0x4011b8,R
3077,0x10003c000,0x401024,W
3078,0x10003a000,0x401048,R
3079,0x100022000,0x401130,R
3080,0x1000e3000,0x40118c,R
3081,0x10001b000,0x401178,R
3082,0x1000c2000,0x4010f8,R
3083,0x100026000,0x401050,R
3084,0x10000b000,0x401114,W
3085,0x1001fa000,0x4011d4,W
3086,0x100126000,0x4011a4,R
3087,0x1001fb000,0x401180,R
3088,0x10001c000,0x401000,R
3089,0x1001cd000,0x4011e4,W
3090,0x10001d000,0x401174,W
3091,0x100033000,0x401190,R
3092,0x100017000,0x401074,R
3093,0x10001a000,0x401168,R
3094,0x100029000,0x4010dc,R
3095,0x100026000,0x401124,R
3096,0x100025000,0x4010e8,R
3097,0x1001dc000,0x40107c,R
3098,0x10019f000,0x4011c0,R
3099,0x10003b000,0x40100c,R
3100,0x100038000,0x401038,R
3101,0x100003000,0x40104c,W
3102,0x100000000,0x401074,W
3103,0x100005000,0x401134,W
3104,0x10003e000,0x401028,R
3105,0x1001d2000,0x4010fc,R
3106,0x10003a000,0x401040,R
3107,0x10002b000,0x4011e0,R
3108,0x100061000,0x401020,R
3109,0x100017000,0x4011f8,R
3110,0x1000b1000,0x401014,R
3111,0x100016000,0x4011ec,R
3112,0x1001a4000,0x4011a8,W
3113,0x1000e9000,0x4010a4,R
3114,0x1000ed000,0x4011dc,R
3115,0x100025000,0x4010f0,R
3116,0x1000ac000,0x401068,R
3117,0x10001d000,0x4011cc,R
3118,0x1001f3000,0x401038,R
3119,0x1001e6000,0x40111c,R
3120,0x1001b6000,0x4010a8,R
3121,0x10000c000,0x40102c,W
3122,0x1001e3000,0x401100,R
3123,0x1001e1000,0x401014,R
3124,0x10013d000,0x401128,R
3125,0x1001a9000,0x4010f0,R
3126,0x100021000,0x401184,R
3127,0x100181000,0x401074,R
3128,0x1001af000,0x401074,R
3129,0x100190000,0x4010c8,R
3130,0x10000e000,0x401198,W
3131,0x100001000,0x4011d8,W
3132,0x10002a000,0x4011b4,R
3133,0x1001d1000,0x4011a8,R
3134,0x10003a000,0x401188,W
3135,0x10002c000,0x401110,R
3136,0x100073000,0x4010ac,R
3137,0x10008f000,0x4010f8,R
3138,0x100034000,0x40111c,R
3139,0x100038000,0x401028,W
3140,0x10003d000,0x401120,R
3141,0x100010000,0x401090,W
3142,0x1000a9000,0x4010a4,R
3143,0x100011000,0x401134,R
3144,0x100014000,0x4010bc,R
3145,0x10002f000,0x40117c,R
3146,0x100102000,0x401144,R
3147,0x10018d000,0x40118c,R
3148,0x100010000,0x401100,R
3149,0x1001f1000,0x401090,R
3150,0x1001e1000,0x401114,W
3151,0x1001d7000,0x4010fc,R
3152,0x100194000,0x4011ac,R
3153,0x100020000,0x401058,R
3154,0x10001f000,0x4011ac,R
3155,0x100187000,0x401078,W
3156,0x100090000,0x40106c,R
3157,0x100032000,0x401094,R
3158,0x10018c000,0x4010d0,R
3159,0x1001c1000,0x401140,R
3160,0x1001f3000,0x401140,W
3161,0x100036000,0x401170,R
3162,0x1001fd000,0x4010b8,R
3163,0x1001a5000,0x401154,W
3164,0x1001e3000,0x401040,R
3165,0x1001d6000,0x4011d8,R
3166,0x100007000,0x401144,R
3167,0x1001ea000,0x4010a4,R
3168,0x1001e7000,0x4011f8,R
3169,0x10018e000,0x401074,R
3170,0x100029000,0x401198,R
3171,0x10012d000,0x40119c,R
3172,0x10002f000,0x401118,R
3173,0x100020000,0x401024,R
3174,0x100026000,0x401100,R
3175,0x10004a000,0x401004,R
3176,0x10003d000,0x4011e0,R
3177,0x100186000,0x4010a0,R
3178,0x100029000,0x4010cc,R
3179,0x1001b3000,0x40118c,R
3180,0x10000a000,0x4011d4,W
3181,0x1001ad000,0x4010c4,R
3182,0x10003d000,0x401108,R
3183,0x100027000,0x401188,R
3184,0x100108000,0x40101c,R
3185,0x10000a000,0x4011f0,W
3186,0x1001df000,0x4011c4,R
3187,0x1000fd000,0x4011a0,R
3188,0x100015000,0x4010fc,R
3189,0x1001f2000,0x40119c,R
3190,0x10002d000,0x401028,W
3191,0x100024000,0x401074,R
3192,0x1000e6000,0x401120,R
3193,0x100099000,0x4010fc,R
3194,0x10002e000,0x401080,R
3195,0x100103000,0x40106c,R
3196,0x100003000,0x4010f0,W
3197,0x100024000,0x401008,R
3198,0x100028000,0x4011d8,R
3199,0x10007d000,0x4011d0,R
3200,0x10001e000,0x40104c,W
3201,0x1001b8000,0x401158,R
3202,0x10001f000,0x40108c,W
3203,0x100002000,0x4010e4,W
3204,0x10001f000,0x4010f4,R
3205,0x10010b000,0x4010a4,R
3206,0x10002a000,0x4010f0,R
3207,0x10000b000,0x401064,W
3208,0x100021000,0x4011d8,R
3209,0x100014000,0x401098,R
3210,0x1001ad000,0x401014,R
3211,0x1001c0000,0x4011b0,R
3212,0x100016000,0x401194,R
3213,0x100013000,0x401160,R
3214,0x10003f000,0x401010,R
3215,0x10003b000,0x4010b0,R
3216,0x100029000,0x4011f4,R
3217,0x100010000,0x4011bc,R
3218,0x100036000,0x4010d4,R
3219,0x100058000,0x4010ac,R
3220,0x100031000,0x40112c,R
3221,0x100031000,0x401174,R
3222,0x10002a000,0x401020,R
3223,0x1001d4000,0x4010d8,R
3224,0x10003c000,0x4011f4,W
3225,0x10003b000,0x4011bc,W
3226,0x100199000,0x4011d4,R
3227,0x1001ba000,0x401014,R
3228,0x100005000,0x401020,R
3229,0x100036000,0x4011c4,R
3230,0x10001c000,0x401070,R
3231,0x1001b0000,0x4010a4,R
3232,0x10000d000,0x40112c,R
3233,0x100004000,0x401144,W
3234,0x100022000,0x40105c,R
3235,0x1000bb000,0x401094,R
3236,0x10001d000,0x4011b0,R
3237,0x10001e000,0x4011c0,R
3238,0x10000b000,0x401168,W
3239,0x100198000,0x40101c,R
3240,0x100178000,0x40115c,R
3241,0x10003e000,0x401040,W
3242,0x10000f000,0x40115c,W
3243,0x10003e000,0x401038,W
3244,0x1001c9000,0x401074,R
3245,0x10014b000,0x401068,R
3246,0x10000c000,0x401030,W
3247,0x100000000,0x40112c,W
3248,0x100037000,0x4010f4,R
3249,0x1001d2000,0x4010ec,R
3250,0x100149000,0x4011ac,R
3251,0x100030000,0x401170,W
3252,0x100007000,0x401084,R
3253,0x100022000,0x40112c,R
3254,0x10000f000,0x4010c8,W
3255,0x10000a000,0x401158,W
3256,0x1000af000,0x4011d8,R
3257,0x100134000,0x4010a4,W
3258,0x1001c9000,0x4011f0,R
3259,0x100001000,0x401090,W
3260,0x100045000,0x401000,R
3261,0x1001c0000,0x40112c,R
3262,0x10002f000,0x401124,R
3263,0x100012000,0x4010ec,R
3264,0x10018e000,0x4010e8,R
3265,0x1001b0000,0x40113c,R
3266,0x100068000,0x40111c,W
3267,0x100007000,0x4010e8,R
3268,0x10000d000,0x401010,W
3269,0x100013000,0x401084,R
3270,0x10003a000,0x4011c8,R
3271,0x100027000,0x4010ac,R
3272,0x10003b000,0x40112c,R
3273,0x100001000,0x401028,W
3274,0x100096000,0x4011a0,R
3275,0x1000f0000,0x401138,R
3276,0x100003000,0x40110c,R
3277,0x100015000,0x4010c0,R
3278,0x100068000,0x4011a4,R
3279,0x10002d000,0x4011a4,R
3280,0x100104000,0x401088,R
3281,0x1001e5000,0x4011dc,R
3282,0x10003f000,0x4011fc,R
3283,0x1001ee000,0x4010ac,R
3284,0x10013f000,0x4011fc,R
3285,0x100018000,0x401050,R
3286,0x10002b000,0x401030,R
3287,0x10003b000,0x401154,R
3288,0x100015000,0x4011d8,W
3289,0x100023000,0x4011b8,R
3290,0x10001d000,0x401194,R
3291,0x1001ac000,0x401138,W
3292,0x100024000,0x401100,R
3293,0x10000d000,0x401174,R
3294,0x100018000,0x4010a0,W
3295,0x1000dd000,0x401054,R
3296,0x1001c7000,0x4011ec,R
3297,0x100024000,0x401128,W
3298,0x10003a000,0x40102c,R
3299,0x100007000,0x4010dc,R
3300,0x100008000,0x4010b8,R
3301,0x10017f000,0x401058,R
3302,0x100038000,0x4010c0,R
3303,0x1001e7000,0x4010d4,R
3304,0x100025000,0x401114,W
3305,0x1001df000,0x4011c4,W
3306,0x10001f000,0x401108,W
3307,0x100112000,0x401014,R
3308,0x100003000,0x401094,W
3309,0x100004000,0x4010a4,W
3310,0x1001e2000,0x401014,W
3311,0x10002e000,0x4011f4,R
3312,0x1000b0000,0x401140,R
3313,0x1001ca000,0x4010c0,R
3314,0x100051000,0x401024,R
3315,0x1001d8000,0x401050,R
3316,0x100177000,0x4011fc,R
3317,0x1000f1000,0x401148,W
3318,0x100024000,0x4010ac,W
3319,0x1000c1000,0x40100c,R
3320,0x100032000,0x401194,R
3321,0x100034000,0x401190,W
3322,0x10001d000,0x40106c,R
3323,0x100020000,0x401164,R
3324,0x100026000,0x4011a4,R
3325,0x1001fc000,0x4010f4,R
3326,0x10003a000,0x4010e0,R
3327,0x100020000,0x4010b8,R
3328,0x1001d1000,0x401164,R
3329,0x100019000,0x401060,R
3330,0x10001b000,0x401120,R
3331,0x100000000,0x4011c0,W
3332,0x10001b000,0x40106c,W
3333,0x100039000,0x4010a4,R
3334,0x1001d5000,0x401104,W
3335,0x10003b000,0x4011f0,W
3336,0x100012000,0x4010f4,R
3337,0x100020000,0x401020,R
3338,0x10003d000,0x4010d4,W
3339,0x10000f000,0x4010d8,R
3340,0x10010e000,0x4011d8,R
3341,0x1001b6000,0x4011e0,R
3342,0x100182000,0x4011b8,R
3343,0x10000b000,0x401030,R
3344,0x10018b000,0x4010b4,R
3345,0x10000d000,0x401058,W
3346,0x100008000,0x4011b0,W
3347,0x100190000,0x40108c,R
3348,0x10000e000,0x4010b4,W
3349,0x100034000,0x401078,R
3350,0x100014000,0x40102c,R
3351,0x100053000,0x401058,W
3352,0x1001db000,0x4010a4,R
3353,0x100010000,0x4010e8,R
3354,0x100011000,0x401194,R
3355,0x10002f000,0x40114c,R
3356,0x10000c000,0x4010e8,W
3357,0x10001c000,0x4010f0,R
3358,0x100033000,0x4010b0,R
3359,0x100004000,0x401134,R
3360,0x1001ab000,0x401040,R
3361,0x100160000,0x401140,R
3362,0x10015f000,0x401158,R
3363,0x100015000,0x40112c,R
3364,0x1001ad000,0x4010f0,R
3365,0x100019000,0x4011f4,R
3366,0x100141000,0x4010a8,R
3367,0x10005c000,0x4011d4,R
3368,0x10002c000,0x401140,W
3369,0x100014000,0x4010c0,R
3370,0x100055000,0x401030,R
3371,0x100140000,0x401038,R
3372,0x10001a000,0x401050,R
3373,0x100010000,0x401100,R
3374,0x100136000,0x40103c,W
3375,0x100181000,0x401114,R
3376,0x10001f000,0x4010b4,R
3377,0x100036000,0x40101c,W
3378,0x100015000,0x401044,R
3379,0x100038000,0x401154,R
3380,0x100026000,0x4010e8,R
3381,0x100043000,0x401008,R
3382,0x100000000,0x4011a4,W
3383,0x100027000,0x401164,R
3384,0x1001f5000,0x401190,W
3385,0x100024000,0x401180,R
3386,0x100088000,0x401114,R
3387,0x10003d000,0x401148,R
3388,0x1001a6000,0x401030,R
3389,0x10019b000,0x401078,R
3390,0x100030000,0x4010dc,R
3391,0x100036000,0x401188,R
3392,0x100005000,0x4011b8,W
3393,0x100024000,0x4011bc,R
3394,0x10002d000,0x40106c,R
3395,0x10001a000,0x40100c,W
3396,0x10007f000,0x40111c,R
3397,0x100036000,0x401110,R
3398,0x10000b000,0x401190,W
3399,0x100012000,0x401100,R
3400,0x100091000,0x401170,R
3401,0x10003a000,0x40118c,R
3402,0x100169000,0x401020,R
3403,0x1001b1000,0x4010c4,R
3404,0x100018000,0x4011c8,R
3405,0x100021000,0x4010ec,R
3406,0x100004000,0x401098,W
3407,0x1001fd000,0x4011c4,R
3408,0x100035000,0x40101c,R
3409,0x10002e000,0x4011f8,R
3410,0x10003c000,0x401104,R
3411,0x100147000,0x401000,R
3412,0x1001fe000,0x4011a0,R
3413,0x10004b000,0x401048,W
3414,0x10011f000,0x401150,R
3415,0x10002b000,0x401168,R
3416,0x10001d000,0x4011f0,R
3417,0x100003000,0x401150,R
3418,0x1001ed000,0x401094,R
3419,0x100188000,0x4010ac,R
3420,0x100005000,0x4010fc,W
3421,0x100019000,0x401144,R
3422,0x1000cc000,0x4010e8,R
3423,0x1001fd000,0x4010b8,R
3424,0x100000000,0x4010b8,R
3425,0x10018a000,0x4010b8,R
3426,0x100190000,0x4011cc,R
3427,0x100008000,0x4010a4,W
3428,0x10001b000,0x401100,R
3429,0x1001e7000,0x401038,R
3430,0x1001f9000,0x4010cc,R
3431,0x100099000,0x401100,R
3432,0x100009000,0x4011a8,W
3433,0x10002b000,0x4011c0,R
3434,0x1001fc000,0x4010bc,R
3435,0x1001ff000,0x4010a0,R
3436,0x10003e000,0x401120,W
3437,0x100016000,0x4010d8,W
3438,0x100005000,0x4010a8,R
3439,0x1000fe000,0x4010ac,R
3440,0x100033000,0x401098,R
3441,0x100007000,0x4011a8,W
3442,0x10019a000,0x401018,R
3443,0x10018f000,0x401024,R
3444,0x1001d6000,0x401084,W
3445,0x1000d5000,0x4010d0,R
3446,0x1001c8000,0x401100,R
3447,0x100011000,0x4010e4,R
3448,0x10001d000,0x4010d0,R
3449,0x10003c000,0x401138,W
3450,0x100018000,0x4010bc,R
3451,0x100002000,0x401048,W
3452,0x100038000,0x4010f0,R
3453,0x100019000,0x4011a4,R
3454,0x1001cf000,0x40119c,R
3455,0x100028000,0x401140,R
3456,0x1001d9000,0x4011c8,R
3457,0x100032000,0x401098,R
3458,0x10003f000,0x4010fc,R
3459,0x10003c000,0x401004,R
3460,0x100010000,0x4010fc,W
3461,0x10003e000,0x401118,R
3462,0x100036000,0x4011a8,W
3463,0x100023000,0x401148,W
3464,0x1001ef000,0x4010d0,R
3465,0x100187000,0x4011d4,R
3466,0x1001dc000,0x401108,R
3467,0x100030000,0x401188,R
3468,0x100031000,0x40100c,R
3469,0x100036000,0x401174,R
3470,0x1001f5000,0x401034,R
3471,0x100021000,0x401160,R
3472,0x10003c000,0x40116c,R
3473,0x100005000,0x40117c,R
3474,0x10007c000,0x4010c8,W
3475,0x10018c000,0x401174,W
3476,0x100023000,0x401090,R
3477,0x100040000,0x401090,R
3478,0x10000b000,0x401188,W
3479,0x100000000,0x40114c,W
3480,0x1000d4000,0x4011ac,R
3481,0x10002a000,0x401068,R
3482,0x100182000,0x401194,W
3483,0x100038000,0x4010e0,R
3484,0x100189000,0x401128,R
3485,0x10000e000,0x401030,W
3486,0x1001cb000,0x40119c,R
3487,0x100059000,0x4010c0,W
3488,0x1000de000,0x401004,R
3489,0x1001cb000,0x401000,W
3490,0x10000f000,0x401184,W
3491,0x100021000,0x401070,R
3492,0x100013000,0x401010,R
3493,0x100031000,0x401128,R
3494,0x100001000,0x40109c,W
3495,0x100011000,0x4011f8,W
3496,0x100187000,0x4010a0,R
3497,0x100038000,0x401120,W
3498,0x1001a5000,0x4010c0,R
3499,0x100020000,0x40119c,R
3500,0x100031000,0x40101c,W
3501,0x1001aa000,0x401110,R
3502,0x1001fd000,0x4010a8,R
3503,0x100014000,0x40116c,R
3504,0x100025000,0x4010d4,W
3505,0x10000a000,0x401158,R
3506,0x100023000,0x4010fc,R
3507,0x10004b000,0x4011f8,R
3508,0x100069000,0x4011d4,R
3509,0x10003a000,0x40109c,R
3510,0x1000df000,0x401018,R
3511,0x100010000,0x4011d8,R
3512,0x1001b4000,0x401080,R
3513,0x1001d4000,0x4011dc,R
3514,0x10011f000,0x4010a4,R
3515,0x10001c000,0x4011d0,W
3516,0x100024000,0x401054,R
3517,0x100186000,0x401010,R
3518,0x100170000,0x401010,R
3519,0x100007000,0x401034,W
3520,0x1000e2000,0x4011c4,R
3521,0x10003e000,0x401160,W
3522,0x100026000,0x401018,W
3523,0x10001d000,0x401080,R
3524,0x100181000,0x401134,R
3525,0x1001d6000,0x40103c,R
3526,0x100037000,0x401138,R
3527,0x10019d000,0x40108c,R
3528,0x100034000,0x401030,R
3529,0x10000a000,0x4011bc,W
3530,0x100189000,0x4011f8,R
3531,0x10009b000,0x4011f4,R
3532,0x1001e7000,0x40103c,R
3533,0x100035000,0x401064,R
3534,0x10013c000,0x4010c0,W
3535,0x10003e000,0x40114c,R
3536,0x100025000,0x401074,R
3537,0x100164000,0x4010d8,R
3538,0x10001a000,0x40112c,R
3539,0x1001fa000,0x4010d4,R
3540,0x10000c000,0x4011dc,R
3541,0x1001c4000,0x4011e0,R
3542,0x1001d2000,0x40106c,R
3543,0x10016e000,0x4011f4,R
3544,0x100015000,0x401030,R
3545,0x10002c000,0x40118c,R
3546,0x1001e3000,0x401094,R
3547,0x100002000,0x4011a0,R
3548,0x1001bd000,0x4010b8,R
3549,0x100011000,0x401070,R
3550,0x100036000,0x4011c4,R
3551,0x100021000,0x401190,R
3552,0x10001f000,0x4011a4,R
3553,0x100070000,0x401040,R
3554,0x100039000,0x401154,W
3555,0x1001bb000,0x40107c,W
3556,0x10002c000,0x401064,W
3557,0x10019b000,0x401074,R
3558,0x10013b000,0x40116c,W
3559,0x100016000,0x4010f8,W
3560,0x100075000,0x40106c,R
3561,0x1001c1000,0x401074,R
3562,0x10001a000,0x40112c,R
3563,0x10001d000,0x4011d8,R
3564,0x100027000,0x40104c,R
3565,0x100027000,0x401050,R
3566,0x100003000,0x401180,W
3567,0x100008000,0x4011f8,W
3568,0x1001e9000,0x4011c4,R
3569,0x10001b000,0x401090,R
3570,0x100023000,0x401030,W
3571,0x100034000,0x4010a8,R
3572,0x100000000,0x401160,W
3573,0x10003b000,0x401108,W
3574,0x100039000,0x401078,W
3575,0x1001a6000,0x401000,R
3576,0x100009000,0x401068,W
3577,0x1001b5000,0x4011b0,R
3578,0x100018000,0x401018,R
3579,0x1001a3000,0x40115c,R
3580,0x100017000,0x40116c,R
3581,0x100001000,0x4011cc,W
3582,0x100011000,0x401148,R
3583,0x10001f000,0x4011fc,R
3584,0x1001db000,0x4010f4,R
3585,0x100012000,0x401040,R
3586,0x100007000,0x4010dc,R
3587,0x100125000,0x401004,R
3588,0x10001e000,0x401030,R
3589,0x1001e4000,0x4011f0,R
3590,0x100022000,0x401028,R
3591,0x10003f000,0x40104c,R
3592,0x10002c000,0x401134,R
3593,0x10002a000,0x4011d8,R
3594,0x1001a5000,0x4010c4,R
3595,0x1000fe000,0x401028,R
3596,0x10003a000,0x401108,W
3597,0x10019a000,0x4010a8,R
3598,0x1001b4000,0x4010dc,R
3599,0x100012000,0x40113c,W
3600,0x100191000,0x401038,R
3601,0x10002b000,0x4011dc,R
3602,0x100184000,0x401178,R
3603,0x1001e3000,0x40118c,R
3604,0x1001eb000,0x4010b8,R
3605,0x10003c000,0x40102c,R
3606,0x10004c000,0x40111c,R
3607,0x10000a000,0x401054,W
3608,0x1000ca000,0x40103c,R
3609,0x100081000,0x401128,R
3610,0x1000b7000,0x401134,R
3611,0x100111000,0x401128,R
3612,0x100013000,0x401060,W
3613,0x100021000,0x4010b8,W
3614,0x100014000,0x401038,R
3615,0x100126000,0x401004,R
3616,0x100027000,0x4011a8,R
3617,0x1001a8000,0x4010fc,R
3618,0x1001db000,0x401168,R
3619,0x100006000,0x40116c,R
3620,0x10018f000,0x4011d0,R
3621,0x10003f000,0x40104c,W
3622,0x100003000,0x401174,W
3623,0x100035000,0x401014,R
3624,0x100001000,0x401060,W
3625,0x100015000,0x40116c,R
3626,0x100035000,0x40107c,R
3627,0x100021000,0x4011a4,R
3628,0x10003a000,0x401034,R
3629,0x100036000,0x401168,R
3630,0x100012000,0x4010b4,W
3631,0x100168000,0x401128,R
3632,0x100007000,0x401104,R
3633,0x100079000,0x401100,R
3634,0x100027000,0x4011a0,R
3635,0x10005f000,0x401010,R
3636,0x100016000,0x4011ec,R
3637,0x10018e000,0x4011a8,R
3638,0x100093000,0x4011e0,R
3639,0x1001d6000,0x40104c,R
3640,0x1001de000,0x4010d4,R
3641,0x10001f000,0x401180,R
3642,0x100018000,0x401018,W
3643,0x100133000,0x401078,W
3644,0x10002b000,0x4010d0,R
3645,0x100188000,0x4011c4,R
3646,0x100008000,0x40115c,R
3647,0x100187000,0x4010c4,R
3648,0x100099000,0x4010b4,R
3649,0x100193000,0x40107c,R
3650,0x10011d000,0x4010e8,R
3651,0x10001e000,0x4011b8,R
3652,0x1001a7000,0x40103c,R
3653,0x100090000,0x4010e0,R
3654,0x1001b3000,0x401158,R
3655,0x100029000,0x401104,R
3656,0x100037000,0x401070,R
3657,0x100025000,0x4011b8,R
3658,0x100007000,0x4010a0,W
3659,0x10003a000,0x401198,W
3660,0x100082000,0x401014,W
3661,0x1001aa000,0x40112c,R
3662,0x1001d3000,0x401050,R
3663,0x1001ee000,0x401100,R
3664,0x100002000,0x401064,W
3665,0x10002b000,0x4010ec,R
3666,0x10001e000,0x4011bc,R
3667,0x10000e000,0x401158,R
3668,0x1001d2000,0x40101c,R
3669,0x10003e000,0x4011f8,R
3670,0x100001000,0x4010d4,W
3671,0x100188000,0x401094,R
3672,0x100183000,0x40115c,W
3673,0x10000e000,0x401014,W
3674,0x100185000,0x401088,R
3675,0x100037000,0x4010bc,R
3676,0x10014b000,0x401004,R
3677,0x10019e000,0x40111c,W
3678,0x1001be000,0x4010ac,R
3679,0x100014000,0x4011e4,R
3680,0x100013000,0x401034,R
3681,0x10000a000,0x401100,W
3682,0x10001c000,0x4011b4,R
3683,0x1000f4000,0x401040,W
3684,0x10007b000,0x401124,R
3685,0x100057000,0x401084,R
3686,0x10003c000,0x4011d0,W
3687,0x100007000,0x4010c4,W
3688,0x10001c000,0x401000,R
3689,0x10001f000,0x4010cc,R
3690,0x100023000,0x401008,W
3691,0x100101000,0x401040,R
3692,0x10002c000,0x401130,R
3693,0x100033000,0x40102c,R
3694,0x10000e000,0x401074,W
3695,0x10003b000,0x401054,R
3696,0x100000000,0x4011f0,W
3697,0x100026000,0x401004,R
3698,0x10003b000,0x40103c,R
3699,0x100006000,0x4010dc,R
3700,0x1000e7000,0x401068,R
3701,0x10005d000,0x4011c4,R
3702,0x100094000,0x4011a4,W
3703,0x1001a4000,0x401078,R
3704,0x100005000,0x401174,W
3705,0x1000a6000,0x4011d0,R
3706,0x10001c000,0x4010a4,R
3707,0x100009000,0x401174,R
3708,0x10002b000,0x4011f4,R
3709,0x1001b2000,0x4011b8,R
3710,0x10003a000,0x40116c,R
3711,0x100151000,0x401000,W
3712,0x100031000,0x4010a4,R
3713,0x100009000,0x4010dc,W
3714,0x10002f000,0x4011d8,R
3715,0x100020000,0x4011a0,R
3716,0x10003a000,0x401060,R
3717,0x1001f0000,0x401074,R
3718,0x10003d000,0x4010c4,R
3719,0x1001d9000,0x4010e4,R
3720,0x10002e000,0x401170,R
3721,0x100003000,0x4010bc,R
3722,0x100015000,0x4010a8,R
3723,0x100013000,0x401150,R
3724,0x1001d9000,0x401168,R
3725,0x10000e000,0x4010e0,W
3726,0x100021000,0x4011e8,R
3727,0x100010000,0x4010b4,R
3728,0x100007000,0x40113c,W
3729,0x100018000,0x4010a8,R
3730,0x100015000,0x4011d8,R
3731,0x100007000,0x4010d0,W
3732,0x100029000,0x401134,R
3733,0x1001b4000,0x401188,R
3734,0x1001f9000,0x401160,R
3735,0x10019a000,0x401140,R
3736,0x10002c000,0x40112c,R
3737,0x100176000,0x401154,R
3738,0x1000d0000,0x401004,R
3739,0x10016d000,0x401048,R
3740,0x100050000,0x401094,R
3741,0x100067000,0x4011cc,W
3742,0x1000ae000,0x40114c,R
3743,0x10002d000,0x401120,R
3744,0x10000b000,0x40115c,W
3745,0x10017d000,0x401064,R
3746,0x100023000,0x4011d4,R
3747,0x1001f3000,0x4011d4,W
3748,0x100030000,0x401034,R
3749,0x100035000,0x4010c0,R
3750,0x100035000,0x4011cc,R
3751,0x100154000,0x401194,R
3752,0x1001f7000,0x401088,R
3753,0x10002c000,0x401148,R
3754,0x10001e000,0x401124,R
3755,0x100039000,0x4011e0,W
3756,0x1000ec000,0x4010d4,R
3757,0x100015000,0x401024,R
3758,0x100035000,0x401084,W
3759,0x10002b000,0x4011d0,R
3760,0x100161000,0x401058,R
3761,0x10014b000,0x401054,R
3762,0x10002b000,0x40116c,R
3763,0x100093000,0x401018,R
3764,0x100020000,0x40102c,R
3765,0x100030000,0x40116c,R
3766,0x100007000,0x4010e8,R
3767,0x1000a4000,0x401014,R
3768,0x10019e000,0x401038,W
3769,0x100011000,0x4010f4,R
3770,0x10000f000,0x4010fc,W
3771,0x1000e0000,0x4010a8,R
3772,0x10001f000,0x4010f0,R
3773,0x10002b000,0x4010b8,R
3774,0x10019f000,0x401170,R
3775,0x100023000,0x401054,R
3776,0x10019d000,0x4010e4,R
3777,0x10018b000,0x4010b8,R
3778,0x10001c000,0x4011ac,R
3779,0x10001a000,0x4010dc,R
3780,0x100025000,0x4011ec,R
3781,0x100022000,0x401040,R
3782,0x10002a000,0x4010bc,W
3783,0x100007000,0x401038,W
3784,0x10002c000,0x401030,R
3785,0x10002a000,0x4011b0,W
3786,0x100003000,0x40119c,W
3787,0x1001f5000,0x4011a8,W
3788,0x100015000,0x40104c,R
3789,0x100019000,0x4011f0,R
3790,0x100018000,0x401150,R
3791,0x100013000,0x40111c,R
3792,0x1001e5000,0x4011f8,R
3793,0x10019a000,0x401040,W
3794,0x10003f000,0x401118,R
3795,0x10002e000,0x4010d0,R
3796,0x1001be000,0x401098,R
3797,0x100035000,0x401020,R
3798,0x10001c000,0x401130,R
3799,0x100006000,0x40110c,W
3800,0x1001c5000,0x4010c4,R
3801,0x100191000,0x401008,R
3802,0x10002f000,0x4011a4,R
3803,0x10001b000,0x40117c,R
3804,0x1001e6000,0x4010bc,R
3805,0x100012000,0x4010c8,R
3806,0x1001a7000,0x4011e0,R
3807,0x100016000,0x401154,R
3808,0x10002d000,0x40116c,R
3809,0x100006000,0x4010fc,W
3810,0x1001b2000,0x401014,R
3811,0x1001bc000,0x4011fc,R
3812,0x100070000,0x4010e8,R
3813,0x1001fa000,0x4010f0,R
3814,0x100135000,0x4011b8,W
3815,0x1001ab000,0x40107c,R
3816,0x10014a000,0x4011ac,R
3817,0x1001ea000,0x401064,R
3818,0x10002c000,0x4011f4,R
3819,0x10019a000,0x401008,R
3820,0x100003000,0x401184,W
3821,0x100037000,0x401068,R
3822,0x1001a0000,0x401064,R
3823,0x100003000,0x4010d4,W
3824,0x1001d0000,0x401024,R
3825,0x10002e000,0x401114,R
3826,0x10001f000,0x401118,R
3827,0x100033000,0x4010e0,R
3828,0x100117000,0x4011fc,R
3829,0x10003c000,0x4011e0,R
3830,0x100026000,0x4011b0,R
3831,0x10001e000,0x4011d4,R
3832,0x100014000,0x4011e0,W
3833,0x100196000,0x40117c,R
3834,0x100017000,0x40101c,R
3835,0x1001d5000,0x4011b8,R
3836,0x100026000,0x4010d8,R
3837,0x100018000,0x401020,R
3838,0x1001b4000,0x4011dc,R
3839,0x100039000,0x4011bc,R
3840,0x1001de000,0x4010d8,R
3841,0x100193000,0x4011b4,R
3842,0x1001ab000,0x401100,R
3843,0x100019000,0x40117c,R
3844,0x1001b9000,0x4010c0,R
3845,0x100003000,0x4010b4,R
3846,0x100005000,0x4011a0,W
3847,0x100004000,0x4010cc,R
3848,0x1001ab000,0x4010c8,R
3849,0x100035000,0x401114,R
3850,0x100097000,0x40117c,R
3851,0x1000ee000,0x4011b0,R
3852,0x10000a000,0x4010e4,W
3853,0x10002e000,0x4010cc,R
3854,0x1000cc000,0x4010d8,R
3855,0x100016000,0x4011d8,R
3856,0x10000c000,0x4011c0,W
3857,0x100015000,0x4010c4,R
3858,0x100011000,0x4010a4,R
3859,0x10006f000,0x4010dc,R
3860,0x100046000,0x401124,R
3861,0x100014000,0x401080,R
3862,0x100094000,0x4010a0,W
3863,0x10001a000,0x4010dc,R
3864,0x100008000,0x401128,W
3865,0x10001a000,0x401164,R
3866,0x10018d000,0x40105c,R
3867,0x100007000,0x401194,R
3868,0x100014000,0x401140,W
3869,0x100163000,0x4010e8,R
3870,0x10006e000,0x4011d4,W
3871,0x100007000,0x4010b8,W
3872,0x1001dd000,0x401128,W
3873,0x100110000,0x401138,R
3874,0x10011e000,0x401048,R
3875,0x1000b0000,0x401178,R
3876,0x10002f000,0x40102c,W
3877,0x100029000,0x40105c,R
3878,0x100002000,0x4010e0,R
3879,0x10010e000,0x40107c,R
3880,0x10018c000,0x401038,R
3881,0x1001e2000,0x4010d0,R
3882,0x1001c3000,0x4010fc,R
3883,0x10000c000,0x4011f8,W
3884,0x10003b000,0x4011f8,R
3885,0x100029000,0x401120,R
3886,0x10002c000,0x4010f0,R
3887,0x1001d7000,0x4011ac,R
3888,0x1001a6000,0x40116c,R
3889,0x100133000,0x4011bc,R
3890,0x10003e000,0x401144,W
3891,0x100118000,0x4011f0,R
3892,0x100009000,0x4010e0,W
3893,0x10003c000,0x40109c,R
3894,0x100133000,0x4011d4,R
3895,0x1001d9000,0x4010b0,R
3896,0x100093000,0x40118c,R
3897,0x100015000,0x40106c,R
3898,0x10008a000,0x40100c,R
3899,0x100016000,0x401094,R
3900,0x10014a000,0x40104c,R
3901,0x100054000,0x4011a4,R
3902,0x10003e000,0x4011e8,R
3903,0x10003c000,0x4010f0,R
3904,0x1001e2000,0x401040,R
3905,0x100027000,0x4011ec,R
3906,0x1001a3000,0x4010dc,W
3907,0x1001d1000,0x401140,R
3908,0x100129000,0x401144,R
3909,0x10001c000,0x4011b0,R
3910,0x10003c000,0x401040,R
3911,0x1001e8000,0x4011ac,R
3912,0x100141000,0x401154,R
3913,0x100038000,0x401118,W
3914,0x10002d000,0x4010c0,R
3915,0x10003e000,0x40118c,W
3916,0x100015000,0x401030,W
3917,0x1000b0000,0x4010dc,R
3918,0x1001e4000,0x4011e4,R
3919,0x1001b8000,0x4011f8,R
3920,0x100009000,0x4011b8,R
3921,0x100022000,0x401164,R
3922,0x100034000,0x4011ec,R
3923,0x10002a000,0x401080,R
3924,0x100181000,0x401160,R
3925,0x100035000,0x401010,R
3926,0x1001dd000,0x401138,W
3927,0x100127000,0x401048,R
3928,0x10003a000,0x401050,R
3929,0x100192000,0x40105c,R
3930,0x100031000,0x401064,W
3931,0x1001a0000,0x4011cc,R
3932,0x100007000,0x40111c,R
3933,0x1001c2000,0x4011f4,R
3934,0x1000c9000,0x4011b8,R
3935,0x1001bd000,0x4010f4,R
3936,0x100023000,0x40114c,R
3937,0x100011000,0x4010dc,R
3938,0x10019d000,0x4010bc,R
3939,0x100004000,0x401048,W
3940,0x1001b0000,0x401024,R
3941,0x1000f6000,0x4010bc,W
3942,0x1000f8000,0x4011f4,R
3943,0x1001d5000,0x40102c,W
3944,0x10001e000,0x4011f4,W
3945,0x10002c000,0x401048,R
3946,0x10015d000,0x401130,R
3947,0x100017000,0x40111c,R
3948,0x100023000,0x401044,R
3949,0x100012000,0x40106c,R
3950,0x1001ba000,0x401008,R
3951,0x100186000,0x40100c,R
3952,0x10000f000,0x4011f0,W
3953,0x100028000,0x4010ec,R
3954,0x10001b000,0x4011f8,R
3955,0x1001cf000,0x401160,R
3956,0x100013000,0x401198,R
3957,0x10002b000,0x401154,R
3958,0x1001dd000,0x4011d8,R
3959,0x1000f2000,0x401164,R
3960,0x10001e000,0x4010d0,R
3961,0x10003d000,0x401054,W
3962,0x10019b000,0x40106c,R
3963,0x100027000,0x401054,R
3964,0x100009000,0x40117c,W
3965,0x100184000,0x401144,W
3966,0x10000e000,0x401128,W
3967,0x10008c000,0x401054,R
3968,0x10000d000,0x401084,W
3969,0x10001f000,0x401104,W
3970,0x10006f000,0x4010f8,R
3971,0x100031000,0x40100c,R
3972,0x100016000,0x4011b8,R
3973,0x1001c0000,0x4011d4,R
3974,0x10005d000,0x4011c8,R
3975,0x1000f1000,0x401038,R
3976,0x100064000,0x40101c,W
3977,0x100024000,0x401000,R
3978,0x100026000,0x4011fc,W
3979,0x100163000,0x401090,R
3980,0x10003e000,0x401090,R
3981,0x100027000,0x4010c0,R
3982,0x1001c4000,0x4011a0,R
3983,0x100195000,0x40101c,R
3984,0x100028000,0x4011cc,R
3985,0x10003b000,0x4011d0,W
3986,0x100034000,0x401008,R
3987,0x100000000,0x401050,W
3988,0x100020000,0x4011c4,R
3989,0x100021000,0x401044,R
3990,0x100147000,0x40117c,R
3991,0x100150000,0x4010c4,R
3992,0x100181000,0x4010f0,R
3993,0x100013000,0x401004,R
3994,0x10012b000,0x40110c,R
3995,0x100012000,0x4010d8,R
3996,0x10002a000,0x401178,R
3997,0x100032000,0x4011ac,R
3998,0x100031000,0x401194,W
3999,0x100039000,0x401150,W
4000,0x1000ae000,0x4021a4,R
4001,0x100173000,0x4021ec,R
4002,0x1000f1000,0x402098,R
4003,0x100087000,0x402130,R
4004,0x1000aa000,0x402060,R
4005,0x1001c2000,0x4021a0,R
4006,0x100059000,0x4021fc,R
4007,0x100162000,0x4020f4,R
4008,0x1000ad000,0x4020cc,R
4009,0x100190000,0x4020ec,R
4010,0x100062000,0x402000,R
4011,0x100091000,0x40200c,R
4012,0x100180000,0x4020e8,R
4013,0x100184000,0x4020bc,R
4014,0x100013000,0x402098,R
4015,0x100014000,0x402124,W
4016,0x1000d7000,0x402154,R
4017,0x10015d000,0x4020ac,R
4018,0x10010a000,0x4021bc,R
4019,0x1001ff000,0x4020c0,R
4020,0x10011d000,0x4020a8,R
4021,0x100049000,0x402064,R
4022,0x100088000,0x40218c,R
4023,0x10007e000,0x402184,R
4024,0x100055000,0x402108,R
4025,0x10005f000,0x402148,R
4026,0x1001a0000,0x4020b8,R
4027,0x10001d000,0x402168,R
4028,0x100018000,0x4021b4,R
4029,0x10009f000,0x4021b4,R
4030,0x10003b000,0x402150,R
4031,0x100142000,0x4020d8,R
4032,0x100052000,0x402114,R
4033,0x1000ea000,0x402020,R
4034,0x10016a000,0x402148,R
4035,0x100001000,0x402168,W
4036,0x100067000,0x402028,W
4037,0x1000ab000,0x402158,R
4038,0x1001d8000,0x4020b4,R
4039,0x100084000,0x4020dc,R
4040,0x100060000,0x402070,R
4041,0x100130000,0x4021fc,R
4042,0x1000f8000,0x4021b4,R
4043,0x1000df000,0x402064,R
4044,0x100079000,0x40203c,W
4045,0x100010000,0x402004,R
4046,0x100032000,0x402084,W
4047,0x1000eb000,0x4021d0,R
4048,0x10014f000,0x4021ac,R
4049,0x10003e000,0x402184,R
4050,0x100083000,0x4021c0,R
4051,0x1000b4000,0x402150,R
4052,0x10010f000,0x4020b8,R
4053,0x100040000,0x402048,R
4054,0x100034000,0x40201c,R
4055,0x10011d000,0x402084,R
4056,0x100168000,0x40215c,R
4057,0x100113000,0x402114,R
4058,0x100187000,0x4021c0,R
4059,0x1001d0000,0x40216c,R
4060,0x100046000,0x4021a0,R
4061,0x1000ed000,0x402018,R
4062,0x10014e000,0x40212c,R
4063,0x1001b5000,0x4020b0,R
4064,0x100053000,0x4021b8,R
4065,0x100129000,0x402188,W
4066,0x1001da000,0x402028,R
4067,0x100193000,0x402170,R
4068,0x10016a000,0x402130,R
4069,0x1001ae000,0x402160,R
4070,0x100109000,0x402048,R
4071,0x100103000,0x4021c4,R
4072,0x1000a3000,0x402054,W
4073,0x1001cd000,0x402018,R
4074,0x10012c000,0x402014,R
4075,0x100148000,0x40216c,R
4076,0x10004a000,0x40206c,R
4077,0x10006a000,0x4021a4,R
4078,0x1001b8000,0x402038,R
4079,0x1000e0000,0x402008,R
4080,0x100172000,0x4021a0,W
4081,0x1000dc000,0x4020b8,R
4082,0x1000a6000,0x402184,R
4083,0x10010f000,0x4021f0,R
4084,0x10006e000,0x402118,R
4085,0x100020000,0x402068,R
4086,0x100158000,0x4021c8,R
4087,0x100005000,0x402058,W
4088,0x100065000,0x402138,R
4089,0x100027000,0x4021cc,R
4090,0x100042000,0x402044,R
4091,0x10007a000,0x402040,R
4092,0x1000de000,0x402020,R
4093,0x10013e000,0x402100,R
4094,0x100073000,0x40200c,W
4095,0x1000f0000,0x402148,R
4096,0x1000c3000,0x402020,R
4097,0x100025000,0x4021c0,R
4098,0x1000d6000,0x4020d8,R
4099,0x100086000,0x402108,R
4100,0x100035000,0x402004,R
4101,0x10001a000,0x402084,W
4102,0x100111000,0x4020f8,R
4103,0x10003c000,0x40216c,R
4104,0x10013e000,0x402054,R
4105,0x10005d000,0x402174,R
4106,0x10003f000,0x402054,W
4107,0x1001e5000,0x40208c,R
4108,0x1001c4000,0x4021f8,W
4109,0x1001cc000,0x402074,R
4110,0x1000c1000,0x4021d0,R
4111,0x1001b9000,0x402168,R
4112,0x1001ff000,0x4020e4,W
4113,0x1000ed000,0x402178,R
4114,0x10001e000,0x402008,R
4115,0x10019e000,0x4020d0,R
4116,0x10009d000,0x402108,R
4117,0x1001cc000,0x4021c8,R
4118,0x10009a000,0x40204c,R
4119,0x1001f5000,0x40210c,R
4120,0x1001b9000,0x402084,W
4121,0x1000d2000,0x4021a8,W
4122,0x10002e000,0x40202c,R
4123,0x1001cd000,0x402054,R
4124,0x1000a1000,0x40204c,R
4125,0x10013a000,0x402038,R
4126,0x100137000,0x402078,W
4127,0x10008c000,0x4020a0,R
4128,0x100130000,0x40200c,W
4129,0x100159000,0x4021b0,R
4130,0x100136000,0x402118,R
4131,0x1000d6000,0x40214c,R
4132,0x100040000,0x4020ac,R
4133,0x1000f6000,0x402010,R
4134,0x10015e000,0x402110,R
4135,0x1000f5000,0x4021c8,R
4136,0x1001d8000,0x402084,R
4137,0x1000e5000,0x4020d4,R
4138,0x1001d8000,0x402144,W
4139,0x100049000,0x40200c,R
4140,0x10001d000,0x402070,R
4141,0x1001a5000,0x402130,R
4142,0x1001ac000,0x4020a4,W
4143,0x10007d000,0x402140,W
4144,0x10017c000,0x40210c,R
4145,0x1001f5000,0x402138,R
4146,0x10019e000,0x40200c,R
4147,0x10011e000,0x4021d8,R
4148,0x1001e0000,0x40212c,R
4149,0x10000b000,0x4020d8,W
4150,0x1001d5000,0x40216c,R
4151,0x10019a000,0x40200c,R
4152,0x100137000,0x4021ec,R
4153,0x1000c0000,0x4021c8,R
4154,0x100055000,0x4020b0,R
4155,0x100002000,0x40215c,R
4156,0x100105000,0x4021a0,R
4157,0x10000f000,0x4020ac,W
4158,0x1000e0000,0x4021c4,W
4159,0x1001fc000,0x4020f4,R
4160,0x10019f000,0x4021c4,W
4161,0x100022000,0x4021d8,R
4162,0x100088000,0x4021bc,R
4163,0x100008000,0x402138,R
4164,0x100172000,0x4020b8,R
4165,0x1001fd000,0x4021f0,R
4166,0x100174000,0x4021fc,R
4167,0x100141000,0x4021e4,W
4168,0x100148000,0x402084,R
4169,0x1000b7000,0x402110,R
4170,0x100068000,0x402154,R
4171,0x1001c6000,0x4021f8,W
4172,0x10015e000,0x402034,R
4173,0x100090000,0x402168,W
4174,0x1000d2000,0x4020a8,R
4175,0x100026000,0x4020f8,R
4176,0x1000c5000,0x402014,R
4177,0x1000f9000,0x4021a0,R
4178,0x100197000,0x402090,R
4179,0x1000ac000,0x402010,R
4180,0x100014000,0x4021c8,R
4181,0x10018a000,0x40207c,R
4182,0x100123000,0x4021f0,R
4183,0x100138000,0x402080,R
4184,0x10019d000,0x40210c,R
4185,0x1000ad000,0x402114,R
4186,0x100048000,0x40204c,R
4187,0x1001fe000,0x402078,R
4188,0x1000b1000,0x402184,W
4189,0x1001ad000,0x402168,R
4190,0x100013000,0x4021dc,R
4191,0x100057000,0x40204c,R
4192,0x100097000,0x4020a0,R
4193,0x100145000,0x4021a8,R
4194,0x100071000,0x40213c,R
4195,0x1000e2000,0x402110,R
4196,0x10003d000,0x40202c,R
4197,0x100119000,0x40203c,R
4198,0x1000eb000,0x4020ac,R
4199,0x1000de000,0x4021b8,R
4200,0x100027000,0x402040,R
4201,0x100038000,0x402184,W
4202,0x100056000,0x402184,R
4203,0x100050000,0x4020ec,R
4204,0x10000a000,0x402000,R
4205,0x10001c000,0x402148,R
4206,0x100140000,0x402164,R
4207,0x10017f000,0x402130,R
4208,0x10004c000,0x402114,W
4209,0x10001b000,0x402194,W
4210,0x100184000,0x4020fc,W
4211,0x10002a000,0x402038,R
4212,0x1001c9000,0x402114,R
4213,0x1000dc000,0x4021f0,R
4214,0x100093000,0x40211c,R
4215,0x100155000,0x402084,R
4216,0x100022000,0x40209c,R
4217,0x100021000,0x4020a0,W
4218,0x100063000,0x4020c8,R
4219,0x10009d000,0x402148,R
4220,0x10017c000,0x402060,R
4221,0x1000fd000,0x4021a4,R
4222,0x100001000,0x402164,W
4223,0x1000c7000,0x402078,W
4224,0x1001cd000,0x402164,W
4225,0x100054000,0x402088,W
4226,0x100118000,0x402100,R
4227,0x10016b000,0x4020fc,R
4228,0x100078000,0x402104,R
4229,0x100004000,0x4020ec,W
4230,0x100013000,0x402170,R
4231,0x100139000,0x4020e8,R
4232,0x1001e6000,0x4021bc,R
4233,0x10014b000,0x402028,W
4234,0x100053000,0x4020e4,R
4235,0x100091000,0x402028,W
4236,0x100198000,0x402194,R
4237,0x100110000,0x402140,R
4238,0x10006f000,0x40218c,R
4239,0x100133000,0x4020e8,W
4240,0x1000c8000,0x4021f0,R
4241,0x1001ca000,0x402160,R
4242,0x100178000,0x402008,W
4243,0x10013f000,0x402184,W
4244,0x100003000,0x4020e8,R
4245,0x10012c000,0x4021f0,R
4246,0x1000de000,0x40202c,R
4247,0x10002d000,0x402134,R
4248,0x1000b4000,0x4020b4,R
4249,0x1000f5000,0x4021e4,W
4250,0x100139000,0x402168,R
4251,0x100023000,0x402174,R
4252,0x100099000,0x402020,W
4253,0x1001e5000,0x4020bc,R
4254,0x100110000,0x402094,R
4255,0x100151000,0x402118,R
4256,0x1001e8000,0x402054,R
4257,0x100121000,0x402150,R
4258,0x10019d000,0x4020e8,R
4259,0x1000ab000,0x4020d4,W
4260,0x100034000,0x40213c,R
4261,0x10006a000,0x4021f0,R
4262,0x100082000,0x402134,R
4263,0x10017d000,0x4020a8,R
4264,0x10000a000,0x402100,W
4265,0x10016c000,0x40212c,R
4266,0x1000f4000,0x402048,R
4267,0x100135000,0x402114,R
4268,0x10005a000,0x402134,R
4269,0x100130000,0x4021b0,R
4270,0x1000db000,0x402170,R
4271,0x10003f000,0x4021e0,R
4272,0x100037000,0x40212c,R
4273,0x1001d4000,0x402114,R
4274,0x1000c6000,0x402120,R
4275,0x10001b000,0x4021dc,R
4276,0x1000a3000,0x40219c,R
4277,0x1000b3000,0x402024,R
4278,0x100158000,0x402058,R
4279,0x1000f0000,0x402018,R
4280,0x100021000,0x402058,R
4281,0x1000a0000,0x4021b4,R
4282,0x10012b000,0x402184,R
4283,0x10019a000,0x4021b0,R
4284,0x100109000,0x40216c,R
4285,0x100154000,0x402164,R
4286,0x100162000,0x402028,R
4287,0x1000dd000,0x40218c,R
4288,0x1000c3000,0x40202c,R
4289,0x1000c0000,0x4021a8,R
4290,0x1001a9000,0x4021bc,R
4291,0x10007c000,0x402128,R
4292,0x1000b1000,0x402068,R
4293,0x10015f000,0x402144,R
4294,0x100055000,0x402050,R
4295,0x1001bf000,0x4021c8,R
4296,0x100102000,0x40219c,R
4297,0x1000c1000,0x4020bc,W
4298,0x1000e5000,0x402188,W
4299,0x10002d000,0x402118,R
4300,0x10018b000,0x4021fc,R
4301,0x1000a0000,0x402198,R
4302,0x100056000,0x40214c,R
4303,0x1001a4000,0x402124,W
4304,0x1000b7000,0x4021cc,R
4305,0x1000a4000,0x402048,R
4306,0x10018f000,0x4020dc,R
4307,0x1000ff000,0x402180,R
4308,0x10018c000,0x4020c4,W
4309,0x1001d8000,0x402138,R
4310,0x100170000,0x4020ec,R
4311,0x1001eb000,0x40211c,R
4312,0x1001b1000,0x40219c,R
4313,0x1000bc000,0x4021e8,W
4314,0x1000d1000,0x4021e8,R
4315,0x100145000,0x4021f8,R
4316,0x100181000,0x40213c,R
4317,0x100186000,0x4021e4,W
4318,0x10006a000,0x4021a4,R
4319,0x1001bc000,0x4021b0,R
4320,0x10017a000,0x4020a0,R
4321,0x1001b9000,0x4021d8,R
4322,0x10008e000,0x40216c,R
4323,0x100010000,0x402060,R
4324,0x100127000,0x40204c,W
4325,0x1000ca000,0x4020ac,W
4326,0x100102000,0x40213c,R
4327,0x100139000,0x4020e4,R
4328,0x100016000,0x40215c,R
4329,0x1000ba000,0x402044,R
4330,0x1000df000,0x402180,R
4331,0x1001bb000,0x40212c,W
4332,0x100131000,0x402180,R
4333,0x1000ef000,0x402058,W
4334,0x10001d000,0x4021f0,R
4335,0x1000d8000,0x40219c,R
4336,0x10011d000,0x402150,R
4337,0x100004000,0x402174,W
4338,0x10001b000,0x402074,R
4339,0x10001d000,0x4021a4,R
4340,0x10001d000,0x4020e8,W
4341,0x100153000,0x4021bc,R
4342,0x10013a000,0x4021c0,R
4343,0x100034000,0x402090,R
4344,0x1000f2000,0x4021a8,R
4345,0x10001c000,0x402094,R
4346,0x1000d7000,0x402024,R
4347,0x100017000,0x402140,R
4348,0x10011d000,0x40200c,R
4349,0x10010c000,0x4021b0,R
4350,0x100019000,0x4021dc,W
4351,0x10002d000,0x4021f8,R
4352,0x1000c2000,0x40214c,R
4353,0x100109000,0x402074,W
4354,0x10003a000,0x402198,R
4355,0x1000ef000,0x40214c,R
4356,0x10016c000,0x4020d8,W
4357,0x100031000,0x402048,W
4358,0x100004000,0x4021c8,W
4359,0x1001f9000,0x402148,R
4360,0x10015d000,0x4021b8,R
4361,0x1000ab000,0x402190,R
4362,0x1000ca000,0x40207c,R
4363,0x100185000,0x402080,R
4364,0x1001fb000,0x402100,R
4365,0x10002d000,0x402130,R
4366,0x1000ef000,0x40209c,R
4367,0x100053000,0x4021a4,R
4368,0x100019000,0x40219c,W
4369,0x10018c000,0x402058,R
4370,0x1000ce000,0x402198,R
4371,0x10004e000,0x402004,R
4372,0x10004e000,0x4021e8,R
4373,0x1001ca000,0x402148,R
4374,0x1000ba000,0x402008,R
4375,0x1000ec000,0x4020b8,R
4376,0x10000a000,0x402074,R
4377,0x10003e000,0x40205c,R
4378,0x1000f7000,0x402160,R
4379,0x100050000,0x402078,R
4380,0x1001d1000,0x402138,R
4381,0x10017c000,0x402024,R
4382,0x1000d1000,0x4020bc,R
4383,0x10019c000,0x4021cc,R
4384,0x100097000,0x4021e8,R
4385,0x100002000,0x402194,R
4386,0x100023000,0x40204c,R
4387,0x1000b9000,0x4020d0,R
4388,0x10000d000,0x402054,R
4389,0x1000ac000,0x4021d8,R
4390,0x10002f000,0x4021b0,R
4391,0x100090000,0x402078,R
4392,0x100060000,0x4020f0,R
4393,0x100021000,0x40206c,R
4394,0x10016e000,0x402150,R
4395,0x100016000,0x402054,R
4396,0x100071000,0x402110,R
4397,0x100049000,0x402094,R
4398,0x100110000,0x40201c,R
4399,0x1001ce000,0x402130,R
4400,0x10010a000,0x402158,R
4401,0x10002b000,0x40219c,W
4402,0x100176000,0x402198,W
4403,0x10014c000,0x4020e4,W
4404,0x100118000,0x40203c,R
4405,0x10011d000,0x4021ac,R
4406,0x1001cb000,0x4021e8,R
4407,0x100073000,0x402008,W
4408,0x100038000,0x402104,R
4409,0x100145000,0x4021c0,W
4410,0x100031000,0x402038,R
4411,0x1000ca000,0x4020d4,W
4412,0x100015000,0x402024,W
4413,0x10000b000,0x402100,W
4414,0x100037000,0x4020b4,R
4415,0x10008f000,0x4020d4,R
4416,0x100006000,0x4021b4,W
4417,0x10006f000,0x40200c,R
4418,0x100001000,0x402054,W
4419,0x10004a000,0x402158,R
4420,0x10005b000,0x402124,W
4421,0x10003c000,0x402100,W
4422,0x1000c1000,0x4020e4,R
4423,0x100071000,0x402060,W
4424,0x100050000,0x402160,R
4425,0x10005c000,0x4020d4,W
4426,0x100028000,0x4020c8,R
4427,0x1001bf000,0x402068,R
4428,0x100042000,0x402154,R
4429,0x100079000,0x4020b8,R
4430,0x10006a000,0x402078,R
4431,0x10000e000,0x4021b8,W
4432,0x1000e4000,0x402048,R
4433,0x1000d4000,0x402124,R
4434,0x1001da000,0x4021a8,W
4435,0x100017000,0x4021c4,W
4436,0x100038000,0x4020d4,W
4437,0x100041000,0x40200c,R
4438,0x100100000,0x402038,R
4439,0x1000a8000,0x402144,R
4440,0x100128000,0x4020d0,R
4441,0x1001ac000,0x40209c,R
4442,0x100105000,0x402104,R
4443,0x1001d8000,0x402060,R
4444,0x100170000,0x402058,R
4445,0x100044000,0x402148,R
4446,0x1000f3000,0x40201c,R
4447,0x100069000,0x402160,W
4448,0x1000e3000,0x4020c8,R
4449,0x100092000,0x4021f8,R
4450,0x100019000,0x402164,R
4451,0x10006b000,0x4021f8,R
4452,0x1000ac000,0x402138,R
4453,0x100184000,0x402104,R
4454,0x100118000,0x40218c,R
4455,0x1000b3000,0x402138,R
4456,0x1001e2000,0x4021f4,R
4457,0x100178000,0x4021e4,R
4458,0x100075000,0x402068,R
4459,0x100119000,0x402120,R
4460,0x10011f000,0x402074,W
4461,0x1000bc000,0x402008,R
4462,0x100164000,0x402094,R
4463,0x1001ba000,0x40204c,R
4464,0x100044000,0x402038,R
4465,0x100091000,0x4021dc,R
4466,0x10012e000,0x4020b4,R
4467,0x100194000,0x4020e4,R
4468,0x10009c000,0x4021dc,R
4469,0x100020000,0x402130,R
4470,0x1000ea000,0x402160,W
4471,0x10016c000,0x40203c,R
4472,0x10000e000,0x402078,W
4473,0x1001ba000,0x4021cc,R
4474,0x10008c000,0x4021dc,R
4475,0x10002a000,0x402184,R
4476,0x1001bb000,0x4020e8,R
4477,0x10008b000,0x402048,R
4478,0x100145000,0x402010,R
4479,0x100073000,0x402064,R
4480,0x100101000,0x4020a4,R
4481,0x1000c2000,0x402120,R
4482,0x100104000,0x4020b4,R
4483,0x10001f000,0x4021dc,R
4484,0x10004f000,0x402070,R
4485,0x100054000,0x4021a4,R
4486,0x100015000,0x402004,R
4487,0x1000f6000,0x402164,R
4488,0x1001e7000,0x40202c,R
4489,0x100061000,0x40213c,R
4490,0x1000f1000,0x40210c,R
4491,0x1001c2000,0x4021f0,R
4492,0x10014e000,0x4021f4,R
4493,0x10013e000,0x4021a0,R
4494,0x1000f1000,0x4021c0,R
4495,0x100128000,0x4021e8,W
4496,0x100156000,0x4021d4,R
4497,0x1000bd000,0x402028,R
4498,0x100141000,0x40206c,R
4499,0x1000f5000,0x402184,R
4500,0x1000c4000,0x402148,R
4501,0x100029000,0x4020c4,R
4502,0x10019a000,0x4021e8,R
4503,0x100163000,0x4020dc,R
4504,0x100056000,0x4020fc,R
4505,0x1001d6000,0x40210c,W
4506,0x10001f000,0x40208c,W
4507,0x1001aa000,0x4021e8,R
4508,0x1001ef000,0x402180,R
4509,0x100016000,0x402038,R
4510,0x1000cd000,0x4021f8,R
4511,0x1000b0000,0x40202c,R
4512,0x100108000,0x402098,W
4513,0x10011d000,0x402024,R
4514,0x100135000,0x402008,R
4515,0x10017b000,0x402144,R
4516,0x100093000,0x40209c,R
4517,0x100182000,0x402124,R
4518,0x10008a000,0x402024,R
4519,0x1001fb000,0x4021a4,R
4520,0x1000fc000,0x402074,W
4521,0x10011f000,0x4020fc,R
4522,0x1001d8000,0x40211c,R
4523,0x1000dd000,0x402198,R
4524,0x1000d6000,0x40213c,R
4525,0x10010a000,0x40201c,R
4526,0x10007c000,0x4021c8,W
4527,0x100036000,0x4020a8,R
4528,0x10008e000,0x40212c,R
4529,0x10002f000,0x40205c,W
4530,0x10013e000,0x402118,R
4531,0x1001e3000,0x4021e8,R
4532,0x1001d2000,0x402108,R
4533,0x1000ad000,0x4020bc,R
4534,0x1001ae000,0x402144,R
4535,0x1000a1000,0x4021e0,R
4536,0x10018b000,0x402084,R
4537,0x100023000,0x4020cc,R
4538,0x100027000,0x4020c8,W
4539,0x100018000,0x402028,R
4540,0x10015b000,0x40203c,R
4541,0x1001fe000,0x4021a4,R
4542,0x1000f7000,0x402074,R
4543,0x1001fe000,0x402108,W
4544,0x100066000,0x402140,R
4545,0x10006b000,0x402048,R
4546,0x10012f000,0x4021e8,R
4547,0x100148000,0x4020b0,R
4548,0x1000e3000,0x4020c4,R
4549,0x1001e5000,0x40207c,R
4550,0x1000b6000,0x4020a0,R
4551,0x100094000,0x40209c,R
4552,0x100171000,0x40204c,R
4553,0x10019e000,0x402018,R
4554,0x10009b000,0x402110,R
4555,0x100113000,0x402074,R
4556,0x10016a000,0x40202c,R
4557,0x10011a000,0x4021c0,R
4558,0x10013a000,0x402070,R
4559,0x1000aa000,0x4020a8,R
4560,0x100011000,0x402030,R
4561,0x1001e0000,0x40208c,R
4562,0x1000bb000,0x402078,W
4563,0x1000d8000,0x4020d0,W
4564,0x100075000,0x402048,R
4565,0x10008e000,0x402148,R
4566,0x1001d9000,0x402054,R
4567,0x100076000,0x402090,R
4568,0x1000b2000,0x4020c0,R
4569,0x100153000,0x402024,R
4570,0x100007000,0x402184,R
4571,0x10007e000,0x4020d0,R
4572,0x10019f000,0x4020bc,R
4573,0x1001cf000,0x402004,R
4574,0x100162000,0x402114,R
4575,0x100053000,0x40210c,R
4576,0x1000c3000,0x402000,R
4577,0x10002b000,0x402004,R
4578,0x10000b000,0x402184,W
4579,0x10001b000,0x40201c,R
4580,0x100198000,0x40203c,R
4581,0x100023000,0x402028,R
4582,0x100081000,0x402094,R
4583,0x1001ce000,0x4021d4,W
4584,0x100038000,0x402180,R
4585,0x100075000,0x402018,R
4586,0x100105000,0x402100,R
4587,0x10001f000,0x402174,W
4588,0x100061000,0x402050,R
4589,0x100132000,0x402140,R
4590,0x100176000,0x4021b0,R
4591,0x10002d000,0x402134,R
4592,0x100013000,0x4020e0,R
4593,0x100087000,0x40216c,R
4594,0x1000c4000,0x402064,R
4595,0x100134000,0x40201c,R
4596,0x10008c000,0x402188,R
4597,0x100029000,0x402194,W
4598,0x1000f6000,0x402114,R
4599,0x1000ac000,0x40214c,R
4600,0x10013e000,0x402160,R
4601,0x1000eb000,0x4021a4,R
4602,0x10000d000,0x4021b8,R
4603,0x1000f8000,0x40219c,R
4604,0x10000a000,0x4021d0,W
4605,0x10013d000,0x40207c,R
4606,0x100106000,0x402114,R
4607,0x1001c5000,0x4021f4,R
4608,0x100011000,0x402050,R
4609,0x100075000,0x4021f8,R
4610,0x10006d000,0x4021e8,R
4611,0x10001d000,0x402104,R
4612,0x100013000,0x40211c,R
4613,0x100128000,0x4021a0,R
4614,0x10015d000,0x4020e0,W
4615,0x100017000,0x4021d4,R
4616,0x100139000,0x402168,R
4617,0x1000c3000,0x40212c,R
4618,0x100104000,0x4020e4,R
4619,0x100137000,0x40205c,R
4620,0x100142000,0x40207c,R
4621,0x100086000,0x402190,R
4622,0x1001fc000,0x4021c0,W
4623,0x100041000,0x402100,W
4624,0x1001c7000,0x4020e4,W
4625,0x10008a000,0x402114,R
4626,0x1001ed000,0x4020e4,R
4627,0x1001ac000,0x40202c,R
4628,0x1000d9000,0x402144,R
4629,0x1000c8000,0x4021c0,R
4630,0x10004d000,0x402138,R
4631,0x10010c000,0x402160,R
4632,0x10002b000,0x4020f0,R
4633,0x100185000,0x40210c,R
4634,0x100012000,0x402144,R
4635,0x1000e5000,0x4021c0,R
4636,0x100028000,0x402048,R
4637,0x1001a1000,0x4021f8,R
4638,0x100013000,0x40202c,R
4639,0x100002000,0x4021cc,R
4640,0x100000000,0x402100,R
4641,0x10000d000,0x4020ec,R
4642,0x1000a2000,0x402060,R
4643,0x100116000,0x4021f0,R
4644,0x100195000,0x402040,R
4645,0x1000a1000,0x4020bc,W
4646,0x1000b0000,0x4020d0,R
4647,0x100013000,0x402024,R
4648,0x1001bd000,0x402080,R
4649,0x100038000,0x402010,R
4650,0x1000a7000,0x4020f0,R
4651,0x1000d9000,0x402030,R
4652,0x1001e5000,0x40211c,R
4653,0x10002a000,0x402140,R
4654,0x1000a6000,0x4021e4,R
4655,0x100124000,0x402134,R
4656,0x10003f000,0x4021a0,R
4657,0x1001fe000,0x402120,R
4658,0x100145000,0x4021c0,R
4659,0x1000d2000,0x4021b8,R
4660,0x10016f000,0x402090,R
4661,0x1000f7000,0x402100,R
4662,0x10016c000,0x402018,R
4663,0x1000d7000,0x4020d0,R
4664,0x10012e000,0x402078,R
4665,0x100018000,0x402090,R
4666,0x10006c000,0x4020b8,R
4667,0x10016e000,0x40218c,W
4668,0x1001b3000,0x402058,R
4669,0x1001b7000,0x4020e4,W
4670,0x100153000,0x4020e8,R
4671,0x1000dc000,0x40201c,R
4672,0x10018e000,0x402018,R
4673,0x1000b6000,0x402190,W
4674,0x10011a000,0x40205c,W
4675,0x100052000,0x402034,R
4676,0x100153000,0x40217c,R
4677,0x100150000,0x40205c,R
4678,0x100181000,0x402008,W
4679,0x10000a000,0x402104,W
4680,0x10010a000,0x402024,R
4681,0x10006e000,0x4020b4,R
4682,0x100017000,0x402080,R
4683,0x100065000,0x4021e0,W
4684,0x1000f6000,0x402064,R
4685,0x100158000,0x4021bc,R
4686,0x1001e5000,0x4020e8,R
4687,0x100126000,0x402100,R
4688,0x1001d9000,0x40209c,R
4689,0x100125000,0x40204c,R
4690,0x100019000,0x4020c4,W
4691,0x100168000,0x4021bc,R
4692,0x100107000,0x40200c,R
4693,0x1000eb000,0x402160,R
4694,0x1000c7000,0x402108,R
4695,0x100168000,0x402034,W
4696,0x1000b6000,0x40216c,W
4697,0x10009b000,0x40212c,R
4698,0x100131000,0x402024,R
4699,0x100078000,0x402118,R
4700,0x10011a000,0x402110,R
4701,0x100008000,0x402178,W
4702,0x1001dd000,0x402160,R
4703,0x100032000,0x4021d4,R
4704,0x10000f000,0x402018,R
4705,0x100015000,0x4020c0,R
4706,0x10008e000,0x40215c,R
4707,0x100177000,0x4020dc,R
4708,0x100031000,0x402168,R
4709,0x1001e4000,0x402098,R
4710,0x1001e6000,0x40216c,R
4711,0x1001a8000,0x4020a0,R
4712,0x100068000,0x4020d8,R
4713,0x100038000,0x402088,W
4714,0x1001d3000,0x40214c,W
4715,0x100138000,0x402020,R
4716,0x10015c000,0x4021cc,R
4717,0x10008d000,0x402078,R
4718,0x10004f000,0x4020f4,R
4719,0x100170000,0x402058,R
4720,0x100136000,0x4020d8,R
4721,0x100062000,0x402040,R
4722,0x1001e4000,0x4021b4,R
4723,0x100042000,0x402034,R
4724,0x100004000,0x402150,W
4725,0x1001df000,0x40208c,R
4726,0x100092000,0x402170,R
4727,0x1001fd000,0x402154,R
4728,0x100192000,0x4021fc,R
4729,0x1001c9000,0x402160,R
4730,0x1000e9000,0x40201c,R
4731,0x10000d000,0x40214c,W
4732,0x1001a9000,0x4020b8,R
4733,0x1000b2000,0x40206c,R
4734,0x1001a1000,0x4020ac,R
4735,0x100057000,0x40215c,R
4736,0x1001b4000,0x4021bc,R
4737,0x100076000,0x4020d8,R
4738,0x100165000,0x4021fc,R
4739,0x10013e000,0x40214c,W
4740,0x1001f3000,0x402158,R
4741,0x10014e000,0x402114,W
4742,0x100154000,0x4021cc,R
4743,0x100044000,0x402030,W
4744,0x1000b0000,0x402034,W
4745,0x100127000,0x402148,R
4746,0x1000fb000,0x4020dc,R
4747,0x1000c4000,0x40203c,W
4748,0x10016f000,0x402030,R
4749,0x10011a000,0x4020d0,R
4750,0x10000f000,0x402148,W
4751,0x1001c7000,0x40208c,R
4752,0x1000e3000,0x40209c,R
4753,0x100042000,0x4020a0,W
4754,0x100056000,0x402030,W
4755,0x10005d000,0x402124,R
4756,0x1001f2000,0x4021f4,R
4757,0x100150000,0x402140,R
4758,0x100014000,0x4021a4,R
4759,0x100021000,0x402148,R
4760,0x100077000,0x402020,R
4761,0x10013b000,0x402100,R
4762,0x10010d000,0x402180,R
4763,0x1000f4000,0x40211c,R
4764,0x1000b9000,0x40219c,R
4765,0x10007f000,0x402094,R
4766,0x10000d000,0x402074,W
4767,0x100196000,0x402110,W
4768,0x100012000,0x402110,R
4769,0x10019c000,0x402118,R
4770,0x1001f1000,0x402120,R
4771,0x1000ae000,0x40207c,R
4772,0x1000da000,0x4021c4,R
4773,0x100194000,0x402088,R
4774,0x100080000,0x402100,R
4775,0x100056000,0x40209c,R
4776,0x1000cd000,0x4020e4,R
4777,0x100035000,0x402010,W
4778,0x100172000,0x402010,R
4779,0x100012000,0x4020f0,R
4780,0x10003c000,0x402048,W
4781,0x100193000,0x402004,R
4782,0x100199000,0x4020fc,R
4783,0x10003e000,0x402104,W
4784,0x10005a000,0x40206c,R
4785,0x10006f000,0x4020c8,R
4786,0x10001e000,0x402110,R
4787,0x100107000,0x402160,R
4788,0x100179000,0x402074,R
4789,0x1001c1000,0x402058,R
4790,0x100106000,0x402014,R
4791,0x10006e000,0x402084,R
4792,0x100146000,0x4021f0,R
4793,0x100030000,0x40212c,W
4794,0x10001b000,0x40201c,R
4795,0x10007a000,0x402164,R
4796,0x10011c000,0x4021d0,W
4797,0x1001ba000,0x402028,R
4798,0x100059000,0x4021d4,W
4799,0x1001e4000,0x4021d8,R
4800,0x100011000,0x40219c,R
4801,0x100014000,0x4021b8,R
4802,0x1000b2000,0x4021f8,R
4803,0x1000c7000,0x4021a8,R
4804,0x100100000,0x402004,R
4805,0x1000e4000,0x4020d8,R
4806,0x1001c3000,0x402050,R
4807,0x100093000,0x4021d8,R
4808,0x100005000,0x402084,W
4809,0x100136000,0x40211c,W
4810,0x100079000,0x402094,W
4811,0x10001e000,0x402190,R
4812,0x1001f4000,0x40219c,R
4813,0x10016d000,0x402180,R
4814,0x100017000,0x4020cc,R
4815,0x100003000,0x40215c,R
4816,0x1000a8000,0x402140,R
4817,0x100177000,0x402014,R
4818,0x100189000,0x4020a0,R
4819,0x1001cb000,0x402010,R
4820,0x100148000,0x402154,R
4821,0x100109000,0x4020a4,R
4822,0x100002000,0x402070,W
4823,0x100046000,0x402070,R
4824,0x1000e6000,0x402164,R
4825,0x10011f000,0x40217c,R
4826,0x10004a000,0x402148,R
4827,0x100115000,0x402104,R
4828,0x10016a000,0x402120,R
4829,0x10007c000,0x40211c,R
4830,0x100019000,0x4020d4,W
4831,0x100133000,0x40201c,R
4832,0x1000a7000,0x402110,R
4833,0x1000ea000,0x402000,R
4834,0x100112000,0x4021d8,R
4835,0x100026000,0x402084,W
4836,0x100057000,0x402170,W
4837,0x1000a6000,0x402150,R
4838,0x10011a000,0x402188,R
4839,0x10005b000,0x402158,R
4840,0x10017b000,0x4020e8,R
4841,0x10005d000,0x402058,W
4842,0x100159000,0x4020c4,R
4843,0x100014000,0x402088,R
4844,0x10010c000,0x402014,R
4845,0x1000d3000,0x402190,R
4846,0x1000ae000,0x402164,R
4847,0x1001a9000,0x402084,R
4848,0x100040000,0x40208c,R
4849,0x100132000,0x4020bc,R
4850,0x100183000,0x402188,W
4851,0x10004a000,0x4021b4,R
4852,0x1000cb000,0x402054,R
4853,0x100053000,0x402014,R
4854,0x100004000,0x402118,W
4855,0x100006000,0x402064,R
4856,0x1000a4000,0x402038,R
4857,0x100060000,0x402180,R
4858,0x100031000,0x402184,R
4859,0x1001fa000,0x402060,R
4860,0x1000d3000,0x402000,R
4861,0x100051000,0x402054,R
4862,0x100027000,0x40209c,R
4863,0x100172000,0x402160,R
4864,0x100017000,0x4020fc,R
4865,0x100082000,0x40205c,R
4866,0x1001ad000,0x40208c,R
4867,0x100017000,0x40219c,R
4868,0x100120000,0x402158,R
4869,0x100003000,0x40213c,R
4870,0x100049000,0x402120,R
4871,0x100066000,0x4021ec,R
4872,0x100145000,0x402000,R
4873,0x1001b4000,0x4021f0,W
4874,0x100101000,0x402110,R
4875,0x100023000,0x402190,W
4876,0x10014e000,0x4020a8,R
4877,0x10001f000,0x4021e4,R
4878,0x100179000,0x402140,R
4879,0x1001ea000,0x4021b8,R
4880,0x1000cb000,0x402094,W
4881,0x10001b000,0x4020f8,R
4882,0x100020000,0x40215c,R
4883,0x1001e9000,0x4020d0,W
4884,0x100191000,0x40210c,R
4885,0x100081000,0x4021ec,W
4886,0x1001e7000,0x402084,R
4887,0x100119000,0x402090,R
4888,0x100134000,0x4021b0,R
4889,0x1000f2000,0x4021a4,R
4890,0x1001e1000,0x402074,R
4891,0x1000f3000,0x4021dc,R
4892,0x10011f000,0x4021e0,W
4893,0x100027000,0x40210c,R
4894,0x10010b000,0x402184,R
4895,0x1000dd000,0x40219c,R
4896,0x100042000,0x4021f0,R
4897,0x1000ff000,0x40209c,R
4898,0x1000bf000,0x4020f0,R
4899,0x100026000,0x40205c,R
4900,0x100005000,0x40202c,W
4901,0x100011000,0x4020a8,W
4902,0x10002f000,0x4021e8,R
4903,0x100070000,0x402168,R
4904,0x1000d5000,0x402168,R
4905,0x1001d9000,0x40202c,R
4906,0x1000a7000,0x402194,R
4907,0x1001ed000,0x402190,W
4908,0x100110000,0x402118,R
4909,0x1000f5000,0x40210c,R
4910,0x100192000,0x4020d4,R
4911,0x100168000,0x402010,R
4912,0x10016b000,0x40215c,R
4913,0x10009e000,0x40203c,R
4914,0x1000f0000,0x4021b8,R
4915,0x100034000,0x402034,R
4916,0x100161000,0x402090,R
4917,0x1000ec000,0x40211c,R
4918,0x10016e000,0x40219c,R
4919,0x1000db000,0x402010,R
4920,0x100058000,0x402080,R
4921,0x1000c3000,0x402148,R
4922,0x100142000,0x402160,R
4923,0x10002b000,0x40210c,R
4924,0x100039000,0x4020c4,R
4925,0x1000c4000,0x402184,R
4926,0x100194000,0x402164,W
4927,0x1001d7000,0x4021c0,R
4928,0x10014c000,0x402038,R
4929,0x100026000,0x40218c,W
4930,0x1000c1000,0x402080,W
4931,0x1000ef000,0x402120,W
4932,0x100018000,0x402014,R
4933,0x100026000,0x4020c4,R
4934,0x100036000,0x4020f4,W
4935,0x10004f000,0x4021b8,R
4936,0x10002e000,0x402064,W
4937,0x100090000,0x4021ec,R
4938,0x100037000,0x402138,R
4939,0x100172000,0x402000,R
4940,0x1001a8000,0x402004,R
4941,0x1001bd000,0x4021c8,R
4942,0x100036000,0x4020d8,W
4943,0x100177000,0x4021b8,R
4944,0x1001f1000,0x402124,R
4945,0x100051000,0x4020d8,R
4946,0x1000f9000,0x402190,R
4947,0x10004b000,0x4020e4,R
4948,0x100155000,0x402098,R
4949,0x100166000,0x4021d4,R
4950,0x1000d5000,0x402064,R
4951,0x100148000,0x402088,W
4952,0x100003000,0x402090,W
4953,0x10009f000,0x40201c,R
4954,0x10000c000,0x402188,R
4955,0x10012c000,0x40219c,R
4956,0x100009000,0x402170,W
4957,0x100074000,0x4021b8,R
4958,0x100060000,0x402154,W
4959,0x10017a000,0x40204c,R
4960,0x100015000,0x4021c8,W
4961,0x1000fa000,0x4020dc,R
4962,0x1000fe000,0x4020e0,R
4963,0x100140000,0x40219c,R
4964,0x10003d000,0x4021a0,W
4965,0x100048000,0x4020c8,W
4966,0x1001ee000,0x40201c,R
4967,0x100111000,0x4020b0,R
4968,0x1000ca000,0x4020ac,R
4969,0x100012000,0x402008,W
4970,0x100064000,0x40218c,R
4971,0x100181000,0x402118,W
4972,0x100060000,0x402100,R
4973,0x1000fd000,0x402050,R
4974,0x100154000,0x40217c,R
4975,0x100008000,0x402094,R
4976,0x100064000,0x40210c,R
4977,0x100050000,0x402164,R
4978,0x100073000,0x402098,R
4979,0x100179000,0x4020f4,R
4980,0x1001c4000,0x402090,R
4981,0x10016e000,0x402034,R
4982,0x100127000,0x402118,R
4983,0x1000b1000,0x402060,R
4984,0x100157000,0x4021b4,R
4985,0x100027000,0x402130,R
4986,0x1000d8000,0x4021fc,R
4987,0x1000f5000,0x402178,R
4988,0x10004b000,0x402190,R
4989,0x100033000,0x40214c,R
4990,0x1000e0000,0x402054,W
4991,0x10011c000,0x4021b8,R
4992,0x1000a1000,0x4020fc,R
4993,0x10014b000,0x402008,R
4994,0x100130000,0x402064,R
4995,0x100003000,0x402060,W
4996,0x100172000,0x402138,R
4997,0x1000b4000,0x402110,W
4998,0x10007a000,0x40211c,R
4999,0x100044000,0x402128,W
5000,0x100132000,0x4020c0,R
5001,0x100103000,0x402118,R
5002,0x100176000,0x4021d8,W
5003,0x100158000,0x402030,R
5004,0x10019a000,0x4021c0,R
5005,0x100160000,0x4021a4,R
5006,0x10008d000,0x402094,R
5007,0x100039000,0x4020f8,R
5008,0x100027000,0x402004,W
5009,0x100173000,0x402128,R
5010,0x1000a2000,0x402160,R
5011,0x1000cd000,0x4020fc,R
5012,0x10000c000,0x4020bc,W
5013,0x100114000,0x40202c,R
5014,0x1000a4000,0x40215c,R
5015,0x10005d000,0x4020a0,R
5016,0x1001e1000,0x4020f0,W
5017,0x100076000,0x402024,W
5018,0x100012000,0x402180,R
5019,0x100126000,0x402110,R
5020,0x100182000,0x402198,R
5021,0x1000b8000,0x402084,R
5022,0x100145000,0x402070,R
5023,0x100012000,0x402040,R
5024,0x1001b1000,0x4020b8,R
5025,0x1000c6000,0x4020a0,R
5026,0x1001e9000,0x402164,R
5027,0x10012f000,0x402004,R
5028,0x1001fb000,0x4021b4,R
5029,0x10002d000,0x4020f8,W
5030,0x100079000,0x40209c,R
5031,0x100134000,0x402194,R
5032,0x10005f000,0x402068,R
5033,0x100102000,0x402078,R
5034,0x1001e6000,0x402068,R
5035,0x1001a9000,0x4021dc,R
5036,0x1000c0000,0x4021f8,R
5037,0x100034000,0x402110,W
5038,0x100048000,0x402178,W
5039,0x1000ee000,0x402098,R
5040,0x100023000,0x402100,R
5041,0x100161000,0x4020d4,R
5042,0x100149000,0x4020c8,R
5043,0x1000d4000,0x40206c,R
5044,0x1000c9000,0x4020e4,R
5045,0x1000c9000,0x402014,R
5046,0x100068000,0x402198,W
5047,0x100077000,0x4020cc,R
5048,0x1000ba000,0x4021fc,R
5049,0x1000e1000,0x402094,R
5050,0x10017d000,0x4021a0,W
5051,0x1000fe000,0x4021f0,R
5052,0x100040000,0x402168,R
5053,0x100127000,0x4021ac,R
5054,0x1001a5000,0x4021f8,R
5055,0x10002a000,0x402000,R
5056,0x100035000,0x402094,R
5057,0x10002f000,0x402118,R
5058,0x100028000,0x4021b0,R
5059,0x10003b000,0x402038,R
5060,0x100011000,0x402088,R
5061,0x10011e000,0x4020e8,R
5062,0x100036000,0x4021b0,R
5063,0x1000ed000,0x402054,R
5064,0x100187000,0x402110,R
5065,0x100113000,0x402068,R
5066,0x10000d000,0x402088,R
5067,0x100026000,0x4020ec,R
5068,0x1001db000,0x402134,R
5069,0x100070000,0x40217c,R
5070,0x100039000,0x40211c,W
5071,0x100158000,0x402094,R
5072,0x10003f000,0x402070,R
5073,0x1001d9000,0x4020f4,R
5074,0x10015f000,0x402018,R
5075,0x10008b000,0x4021ac,R
5076,0x100129000,0x402094,R
5077,0x10001b000,0x402168,R
5078,0x100124000,0x4020f4,R
5079,0x100082000,0x402128,R
5080,0x100079000,0x402158,W
5081,0x100021000,0x402100,R
5082,0x10001b000,0x40209c,R
5083,0x1000e6000,0x4021dc,R
5084,0x100123000,0x40218c,R
5085,0x1000bd000,0x402024,R
5086,0x100082000,0x402118,R
5087,0x100141000,0x4021bc,R
5088,0x1000b2000,0x40218c,R
5089,0x1001be000,0x402058,R
5090,0x10000c000,0x4021b8,W
5091,0x1000e3000,0x4020b0,R
5092,0x10001c000,0x402008,W
5093,0x1001e2000,0x4021c4,R
5094,0x1000dc000,0x4020b0,R
5095,0x10002d000,0x4020b0,R
5096,0x10014c000,0x4020b4,R
5097,0x10009c000,0x402158,R
5098,0x10000f000,0x4020a8,R
5099,0x10001e000,0x402198,R
5100,0x10001c000,0x402048,W
5101,0x100012000,0x402028,R
5102,0x1000ec000,0x402164,R
5103,0x10005f000,0x402098,R
5104,0x100182000,0x402004,R
5105,0x10000f000,0x40215c,R
5106,0x1001c4000,0x402020,R
5107,0x1000b9000,0x4021dc,R
5108,0x1000a7000,0x402128,W
5109,0x100025000,0x402058,W
5110,0x1001a4000,0x40217c,R
5111,0x100016000,0x4020c0,W
5112,0x100056000,0x4020e0,R
5113,0x100178000,0x402084,R
5114,0x100113000,0x4021e4,W
5115,0x1000db000,0x402180,R
5116,0x100070000,0x402178,R
5117,0x100029000,0x4021b4,R
5118,0x10014b000,0x4021e4,R
5119,0x1000ee000,0x402044,R
5120,0x1000c5000,0x402078,R
5121,0x10003c000,0x4021c4,R
5122,0x100008000,0x40202c,W
5123,0x10013d000,0x4020d8,R
5124,0x100107000,0x4021b8,R
5125,0x10006e000,0x402004,R
5126,0x100028000,0x402148,R
5127,0x10000c000,0x402158,W
5128,0x100021000,0x402008,R
5129,0x100078000,0x402150,R
5130,0x100034000,0x402048,W
5131,0x100183000,0x4020d4,R
5132,0x100176000,0x402030,R
5133,0x1000a9000,0x402128,R
5134,0x1001ea000,0x402128,R
5135,0x1001f9000,0x402090,R
5136,0x100000000,0x4020a0,R
5137,0x100056000,0x402018,R
5138,0x10013b000,0x4021dc,R
5139,0x100061000,0x4021cc,R
5140,0x100088000,0x402154,R
5141,0x100150000,0x40215c,R
5142,0x100036000,0x4020c4,R
5143,0x10009e000,0x4020e4,R
5144,0x100093000,0x402104,R
5145,0x1000f3000,0x40200c,R
5146,0x100148000,0x402180,R
5147,0x10015c000,0x4021b4,R
5148,0x10011c000,0x4021ac,R
5149,0x100134000,0x4021cc,R
5150,0x1000ba000,0x40206c,R
5151,0x1001c7000,0x4020c0,R
5152,0x1001b1000,0x402088,R
5153,0x100134000,0x4020c4,R
5154,0x100160000,0x402060,R
5155,0x100097000,0x402168,R
5156,0x100146000,0x4020ec,R
5157,0x10013c000,0x40205c,R
5158,0x100175000,0x40219c,R
5159,0x1001ac000,0x402110,R
5160,0x100013000,0x402080,R
5161,0x10001f000,0x4020fc,R
5162,0x1000c2000,0x402198,R
5163,0x1001f1000,0x4021d4,R
5164,0x100013000,0x40203c,R
5165,0x1001a0000,0x402098,R
5166,0x1001de000,0x402018,W
5167,0x100102000,0x402178,R
5168,0x100092000,0x4021fc,R
5169,0x100158000,0x4020bc,R
5170,0x1000d4000,0x4020a0,W
5171,0x1001d6000,0x402170,R
5172,0x1001ab000,0x4020c0,R
5173,0x1000b6000,0x4020e8,R
5174,0x10006a000,0x402130,R
5175,0x1001e6000,0x402044,R
5176,0x100098000,0x4021c4,R
5177,0x10002f000,0x4020d0,W
5178,0x100020000,0x402070,R
5179,0x100002000,0x402060,W
5180,0x100008000,0x402028,W
5181,0x1001e2000,0x4021e4,R
5182,0x10012a000,0x402078,R
5183,0x100110000,0x402078,R
5184,0x100042000,0x402010,R
5185,0x1000a8000,0x402054,R
5186,0x100182000,0x402108,W
5187,0x100056000,0x402160,R
5188,0x100131000,0x402110,R
5189,0x10001b000,0x40201c,W
5190,0x100061000,0x40212c,R
5191,0x100002000,0x402040,R
5192,0x100128000,0x4021e0,R
5193,0x1000cb000,0x402170,R
5194,0x100153000,0x4021fc,R
5195,0x1000a3000,0x402160,R
5196,0x1001f9000,0x402094,R
5197,0x1000d0000,0x4021ec,R
5198,0x1000f8000,0x402018,R
5199,0x1001b5000,0x40215c,W
5200,0x1000fe000,0x402064,R
5201,0x10014e000,0x402114,R
5202,0x100168000,0x402064,R
5203,0x100139000,0x40216c,R
5204,0x1001dc000,0x402130,W
5205,0x10004d000,0x402028,R
5206,0x1001ca000,0x402194,R
5207,0x1000d9000,0x402010,R
5208,0x1000ac000,0x4020a4,R
5209,0x1000ad000,0x4020e4,R
5210,0x10009f000,0x402060,R
5211,0x100001000,0x402154,R
5212,0x1001f8000,0x4021d8,R
5213,0x100033000,0x4020c0,R
5214,0x1000d3000,0x4021c8,R
5215,0x1000ab000,0x4021cc,R
5216,0x100115000,0x40216c,R
5217,0x100092000,0x40209c,R
5218,0x100063000,0x40213c,R
5219,0x10010f000,0x402088,R
5220,0x10003b000,0x402148,R
5221,0x10000c000,0x402034,W
5222,0x1000e6000,0x402108,R
5223,0x1000f9000,0x40206c,R
5224,0x10005d000,0x4021e8,R
5225,0x1000b6000,0x40209c,R
5226,0x10000e000,0x402104,W
5227,0x100186000,0x402088,R
5228,0x100077000,0x402158,R
5229,0x1000b2000,0x402094,R
5230,0x100056000,0x402018,R
5231,0x100137000,0x402030,W
5232,0x100107000,0x402160,R
5233,0x1000d2000,0x402138,R
5234,0x1000cf000,0x4021d0,R
5235,0x100158000,0x4021d4,W
5236,0x10004f000,0x40211c,R
5237,0x1000e8000,0x402134,W
5238,0x1001a7000,0x402088,R
5239,0x100052000,0x402174,W
5240,0x100013000,0x402194,R
5241,0x100087000,0x402114,R
5242,0x10004a000,0x402040,R
5243,0x1001e6000,0x402084,R
5244,0x100010000,0x4021f8,W
5245,0x1001e8000,0x4021f0,R
5246,0x1001fd000,0x4020bc,R
5247,0x10016d000,0x4021dc,R
5248,0x100066000,0x402074,R
5249,0x1000fc000,0x4021cc,R
5250,0x1001a1000,0x402008,R
5251,0x10017f000,0x402138,R
5252,0x1000cb000,0x40216c,R
5253,0x100023000,0x402054,W
5254,0x1000b8000,0x40203c,R
5255,0x100117000,0x4020b4,R
5256,0x100178000,0x402090,R
5257,0x100113000,0x402080,W
5258,0x10008a000,0x40210c,R
5259,0x1000d2000,0x402028,R
5260,0x10000f000,0x402180,W
5261,0x100019000,0x402180,R
5262,0x100174000,0x402114,R
5263,0x10002a000,0x40212c,R
5264,0x1000f2000,0x4021cc,R
5265,0x10005f000,0x40203c,R
5266,0x10015b000,0x40213c,R
5267,0x10001c000,0x4021a0,R
5268,0x10003b000,0x402144,R
5269,0x100130000,0x4021b8,R
5270,0x10008f000,0x4021f8,R
5271,0x1001a6000,0x4020f0,R
5272,0x1001b5000,0x4020b4,R
5273,0x10005b000,0x40213c,W
5274,0x100184000,0x402054,R
5275,0x10012b000,0x4020bc,R
5276,0x10001e000,0x402040,R
5277,0x100144000,0x4020f8,W
5278,0x10003a000,0x402074,R
5279,0x100106000,0x402184,R
5280,0x100180000,0x402040,R
5281,0x1000ee000,0x4021fc,R
5282,0x100097000,0x4020a4,R
5283,0x100027000,0x4021bc,R
5284,0x10007f000,0x40210c,R
5285,0x1000de000,0x402060,R
5286,0x100024000,0x402054,R
5287,0x100124000,0x402004,R
5288,0x100150000,0x402194,W
5289,0x100073000,0x402164,R
5290,0x10011f000,0x4020bc,R
5291,0x1001ee000,0x402098,R
5292,0x10010d000,0x40209c,R
5293,0x100022000,0x402188,R
5294,0x100037000,0x402138,R
5295,0x1000fe000,0x402078,R
5296,0x100062000,0x40215c,R
5297,0x1001ca000,0x4021e4,R
5298,0x1001d8000,0x4020a0,R
5299,0x10005b000,0x402104,R
5300,0x10013c000,0x40200c,R
5301,0x10001f000,0x402170,W
5302,0x100191000,0x402070,R
5303,0x1001d3000,0x402148,R
5304,0x1000eb000,0x40204c,R
5305,0x100170000,0x402090,W
5306,0x100072000,0x402108,W
5307,0x100039000,0x402080,W
5308,0x100079000,0x402004,W
5309,0x100013000,0x402118,R
5310,0x10017d000,0x402134,R
5311,0x100041000,0x402144,R
5312,0x1000ee000,0x402014,W
5313,0x10001a000,0x402164,R
5314,0x100152000,0x4020fc,R
5315,0x100068000,0x4021a8,R
5316,0x100067000,0x402160,R
5317,0x1000c9000,0x40218c,W
5318,0x100164000,0x4020a4,R
5319,0x1000f0000,0x402148,R
5320,0x1001c2000,0x402150,R
5321,0x100050000,0x4021c4,W
5322,0x10006f000,0x40218c,W
5323,0x100134000,0x40200c,R
5324,0x1000b2000,0x402090,R
5325,0x1001b9000,0x40218c,R
5326,0x10002c000,0x402180,R
5327,0x100088000,0x4020dc,R
5328,0x1000a3000,0x402044,R
5329,0x100094000,0x4021f8,W
5330,0x100063000,0x4021d8,R
5331,0x10013f000,0x402180,R
5332,0x100110000,0x40218c,R
5333,0x100158000,0x4021dc,R
5334,0x1000d1000,0x4020bc,W
5335,0x1001d4000,0x402100,W
5336,0x100095000,0x402068,R
5337,0x100118000,0x402158,R
5338,0x100117000,0x402110,W
5339,0x10000d000,0x402128,W
5340,0x1001ba000,0x402070,R
5341,0x10016a000,0x40207c,W
5342,0x100017000,0x40206c,R
5343,0x10008d000,0x402100,R
5344,0x100179000,0x4021f8,R
5345,0x100036000,0x402198,W
5346,0x10016b000,0x4021a8,R
5347,0x1001ff000,0x402038,R
5348,0x10008a000,0x40205c,R
5349,0x100170000,0x402060,R
5350,0x10002b000,0x402040,R
5351,0x10016c000,0x40200c,R
5352,0x1000f4000,0x40200c,R
5353,0x100152000,0x4021b8,R
5354,0x1001f3000,0x402008,R
5355,0x1000e4000,0x4020f0,R
5356,0x1001f6000,0x40213c,W
5357,0x1000e0000,0x402110,R
5358,0x100077000,0x4020b0,R
5359,0x10010e000,0x402198,W
5360,0x10001f000,0x4020b8,R
5361,0x100004000,0x4021c0,W
5362,0x100174000,0x402150,R
5363,0x10015f000,0x40215c,R
5364,0x1000eb000,0x402088,R
5365,0x100134000,0x402138,W
5366,0x10004b000,0x402078,R
5367,0x100085000,0x402164,R
5368,0x1000f2000,0x402158,R
5369,0x1000f0000,0x402050,R
5370,0x10001e000,0x40212c,R
5371,0x1000dd000,0x402128,R
5372,0x100194000,0x402018,R
5373,0x100109000,0x4021c8,R
5374,0x1000c3000,0x402150,R
5375,0x10019e000,0x402104,W
5376,0x10001c000,0x40216c,R
5377,0x10014f000,0x402024,R
5378,0x10004b000,0x4020c4,R
5379,0x100063000,0x4021e0,R
5380,0x1001d4000,0x402158,R
5381,0x100105000,0x4021f4,R
5382,0x10001b000,0x4021e4,R
5383,0x100041000,0x402164,R
5384,0x100029000,0x40214c,R
5385,0x10000f000,0x4021e8,R
5386,0x100085000,0x4020e0,R
5387,0x1001fd000,0x402150,R
5388,0x1000d5000,0x402198,R
5389,0x100145000,0x40215c,W
5390,0x100152000,0x402140,W
5391,0x10003f000,0x402040,W
5392,0x1000cf000,0x4021b8,R
5393,0x1000fc000,0x402194,R
5394,0x1000e9000,0x402038,W
5395,0x100002000,0x402140,R
5396,0x100122000,0x4020bc,R
5397,0x100025000,0x402050,R
5398,0x100192000,0x402120,R
5399,0x100008000,0x40212c,W
5400,0x10007e000,0x40216c,R
5401,0x10016c000,0x402100,W
5402,0x10016a000,0x4020dc,R
5403,0x100019000,0x402164,R
5404,0x100092000,0x402068,R
5405,0x10006a000,0x4021b8,R
5406,0x1001a3000,0x4020f8,W
5407,0x1000a0000,0x402174,R
5408,0x100112000,0x4020f8,R
5409,0x100025000,0x402058,R
5410,0x100182000,0x402124,R
5411,0x1001df000,0x402100,R
5412,0x10009e000,0x4021d0,R
5413,0x100015000,0x4021bc,R
5414,0x1001e2000,0x4020ec,W
5415,0x10014c000,0x40213c,R
5416,0x100065000,0x40215c,R
5417,0x100100000,0x4020b8,W
5418,0x1000f5000,0x402074,R
5419,0x1000ee000,0x4020a8,R
5420,0x10008c000,0x4020d0,W
5421,0x100141000,0x402070,R
5422,0x1000ed000,0x40215c,R
5423,0x100178000,0x4020b8,R
5424,0x100168000,0x4020d8,W
5425,0x1001e3000,0x4020ec,R
5426,0x100148000,0x40209c,R
5427,0x10015a000,0x4021b4,R
5428,0x1000a4000,0x402120,R
5429,0x100105000,0x4021d8,W
5430,0x100034000,0x4020b0,R
5431,0x100010000,0x402018,R
5432,0x10019f000,0x4021e4,R
5433,0x100190000,0x402050,R
5434,0x100016000,0x4020b8,R
5435,0x10004f000,0x402104,W
5436,0x1001e7000,0x402138,R
5437,0x1000d2000,0x40204c,R
5438,0x1000c5000,0x4020e0,R
5439,0x1000b8000,0x402108,R
5440,0x10013b000,0x402054,R
5441,0x100171000,0x4020b8,R
5442,0x10000a000,0x402194,R
5443,0x100117000,0x4020a0,R
5444,0x10013b000,0x4021b0,R
5445,0x100095000,0x4020b4,R
5446,0x1001e3000,0x4021e8,R
5447,0x1001df000,0x4020ac,W
5448,0x100158000,0x4020c8,R
5449,0x1001fb000,0x4021b8,R
5450,0x10005f000,0x402100,R
5451,0x1000a5000,0x402004,R
5452,0x10010f000,0x40215c,R
5453,0x1000a6000,0x402004,R
5454,0x1000ee000,0x4020ac,R
5455,0x100026000,0x402014,R
5456,0x1001c2000,0x40212c,R
5457,0x10019c000,0x402140,R
5458,0x100190000,0x4020dc,R
5459,0x1000cb000,0x402114,R
5460,0x1000cb000,0x402014,R
5461,0x100092000,0x40200c,R
5462,0x10005a000,0x402054,W
5463,0x100064000,0x402090,R
5464,0x100033000,0x4021d8,R
5465,0x10001b000,0x402198,W
5466,0x100082000,0x4021c4,R
5467,0x100009000,0x40207c,W
5468,0x10015b000,0x40207c,W
5469,0x1001c5000,0x402114,R
5470,0x100072000,0x40203c,R
5471,0x100075000,0x4020d0,R
5472,0x10013a000,0x402148,R
5473,0x10016c000,0x402010,R
5474,0x100082000,0x4021ec,R
5475,0x10001e000,0x4021a4,W
5476,0x100163000,0x402094,W
5477,0x1000fa000,0x402034,R
5478,0x100039000,0x402090,W
5479,0x100088000,0x402040,R
5480,0x100102000,0x402140,R
5481,0x1001ca000,0x402138,R
5482,0x10008b000,0x4021a0,R
5483,0x1000f9000,0x402140,R
5484,0x1001f7000,0x402034,R
5485,0x100019000,0x4020c8,R
5486,0x100060000,0x402038,R
5487,0x100162000,0x4020bc,R
5488,0x100167000,0x4020a4,R
5489,0x100029000,0x402024,R
5490,0x1000c8000,0x4021ac,R
5491,0x10018c000,0x402094,R
5492,0x100168000,0x402010,R
5493,0x10006c000,0x40204c,R
5494,0x10001f000,0x402090,R
5495,0x1000c2000,0x40201c,R
5496,0x100189000,0x4021c8,R
5497,0x1000d4000,0x4021b0,W
5498,0x10009f000,0x4020e8,R
5499,0x100102000,0x402048,W
5500,0x100168000,0x402108,R
5501,0x10016a000,0x402178,R
5502,0x100184000,0x4021fc,R
5503,0x100024000,0x402178,R
5504,0x100166000,0x4021a4,W
5505,0x100111000,0x4020b4,R
5506,0x100029000,0x402090,R
5507,0x10014c000,0x4021c0,R
5508,0x10018a000,0x402188,R
5509,0x100031000,0x40219c,R
5510,0x100003000,0x4020e8,R
5511,0x100088000,0x40200c,R
5512,0x1000be000,0x402164,R
5513,0x1000ab000,0x4021f4,R
5514,0x1000e1000,0x4020bc,W
5515,0x100185000,0x402038,R
5516,0x1000c2000,0x4021b4,W
5517,0x1000fa000,0x402134,R
5518,0x100100000,0x402064,R
5519,0x1001fc000,0x402070,W
5520,0x100148000,0x4021d4,R
5521,0x1001c3000,0x402048,R
5522,0x1001f8000,0x4020c8,R
5523,0x100175000,0x4021dc,W
5524,0x10002f000,0x4020ec,W
5525,0x100068000,0x4020ec,R
5526,0x100151000,0x402050,R
5527,0x100137000,0x4021e0,R
5528,0x100179000,0x4020c0,R
5529,0x10005d000,0x40216c,R
5530,0x10014e000,0x402144,R
5531,0x10009b000,0x4021cc,R
5532,0x100105000,0x402078,W
5533,0x10006a000,0x4020e4,R
5534,0x1001b9000,0x402180,R
5535,0x100010000,0x402078,R
5536,0x100007000,0x40215c,W
5537,0x1000b6000,0x402150,R
5538,0x10000d000,0x402148,W
5539,0x100018000,0x402038,R
5540,0x10013a000,0x402134,R
5541,0x100186000,0x40205c,R
5542,0x1000c9000,0x40210c,R
5543,0x1001de000,0x402184,R
5544,0x10014c000,0x402070,R
5545,0x1001cf000,0x40206c,R
5546,0x1000df000,0x402064,R
5547,0x100026000,0x402074,R
5548,0x100050000,0x40204c,R
5549,0x1000ab000,0x40207c,R
5550,0x100054000,0x402134,R
5551,0x100008000,0x402058,R
5552,0x100081000,0x402120,W
5553,0x10016c000,0x402114,R
5554,0x1000d0000,0x402098,R
5555,0x100124000,0x40206c,W
5556,0x10007f000,0x40217c,R
5557,0x10007a000,0x4021fc,R
5558,0x100141000,0x402024,R
5559,0x100028000,0x402080,R
5560,0x1000d9000,0x402150,R
5561,0x10009a000,0x4021f4,R
5562,0x1001d4000,0x402120,R
5563,0x100072000,0x402190,R
5564,0x10002d000,0x402000,R
5565,0x1000d8000,0x4020fc,W
5566,0x1001c5000,0x4020dc,R
5567,0x10001f000,0x4021b8,R
5568,0x10008b000,0x40208c,R
5569,0x1000e3000,0x402168,W
5570,0x100169000,0x4020fc,R
5571,0x100031000,0x402134,R
5572,0x1001d9000,0x4020f4,R
5573,0x10001c000,0x402190,W
5574,0x1001c4000,0x40217c,W
5575,0x100088000,0x4020c4,R
5576,0x1000d7000,0x402078,R
5577,0x100050000,0x4021d8,R
5578,0x100005000,0x4021f0,W
5579,0x100074000,0x4020e0,W
5580,0x10011b000,0x402064,R
5581,0x1000f0000,0x402184,W
5582,0x100035000,0x402040,R
5583,0x1001ef000,0x402124,R
5584,0x1000b3000,0x402084,R
5585,0x1000ad000,0x402078,R
5586,0x1001dc000,0x402114,R
5587,0x10011e000,0x4020e4,R
5588,0x1000e3000,0x402178,R
5589,0x1001d9000,0x4021c0,R
5590,0x1001f7000,0x40209c,R
5591,0x100100000,0x4020b4,R
5592,0x100157000,0x4021a4,R
5593,0x1001a8000,0x40217c,R
5594,0x10007c000,0x402024,R
5595,0x1000fa000,0x40214c,W
5596,0x100084000,0x4021dc,R
5597,0x10000d000,0x4020fc,W
5598,0x100003000,0x402180,W
5599,0x100180000,0x4021fc,R
5600,0x100058000,0x4020a8,R
5601,0x100120000,0x4020d4,W
5602,0x1000af000,0x402034,R
5603,0x1000cf000,0x40201c,W
5604,0x1001aa000,0x40207c,R
5605,0x1001cb000,0x402120,W
5606,0x100029000,0x4021b0,W
5607,0x100035000,0x402098,R
5608,0x1001a3000,0x4020d0,W
5609,0x1001b3000,0x4021b4,R
5610,0x10002a000,0x4021ec,R
5611,0x100177000,0x4021b8,R
5612,0x1000ea000,0x402198,R
5613,0x100104000,0x402074,R
5614,0x10001a000,0x402154,R
5615,0x10003b000,0x402008,R
5616,0x10015c000,0x4020c0,R
5617,0x10017f000,0x4021e8,R
5618,0x100090000,0x4021a0,R
5619,0x10001a000,0x4021c8,R
5620,0x1001c8000,0x40206c,R
5621,0x1000e6000,0x4021cc,R
5622,0x1001e3000,0x4021d4,W
5623,0x100187000,0x4020a4,R
5624,0x10001c000,0x4021d0,R
5625,0x100049000,0x4020b8,R
5626,0x100183000,0x402198,R
5627,0x1001a5000,0x4020e0,R
5628,0x100031000,0x4021ac,R
5629,0x100064000,0x4021d0,R
5630,0x100160000,0x402138,W
5631,0x100011000,0x402110,R
5632,0x1000b0000,0x4021d0,R
5633,0x1000f0000,0x4020c8,R
5634,0x100129000,0x4021fc,R
5635,0x10015c000,0x4021e0,R
5636,0x1001ff000,0x4021e4,R
5637,0x1001c3000,0x402198,R
5638,0x10000f000,0x402028,W
5639,0x100094000,0x40204c,R
5640,0x1000a5000,0x402188,R
5641,0x10003b000,0x402054,R
5642,0x100036000,0x402058,R
5643,0x100157000,0x402190,R
5644,0x100035000,0x40212c,W
5645,0x10017a000,0x40217c,W
5646,0x10001f000,0x4021ac,R
5647,0x10004b000,0x402038,R
5648,0x100099000,0x402010,R
5649,0x100043000,0x4021b0,R
5650,0x100088000,0x402170,R
5651,0x1000ce000,0x402080,R
5652,0x100000000,0x4021b0,W
5653,0x10004d000,0x4020e0,R
5654,0x1000a2000,0x402044,R
5655,0x100106000,0x4020f8,R
5656,0x10000b000,0x40204c,W
5657,0x100107000,0x402070,R
5658,0x100177000,0x402120,R
5659,0x1000fa000,0x402010,R
5660,0x1000cc000,0x40215c,R
5661,0x100045000,0x4021ec,R
5662,0x10002f000,0x4020dc,R
5663,0x10014c000,0x4021ec,R
5664,0x100019000,0x402148,R
5665,0x1000fd000,0x402034,R
5666,0x1000ad000,0x402140,R
5667,0x100132000,0x402000,R
5668,0x1001d6000,0x4020d0,R
5669,0x100168000,0x4021e4,R
5670,0x10000d000,0x402134,W
5671,0x10002f000,0x402034,W
5672,0x100095000,0x4020fc,R
5673,0x10001b000,0x402198,R
5674,0x100121000,0x4020f0,R
5675,0x10001d000,0x40203c,R
5676,0x10015e000,0x4021cc,R
5677,0x100000000,0x402004,R
5678,0x1000a3000,0x40201c,R
5679,0x100018000,0x4021cc,R
5680,0x100006000,0x402134,W
5681,0x100018000,0x402010,W
5682,0x10001a000,0x402170,R
5683,0x1001be000,0x402014,R
5684,0x100141000,0x4020e4,R
5685,0x100074000,0x402124,W
5686,0x100154000,0x402084,W
5687,0x100137000,0x4020c0,W
5688,0x10015f000,0x402030,R
5689,0x10001f000,0x402000,R
5690,0x10016b000,0x402150,R
5691,0x1000a2000,0x402170,R
5692,0x1000f7000,0x4021c8,R
5693,0x1000bd000,0x4021a8,R
5694,0x100141000,0x402014,R
5695,0x10019e000,0x40205c,R
5696,0x100056000,0x402024,R
5697,0x100033000,0x402124,R
5698,0x100076000,0x40202c,R
5699,0x1000d5000,0x4021d4,W
5700,0x10003e000,0x4020a4,R
5701,0x10000d000,0x4021bc,W
5702,0x100085000,0x402150,R
5703,0x10016a000,0x4021b8,R
5704,0x1000e1000,0x402058,R
5705,0x100001000,0x4021d0,R
5706,0x100030000,0x4021f8,W
5707,0x1001d1000,0x402000,R
5708,0x10019f000,0x4020c8,W
5709,0x100120000,0x402080,R
5710,0x10014d000,0x402070,R
5711,0x100124000,0x4020c4,R
5712,0x1001e4000,0x402068,R
5713,0x100038000,0x402044,R
5714,0x100101000,0x40217c,W
5715,0x100095000,0x402068,W
5716,0x100054000,0x40204c,W
5717,0x10003e000,0x402098,R
5718,0x10019f000,0x402164,R
5719,0x100157000,0x402034,R
5720,0x10015c000,0x4020c4,R
5721,0x100198000,0x402174,W
5722,0x10003b000,0x402058,R
5723,0x100000000,0x40202c,W
5724,0x100191000,0x402044,R
5725,0x1000b8000,0x402148,W
5726,0x1000e5000,0x4021c0,R
5727,0x100022000,0x4021ac,R
5728,0x10016c000,0x402114,R
5729,0x100121000,0x402184,R
5730,0x100156000,0x402138,R
5731,0x100151000,0x4021dc,R
5732,0x10017c000,0x4020d4,R
5733,0x10010e000,0x402158,R
5734,0x100014000,0x4021a0,R
5735,0x1001f9000,0x402090,R
5736,0x1001a2000,0x4021fc,R
5737,0x100042000,0x4020c8,R
5738,0x100032000,0x40214c,W
5739,0x100168000,0x4021ec,R
5740,0x10016f000,0x4020d0,R
5741,0x10000a000,0x4020a8,W
5742,0x1001e3000,0x40213c,W
5743,0x100089000,0x402114,R
5744,0x1001a8000,0x402178,R
5745,0x10010b000,0x402038,R
5746,0x100116000,0x4020c0,R
5747,0x10010e000,0x402094,R
5748,0x100183000,0x402040,R
5749,0x10003a000,0x40211c,R
5750,0x1001ed000,0x4021e0,R
5751,0x100054000,0x4021f0,R
5752,0x100010000,0x402018,R
5753,0x10001d000,0x4021f8,R
5754,0x10001a000,0x402034,R
5755,0x1001f2000,0x402140,R
5756,0x100005000,0x402074,W
5757,0x10017f000,0x4020f0,R
5758,0x100172000,0x402140,R
5759,0x100035000,0x4020c8,R
5760,0x1000d9000,0x402194,R
5761,0x10006e000,0x40209c,R
5762,0x100177000,0x402158,R
5763,0x100051000,0x40207c,R
5764,0x100108000,0x402114,R
5765,0x100078000,0x402020,R
5766,0x10006a000,0x402094,R
5767,0x10002e000,0x4020bc,R
5768,0x100029000,0x4020b8,W
5769,0x1001c0000,0x4021ec,R
5770,0x100071000,0x4021f4,W
5771,0x1000d3000,0x4020fc,R
5772,0x1001f3000,0x402128,R
5773,0x1001cc000,0x402138,R
5774,0x100124000,0x4020a4,R
5775,0x100031000,0x402148,R
5776,0x1001b5000,0x4020ac,R
5777,0x10003c000,0x4021b8,R
5778,0x100009000,0x402198,W
5779,0x1000d3000,0x4021d8,W
5780,0x10016c000,0x402108,W
5781,0x100159000,0x402040,R
5782,0x100167000,0x4020e8,R
5783,0x10004d000,0x40219c,R
5784,0x100157000,0x402148,R
5785,0x100097000,0x40205c,R
5786,0x1000d8000,0x4020c8,R
5787,0x1000d3000,0x402024,R
5788,0x100194000,0x402048,R
5789,0x1000d9000,0x4020a8,R
5790,0x1000f3000,0x402060,R
5791,0x10000b000,0x4021cc,W
5792,0x100116000,0x402024,R
5793,0x10005a000,0x4020c0,R
5794,0x100059000,0x4021b8,R
5795,0x1000c9000,0x402190,R
5796,0x1000a3000,0x40215c,R
5797,0x100142000,0x4021d4,R
5798,0x1001d9000,0x4021e0,R
5799,0x100008000,0x402018,W
5800,0x100091000,0x402160,R
5801,0x100082000,0x402170,R
5802,0x1000b0000,0x402178,W
5803,0x10001c000,0x402050,R
5804,0x100028000,0x4021c0,W
5805,0x1001b0000,0x402048,R
5806,0x100108000,0x402088,R
5807,0x100175000,0x40217c,W
5808,0x10001a000,0x402060,R
5809,0x1000b0000,0x4021fc,R
5810,0x100072000,0x4021dc,W
5811,0x10009a000,0x4020a4,R
5812,0x100013000,0x40216c,R
5813,0x10004d000,0x402034,R
5814,0x100151000,0x402174,R
5815,0x100046000,0x4020d8,W
5816,0x10016f000,0x4020dc,W
5817,0x100040000,0x4021e0,R
5818,0x100160000,0x4021c0,R
5819,0x10019c000,0x4021ec,R
5820,0x10006e000,0x402104,R
5821,0x1000dd000,0x4021cc,R
5822,0x100060000,0x40205c,R
5823,0x10008a000,0x4020d8,R
5824,0x1001ab000,0x40203c,R
5825,0x1000f3000,0x402180,W
5826,0x100115000,0x40219c,R
5827,0x10018d000,0x4020b0,W
5828,0x10012e000,0x4020a8,R
5829,0x100028000,0x402010,R
5830,0x100027000,0x4020f0,R
5831,0x1001d1000,0x402080,R
5832,0x100165000,0x4021fc,R
5833,0x100184000,0x40210c,R
5834,0x1001b8000,0x4020ec,R
5835,0x10006d000,0x4021a8,W
5836,0x100108000,0x402098,W
5837,0x1000d0000,0x4021fc,R
5838,0x100068000,0x40200c,R
5839,0x100124000,0x402054,R
5840,0x100030000,0x402150,W
5841,0x100038000,0x4021c0,R
5842,0x100002000,0x4020fc,W
5843,0x1000b9000,0x4020c8,R
5844,0x1000e4000,0x402160,R
5845,0x10001c000,0x402070,R
5846,0x100139000,0x40208c,W
5847,0x10006b000,0x402120,R
5848,0x1000ca000,0x40207c,R
5849,0x100010000,0x40206c,R
5850,0x10006c000,0x4020fc,W
5851,0x100173000,0x402168,R
5852,0x100002000,0x4021a0,W
5853,0x100163000,0x4021cc,R
5854,0x100031000,0x402174,R
5855,0x10003f000,0x402118,W
5856,0x1000ba000,0x402104,R
5857,0x1000b8000,0x4020a8,R
5858,0x1000e9000,0x402090,R
5859,0x1000b3000,0x402158,R
5860,0x10007f000,0x4020cc,R
5861,0x10007d000,0x402018,R
5862,0x10008f000,0x40208c,R
5863,0x1000b3000,0x402150,R
5864,0x10002c000,0x402140,R
5865,0x1001f9000,0x4020ec,R
5866,0x100063000,0x402128,R
5867,0x100177000,0x4020f0,R
5868,0x100093000,0x40209c,R
5869,0x1000d4000,0x402094,R
5870,0x100010000,0x4020d4,R
5871,0x1001f2000,0x402068,R
5872,0x10012c000,0x40213c,R
5873,0x100076000,0x4020a4,R
5874,0x10013d000,0x402150,R
5875,0x1001ec000,0x40212c,R
5876,0x100030000,0x402030,R
5877,0x1000f0000,0x4020a0,R
5878,0x10015f000,0x40210c,R
5879,0x1001f0000,0x402028,R
5880,0x100121000,0x402058,R
5881,0x100079000,0x402060,R
5882,0x10000a000,0x4021b8,W
5883,0x100053000,0x40201c,R
5884,0x10010c000,0x402010,R
5885,0x1000e5000,0x402008,W
5886,0x10013f000,0x402048,R
5887,0x1001cc000,0x4020d4,R
5888,0x1000f5000,0x402158,R
5889,0x10015a000,0x4021b4,R
5890,0x10015f000,0x4020c8,R
5891,0x100114000,0x402020,R
5892,0x1000bb000,0x402090,W
5893,0x100059000,0x402030,R
5894,0x100064000,0x402078,R
5895,0x100107000,0x4020c8,R
5896,0x10002b000,0x402074,R
5897,0x100141000,0x402170,R
5898,0x1000c3000,0x4020ec,R
5899,0x100116000,0x40200c,R
5900,0x1000c3000,0x4021ac,R
5901,0x100112000,0x402004,R
5902,0x10006e000,0x4020e4,R
5903,0x100079000,0x40218c,R
5904,0x10011a000,0x402044,R
5905,0x1000b8000,0x402100,R
5906,0x100003000,0x402094,W
5907,0x100047000,0x4021d0,W
5908,0x1000a7000,0x402060,R
5909,0x1000af000,0x402064,R
5910,0x1001c1000,0x4021b0,R
5911,0x10002d000,0x40206c,R
5912,0x10010a000,0x4020d0,R
5913,0x10008b000,0x4021ac,R
5914,0x100161000,0x4020f8,W
5915,0x1000a5000,0x402090,R
5916,0x100041000,0x402194,R
5917,0x1000fc000,0x4021b0,W
5918,0x100086000,0x4020a8,R
5919,0x100143000,0x402174,R
5920,0x1001c2000,0x402060,R
5921,0x1000d0000,0x402000,R
5922,0x1000ac000,0x402124,W
5923,0x100001000,0x40209c,W
5924,0x100054000,0x402010,R
5925,0x100173000,0x40201c,R
5926,0x10019b000,0x4020ac,R
5927,0x1000ff000,0x40213c,R
5928,0x1001d4000,0x402104,R
5929,0x10011a000,0x40216c,R
5930,0x1001bb000,0x40211c,R
5931,0x100046000,0x402018,W
5932,0x100036000,0x402154,W
5933,0x100102000,0x402048,R
5934,0x100117000,0x40204c,R
5935,0x100140000,0x4021d0,R
5936,0x1001ce000,0x402180,R
5937,0x10009f000,0x4021d4,R
5938,0x100073000,0x40212c,R
5939,0x1000fe000,0x4020c0,R
5940,0x10000a000,0x402030,W
5941,0x10001a000,0x402194,R
5942,0x10000f000,0x402074,W
5943,0x100046000,0x4020c4,R
5944,0x100161000,0x402000,R
5945,0x100179000,0x40218c,R
5946,0x10003a000,0x402080,W
5947,0x1000b7000,0x402050,R
5948,0x10009b000,0x4021a8,R
5949,0x1000c1000,0x402154,R
5950,0x1001d4000,0x40210c,R
5951,0x1001df000,0x40207c,W
5952,0x10010b000,0x402184,R
5953,0x1001e3000,0x4020e8,R
5954,0x100056000,0x402070,R
5955,0x1000c3000,0x402094,W
5956,0x100021000,0x40202c,R
5957,0x10017a000,0x402048,R
5958,0x1001f0000,0x402144,R
5959,0x1000c8000,0x402048,R
5960,0x1000ec000,0x4021b0,W
5961,0x100004000,0x40215c,W
5962,0x1000cc000,0x4020f8,R
5963,0x10005a000,0x4020e0,R
5964,0x1001e3000,0x4021f0,R
5965,0x1000aa000,0x40207c,R
5966,0x1000b6000,0x4021c8,R
5967,0x1000f1000,0x40205c,R
5968,0x1000fb000,0x402084,W
5969,0x10001a000,0x40204c,R
5970,0x100139000,0x4020d8,W
5971,0x100190000,0x402014,R
5972,0x100185000,0x402044,R
5973,0x10002f000,0x402094,R
5974,0x100106000,0x4020e0,R
5975,0x100107000,0x402154,R
5976,0x100059000,0x4021cc,R
5977,0x1000ea000,0x4021c8,R
5978,0x10003d000,0x4020c4,R
5979,0x10013a000,0x4020c8,R
5980,0x1000d2000,0x4021c4,R
5981,0x1000a6000,0x4020b0,R
5982,0x1000bb000,0x402014,R
5983,0x100095000,0x40201c,R
5984,0x10008e000,0x402098,R
5985,0x1000eb000,0x4020a4,R
5986,0x10001b000,0x4020b8,R
5987,0x100044000,0x40217c,R
5988,0x10017c000,0x40216c,R
5989,0x1000e8000,0x402168,R
5990,0x100041000,0x4021d8,R
5991,0x10004b000,0x4020f4,R
5992,0x100038000,0x402144,R
5993,0x1000b9000,0x4021fc,R
5994,0x1000a6000,0x4020b0,W
5995,0x100152000,0x402014,R
5996,0x100050000,0x402110,R
5997,0x100095000,0x40210c,R
5998,0x100047000,0x40217c,R
5999,0x1000fb000,0x4020f0,R
6000,0x1001f3000,0x403108,R
6001,0x1001f4000,0x4031dc,R
6002,0x1001f5000,0x403044,W
6003,0x1001f6000,0x403050,W
6004,0x1001f7000,0x4031b4,R
6005,0x1001f8000,0x403008,R
6006,0x1001f9000,0x403148,R
6007,0x1001fa000,0x4031a4,R
6008,0x1001fb000,0x4031a0,R
6009,0x1001fc000,0x403168,R
6010,0x1001fd000,0x4031f8,W
6011,0x1001fe000,0x4031d0,R
6012,0x1001ff000,0x403168,W
6013,0x100180000,0x4031d4,R
6014,0x100181000,0x403058,W
6015,0x100182000,0x4031d0,R
6016,0x100183000,0x40304c,R
6017,0x100184000,0x4030f0,R
6018,0x100185000,0x4030e4,R
6019,0x100186000,0x4030c0,W
6020,0x100187000,0x4031e0,W
6021,0x100188000,0x403048,R
6022,0x100189000,0x403108,R
6023,0x10018a000,0x4030c8,R
6024,0x10018b000,0x4030e4,R
6025,0x10018c000,0x403068,R
6026,0x10018d000,0x4030dc,R
6027,0x10018e000,0x40306c,R
6028,0x10018f000,0x4030fc,R
6029,0x100190000,0x40300c,R
6030,0x100191000,0x403024,R
6031,0x100192000,0x4031f4,R
6032,0x100193000,0x4030b8,R
6033,0x100194000,0x4030d0,R
6034,0x100195000,0x4031dc,R
6035,0x100196000,0x403194,R
6036,0x100197000,0x4030c0,R
6037,0x100198000,0x40317c,R
6038,0x100199000,0x403054,R
6039,0x10019a000,0x40300c,R
6040,0x10019b000,0x403108,R
6041,0x10019c000,0x403108,R
6042,0x10019d000,0x403024,W
6043,0x10019e000,0x403030,W
6044,0x10019f000,0x403004,W
6045,0x1001a0000,0x40315c,W
6046,0x1001a1000,0x403130,R
6047,0x1001a2000,0x4031a0,R
6048,0x1001a3000,0x403134,R
6049,0x1001a4000,0x4031f4,R
6050,0x1001a5000,0x40314c,R
6051,0x1001a6000,0x4031d4,R
6052,0x1001a7000,0x4031e4,W
6053,0x1001a8000,0x4030cc,R
6054,0x1001a9000,0x4030d0,R
6055,0x1001aa000,0x403000,R
6056,0x1001ab000,0x40302c,R
6057,0x1001ac000,0x4030f4,R
6058,0x1001ad000,0x403014,R
6059,0x1001ae000,0x4031bc,R
6060,0x1001af000,0x403190,R
6061,0x1001b0000,0x403104,R
6062,0x1001b1000,0x403058,R
6063,0x1001b2000,0x4031dc,R
6064,0x1001b3000,0x403104,R
6065,0x1001b4000,0x403158,R
6066,0x1001b5000,0x4031b0,R
6067,0x1001b6000,0x403180,R
6068,0x1001b7000,0x403068,R
6069,0x1001b8000,0x4031fc,R
6070,0x1001b9000,0x403178,R
6071,0x1001ba000,0x403130,W
6072,0x1001bb000,0x4031e4,R
6073,0x1001bc000,0x4031f0,R
6074,0x1001bd000,0x4031d0,R
6075,0x1001be000,0x4031b0,R
6076,0x1001bf000,0x403054,R
6077,0x1001c0000,0x403184,R
6078,0x1001c1000,0x4031c4,R
6079,0x1001c2000,0x4030a4,W
6080,0x1001c3000,0x403048,R
6081,0x1001c4000,0x40307c,R
6082,0x1001c5000,0x4031f0,R
6083,0x1001c6000,0x40302c,W
6084,0x1001c7000,0x403114,R
6085,0x1001c8000,0x403118,R
6086,0x1001c9000,0x403048,R
6087,0x1001ca000,0x4030f4,R
6088,0x1001cb000,0x40317c,W
6089,0x1001cc000,0x4030f0,R
6090,0x1001cd000,0x4031e8,R
6091,0x1001ce000,0x403128,W
6092,0x1001cf000,0x4031c8,R
6093,0x1001d0000,0x4030dc,R
6094,0x1001d1000,0x4030cc,R
6095,0x1001d2000,0x40309c,R
6096,0x1001d3000,0x403058,R
6097,0x1001d4000,0x403038,R
6098,0x1001d5000,0x403170,W
6099,0x1001d6000,0x403148,R
6100,0x1001d7000,0x403088,R
6101,0x1001d8000,0x403114,W
6102,0x1001d9000,0x403128,R
6103,0x1001da000,0x4031c8,R
6104,0x1001db000,0x4031a8,R
6105,0x1001dc000,0x4031e8,R
6106,0x1001dd000,0x403050,R
6107,0x1001de000,0x403098,R
6108,0x1001df000,0x40314c,R
6109,0x1001e0000,0x403180,R
6110,0x1001e1000,0x4031c4,R
6111,0x1001e2000,0x403110,R
6112,0x1001e3000,0x403168,W
6113,0x1001e4000,0x403180,R
6114,0x1001e5000,0x403198,R
6115,0x1001e6000,0x40317c,R
6116,0x1001e7000,0x4031ac,R
6117,0x1001e8000,0x4031e8,W
6118,0x1001e9000,0x40303c,W
6119,0x1001ea000,0x40310c,R
6120,0x1001eb000,0x403008,W
6121,0x1001ec000,0x4031e4,W
6122,0x1001ed000,0x403038,R
6123,0x1001ee000,0x40300c,R
6124,0x1001ef000,0x403064,R
6125,0x1001f0000,0x403094,R
6126,0x1001f1000,0x4030a8,R
6127,0x1001f2000,0x403198,R
6128,0x1001f3000,0x4031d0,R
6129,0x1001f4000,0x4030fc,R
6130,0x1001f5000,0x4031f0,R
6131,0x1001f6000,0x403074,R
6132,0x1001f7000,0x403178,W
6133,0x1001f8000,0x403104,R
6134,0x1001f9000,0x403168,R
6135,0x1001fa000,0x4031f4,R
6136,0x1001fb000,0x40319c,W
6137,0x1001fc000,0x4031ec,R
6138,0x1001fd000,0x4030cc,W
6139,0x1001fe000,0x4030b0,R
6140,0x1001ff000,0x403150,R
6141,0x100180000,0x4031fc,R
6142,0x100181000,0x403000,R
6143,0x100182000,0x403024,W
6144,0x100183000,0x403018,R
6145,0x100184000,0x4031f8,R
6146,0x100185000,0x403090,R
6147,0x100186000,0x403094,R
6148,0x100187000,0x403140,R
6149,0x100188000,0x403044,R
6150,0x100189000,0x40300c,R
6151,0x10018a000,0x4031d0,R
6152,0x10018b000,0x403148,R
6153,0x10018c000,0x403140,R
6154,0x10018d000,0x403194,R
6155,0x10018e000,0x403068,R
6156,0x10018f000,0x403040,R
6157,0x100190000,0x4030e0,R
6158,0x100191000,0x4031c8,R
6159,0x100192000,0x4031ac,R
6160,0x100193000,0x4031e0,R
6161,0x100194000,0x403078,R
6162,0x100195000,0x4030a8,R
6163,0x100196000,0x403084,R
6164,0x100197000,0x403030,R
6165,0x100198000,0x403168,R
6166,0x100199000,0x40312c,R
6167,0x10019a000,0x40308c,W
6168,0x10019b000,0x4031f4,R
6169,0x10019c000,0x4031f0,R
6170,0x10019d000,0x403000,R
6171,0x10019e000,0x403060,R
6172,0x10019f000,0x40300c,R
6173,0x1001a0000,0x4030a8,W
6174,0x1001a1000,0x403108,R
6175,0x1001a2000,0x403110,W
6176,0x1001a3000,0x4030e0,R
6177,0x1001a4000,0x4031d0,R
6178,0x1001a5000,0x403024,R
6179,0x1001a6000,0x403058,R
6180,0x1001a7000,0x403008,R
6181,0x1001a8000,0x403014,R
6182,0x1001a9000,0x403044,R
6183,0x1001aa000,0x4030d4,R
6184,0x1001ab000,0x403190,R
6185,0x1001ac000,0x40309c,R
6186,0x1001ad000,0x4031ec,R
6187,0x1001ae000,0x40319c,R
6188,0x1001af000,0x4030fc,R
6189,0x1001b0000,0x4030b0,R
6190,0x1001b1000,0x40317c,R
6191,0x1001b2000,0x4030ec,R
6192,0x1001b3000,0x403110,R
6193,0x1001b4000,0x403060,W
6194,0x1001b5000,0x403038,W
6195,0x1001b6000,0x403028,R
6196,0x1001b7000,0x403024,R
6197,0x1001b8000,0x403138,W
6198,0x1001b9000,0x4031dc,R
6199,0x1001ba000,0x403138,R
6200,0x1001bb000,0x4030a0,R
6201,0x1001bc000,0x4030b8,R
6202,0x1001bd000,0x403148,R
6203,0x1001be000,0x403190,R
6204,0x1001bf000,0x403194,R
6205,0x1001c0000,0x403140,W
6206,0x1001c1000,0x403054,R
6207,0x1001c2000,0x4030f8,R
6208,0x1001c3000,0x403044,R
6209,0x1001c4000,0x4030e8,R
6210,0x1001c5000,0x4031f8,R
6211,0x1001c6000,0x40301c,R
6212,0x1001c7000,0x40300c,W
6213,0x1001c8000,0x4031cc,R
6214,0x1001c9000,0x4031c0,R
6215,0x1001ca000,0x403104,R
6216,0x1001cb000,0x40302c,R
6217,0x1001cc000,0x403184,R
6218,0x1001cd000,0x403004,R
6219,0x1001ce000,0x4031bc,W
6220,0x1001cf000,0x4031bc,R
6221,0x1001d0000,0x4031b4,R
6222,0x1001d1000,0x40306c,R
6223,0x1001d2000,0x403128,R
6224,0x1001d3000,0x4031cc,R
6225,0x1001d4000,0x403138,R
6226,0x1001d5000,0x4030c8,R
6227,0x1001d6000,0x403060,R
6228,0x1001d7000,0x40300c,R
6229,0x1001d8000,0x4031f0,R
6230,0x1001d9000,0x403098,R
6231,0x1001da000,0x4030dc,R
6232,0x1001db000,0x403018,R
6233,0x1001dc000,0x4030f8,R
6234,0x1001dd000,0x4030ac,R
6235,0x1001de000,0x403058,R
6236,0x1001df000,0x40304c,W
6237,0x1001e0000,0x4031e0,R
6238,0x1001e1000,0x4031cc,R
6239,0x1001e2000,0x40302c,W
6240,0x1001e3000,0x40318c,W
6241,0x1001e4000,0x4030b4,R
6242,0x1001e5000,0x40317c,R
6243,0x1001e6000,0x4031a0,R
6244,0x1001e7000,0x403010,R
6245,0x1001e8000,0x4030cc,R
6246,0x1001e9000,0x403144,R
6247,0x1001ea000,0x40300c,R
6248,0x1001eb000,0x403110,R
6249,0x1001ec000,0x4031cc,R
6250,0x1001ed000,0x40308c,R
6251,0x1001ee000,0x40317c,W
6252,0x1001ef000,0x40304c,W
6253,0x1001f0000,0x4031e4,R
6254,0x1001f1000,0x4030f4,R
6255,0x1001f2000,0x4031c8,R
6256,0x1001f3000,0x40317c,R
6257,0x1001f4000,0x4031cc,R
6258,0x1001f5000,0x403028,W
6259,0x1001f6000,0x4031e0,R
6260,0x1001f7000,0x403150,R
6261,0x1001f8000,0x403114,R
6262,0x1001f9000,0x40316c,R
6263,0x1001fa000,0x403144,R
6264,0x1001fb000,0x40314c,R
6265,0x1001fc000,0x403084,R
6266,0x1001fd000,0x403168,R
6267,0x1001fe000,0x403094,R
6268,0x1001ff000,0x403134,R
6269,0x100180000,0x40319c,R
6270,0x100181000,0x403110,R
6271,0x100182000,0x403134,R
6272,0x100183000,0x403034,R
6273,0x100184000,0x4030fc,R
6274,0x100185000,0x403154,R
6275,0x100186000,0x403188,R
6276,0x100187000,0x403108,W
6277,0x100188000,0x403104,R
6278,0x100189000,0x40317c,R
6279,0x10018a000,0x403164,R
6280,0x10018b000,0x403030,R
6281,0x10018c000,0x4031ec,R
6282,0x10018d000,0x403130,R
6283,0x10018e000,0x403104,R
6284,0x10018f000,0x4031dc,R
6285,0x100190000,0x4031e0,R
6286,0x100191000,0x403070,R
6287,0x100192000,0x403198,R
6288,0x100193000,0x40310c,R
6289,0x100194000,0x4030b8,R
6290,0x100195000,0x4031d8,R
6291,0x100196000,0x4031d0,W
6292,0x100197000,0x40307c,R
6293,0x100198000,0x403124,W
6294,0x100199000,0x4031a8,W
6295,0x10019a000,0x403190,R
6296,0x10019b000,0x4030b4,R
6297,0x10019c000,0x403180,R
6298,0x10019d000,0x4031e4,R
6299,0x10019e000,0x403150,R
6300,0x10019f000,0x403050,W
6301,0x1001a0000,0x403180,R
6302,0x1001a1000,0x403068,R
6303,0x1001a2000,0x4030b8,R
6304,0x1001a3000,0x40312c,R
6305,0x1001a4000,0x403088,R
6306,0x1001a5000,0x40303c,R
6307,0x1001a6000,0x403144,R
6308,0x1001a7000,0x403060,W
6309,0x1001a8000,0x4031c0,R
6310,0x1001a9000,0x40313c,W
6311,0x1001aa000,0x40305c,R
6312,0x1001ab000,0x403040,R
6313,0x1001ac000,0x403130,R
6314,0x1001ad000,0x403110,R
6315,0x1001ae000,0x403034,R
6316,0x1001af000,0x403110,R
6317,0x1001b0000,0x4030c8,R
6318,0x1001b1000,0x403050,R
6319,0x1001b2000,0x4030fc,R
6320,0x1001b3000,0x403114,R
6321,0x1001b4000,0x40301c,R
6322,0x1001b5000,0x4031a0,R
6323,0x1001b6000,0x4030c0,R
6324,0x1001b7000,0x403150,R
6325,0x1001b8000,0x4031f4,W
6326,0x1001b9000,0x403060,R
6327,0x1001ba000,0x40311c,W
6328,0x1001bb000,0x40302c,W
6329,0x1001bc000,0x4030cc,R
6330,0x1001bd000,0x403078,R
6331,0x1001be000,0x403028,R
6332,0x1001bf000,0x403134,R
6333,0x1001c0000,0x403064,W
6334,0x1001c1000,0x40302c,R
6335,0x1001c2000,0x4031f4,W
6336,0x1001c3000,0x40311c,W
6337,0x1001c4000,0x4031e8,R
6338,0x1001c5000,0x403164,R
6339,0x1001c6000,0x4031b0,R
6340,0x1001c7000,0x4030d4,R
6341,0x1001c8000,0x4030a0,R
6342,0x1001c9000,0x40312c,R
6343,0x1001ca000,0x403140,R
6344,0x1001cb000,0x403150,R
6345,0x1001cc000,0x40314c,R
6346,0x1001cd000,0x403034,W
6347,0x1001ce000,0x403090,R
6348,0x1001cf000,0x4030cc,R
6349,0x1001d0000,0x4031e8,R
6350,0x1001d1000,0x403150,R
6351,0x1001d2000,0x403084,R
6352,0x1001d3000,0x403174,W
6353,0x1001d4000,0x4031f0,R
6354,0x1001d5000,0x4030d0,R
6355,0x1001d6000,0x403038,R
6356,0x1001d7000,0x4030a8,R
6357,0x1001d8000,0x403190,R
6358,0x1001d9000,0x403118,R
6359,0x1001da000,0x403000,W
6360,0x1001db000,0x403100,R
6361,0x1001dc000,0x403070,R
6362,0x1001dd000,0x40315c,R
6363,0x1001de000,0x4030a8,R
6364,0x1001df000,0x40310c,R
6365,0x1001e0000,0x403070,R
6366,0x1001e1000,0x40300c,R
6367,0x1001e2000,0x40315c,W
6368,0x1001e3000,0x40315c,W
6369,0x1001e4000,0x403050,R
6370,0x1001e5000,0x403094,R
6371,0x1001e6000,0x403150,R
6372,0x1001e7000,0x4030d8,R
6373,0x1001e8000,0x403174,R
6374,0x1001e9000,0x403174,R
6375,0x1001ea000,0x403064,R
6376,0x1001eb000,0x40315c,R
6377,0x1001ec000,0x403078,R
6378,0x1001ed000,0x4031bc,R
6379,0x1001ee000,0x403150,R
6380,0x1001ef000,0x4030d0,R
6381,0x1001f0000,0x403054,R
6382,0x1001f1000,0x403070,R
6383,0x1001f2000,0x4030c0,R
6384,0x1001f3000,0x4030e4,R
6385,0x1001f4000,0x403158,R
6386,0x1001f5000,0x403194,R
6387,0x1001f6000,0x403128,R
6388,0x1001f7000,0x4031bc,R
6389,0x1001f8000,0x4030e4,R
6390,0x1001f9000,0x40309c,R
6391,0x1001fa000,0x4030f0,R
6392,0x1001fb000,0x403154,R
6393,0x1001fc000,0x40303c,R
6394,0x1001fd000,0x403134,R
6395,0x1001fe000,0x4030a0,R
6396,0x1001ff000,0x4030d0,R
6397,0x100180000,0x403158,R
6398,0x100181000,0x403038,R
6399,0x100182000,0x4031a0,R
6400,0x100183000,0x4031a8,W
6401,0x100184000,0x4030dc,R
6402,0x100185000,0x4030c0,R
6403,0x100186000,0x403040,R
6404,0x100187000,0x403194,R
6405,0x100188000,0x403028,R
6406,0x100189000,0x403110,R
6407,0x10018a000,0x403160,W
6408,0x10018b000,0x40304c,R
6409,0x10018c000,0x4031a0,R
6410,0x10018d000,0x40310c,R
6411,0x10018e000,0x403134,R
6412,0x10018f000,0x403084,R
6413,0x100190000,0x4031e4,W
6414,0x100191000,0x403120,R
6415,0x100192000,0x4030f0,R
6416,0x100193000,0x4031b8,R
6417,0x100194000,0x403170,R
6418,0x100195000,0x40313c,R
6419,0x100196000,0x4030c4,R
6420,0x100197000,0x40302c,R
6421,0x100198000,0x40316c,R
6422,0x100199000,0x403104,R
6423,0x10019a000,0x40300c,W
6424,0x10019b000,0x403194,R
6425,0x10019c000,0x403018,R
6426,0x10019d000,0x403158,R
6427,0x10019e000,0x4030ec,R
6428,0x10019f000,0x40316c,R
6429,0x1001a0000,0x4031ec,R
6430,0x1001a1000,0x403138,R
6431,0x1001a2000,0x4031b8,R
6432,0x1001a3000,0x40308c,R
6433,0x1001a4000,0x4030e8,W
6434,0x1001a5000,0x403034,R
6435,0x1001a6000,0x403194,R
6436,0x1001a7000,0x4030a4,W
6437,0x1001a8000,0x403190,R
6438,0x1001a9000,0x4030a8,W
6439,0x1001aa000,0x4031e4,R
6440,0x1001ab000,0x403114,R
6441,0x1001ac000,0x4031ac,R
6442,0x1001ad000,0x403000,R
6443,0x1001ae000,0x40311c,R
6444,0x1001af000,0x4031e4,R
6445,0x1001b0000,0x4030d8,R
6446,0x1001b1000,0x403144,R
6447,0x1001b2000,0x4031b0,R
6448,0x1001b3000,0x40308c,W
6449,0x1001b4000,0x403168,R
6450,0x1001b5000,0x403178,R
6451,0x1001b6000,0x4031c0,R
6452,0x1001b7000,0x403124,R
6453,0x1001b8000,0x40312c,R
6454,0x1001b9000,0x403150,R
6455,0x1001ba000,0x4030c4,R
6456,0x1001bb000,0x4030e4,W
6457,0x1001bc000,0x4031dc,R
6458,0x1001bd000,0x403074,R
6459,0x1001be000,0x403174,W
6460,0x1001bf000,0x4031e0,R
6461,0x1001c0000,0x4031b0,R
6462,0x1001c1000,0x403040,R
6463,0x1001c2000,0x403120,R
6464,0x1001c3000,0x403068,R
6465,0x1001c4000,0x403074,R
6466,0x1001c5000,0x4031e4,R
6467,0x1001c6000,0x4031a0,R
6468,0x1001c7000,0x403158,R
6469,0x1001c8000,0x40312c,R
6470,0x1001c9000,0x4030d4,W
6471,0x1001ca000,0x4031a4,R
6472,0x1001cb000,0x403090,W
6473,0x1001cc000,0x403020,R
6474,0x1001cd000,0x403164,R
6475,0x1001ce000,0x4031a0,R
6476,0x1001cf000,0x4030c0,R
6477,0x1001d0000,0x40306c,R
6478,0x1001d1000,0x403170,W
6479,0x1001d2000,0x4031c4,R
6480,0x1001d3000,0x403048,R
6481,0x1001d4000,0x4031a0,R
6482,0x1001d5000,0x403180,R
6483,0x1001d6000,0x40304c,R
6484,0x1001d7000,0x403154,R
6485,0x1001d8000,0x40308c,R
6486,0x1001d9000,0x403144,R
6487,0x1001da000,0x40307c,W
6488,0x1001db000,0x403034,R
6489,0x1001dc000,0x403144,W
6490,0x1001dd000,0x403078,W
6491,0x1001de000,0x403110,R
6492,0x1001df000,0x4031a0,R
6493,0x1001e0000,0x4030c4,R
6494,0x1001e1000,0x4030a0,R
6495,0x1001e2000,0x4030b8,R
6496,0x1001e3000,0x403124,W
6497,0x1001e4000,0x4030bc,R
6498,0x1001e5000,0x4030d8,R
6499,0x1001e6000,0x403104,W
6500,0x1001e7000,0x403068,R
6501,0x1001e8000,0x4030a4,R
6502,0x1001e9000,0x403178,R
6503,0x1001ea000,0x40301c,R
6504,0x1001eb000,0x403070,R
6505,0x1001ec000,0x4031e4,R
6506,0x1001ed000,0x403004,R
6507,0x1001ee000,0x4031d4,R
6508,0x1001ef000,0x403144,R
6509,0x1001f0000,0x4030e0,R
6510,0x1001f1000,0x40306c,W
6511,0x1001f2000,0x403188,R
6512,0x1001f3000,0x403158,R
6513,0x1001f4000,0x4031b4,R
6514,0x1001f5000,0x403000,R
6515,0x1001f6000,0x4030ac,R
6516,0x1001f7000,0x403100,R
6517,0x1001f8000,0x403034,R
6518,0x1001f9000,0x403040,R
6519,0x1001fa000,0x403098,W
6520,0x1001fb000,0x40314c,R
6521,0x1001fc000,0x403084,W
6522,0x1001fd000,0x403090,R
6523,0x1001fe000,0x403078,R
6524,0x1001ff000,0x4031cc,R
6525,0x100180000,0x4030bc,R
6526,0x100181000,0x4030ac,R
6527,0x100182000,0x4030e0,R
6528,0x100183000,0x40309c,W
6529,0x100184000,0x403108,R
6530,0x100185000,0x4030dc,R
6531,0x100186000,0x40318c,R
6532,0x100187000,0x403168,R
6533,0x100188000,0x403088,R
6534,0x100189000,0x403034,R
6535,0x10018a000,0x403020,R
6536,0x10018b000,0x40308c,R
6537,0x10018c000,0x40302c,W
6538,0x10018d000,0x40317c,R
6539,0x10018e000,0x4030f8,R
6540,0x10018f000,0x4031c0,R
6541,0x100190000,0x403100,R
6542,0x100191000,0x403188,R
6543,0x100192000,0x4030a0,R
6544,0x100193000,0x403130,R
6545,0x100194000,0x403168,R
6546,0x100195000,0x4031d8,R
6547,0x100196000,0x403124,R
6548,0x100197000,0x40319c,R
6549,0x100198000,0x403094,R
6550,0x100199000,0x403104,R
6551,0x10019a000,0x4031e8,W
6552,0x10019b000,0x403158,R
6553,0x10019c000,0x4030f8,W
6554,0x10019d000,0x403048,R
6555,0x10019e000,0x40303c,R
6556,0x10019f000,0x403188,R
6557,0x1001a0000,0x4030a0,W
6558,0x1001a1000,0x4031f8,R
6559,0x1001a2000,0x4031d8,R
6560,0x1001a3000,0x40306c,R
6561,0x1001a4000,0x403060,R
6562,0x1001a5000,0x403030,R
6563,0x1001a6000,0x403048,R
6564,0x1001a7000,0x403164,R
6565,0x1001a8000,0x40304c,R
6566,0x1001a9000,0x403044,R
6567,0x1001aa000,0x403150,R
6568,0x1001ab000,0x403160,R
6569,0x1001ac000,0x4030e8,R
6570,0x1001ad000,0x4031e0,R
6571,0x1001ae000,0x40300c,R
6572,0x1001af000,0x403098,W
6573,0x1001b0000,0x40308c,W
6574,0x1001b1000,0x4030d4,W
6575,0x1001b2000,0x403018,R
6576,0x1001b3000,0x403158,R
6577,0x1001b4000,0x403094,W
6578,0x1001b5000,0x4031e0,R
6579,0x1001b6000,0x4030ec,R
6580,0x1001b7000,0x403068,R
6581,0x1001b8000,0x403004,R
6582,0x1001b9000,0x403114,R
6583,0x1001ba000,0x403064,R
6584,0x1001bb000,0x403148,R
6585,0x1001bc000,0x403088,R
6586,0x1001bd000,0x4030f4,R
6587,0x1001be000,0x4030a0,R
6588,0x1001bf000,0x4031ec,R
6589,0x1001c0000,0x403174,R
6590,0x1001c1000,0x403040,R
6591,0x1001c2000,0x403108,R
6592,0x1001c3000,0x4030bc,R
6593,0x1001c4000,0x4031d8,R
6594,0x1001c5000,0x4031e4,R
6595,0x1001c6000,0x4031a4,R
6596,0x1001c7000,0x4031c8,R
6597,0x1001c8000,0x403194,R
6598,0x1001c9000,0x403134,R
6599,0x1001ca000,0x4031d4,R
6600,0x1001cb000,0x40307c,R
6601,0x1001cc000,0x403198,R
6602,0x1001cd000,0x40303c,R
6603,0x1001ce000,0x403008,R
6604,0x1001cf000,0x403174,R
6605,0x1001d0000,0x4031b8,R
6606,0x1001d1000,0x403110,R
6607,0x1001d2000,0x403108,R
6608,0x1001d3000,0x403078,R
6609,0x1001d4000,0x4031e4,W
6610,0x1001d5000,0x403074,R
6611,0x1001d6000,0x40317c,W
6612,0x1001d7000,0x4030b8,R
6613,0x1001d8000,0x4030c0,R
6614,0x1001d9000,0x403120,R
6615,0x1001da000,0x40308c,R
6616,0x1001db000,0x40312c,R
6617,0x1001dc000,0x40312c,R
6618,0x1001dd000,0x403170,R
6619,0x1001de000,0x403198,R
6620,0x1001df000,0x403188,R
6621,0x1001e0000,0x403120,R
6622,0x1001e1000,0x403170,R
6623,0x1001e2000,0x4031e8,R
6624,0x1001e3000,0x40318c,W
6625,0x1001e4000,0x403174,R
6626,0x1001e5000,0x403120,R
6627,0x1001e6000,0x4031a8,R
6628,0x1001e7000,0x4031c4,R
6629,0x1001e8000,0x403154,R
6630,0x1001e9000,0x40315c,R
6631,0x1001ea000,0x4031c8,W
6632,0x1001eb000,0x4030b8,R
6633,0x1001ec000,0x40313c,R
6634,0x1001ed000,0x4030bc,R
6635,0x1001ee000,0x403050,R
6636,0x1001ef000,0x40314c,R
6637,0x1001f0000,0x403128,R
6638,0x1001f1000,0x40314c,R
6639,0x1001f2000,0x4030c0,R
6640,0x1001f3000,0x40302c,R
6641,0x1001f4000,0x40314c,R
6642,0x1001f5000,0x403118,R
6643,0x1001f6000,0x4030f0,W
6644,0x1001f7000,0x403018,R
6645,0x1001f8000,0x4031dc,R
6646,0x1001f9000,0x403064,R
6647,0x1001fa000,0x40307c,R
6648,0x1001fb000,0x4030f0,R
6649,0x1001fc000,0x4030d8,R
6650,0x1001fd000,0x4030a8,R
6651,0x1001fe000,0x403060,R
6652,0x1001ff000,0x4030d8,W
6653,0x100180000,0x40317c,R
6654,0x100181000,0x4030b0,R
6655,0x100182000,0x403058,W
6656,0x100183000,0x40305c,R
6657,0x100184000,0x4030c0,R
6658,0x100185000,0x4030b4,R
6659,0x100186000,0x403154,R
6660,0x100187000,0x40313c,R
6661,0x100188000,0x40308c,R
6662,0x100189000,0x40319c,R
6663,0x10018a000,0x403008,R
6664,0x10018b000,0x4030c4,R
6665,0x10018c000,0x4030d0,R
6666,0x10018d000,0x403050,R
6667,0x10018e000,0x4031c0,R
6668,0x10018f000,0x4030bc,R
6669,0x100190000,0x4031cc,R
6670,0x100191000,0x403068,W
6671,0x100192000,0x403188,R
6672,0x100193000,0x403004,R
6673,0x100194000,0x403178,R
6674,0x100195000,0x403040,R
6675,0x100196000,0x4030e0,R
6676,0x100197000,0x4031e4,R
6677,0x100198000,0x403130,R
6678,0x100199000,0x4031e0,R
6679,0x10019a000,0x4030f4,R
6680,0x10019b000,0x40318c,R
6681,0x10019c000,0x403110,R
6682,0x10019d000,0x40318c,R
6683,0x10019e000,0x40305c,R
6684,0x10019f000,0x4031d4,R
6685,0x1001a0000,0x4031c8,R
6686,0x1001a1000,0x403170,R
6687,0x1001a2000,0x4031f0,R
6688,0x1001a3000,0x403154,R
6689,0x1001a4000,0x403068,R
6690,0x1001a5000,0x40317c,R
6691,0x1001a6000,0x403188,R
6692,0x1001a7000,0x403174,R
6693,0x1001a8000,0x4030fc,R
6694,0x1001a9000,0x40305c,R
6695,0x1001aa000,0x403108,R
6696,0x1001ab000,0x403038,R
6697,0x1001ac000,0x40301c,W
6698,0x1001ad000,0x4031f4,R
6699,0x1001ae000,0x40307c,R
6700,0x1001af000,0x4031a0,R
6701,0x1001b0000,0x403144,R
6702,0x1001b1000,0x4031d0,R
6703,0x1001b2000,0x403164,R
6704,0x1001b3000,0x403044,W
6705,0x1001b4000,0x403090,R
6706,0x1001b5000,0x403010,R
6707,0x1001b6000,0x403074,R
6708,0x1001b7000,0x403060,R
6709,0x1001b8000,0x403118,R
6710,0x1001b9000,0x4031d0,R
6711,0x1001ba000,0x40307c,R
6712,0x1001bb000,0x403108,R
6713,0x1001bc000,0x4030b8,W
6714,0x1001bd000,0x4030f0,R
6715,0x1001be000,0x4030a4,R
6716,0x1001bf000,0x4030cc,R
6717,0x1001c0000,0x403084,R
6718,0x1001c1000,0x403170,R
6719,0x1001c2000,0x4030f8,R
6720,0x1001c3000,0x4030d0,R
6721,0x1001c4000,0x403080,R
6722,0x1001c5000,0x403034,R
6723,0x1001c6000,0x403094,R
6724,0x1001c7000,0x403178,R
6725,0x1001c8000,0x40315c,R
6726,0x1001c9000,0x403040,W
6727,0x1001ca000,0x403058,R
6728,0x1001cb000,0x403188,R
6729,0x1001cc000,0x403198,R
6730,0x1001cd000,0x4031a4,R
6731,0x1001ce000,0x4031c4,R
6732,0x1001cf000,0x40309c,R
6733,0x1001d0000,0x403034,R
6734,0x1001d1000,0x4030c8,R
6735,0x1001d2000,0x4030b4,R
6736,0x1001d3000,0x403160,R
6737,0x1001d4000,0x403154,W
6738,0x1001d5000,0x403030,R
6739,0x1001d6000,0x403008,R
6740,0x1001d7000,0x403148,R
6741,0x1001d8000,0x403014,R
6742,0x1001d9000,0x403028,R
6743,0x1001da000,0x403120,R
6744,0x1001db000,0x40309c,R
6745,0x1001dc000,0x403160,R
6746,0x1001dd000,0x403144,W
6747,0x1001de000,0x403184,R
6748,0x1001df000,0x40306c,W
6749,0x1001e0000,0x4031a8,R
6750,0x1001e1000,0x40319c,R
6751,0x1001e2000,0x4031e0,R
6752,0x1001e3000,0x4030d8,R
6753,0x1001e4000,0x4031f4,R
6754,0x1001e5000,0x40307c,R
6755,0x1001e6000,0x403100,R
6756,0x1001e7000,0x403174,R
6757,0x1001e8000,0x403034,R
6758,0x1001e9000,0x4031b8,W
6759,0x1001ea000,0x4030d4,R
6760,0x1001eb000,0x4030d8,R
6761,0x1001ec000,0x4031ec,R
6762,0x1001ed000,0x403128,R
6763,0x1001ee000,0x4031d4,R
6764,0x1001ef000,0x403034,W
6765,0x1001f0000,0x403190,R
6766,0x1001f1000,0x40307c,R
6767,0x1001f2000,0x4030e0,R
6768,0x1001f3000,0x4030f0,R
6769,0x1001f4000,0x403088,R
6770,0x1001f5000,0x4030b0,R
6771,0x1001f6000,0x403190,R
6772,0x1001f7000,0x403064,R
6773,0x1001f8000,0x4030a4,R
6774,0x1001f9000,0x40304c,R
6775,0x1001fa000,0x4031b0,R
6776,0x1001fb000,0x403128,R
6777,0x1001fc000,0x403178,R
6778,0x1001fd000,0x40300c,R
6779,0x1001fe000,0x40302c,R
6780,0x1001ff000,0x403030,R
6781,0x100180000,0x4031c4,R
6782,0x100181000,0x403148,R
6783,0x100182000,0x403178,R
6784,0x100183000,0x4030c8,R
6785,0x100184000,0x4031bc,R
6786,0x100185000,0x403174,R
6787,0x100186000,0x4031ac,R
6788,0x100187000,0x403044,R
6789,0x100188000,0x4031b4,R
6790,0x100189000,0x403180,R
6791,0x10018a000,0x4030b4,R
6792,0x10018b000,0x4031c4,R
6793,0x10018c000,0x403174,R
6794,0x10018d000,0x403060,R
6795,0x10018e000,0x403128,R
6796,0x10018f000,0x40316c,R
6797,0x100190000,0x403100,R
6798,0x100191000,0x403190,R
6799,0x100192000,0x4031c4,R
6800,0x100193000,0x4030e0,R
6801,0x100194000,0x403068,R
6802,0x100195000,0x403150,R
6803,0x100196000,0x4030e8,R
6804,0x100197000,0x4031c0,R
6805,0x100198000,0x4030fc,R
6806,0x100199000,0x4031d8,R
6807,0x10019a000,0x4030f0,W
6808,0x10019b000,0x403058,R
6809,0x10019c000,0x40316c,R
6810,0x10019d000,0x4031d0,R
6811,0x10019e000,0x403028,R
6812,0x10019f000,0x40318c,W
6813,0x1001a0000,0x403028,R
6814,0x1001a1000,0x403194,R
6815,0x1001a2000,0x4031ac,W
6816,0x1001a3000,0x4031b4,R
6817,0x1001a4000,0x403114,R
6818,0x1001a5000,0x403034,R
6819,0x1001a6000,0x403074,R
6820,0x1001a7000,0x4030d0,R
6821,0x1001a8000,0x4030a8,R
6822,0x1001a9000,0x403184,R
6823,0x1001aa000,0x403178,W
6824,0x1001ab000,0x403128,W
6825,0x1001ac000,0x4031b0,W
6826,0x1001ad000,0x4030e0,W
6827,0x1001ae000,0x40304c,R
6828,0x1001af000,0x403078,R
6829,0x1001b0000,0x4030b8,R
6830,0x1001b1000,0x40301c,R
6831,0x1001b2000,0x4031d4,R
6832,0x1001b3000,0x403098,R
6833,0x1001b4000,0x40306c,R
6834,0x1001b5000,0x403130,R
6835,0x1001b6000,0x403004,W
6836,0x1001b7000,0x403144,R
6837,0x1001b8000,0x403118,R
6838,0x1001b9000,0x403058,R
6839,0x1001ba000,0x4030a4,R
6840,0x1001bb000,0x403110,R
6841,0x1001bc000,0x403110,R
6842,0x1001bd000,0x4031a8,R
6843,0x1001be000,0x40309c,R
6844,0x1001bf000,0x4031b0,R
6845,0x1001c0000,0x403094,R
6846,0x1001c1000,0x4031c8,R
6847,0x1001c2000,0x4030f4,R
6848,0x1001c3000,0x40317c,R
6849,0x1001c4000,0x403168,R
6850,0x1001c5000,0x4031d4,R
6851,0x1001c6000,0x403008,R
6852,0x1001c7000,0x403034,R
6853,0x1001c8000,0x403184,R
6854,0x1001c9000,0x4031d8,R
6855,0x1001ca000,0x4030d4,W
6856,0x1001cb000,0x4030e8,R
6857,0x1001cc000,0x4031a8,R
6858,0x1001cd000,0x4030c8,R
6859,0x1001ce000,0x40311c,R
6860,0x1001cf000,0x4030b8,R
6861,0x1001d0000,0x403198,R
6862,0x1001d1000,0x403068,R
6863,0x1001d2000,0x403180,W
6864,0x1001d3000,0x40310c,R
6865,0x1001d4000,0x403144,R
6866,0x1001d5000,0x403010,R
6867,0x1001d6000,0x403010,R
6868,0x1001d7000,0x40311c,W
6869,0x1001d8000,0x403058,W
6870,0x1001d9000,0x403004,R
6871,0x1001da000,0x4031a8,R
6872,0x1001db000,0x4030e8,W
6873,0x1001dc000,0x4030ac,R
6874,0x1001dd000,0x4030b4,R
6875,0x1001de000,0x40303c,W
6876,0x1001df000,0x403158,R
6877,0x1001e0000,0x403034,W
6878,0x1001e1000,0x40300c,R
6879,0x1001e2000,0x40314c,R
6880,0x1001e3000,0x403164,R
6881,0x1001e4000,0x4031d0,R
6882,0x1001e5000,0x403090,R
6883,0x1001e6000,0x40308c,R
6884,0x1001e7000,0x403130,R
6885,0x1001e8000,0x403004,W
6886,0x1001e9000,0x403160,R
6887,0x1001ea000,0x403140,R
6888,0x1001eb000,0x4030bc,R
6889,0x1001ec000,0x403184,W
6890,0x1001ed000,0x4031ac,R
6891,0x1001ee000,0x403034,R
6892,0x1001ef000,0x403114,W
6893,0x1001f0000,0x403014,W
6894,0x1001f1000,0x4030cc,R
6895,0x1001f2000,0x40302c,R
6896,0x1001f3000,0x4031f8,R
6897,0x1001f4000,0x403154,R
6898,0x1001f5000,0x403124,R
6899,0x1001f6000,0x4030c0,R
6900,0x1001f7000,0x403174,R
6901,0x1001f8000,0x4030a0,R
6902,0x1001f9000,0x4031bc,R
6903,0x1001fa000,0x4031a4,W
6904,0x1001fb000,0x403170,R
6905,0x1001fc000,0x40302c,R
6906,0x1001fd000,0x403010,W
6907,0x1001fe000,0x403088,R
6908,0x1001ff000,0x403014,R
6909,0x100180000,0x4031cc,R
6910,0x100181000,0x40317c,R
6911,0x100182000,0x4031ec,R
6912,0x100183000,0x4031b8,R
6913,0x100184000,0x403144,R
6914,0x100185000,0x403160,R
6915,0x100186000,0x40310c,R
6916,0x100187000,0x403198,R
6917,0x100188000,0x4030b8,R
6918,0x100189000,0x403178,R
6919,0x10018a000,0x403194,R
6920,0x10018b000,0x4031dc,R
6921,0x10018c000,0x403030,R
6922,0x10018d000,0x403004,W
6923,0x10018e000,0x403118,R
6924,0x10018f000,0x4031d4,R
6925,0x100190000,0x403028,R
6926,0x100191000,0x4030c0,R
6927,0x100192000,0x403070,W
6928,0x100193000,0x403008,R
6929,0x100194000,0x40319c,R
6930,0x100195000,0x403110,W
6931,0x100196000,0x4031f8,W
6932,0x100197000,0x4031e0,R
6933,0x100198000,0x40307c,R
6934,0x100199000,0x403034,R
6935,0x10019a000,0x403128,R
6936,0x10019b000,0x403108,R
6937,0x10019c000,0x40308c,W
6938,0x10019d000,0x40308c,R
6939,0x10019e000,0x403018,W
6940,0x10019f000,0x403148,R
6941,0x1001a0000,0x403080,R
6942,0x1001a1000,0x403114,W
6943,0x1001a2000,0x4030c8,W
6944,0x1001a3000,0x4031ec,R
6945,0x1001a4000,0x403048,R
6946,0x1001a5000,0x4031e8,R
6947,0x1001a6000,0x4030cc,W
6948,0x1001a7000,0x4030e8,W
6949,0x1001a8000,0x4031a4,R
6950,0x1001a9000,0x403158,R
6951,0x1001aa000,0x403048,R
6952,0x1001ab000,0x40302c,R
6953,0x1001ac000,0x403060,W
6954,0x1001ad000,0x4031e4,R
6955,0x1001ae000,0x4031a0,R
6956,0x1001af000,0x4030ac,R
6957,0x1001b0000,0x4030a0,R
6958,0x1001b1000,0x403120,W
6959,0x1001b2000,0x403010,R
6960,0x1001b3000,0x403058,R
6961,0x1001b4000,0x4031b4,R
6962,0x1001b5000,0x4031d4,R
6963,0x1001b6000,0x403110,R
6964,0x1001b7000,0x403130,R
6965,0x1001b8000,0x403190,R
6966,0x1001b9000,0x403078,W
6967,0x1001ba000,0x403150,R
6968,0x1001bb000,0x40314c,R
6969,0x1001bc000,0x40312c,R
6970,0x1001bd000,0x4031fc,R
6971,0x1001be000,0x4030f8,R
6972,0x1001bf000,0x4030d8,R
6973,0x1001c0000,0x4030fc,R
6974,0x1001c1000,0x4031c0,R
6975,0x1001c2000,0x4031d4,R
6976,0x1001c3000,0x4030ac,R
6977,0x1001c4000,0x4031fc,R
6978,0x1001c5000,0x4031d0,R
6979,0x1001c6000,0x403148,R
6980,0x1001c7000,0x4030ec,W
6981,0x1001c8000,0x4030e4,R
6982,0x1001c9000,0x4030b0,R
6983,0x1001ca000,0x403120,R
6984,0x1001cb000,0x403030,W
6985,0x1001cc000,0x40310c,R
6986,0x1001cd000,0x403088,R
6987,0x1001ce000,0x403164,R
6988,0x1001cf000,0x403184,R
6989,0x1001d0000,0x40308c,R
6990,0x1001d1000,0x4031ac,R
6991,0x1001d2000,0x4030b0,R
6992,0x1001d3000,0x40307c,R
6993,0x1001d4000,0x4031a0,R
6994,0x1001d5000,0x403000,R
6995,0x1001d6000,0x403020,R
6996,0x1001d7000,0x40311c,R
6997,0x1001d8000,0x4030b0,R
6998,0x1001d9000,0x403054,R
6999,0x1001da000,0x4031f4,R
7000,0x1001db000,0x403078,R
7001,0x1001dc000,0x4031c4,R
7002,0x1001dd000,0x4031a0,R
7003,0x1001de000,0x403110,R
7004,0x1001df000,0x4031b0,W
7005,0x1001e0000,0x403038,R
7006,0x1001e1000,0x40316c,R
7007,0x1001e2000,0x40310c,R
7008,0x1001e3000,0x403154,R
7009,0x1001e4000,0x403034,R
7010,0x1001e5000,0x403178,R
7011,0x1001e6000,0x403154,R
7012,0x1001e7000,0x403100,R
7013,0x1001e8000,0x40313c,W
7014,0x1001e9000,0x403038,W
7015,0x1001ea000,0x403094,R
7016,0x1001eb000,0x4030e8,R
7017,0x1001ec000,0x403050,R
7018,0x1001ed000,0x4031f4,R
7019,0x1001ee000,0x40306c,R
7020,0x1001ef000,0x40317c,R
7021,0x1001f0000,0x403078,R
7022,0x1001f1000,0x4030d8,R
7023,0x1001f2000,0x4031a4,R
7024,0x1001f3000,0x4031e8,R
7025,0x1001f4000,0x403080,R
7026,0x1001f5000,0x403130,R
7027,0x1001f6000,0x4030d8,R
7028,0x1001f7000,0x4030a4,W
7029,0x1001f8000,0x403120,R
7030,0x1001f9000,0x4031f0,R
7031,0x1001fa000,0x403030,R
7032,0x1001fb000,0x4030a8,R
7033,0x1001fc000,0x403128,R
7034,0x1001fd000,0x403130,R
7035,0x1001fe000,0x403114,R
7036,0x1001ff000,0x403150,R
7037,0x100180000,0x40307c,R
7038,0x100181000,0x4030d8,R
7039,0x100182000,0x403180,R
7040,0x100183000,0x4030bc,R
7041,0x100184000,0x40319c,R
7042,0x100185000,0x40306c,R
7043,0x100186000,0x40308c,R
7044,0x100187000,0x403058,R
7045,0x100188000,0x403194,R
7046,0x100189000,0x403080,R
7047,0x10018a000,0x403034,R
7048,0x10018b000,0x4031a0,R
7049,0x10018c000,0x403138,W
7050,0x10018d000,0x4030fc,R
7051,0x10018e000,0x403070,R
7052,0x10018f000,0x4031d4,R
7053,0x100190000,0x40309c,R
7054,0x100191000,0x4030c8,W
7055,0x100192000,0x4030f0,R
7056,0x100193000,0x403110,R
7057,0x100194000,0x4030e4,W
7058,0x100195000,0x4031c0,W
7059,0x100196000,0x403158,W
7060,0x100197000,0x403174,R
7061,0x100198000,0x4031f4,R
7062,0x100199000,0x403060,W
7063,0x10019a000,0x40312c,W
7064,0x10019b000,0x403108,R
7065,0x10019c000,0x403048,R
7066,0x10019d000,0x403038,R
7067,0x10019e000,0x403190,R
7068,0x10019f000,0x403154,R
7069,0x1001a0000,0x40319c,R
7070,0x1001a1000,0x403114,R
7071,0x1001a2000,0x40302c,R
7072,0x1001a3000,0x403154,R
7073,0x1001a4000,0x403138,R
7074,0x1001a5000,0x403098,R
7075,0x1001a6000,0x4030c8,R
7076,0x1001a7000,0x4030d4,W
7077,0x1001a8000,0x4030c8,R
7078,0x1001a9000,0x403040,W
7079,0x1001aa000,0x40314c,R
7080,0x1001ab000,0x4030b0,R
7081,0x1001ac000,0x4031e8,R
7082,0x1001ad000,0x4031c4,R
7083,0x1001ae000,0x403178,W
7084,0x1001af000,0x403160,R
7085,0x1001b0000,0x40318c,R
7086,0x1001b1000,0x403178,R
7087,0x1001b2000,0x4030b8,W
7088,0x1001b3000,0x403104,R
7089,0x1001b4000,0x40311c,R
7090,0x1001b5000,0x40308c,R
7091,0x1001b6000,0x40302c,R
7092,0x1001b7000,0x403050,R
7093,0x1001b8000,0x4031d8,R
7094,0x1001b9000,0x4030bc,R
7095,0x1001ba000,0x4031bc,R
7096,0x1001bb000,0x4030d8,R
7097,0x1001bc000,0x403168,R
7098,0x1001bd000,0x4031fc,R
7099,0x1001be000,0x4030e8,W
7100,0x1001bf000,0x403024,R
7101,0x1001c0000,0x403134,R
7102,0x1001c1000,0x4030a4,R
7103,0x1001c2000,0x403004,R
7104,0x1001c3000,0x40301c,R
7105,0x1001c4000,0x4030ec,R
7106,0x1001c5000,0x4030a4,R
7107,0x1001c6000,0x4030d8,R
7108,0x1001c7000,0x403048,R
7109,0x1001c8000,0x4030c0,R
7110,0x1001c9000,0x4030ec,W
7111,0x1001ca000,0x403180,R
7112,0x1001cb000,0x403134,R
7113,0x1001cc000,0x403150,R
7114,0x1001cd000,0x40305c,R
7115,0x1001ce000,0x40317c,R
7116,0x1001cf000,0x403058,W
7117,0x1001d0000,0x4030d8,R
7118,0x1001d1000,0x4030f4,W
7119,0x1001d2000,0x40305c,R
7120,0x1001d3000,0x403060,R
7121,0x1001d4000,0x403184,R
7122,0x1001d5000,0x4031b0,R
7123,0x1001d6000,0x4030c4,R
7124,0x1001d7000,0x4030e4,R
7125,0x1001d8000,0x40300c,W
7126,0x1001d9000,0x40301c,R
7127,0x1001da000,0x4030c8,R
7128,0x1001db000,0x40315c,W
7129,0x1001dc000,0x4030b0,R
7130,0x1001dd000,0x4031f4,R
7131,0x1001de000,0x403184,R
7132,0x1001df000,0x403100,R
7133,0x1001e0000,0x40313c,R
7134,0x1001e1000,0x4030bc,R
7135,0x1001e2000,0x4030e4,R
7136,0x1001e3000,0x4031f0,W
7137,0x1001e4000,0x40315c,R
7138,0x1001e5000,0x403048,R
7139,0x1001e6000,0x403024,R
7140,0x1001e7000,0x403108,R
7141,0x1001e8000,0x40308c,R
7142,0x1001e9000,0x40310c,R
7143,0x1001ea000,0x4031b4,R
7144,0x1001eb000,0x403104,W
7145,0x1001ec000,0x403118,R
7146,0x1001ed000,0x403100,R
7147,0x1001ee000,0x40317c,R
7148,0x1001ef000,0x40300c,R
7149,0x1001f0000,0x403034,R
7150,0x1001f1000,0x4030d4,R
7151,0x1001f2000,0x403010,R
7152,0x1001f3000,0x403138,W
7153,0x1001f4000,0x40318c,R
7154,0x1001f5000,0x403178,R
7155,0x1001f6000,0x403064,R
7156,0x1001f7000,0x4031bc,R
7157,0x1001f8000,0x403034,R
7158,0x1001f9000,0x4030e8,R
7159,0x1001fa000,0x403098,R
7160,0x1001fb000,0x403194,R
7161,0x1001fc000,0x4030f4,R
7162,0x1001fd000,0x403100,R
7163,0x1001fe000,0x4031e0,R
7164,0x1001ff000,0x4030cc,R
7165,0x100180000,0x40301c,R
7166,0x100181000,0x403024,R
7167,0x100182000,0x4031dc,R
7168,0x100183000,0x40318c,R
7169,0x100184000,0x4030ec,R
7170,0x100185000,0x403138,R
7171,0x100186000,0x403070,R
7172,0x100187000,0x403078,R
7173,0x100188000,0x403014,R
7174,0x100189000,0x403020,W
7175,0x10018a000,0x4030f8,R
7176,0x10018b000,0x4030d4,R
7177,0x10018c000,0x4031c0,R
7178,0x10018d000,0x4031a8,R
7179,0x10018e000,0x403044,R
7180,0x10018f000,0x4031dc,W
7181,0x100190000,0x40313c,R
7182,0x100191000,0x403174,R
7183,0x100192000,0x403114,R
7184,0x100193000,0x403128,R
7185,0x100194000,0x4030a8,R
7186,0x100195000,0x403004,R
7187,0x100196000,0x4031e8,R
7188,0x100197000,0x403088,R
7189,0x100198000,0x403058,R
7190,0x100199000,0x403044,R
7191,0x10019a000,0x403110,R
7192,0x10019b000,0x4030e0,R
7193,0x10019c000,0x4030b4,W
7194,0x10019d000,0x40315c,R
7195,0x10019e000,0x4030f4,R
7196,0x10019f000,0x4031a0,R
7197,0x1001a0000,0x403110,R
7198,0x1001a1000,0x40317c,R
7199,0x1001a2000,0x4031e4,W
7200,0x1001a3000,0x4030ec,R
7201,0x1001a4000,0x4030b8,R
7202,0x1001a5000,0x403124,W
7203,0x1001a6000,0x403060,R
7204,0x1001a7000,0x403138,R
7205,0x1001a8000,0x403000,R
7206,0x1001a9000,0x403194,R
7207,0x1001aa000,0x40307c,R
7208,0x1001ab000,0x403054,R
7209,0x1001ac000,0x403060,R
7210,0x1001ad000,0x4031d4,R
7211,0x1001ae000,0x40319c,R
7212,0x1001af000,0x403098,W
7213,0x1001b0000,0x4030a8,R
7214,0x1001b1000,0x4030ec,R
7215,0x1001b2000,0x4031a0,R
7216,0x1001b3000,0x4030d4,W
7217,0x1001b4000,0x403104,R
7218,0x1001b5000,0x40314c,R
7219,0x1001b6000,0x403080,R
7220,0x1001b7000,0x403098,R
7221,0x1001b8000,0x4031dc,R
7222,0x1001b9000,0x40306c,R
7223,0x1001ba000,0x403104,R
7224,0x1001bb000,0x403128,R
7225,0x1001bc000,0x40313c,W
7226,0x1001bd000,0x403188,R
7227,0x1001be000,0x403054,R
7228,0x1001bf000,0x40318c,R
7229,0x1001c0000,0x4031d0,W
7230,0x1001c1000,0x4030bc,R
7231,0x1001c2000,0x4031d0,R
7232,0x1001c3000,0x403040,R
7233,0x1001c4000,0x403078,W
7234,0x1001c5000,0x403084,R
7235,0x1001c6000,0x403150,R
7236,0x1001c7000,0x403018,W
7237,0x1001c8000,0x40319c,W
7238,0x1001c9000,0x403090,R
7239,0x1001ca000,0x403064,R
7240,0x1001cb000,0x4030fc,R
7241,0x1001cc000,0x403134,R
7242,0x1001cd000,0x40303c,R
7243,0x1001ce000,0x4030a4,R
7244,0x1001cf000,0x4030dc,R
7245,0x1001d0000,0x403054,R
7246,0x1001d1000,0x403110,R
7247,0x1001d2000,0x4031a0,R
7248,0x1001d3000,0x403178,W
7249,0x1001d4000,0x40315c,R
7250,0x1001d5000,0x4031ac,R
7251,0x1001d6000,0x4031e8,W
7252,0x1001d7000,0x403070,R
7253,0x1001d8000,0x4031f8,R
7254,0x1001d9000,0x4031c0,W
7255,0x1001da000,0x4030dc,R
7256,0x1001db000,0x40309c,R
7257,0x1001dc000,0x403098,R
7258,0x1001dd000,0x403050,R
7259,0x1001de000,0x4031b0,R
7260,0x1001df000,0x4030b4,R
7261,0x1001e0000,0x403174,R
7262,0x1001e1000,0x40317c,R
7263,0x1001e2000,0x40310c,R
7264,0x1001e3000,0x403104,W
7265,0x1001e4000,0x4030b4,R
7266,0x1001e5000,0x40317c,R
7267,0x1001e6000,0x4030ac,R
7268,0x1001e7000,0x403064,R
7269,0x1001e8000,0x4031e4,R
7270,0x1001e9000,0x4031bc,R
7271,0x1001ea000,0x4030d0,R
7272,0x1001eb000,0x4031c0,W
7273,0x1001ec000,0x403064,R
7274,0x1001ed000,0x4031ec,R
7275,0x1001ee000,0x403048,R
7276,0x1001ef000,0x403058,R
7277,0x1001f0000,0x403068,R
7278,0x1001f1000,0x4031a0,R
7279,0x1001f2000,0x40309c,R
7280,0x1001f3000,0x4031e8,R
7281,0x1001f4000,0x4031b4,R
7282,0x1001f5000,0x403198,W
7283,0x1001f6000,0x4030a8,R
7284,0x1001f7000,0x40302c,R
7285,0x1001f8000,0x4031f4,R
7286,0x1001f9000,0x403004,R
7287,0x1001fa000,0x403064,R
7288,0x1001fb000,0x40306c,R
7289,0x1001fc000,0x4030e8,R
7290,0x1001fd000,0x40317c,R
7291,0x1001fe000,0x403138,R
7292,0x1001ff000,0x4030f8,R
7293,0x100180000,0x4030dc,R
7294,0x100181000,0x403118,R
7295,0x100182000,0x403030,R
7296,0x100183000,0x403098,R
7297,0x100184000,0x403070,R
7298,0x100185000,0x4030a8,R
7299,0x100186000,0x403010,R
7300,0x100187000,0x4031d0,W
7301,0x100188000,0x403108,W
7302,0x100189000,0x4030c0,W
7303,0x10018a000,0x4031d0,R
7304,0x10018b000,0x4030bc,W
7305,0x10018c000,0x4030b8,R
7306,0x10018d000,0x4031c0,R
7307,0x10018e000,0x4031b0,R
7308,0x10018f000,0x403000,R
7309,0x100190000,0x40300c,R
7310,0x100191000,0x40300c,R
7311,0x100192000,0x40304c,R
7312,0x100193000,0x4031d8,R
7313,0x100194000,0x40304c,W
7314,0x100195000,0x4030b4,R
7315,0x100196000,0x403054,W
7316,0x100197000,0x4030e0,R
7317,0x100198000,0x4031f8,R
7318,0x100199000,0x403060,R
7319,0x10019a000,0x403040,R
7320,0x10019b000,0x403128,R
7321,0x10019c000,0x40314c,R
7322,0x10019d000,0x40311c,R
7323,0x10019e000,0x4030e4,R
7324,0x10019f000,0x40303c,R
7325,0x1001a0000,0x403164,R
7326,0x1001a1000,0x4031a0,W
7327,0x1001a2000,0x403044,R
7328,0x1001a3000,0x4030ec,R
7329,0x1001a4000,0x40302c,R
7330,0x1001a5000,0x4030d8,R
7331,0x1001a6000,0x403148,R
7332,0x1001a7000,0x403198,R
7333,0x1001a8000,0x403110,R
7334,0x1001a9000,0x403028,W
7335,0x1001aa000,0x40306c,W
7336,0x1001ab000,0x403160,W
7337,0x1001ac000,0x40309c,R
7338,0x1001ad000,0x4030b8,R
7339,0x1001ae000,0x4031ac,R
7340,0x1001af000,0x40318c,R
7341,0x1001b0000,0x403164,R
7342,0x1001b1000,0x403064,R
7343,0x1001b2000,0x403060,R
7344,0x1001b3000,0x4030c8,R
7345,0x1001b4000,0x40305c,R
7346,0x1001b5000,0x403078,R
7347,0x1001b6000,0x4031b8,R
7348,0x1001b7000,0x4031fc,R
7349,0x1001b8000,0x40308c,R
7350,0x1001b9000,0x403094,W
7351,0x1001ba000,0x4031e8,W
7352,0x1001bb000,0x403040,R
7353,0x1001bc000,0x40301c,R
7354,0x1001bd000,0x4031c0,R
7355,0x1001be000,0x4031c0,R
7356,0x1001bf000,0x403014,R
7357,0x1001c0000,0x403180,R
7358,0x1001c1000,0x4031bc,R
7359,0x1001c2000,0x40307c,W
7360,0x1001c3000,0x403098,R
7361,0x1001c4000,0x40305c,R
7362,0x1001c5000,0x4030e8,R
7363,0x1001c6000,0x403168,R
7364,0x1001c7000,0x403014,W
7365,0x1001c8000,0x4030c8,R
7366,0x1001c9000,0x403190,R
7367,0x1001ca000,0x40306c,R
7368,0x1001cb000,0x4030b8,R
7369,0x1001cc000,0x403098,R
7370,0x1001cd000,0x4030e0,R
7371,0x1001ce000,0x40302c,R
7372,0x1001cf000,0x4031ac,R
7373,0x1001d0000,0x403128,R
7374,0x1001d1000,0x4030c4,R
7375,0x1001d2000,0x403154,R
7376,0x1001d3000,0x403000,R
7377,0x1001d4000,0x4031d4,R
7378,0x1001d5000,0x403194,R
7379,0x1001d6000,0x403098,R
7380,0x1001d7000,0x403108,R
7381,0x1001d8000,0x4031e8,R
7382,0x1001d9000,0x4031a4,R
7383,0x1001da000,0x403140,R
7384,0x1001db000,0x4030f0,R
7385,0x1001dc000,0x4030f8,R
7386,0x1001dd000,0x4030cc,R
7387,0x1001de000,0x4030b0,W
7388,0x1001df000,0x40304c,R
7389,0x1001e0000,0x403180,R
7390,0x1001e1000,0x4031d0,R
7391,0x1001e2000,0x4031a8,R
7392,0x1001e3000,0x403084,R
7393,0x1001e4000,0x4031c8,W
7394,0x1001e5000,0x403004,R
7395,0x1001e6000,0x40310c,R
7396,0x1001e7000,0x40303c,R
7397,0x1001e8000,0x40315c,R
7398,0x1001e9000,0x4030a8,R
7399,0x1001ea000,0x403124,R
7400,0x1001eb000,0x403124,R
7401,0x1001ec000,0x40317c,W
7402,0x1001ed000,0x40315c,R
7403,0x1001ee000,0x403094,R
7404,0x1001ef000,0x403020,R
7405,0x1001f0000,0x403120,R
7406,0x1001f1000,0x403178,R
7407,0x1001f2000,0x403078,R
7408,0x1001f3000,0x403090,R
7409,0x1001f4000,0x4031cc,R
7410,0x1001f5000,0x403118,R
7411,0x1001f6000,0x403098,R
7412,0x1001f7000,0x40317c,R
7413,0x1001f8000,0x4030d4,R
7414,0x1001f9000,0x4031c8,R
7415,0x1001fa000,0x403160,R
7416,0x1001fb000,0x40317c,R
7417,0x1001fc000,0x403008,R
7418,0x1001fd000,0x403118,R
7419,0x1001fe000,0x4030a4,R
7420,0x1001ff000,0x4030a8,R
7421,0x100180000,0x403160,R
7422,0x100181000,0x403014,R
7423,0x100182000,0x403090,R
7424,0x100183000,0x4031c0,W
7425,0x100184000,0x40312c,R
7426,0x100185000,0x40303c,R
7427,0x100186000,0x40304c,R
7428,0x100187000,0x403144,W
7429,0x100188000,0x4030a8,R
7430,0x100189000,0x403058,R
7431,0x10018a000,0x403074,R
7432,0x10018b000,0x403064,R
7433,0x10018c000,0x403070,R
7434,0x10018d000,0x4030f0,R
7435,0x10018e000,0x403134,R
7436,0x10018f000,0x4030cc,W
7437,0x100190000,0x4031b8,R
7438,0x100191000,0x403084,R
7439,0x100192000,0x403074,R
7440,0x100193000,0x403098,R
7441,0x100194000,0x403174,R
7442,0x100195000,0x4030b4,R
7443,0x100196000,0x4030b0,R
7444,0x100197000,0x403108,W
7445,0x100198000,0x4031f8,R
7446,0x100199000,0x403164,W
7447,0x10019a000,0x40313c,W
7448,0x10019b000,0x403028,R
7449,0x10019c000,0x4031a0,R
7450,0x10019d000,0x4030fc,R
7451,0x10019e000,0x403088,R
7452,0x10019f000,0x4030b4,W
7453,0x1001a0000,0x403198,R
7454,0x1001a1000,0x403028,W
7455,0x1001a2000,0x4031b0,R
7456,0x1001a3000,0x4031fc,R
7457,0x1001a4000,0x4031dc,R
7458,0x1001a5000,0x4031a8,R
7459,0x1001a6000,0x403058,W
7460,0x1001a7000,0x403010,R
7461,0x1001a8000,0x403134,R
7462,0x1001a9000,0x403088,R
7463,0x1001aa000,0x40300c,W
7464,0x1001ab000,0x40313c,R
7465,0x1001ac000,0x4031dc,R
7466,0x1001ad000,0x4031e0,R
7467,0x1001ae000,0x403054,R
7468,0x1001af000,0x40310c,R
7469,0x1001b0000,0x40300c,R
7470,0x1001b1000,0x403130,R
7471,0x1001b2000,0x4030d8,R
7472,0x1001b3000,0x4030dc,R
7473,0x1001b4000,0x403054,R
7474,0x1001b5000,0x4031b0,R
7475,0x1001b6000,0x40301c,R
7476,0x1001b7000,0x40314c,R
7477,0x1001b8000,0x403134,R
7478,0x1001b9000,0x4031c8,R
7479,0x1001ba000,0x4031b4,R
7480,0x1001bb000,0x4030ac,R
7481,0x1001bc000,0x403130,R
7482,0x1001bd000,0x403028,R
7483,0x1001be000,0x4030dc,R
7484,0x1001bf000,0x4031c0,R
7485,0x1001c0000,0x40316c,R
7486,0x1001c1000,0x403078,W
7487,0x1001c2000,0x4031e0,R
7488,0x1001c3000,0x403188,R
7489,0x1001c4000,0x4031f4,R
7490,0x1001c5000,0x403060,W
7491,0x1001c6000,0x4030a8,R
7492,0x1001c7000,0x40301c,R
7493,0x1001c8000,0x403070,R
7494,0x1001c9000,0x403164,R
7495,0x1001ca000,0x40315c,R
7496,0x1001cb000,0x403198,R
7497,0x1001cc000,0x403154,R
7498,0x1001cd000,0x403188,R
7499,0x1001ce000,0x40307c,R
7500,0x1001cf000,0x403118,R
7501,0x1001d0000,0x40311c,R
7502,0x1001d1000,0x4031e4,W
7503,0x1001d2000,0x4031d4,W
7504,0x1001d3000,0x403184,R
7505,0x1001d4000,0x403138,W
7506,0x1001d5000,0x403130,R
7507,0x1001d6000,0x403194,R
7508,0x1001d7000,0x4031c8,R
7509,0x1001d8000,0x4030b8,R
7510,0x1001d9000,0x4030e8,R
7511,0x1001da000,0x403034,R
7512,0x1001db000,0x4030c0,R
7513,0x1001dc000,0x4030cc,R
7514,0x1001dd000,0x4031f8,R
7515,0x1001de000,0x4031fc,R
7516,0x1001df000,0x4030b0,R
7517,0x1001e0000,0x403138,R
7518,0x1001e1000,0x4030b0,R
7519,0x1001e2000,0x403160,R
7520,0x1001e3000,0x4030b8,R
7521,0x1001e4000,0x403074,W
7522,0x1001e5000,0x4030e4,R
7523,0x1001e6000,0x403044,R
7524,0x1001e7000,0x403074,R
7525,0x1001e8000,0x4030c8,R
7526,0x1001e9000,0x4030d4,R
7527,0x1001ea000,0x4030b4,W
7528,0x1001eb000,0x403130,R
7529,0x1001ec000,0x40303c,R
7530,0x1001ed000,0x40305c,R
7531,0x1001ee000,0x40305c,R
7532,0x1001ef000,0x40314c,R
7533,0x1001f0000,0x4030ac,R
7534,0x1001f1000,0x403130,R
7535,0x1001f2000,0x4031d0,R
7536,0x1001f3000,0x4030d8,R
7537,0x1001f4000,0x403114,R
7538,0x1001f5000,0x403134,R
7539,0x1001f6000,0x403158,W
7540,0x1001f7000,0x4030ac,R
7541,0x1001f8000,0x4031a0,R
7542,0x1001f9000,0x403158,R
7543,0x1001fa000,0x4030e8,R
7544,0x1001fb000,0x403180,W
7545,0x1001fc000,0x403180,W
7546,0x1001fd000,0x403090,R
7547,0x1001fe000,0x4030e8,R
7548,0x1001ff000,0x4031b8,R
7549,0x100180000,0x4030cc,R
7550,0x100181000,0x4031f8,R
7551,0x100182000,0x403010,R
7552,0x100183000,0x4030f8,R
7553,0x100184000,0x403024,R
7554,0x100185000,0x403184,R
7555,0x100186000,0x403158,R
7556,0x100187000,0x403174,W
7557,0x100188000,0x4031d0,R
7558,0x100189000,0x4031b0,R
7559,0x10018a000,0x403104,R
7560,0x10018b000,0x4031f4,R
7561,0x10018c000,0x403040,R
7562,0x10018d000,0x403030,R
7563,0x10018e000,0x403084,R
7564,0x10018f000,0x40306c,R
7565,0x100190000,0x40318c,R
7566,0x100191000,0x4030cc,R
7567,0x100192000,0x403174,R
7568,0x100193000,0x403144,R
7569,0x100194000,0x40314c,W
7570,0x100195000,0x403070,R
7571,0x100196000,0x403008,R
7572,0x100197000,0x4030a8,R
7573,0x100198000,0x40316c,W
7574,0x100199000,0x4030c4,R
7575,0x10019a000,0x40305c,R
7576,0x10019b000,0x40312c,R
7577,0x10019c000,0x4030ec,R
7578,0x10019d000,0x4030a4,R
7579,0x10019e000,0x4031c4,R
7580,0x10019f000,0x403184,R
7581,0x1001a0000,0x403104,R
7582,0x1001a1000,0x403020,R
7583,0x1001a2000,0x403028,R
7584,0x1001a3000,0x40311c,W
7585,0x1001a4000,0x40310c,R
7586,0x1001a5000,0x403078,R
7587,0x1001a6000,0x4031b8,R
7588,0x1001a7000,0x403168,R
7589,0x1001a8000,0x4031f4,R
7590,0x1001a9000,0x4031a0,R
7591,0x1001aa000,0x403090,R
7592,0x1001ab000,0x40309c,R
7593,0x1001ac000,0x4030d0,R
7594,0x1001ad000,0x403030,W
7595,0x1001ae000,0x403154,R
7596,0x1001af000,0x403000,R
7597,0x1001b0000,0x403194,R
7598,0x1001b1000,0x403000,R
7599,0x1001b2000,0x40306c,R
7600,0x1001b3000,0x403050,R
7601,0x1001b4000,0x4030d4,R
7602,0x1001b5000,0x403158,R
7603,0x1001b6000,0x4030c0,R
7604,0x1001b7000,0x403040,W
7605,0x1001b8000,0x403154,R
7606,0x1001b9000,0x403040,R
7607,0x1001ba000,0x403118,R
7608,0x1001bb000,0x403174,R
7609,0x1001bc000,0x403168,W
7610,0x1001bd000,0x403068,R
7611,0x1001be000,0x403058,R
7612,0x1001bf000,0x40316c,W
7613,0x1001c0000,0x4030c8,R
7614,0x1001c1000,0x403108,R
7615,0x1001c2000,0x403088,R
7616,0x1001c3000,0x40304c,R
7617,0x1001c4000,0x403054,R
7618,0x1001c5000,0x4030b0,W
7619,0x1001c6000,0x4031f8,R
7620,0x1001c7000,0x4031b8,W
7621,0x1001c8000,0x403088,R
7622,0x1001c9000,0x40313c,R
7623,0x1001ca000,0x4031f8,R
7624,0x1001cb000,0x4030ec,R
7625,0x1001cc000,0x403094,R
7626,0x1001cd000,0x4030b8,R
7627,0x1001ce000,0x403160,R
7628,0x1001cf000,0x4030e0,W
7629,0x1001d0000,0x403020,W
7630,0x1001d1000,0x4031dc,R
7631,0x1001d2000,0x4030b0,R
7632,0x1001d3000,0x403168,R
7633,0x1001d4000,0x403198,R
7634,0x1001d5000,0x4031fc,R
7635,0x1001d6000,0x40305c,R
7636,0x1001d7000,0x40306c,R
7637,0x1001d8000,0x40314c,R
7638,0x1001d9000,0x403108,W
7639,0x1001da000,0x403124,R
7640,0x1001db000,0x403138,R
7641,0x1001dc000,0x4030f0,R
7642,0x1001dd000,0x4031d4,R
7643,0x1001de000,0x403118,R
7644,0x1001df000,0x403100,W
7645,0x1001e0000,0x403078,R
7646,0x1001e1000,0x403094,R
7647,0x1001e2000,0x403180,R
7648,0x1001e3000,0x403170,R
7649,0x1001e4000,0x403058,W
7650,0x1001e5000,0x403098,R
7651,0x1001e6000,0x403048,R
7652,0x1001e7000,0x4031fc,R
7653,0x1001e8000,0x403070,R
7654,0x1001e9000,0x403128,R
7655,0x1001ea000,0x40310c,R
7656,0x1001eb000,0x403084,W
7657,0x1001ec000,0x403060,R
7658,0x1001ed000,0x4031e0,R
7659,0x1001ee000,0x4031d4,R
7660,0x1001ef000,0x4031c4,R
7661,0x1001f0000,0x40300c,W
7662,0x1001f1000,0x40308c,R
7663,0x1001f2000,0x403164,R
7664,0x1001f3000,0x403198,R
7665,0x1001f4000,0x403090,R
7666,0x1001f5000,0x403020,R
7667,0x1001f6000,0x403180,R
7668,0x1001f7000,0x403070,R
7669,0x1001f8000,0x403178,R
7670,0x1001f9000,0x4030c8,W
7671,0x1001fa000,0x403130,R
7672,0x1001fb000,0x403100,R
7673,0x1001fc000,0x403020,R
7674,0x1001fd000,0x403010,R
7675,0x1001fe000,0x403178,R
7676,0x1001ff000,0x403080,R
7677,0x100180000,0x40303c,R
7678,0x100181000,0x4030d4,R
7679,0x100182000,0x4031a4,R
7680,0x100183000,0x403098,R
7681,0x100184000,0x403080,R
7682,0x100185000,0x403010,R
7683,0x100186000,0x40300c,R
7684,0x100187000,0x4030d0,R
7685,0x100188000,0x40306c,R
7686,0x100189000,0x403170,R
7687,0x10018a000,0x403164,R
7688,0x10018b000,0x4031c4,R
7689,0x10018c000,0x403138,R
7690,0x10018d000,0x4030fc,R
7691,0x10018e000,0x403130,R
7692,0x10018f000,0x403018,R
7693,0x100190000,0x4030d8,R
7694,0x100191000,0x40314c,R
7695,0x100192000,0x4031b0,W
7696,0x100193000,0x403074,R
7697,0x100194000,0x4030a0,R
7698,0x100195000,0x4031b8,R
7699,0x100196000,0x40313c,R
7700,0x100197000,0x403064,R
7701,0x100198000,0x4031b0,W
7702,0x100199000,0x403088,R
7703,0x10019a000,0x403014,R
7704,0x10019b000,0x403084,R
7705,0x10019c000,0x4030ac,R
7706,0x10019d000,0x4030c8,R
7707,0x10019e000,0x403174,R
7708,0x10019f000,0x403138,R
7709,0x1001a0000,0x4031f8,R
7710,0x1001a1000,0x403180,R
7711,0x1001a2000,0x40308c,R
7712,0x1001a3000,0x403074,R
7713,0x1001a4000,0x4030f0,R
7714,0x1001a5000,0x403034,R
7715,0x1001a6000,0x4030e8,R
7716,0x1001a7000,0x403174,W
7717,0x1001a8000,0x4031d0,W
7718,0x1001a9000,0x4030f4,R
7719,0x1001aa000,0x403058,R
7720,0x1001ab000,0x403034,W
7721,0x1001ac000,0x403010,R
7722,0x1001ad000,0x403028,R
7723,0x1001ae000,0x403090,R
7724,0x1001af000,0x4031d8,R
7725,0x1001b0000,0x403034,R
7726,0x1001b1000,0x4031d8,R
7727,0x1001b2000,0x40308c,R
7728,0x1001b3000,0x4031e0,R
7729,0x1001b4000,0x4031f0,R
7730,0x1001b5000,0x403084,R
7731,0x1001b6000,0x4031cc,W
7732,0x1001b7000,0x403000,R
7733,0x1001b8000,0x403158,R
7734,0x1001b9000,0x403074,R
7735,0x1001ba000,0x403098,W
7736,0x1001bb000,0x4031a8,R
7737,0x1001bc000,0x4030d0,R
7738,0x1001bd000,0x403008,R
7739,0x1001be000,0x403174,R
7740,0x1001bf000,0x403144,R
7741,0x1001c0000,0x403148,R
7742,0x1001c1000,0x40307c,R
7743,0x1001c2000,0x403168,R
7744,0x1001c3000,0x4031b8,W
7745,0x1001c4000,0x40308c,R
7746,0x1001c5000,0x403060,R
7747,0x1001c6000,0x4030b4,R
7748,0x1001c7000,0x4030f8,R
7749,0x1001c8000,0x403000,R
7750,0x1001c9000,0x40306c,R
7751,0x1001ca000,0x4031e8,R
7752,0x1001cb000,0x403154,R
7753,0x1001cc000,0x4030d0,R
7754,0x1001cd000,0x4031b4,R
7755,0x1001ce000,0x403040,R
7756,0x1001cf000,0x40303c,W
7757,0x1001d0000,0x4031c4,R
7758,0x1001d1000,0x4030b8,R
7759,0x1001d2000,0x4031fc,R
7760,0x1001d3000,0x403004,R
7761,0x1001d4000,0x4030c0,R
7762,0x1001d5000,0x403074,R
7763,0x1001d6000,0x4031a8,R
7764,0x1001d7000,0x403128,R
7765,0x1001d8000,0x4030e0,W
7766,0x1001d9000,0x403098,R
7767,0x1001da000,0x40301c,R
7768,0x1001db000,0x40318c,W
7769,0x1001dc000,0x403050,R
7770,0x1001dd000,0x40304c,W
7771,0x1001de000,0x403070,R
7772,0x1001df000,0x4031d8,R
7773,0x1001e0000,0x4031e8,R
7774,0x1001e1000,0x4031f8,W
7775,0x1001e2000,0x4030b8,R
7776,0x1001e3000,0x403094,R
7777,0x1001e4000,0x403020,R
7778,0x1001e5000,0x40300c,R
7779,0x1001e6000,0x40311c,R
7780,0x1001e7000,0x4030cc,R
7781,0x1001e8000,0x40311c,R
7782,0x1001e9000,0x403180,R
7783,0x1001ea000,0x403014,R
7784,0x1001eb000,0x403080,R
7785,0x1001ec000,0x403088,R
7786,0x1001ed000,0x40316c,R
7787,0x1001ee000,0x403138,W
7788,0x1001ef000,0x40313c,R
7789,0x1001f0000,0x403130,W
7790,0x1001f1000,0x403138,R
7791,0x1001f2000,0x403104,R
7792,0x1001f3000,0x4031bc,R
7793,0x1001f4000,0x4030f8,R
7794,0x1001f5000,0x403104,R
7795,0x1001f6000,0x40319c,R
7796,0x1001f7000,0x4030dc,R
7797,0x1001f8000,0x403154,R
7798,0x1001f9000,0x4030b0,R
7799,0x1001fa000,0x4030f0,R
7800,0x1001fb000,0x403028,R
7801,0x1001fc000,0x40306c,R
7802,0x1001fd000,0x403064,R
7803,0x1001fe000,0x4030f8,R
7804,0x1001ff000,0x4031d4,R
7805,0x100180000,0x403010,R
7806,0x100181000,0x40313c,R
7807,0x100182000,0x4030a8,R
7808,0x100183000,0x403150,R
7809,0x100184000,0x403164,W
7810,0x100185000,0x4030b0,W
7811,0x100186000,0x403098,R
7812,0x100187000,0x40318c,R
7813,0x100188000,0x403080,R
7814,0x100189000,0x403178,R
7815,0x10018a000,0x4030c0,R
7816,0x10018b000,0x4031a4,R
7817,0x10018c000,0x403068,R
7818,0x10018d000,0x4030fc,R
7819,0x10018e000,0x40311c,R
7820,0x10018f000,0x403108,R
7821,0x100190000,0x4030a0,R
7822,0x100191000,0x4030b0,R
7823,0x100192000,0x403170,W
7824,0x100193000,0x403184,R
7825,0x100194000,0x4031a0,R
7826,0x100195000,0x4031c0,R
7827,0x100196000,0x403108,R
7828,0x100197000,0x4031cc,R
7829,0x100198000,0x40313c,R
7830,0x100199000,0x4031b0,W
7831,0x10019a000,0x403088,R
7832,0x10019b000,0x40317c,R
7833,0x10019c000,0x40301c,R
7834,0x10019d000,0x4031b8,R
7835,0x10019e000,0x403094,R
7836,0x10019f000,0x403144,R
7837,0x1001a0000,0x40314c,R
7838,0x1001a1000,0x4031dc,R
7839,0x1001a2000,0x403120,R
7840,0x1001a3000,0x4031b8,R
7841,0x1001a4000,0x4030a0,R
7842,0x1001a5000,0x403118,W
7843,0x1001a6000,0x4030a0,R
7844,0x1001a7000,0x403068,R
7845,0x1001a8000,0x4031cc,R
7846,0x1001a9000,0x40318c,R
7847,0x1001aa000,0x4031a0,R
7848,0x1001ab000,0x4030e0,R
7849,0x1001ac000,0x4030b0,R
7850,0x1001ad000,0x403114,R
7851,0x1001ae000,0x4031e4,R
7852,0x1001af000,0x4030b0,R
7853,0x1001b0000,0x4031c4,R
7854,0x1001b1000,0x40310c,R
7855,0x1001b2000,0x403174,R
7856,0x1001b3000,0x403004,R
7857,0x1001b4000,0x403024,R
7858,0x1001b5000,0x4031e4,R
7859,0x1001b6000,0x4031a4,R
7860,0x1001b7000,0x403194,R
7861,0x1001b8000,0x4030b8,R
7862,0x1001b9000,0x403040,R
7863,0x1001ba000,0x403080,R
7864,0x1001bb000,0x40303c,R
7865,0x1001bc000,0x4031ec,W
7866,0x1001bd000,0x403038,R
7867,0x1001be000,0x4031a0,W
7868,0x1001bf000,0x4030a8,R
7869,0x1001c0000,0x403074,R
7870,0x1001c1000,0x4030ec,R
7871,0x1001c2000,0x403078,R
7872,0x1001c3000,0x4031e8,W
7873,0x1001c4000,0x40308c,R
7874,0x1001c5000,0x4031d0,W
7875,0x1001c6000,0x40313c,R
7876,0x1001c7000,0x4031e0,R
7877,0x1001c8000,0x403138,R
7878,0x1001c9000,0x4030bc,R
7879,0x1001ca000,0x40308c,R
7880,0x1001cb000,0x403068,R
7881,0x1001cc000,0x4030ac,R
7882,0x1001cd000,0x403024,R
7883,0x1001ce000,0x40304c,R
7884,0x1001cf000,0x403084,R
7885,0x1001d0000,0x403148,R
7886,0x1001d1000,0x4031b4,R
7887,0x1001d2000,0x403044,R
7888,0x1001d3000,0x40318c,W
7889,0x1001d4000,0x403184,R
7890,0x1001d5000,0x40316c,R
7891,0x1001d6000,0x403070,R
7892,0x1001d7000,0x4031d0,R
7893,0x1001d8000,0x403150,R
7894,0x1001d9000,0x403018,R
7895,0x1001da000,0x403098,R
7896,0x1001db000,0x403150,R
7897,0x1001dc000,0x40312c,R
7898,0x1001dd000,0x4030c4,W
7899,0x1001de000,0x40318c,R
7900,0x1001df000,0x4030d0,R
7901,0x1001e0000,0x4031dc,R
7902,0x1001e1000,0x403038,R
7903,0x1001e2000,0x403070,R
7904,0x1001e3000,0x403154,R
7905,0x1001e4000,0x40306c,R
7906,0x1001e5000,0x40310c,R
7907,0x1001e6000,0x4030c8,R
7908,0x1001e7000,0x4030d8,R
7909,0x1001e8000,0x403088,R
7910,0x1001e9000,0x403080,R
7911,0x1001ea000,0x403070,R
7912,0x1001eb000,0x403064,R
7913,0x1001ec000,0x403120,R
7914,0x1001ed000,0x4031e4,R
7915,0x1001ee000,0x4030b4,R
7916,0x1001ef000,0x4030ec,W
7917,0x1001f0000,0x4030f8,R
7918,0x1001f1000,0x403050,R
7919,0x1001f2000,0x40313c,R
7920,0x1001f3000,0x4031b4,R
7921,0x1001f4000,0x403100,R
7922,0x1001f5000,0x4030f8,R
7923,0x1001f6000,0x403010,R
7924,0x1001f7000,0x4030b4,R
7925,0x1001f8000,0x4031ec,R
7926,0x1001f9000,0x4030b0,R
7927,0x1001fa000,0x403180,R
7928,0x1001fb000,0x403030,R
7929,0x1001fc000,0x4030d4,R
7930,0x1001fd000,0x40306c,R
7931,0x1001fe000,0x403124,R
7932,0x1001ff000,0x403188,R
7933,0x100180000,0x4030bc,R
7934,0x100181000,0x403030,W
7935,0x100182000,0x4030d0,R
7936,0x100183000,0x4030cc,W
7937,0x100184000,0x4031e8,R
7938,0x100185000,0x4030e4,R
7939,0x100186000,0x40309c,R
7940,0x100187000,0x40315c,R
7941,0x100188000,0x40311c,R
7942,0x100189000,0x403038,R
7943,0x10018a000,0x403130,R
7944,0x10018b000,0x403104,W
7945,0x10018c000,0x4030fc,R
7946,0x10018d000,0x40303c,R
7947,0x10018e000,0x4030b4,R
7948,0x10018f000,0x4031d8,R
7949,0x100190000,0x403050,R
7950,0x100191000,0x4031f4,R
7951,0x100192000,0x40301c,R
7952,0x100193000,0x4030c0,R
7953,0x100194000,0x4031b4,R
7954,0x100195000,0x403174,R
7955,0x100196000,0x40316c,W
7956,0x100197000,0x4030c4,R
7957,0x100198000,0x403028,R
7958,0x100199000,0x403154,R
7959,0x10019a000,0x4030e0,R
7960,0x10019b000,0x4030e0,R
7961,0x10019c000,0x4031b0,R
7962,0x10019d000,0x40315c,R
7963,0x10019e000,0x403070,R
7964,0x10019f000,0x40307c,R
7965,0x1001a0000,0x40311c,R
7966,0x1001a1000,0x4031f0,R
7967,0x1001a2000,0x403038,R
7968,0x1001a3000,0x403024,R
7969,0x1001a4000,0x40319c,R
7970,0x1001a5000,0x403000,R
7971,0x1001a6000,0x4031c4,R
7972,0x1001a7000,0x4031b8,R
7973,0x1001a8000,0x403034,R
7974,0x1001a9000,0x403048,R
7975,0x1001aa000,0x403194,R
7976,0x1001ab000,0x40301c,R
7977,0x1001ac000,0x40306c,R
7978,0x1001ad000,0x4030a4,R
7979,0x1001ae000,0x40307c,R
7980,0x1001af000,0x4031b4,R
7981,0x1001b0000,0x403018,R
7982,0x1001b1000,0x4031bc,R
7983,0x1001b2000,0x4030dc,R
7984,0x1001b3000,0x4030a8,R
7985,0x1001b4000,0x4031fc,R
7986,0x1001b5000,0x403188,R
7987,0x1001b6000,0x403100,R
7988,0x1001b7000,0x403108,R
7989,0x1001b8000,0x4031d0,R
7990,0x1001b9000,0x40303c,R
7991,0x1001ba000,0x4030e0,R
7992,0x1001bb000,0x4031b4,W
7993,0x1001bc000,0x4030cc,R
7994,0x1001bd000,0x40314c,R
7995,0x1001be000,0x4031fc,R
7996,0x1001bf000,0x40312c,R
7997,0x1001c0000,0x403098,R
7998,0x1001c1000,0x403134,R
7999,0x1001c2000,0x4031dc,R
8000,0x100026000,0x4000ac,R
8001,0x100031000,0x4000c8,R
8002,0x10002e000,0x40009c,R
8003,0x100001000,0x4000c4,R
8004,0x100029000,0x4001d4,R
8005,0x10000f000,0x400124,W
8006,0x100033000,0x400050,R
8007,0x10014d000,0x400194,R
8008,0x10000f000,0x400194,W
8009,0x100023000,0x400144,R
8010,0x10001b000,0x400080,R
8011,0x10001f000,0x40012c,W
8012,0x10002a000,0x4000ec,R
8013,0x10002c000,0x4000a0,W
8014,0x1000c7000,0x40014c,R
8015,0x100007000,0x4000dc,R
8016,0x100003000,0x4001b0,R
8017,0x1000a4000,0x40013c,R
8018,0x100023000,0x400170,R
8019,0x10000d000,0x400140,W
8020,0x100012000,0x4000a8,R
8021,0x100021000,0x400188,R
8022,0x10001f000,0x400148,W
8023,0x100011000,0x4000f8,R
8024,0x100001000,0x40011c,R
8025,0x10000a000,0x400104,W
8026,0x10000f000,0x4000b4,W
8027,0x100028000,0x400060,R
8028,0x100084000,0x4000a4,R
8029,0x100016000,0x400184,R
8030,0x100100000,0x4000f8,R
8031,0x10002c000,0x40002c,R
8032,0x100120000,0x400174,R
8033,0x100006000,0x40001c,W
8034,0x100001000,0x40016c,W
8035,0x1001e3000,0x400024,R
8036,0x100032000,0x400190,R
8037,0x100005000,0x4000d0,W
8038,0x100007000,0x400170,W
8039,0x10003a000,0x4000d0,R
8040,0x100153000,0x400198,R
8041,0x100004000,0x400058,W
8042,0x100010000,0x40006c,R
8043,0x100037000,0x4000cc,R
8044,0x1000e2000,0x40017c,R
8045,0x100020000,0x4000f0,W
8046,0x100196000,0x40004c,R
8047,0x100038000,0x4000a8,R
8048,0x100035000,0x40006c,R
8049,0x10003e000,0x400028,R
8050,0x100016000,0x400120,R
8051,0x10001c000,0x400020,R
8052,0x100037000,0x4000ec,R
8053,0x100016000,0x4000fc,R
8054,0x100038000,0x4001d8,W
8055,0x10009d000,0x400168,R
8056,0x100007000,0x400148,W
8057,0x100180000,0x40016c,R
8058,0x100087000,0x400170,R
8059,0x100005000,0x40012c,W
8060,0x10002c000,0x400078,R
8061,0x100013000,0x400060,W
8062,0x100037000,0x400088,R
8063,0x100010000,0x400064,R
8064,0x1001a1000,0x400108,R
8065,0x100185000,0x40013c,R
8066,0x10000d000,0x4000b4,W
8067,0x100017000,0x4001d4,W
8068,0x100000000,0x400070,W
8069,0x100011000,0x400060,W
8070,0x1001c5000,0x400008,R
8071,0x100038000,0x4000e8,R
8072,0x100010000,0x400130,R
8073,0x1000f6000,0x400190,R
8074,0x10000f000,0x4000e4,R
8075,0x100073000,0x400088,R
8076,0x100137000,0x400008,R
8077,0x100021000,0x4001fc,R
8078,0x10000b000,0x400034,R
8079,0x100014000,0x40016c,W
8080,0x100118000,0x40014c,R
8081,0x1001a8000,0x400074,R
8082,0x100180000,0x4000c0,R
8083,0x10001e000,0x4000ac,R
8084,0x100010000,0x40014c,R
8085,0x100004000,0x4001e8,W
8086,0x10001d000,0x4000e0,R
8087,0x100019000,0x400070,W
8088,0x100002000,0x4001d0,W
8089,0x10002e000,0x40016c,R
8090,0x100034000,0x4000c0,R
8091,0x1001a0000,0x400094,W
8092,0x10001d000,0x400194,R
8093,0x100035000,0x4000b0,R
8094,0x1001dc000,0x400050,R
8095,0x10016a000,0x4001c4,R
8096,0x100033000,0x400118,R
8097,0x1000ec000,0x40017c,R
8098,0x100016000,0x400174,R
8099,0x100078000,0x400180,R
8100,0x100000000,0x400054,W
8101,0x100008000,0x400120,W
8102,0x100154000,0x400088,W
8103,0x1001c5000,0x400194,R
8104,0x100012000,0x4001d4,W
8105,0x10002f000,0x400074,R
8106,0x100010000,0x4000a4,W
8107,0x10002d000,0x400060,R
8108,0x10002c000,0x400124,R
8109,0x100000000,0x4001c4,W
8110,0x10019f000,0x40013c,R
8111,0x10003c000,0x400158,R
8112,0x10013b000,0x400098,R
8113,0x100012000,0x400178,R
8114,0x100032000,0x4001b4,R
8115,0x10000c000,0x400178,W
8116,0x100020000,0x400044,R
8117,0x10002c000,0x4001a0,W
8118,0x100178000,0x4000d8,R
8119,0x10001d000,0x40006c,R
8120,0x10000a000,0x400164,W
8121,0x1000d5000,0x400164,R
8122,0x100011000,0x400130,R
8123,0x1001d0000,0x400188,R
8124,0x100004000,0x400098,W
8125,0x100015000,0x4001b8,R
8126,0x100195000,0x400078,R
8127,0x10001a000,0x400158,R
8128,0x100014000,0x40010c,R
8129,0x100021000,0x40018c,R
8130,0x100011000,0x400028,R
8131,0x10001e000,0x400040,R
8132,0x10003a000,0x4000a8,R
8133,0x10013b000,0x40015c,R
8134,0x10000b000,0x400024,W
8135,0x100029000,0x400028,W
8136,0x100019000,0x4001b4,R
8137,0x100019000,0x40018c,R
8138,0x100021000,0x40019c,R
8139,0x100185000,0x400188,R
8140,0x1001ba000,0x4001b8,R
8141,0x100025000,0x4000e4,W
8142,0x100005000,0x400168,W
8143,0x10001b000,0x4001d4,W
8144,0x100008000,0x400024,R
8145,0x1001d6000,0x4000a8,R
8146,0x1000c5000,0x400154,W
8147,0x100021000,0x400118,R
8148,0x100152000,0x4001c0,W
8149,0x100013000,0x400084,R
8150,0x10003d000,0x400024,R
8151,0x100019000,0x4001b0,R
8152,0x10002a000,0x400114,R
8153,0x1000c8000,0x400074,R
8154,0x10001d000,0x40014c,R
8155,0x100010000,0x40018c,R
8156,0x100002000,0x40003c,W
8157,0x100183000,0x4001f0,R
8158,0x10001a000,0x4000b4,R
8159,0x100034000,0x4001b0,R
8160,0x10002c000,0x4001ec,W
8161,0x100002000,0x40018c,W
8162,0x10012c000,0x400178,R
8163,0x100019000,0x400160,R
8164,0x1001d2000,0x4001fc,R
8165,0x10009b000,0x4000d0,R
8166,0x100094000,0x4000e0,R
8167,0x10013d000,0x400020,R
8168,0x100153000,0x400168,R
8169,0x100032000,0x4000f8,R
8170,0x100023000,0x4000ec,R
8171,0x10000a000,0x4001b8,R
8172,0x100024000,0x40018c,R
8173,0x10003d000,0x4001cc,W
8174,0x100162000,0x4001c8,R
8175,0x100015000,0x400038,R
8176,0x10002a000,0x400124,R
8177,0x100025000,0x400140,R
8178,0x10002e000,0x400160,W
8179,0x10002a000,0x40019c,R
8180,0x100013000,0x4000f0,R
8181,0x10000d000,0x400074,W
8182,0x10010e000,0x40001c,R
8183,0x10015b000,0x4000a4,R
8184,0x100023000,0x40011c,W
8185,0x100023000,0x400068,R
8186,0x100036000,0x400094,W
8187,0x100020000,0x4000b8,W
8188,0x100026000,0x400134,R
8189,0x10002c000,0x400048,R
8190,0x100025000,0x4000f4,R
8191,0x100000000,0x4001e0,R
8192,0x100113000,0x400064,R
8193,0x100027000,0x4000b4,R
8194,0x100021000,0x40017c,R
8195,0x100006000,0x40001c,W
8196,0x10001c000,0x400044,W
8197,0x10002f000,0x400058,W
8198,0x100033000,0x4001c8,R
8199,0x100021000,0x400060,R
8200,0x100015000,0x400160,W
8201,0x100009000,0x400138,R
8202,0x10001c000,0x4001c0,W
8203,0x100025000,0x4001e4,R
8204,0x10002e000,0x400124,R
8205,0x100030000,0x400018,R
8206,0x100027000,0x400058,R
8207,0x100016000,0x4001b4,R
8208,0x10010c000,0x4000f8,R
8209,0x100019000,0x40001c,R
8210,0x100027000,0x40014c,R
8211,0x100037000,0x400068,R
8212,0x100032000,0x400078,R
8213,0x1001dc000,0x40018c,R
8214,0x100016000,0x400038,R
8215,0x10000c000,0x400180,W
8216,0x1000ab000,0x40000c,R
8217,0x10001c000,0x400088,R
8218,0x100013000,0x400088,W
8219,0x1000de000,0x400120,R
8220,0x100198000,0x40013c,R
8221,0x100013000,0x400150,R
8222,0x10001f000,0x4000c0,W
8223,0x10002e000,0x40005c,R
8224,0x100003000,0x400134,W
8225,0x10000a000,0x40014c,W
8226,0x100184000,0x40012c,R
8227,0x100091000,0x40014c,R
8228,0x100047000,0x400090,R
8229,0x10003f000,0x400108,R
8230,0x10001f000,0x4001a8,R
8231,0x100128000,0x400070,R
8232,0x100006000,0x400064,R
8233,0x100031000,0x400048,R
8234,0x10018f000,0x400080,R
8235,0x100038000,0x4001a4,R
8236,0x1000ce000,0x400044,R
8237,0x100022000,0x400160,R
8238,0x10002d000,0x400150,R
8239,0x100000000,0x40010c,W
8240,0x100039000,0x4001ac,R
8241,0x10001e000,0x4000b4,W
8242,0x100020000,0x40000c,R
8243,0x100031000,0x40001c,W
8244,0x100014000,0x4000b8,R
8245,0x1001f8000,0x4001f0,R
8246,0x100011000,0x400104,R
8247,0x100000000,0x40018c,W
8248,0x100018000,0x4000b4,R
8249,0x1000dd000,0x400124,R
8250,0x100090000,0x4000f4,R
8251,0x1001fd000,0x400028,R
8252,0x100029000,0x40012c,W
8253,0x1001af000,0x4000a4,R
8254,0x1001ac000,0x400024,R
8255,0x100019000,0x4000b0,R
8256,0x100022000,0x4001dc,R
8257,0x100036000,0x4001a8,R
8258,0x100037000,0x400088,R
8259,0x10002c000,0x40005c,R
8260,0x100027000,0x4000e0,R
8261,0x10002f000,0x4000e0,R
8262,0x10003b000,0x400044,R
8263,0x10000a000,0x4000dc,R
8264,0x100003000,0x400034,W
8265,0x10001e000,0x4000b8,R
8266,0x100014000,0x40000c,W
8267,0x10000d000,0x40017c,R
8268,0x100104000,0x40008c,R
8269,0x100007000,0x4001a4,R
8270,0x100018000,0x400198,R
8271,0x1001d9000,0x40003c,R
8272,0x100153000,0x40001c,R
8273,0x100059000,0x40019c,R
8274,0x10000f000,0x400150,R
8275,0x100026000,0x400098,R
8276,0x100036000,0x40015c,R
8277,0x1000c3000,0x400050,R
8278,0x1000ae000,0x40013c,R
8279,0x100026000,0x400140,W
8280,0x10000b000,0x4000c0,W
8281,0x100141000,0x4000b4,R
8282,0x100022000,0x4000cc,R
8283,0x100000000,0x4001d0,R
8284,0x1001d7000,0x4000f4,R
8285,0x1001d0000,0x4001e0,R
8286,0x100015000,0x400198,R
8287,0x100159000,0x400190,W
8288,0x10012a000,0x4001fc,R
8289,0x100027000,0x400148,R
8290,0x100000000,0x400138,W
8291,0x10000b000,0x400034,R
8292,0x10001b000,0x4001bc,R
8293,0x100012000,0x4000c0,R
8294,0x100005000,0x400148,W
8295,0x10001f000,0x40001c,W
8296,0x1001d6000,0x4001cc,R
8297,0x100004000,0x40013c,W
8298,0x100027000,0x400188,R
8299,0x100015000,0x4001b4,R
8300,0x100036000,0x40007c,R
8301,0x10001e000,0x4000b8,R
8302,0x10000c000,0x400110,W
8303,0x1001dc000,0x4000f0,R
8304,0x10014e000,0x4001d4,R
8305,0x10002a000,0x4001b4,R
8306,0x10000b000,0x4001e8,W
8307,0x1000f0000,0x400168,R
8308,0x10003d000,0x4001c8,R
8309,0x10002f000,0x400080,W
8310,0x100163000,0x400164,R
8311,0x1000ef000,0x4000c0,R
8312,0x10000c000,0x4001bc,W
8313,0x10001d000,0x4000b4,W
8314,0x100034000,0x4001ac,R
8315,0x100034000,0x4000d0,R
8316,0x100034000,0x40012c,R
8317,0x100014000,0x4001a0,R
8318,0x100019000,0x400004,W
8319,0x100022000,0x400050,R
8320,0x10000f000,0x400138,R
8321,0x100021000,0x40011c,R
8322,0x100013000,0x400150,R
8323,0x100034000,0x400068,R
8324,0x10003f000,0x4000a4,R
8325,0x100038000,0x4000ec,R
8326,0x10000f000,0x4001a4,W
8327,0x10002e000,0x4000e4,R
8328,0x100006000,0x4000c0,R
8329,0x100034000,0x4000ac,R
8330,0x100175000,0x4001e0,R
8331,0x10003c000,0x40017c,W
8332,0x100032000,0x4001a8,W
8333,0x100037000,0x400070,W
8334,0x10007d000,0x4001c4,R
8335,0x10002d000,0x400100,R
8336,0x100005000,0x4001d0,R
8337,0x10007f000,0x400188,R
8338,0x1001e7000,0x400134,W
8339,0x1000fc000,0x40004c,R
8340,0x100024000,0x4001b8,R
8341,0x100027000,0x400024,R
8342,0x100051000,0x4000f8,W
8343,0x100036000,0x4001a0,W
8344,0x100141000,0x400080,W
8345,0x1000c5000,0x4001dc,R
8346,0x10003f000,0x400090,W
8347,0x10015b000,0x400140,R
8348,0x100002000,0x40010c,W
8349,0x10000a000,0x40002c,R
8350,0x100037000,0x40006c,R
8351,0x100041000,0x4000b4,R
8352,0x10002c000,0x4000f0,W
8353,0x10000a000,0x40017c,W
8354,0x10003f000,0x400038,R
8355,0x10002a000,0x40019c,R
8356,0x100022000,0x400130,R
8357,0x100039000,0x400074,R
8358,0x100028000,0x40015c,R
8359,0x100017000,0x400054,R
8360,0x10000d000,0x4000b8,W
8361,0x10002c000,0x4001e8,W
8362,0x10001a000,0x400018,R
8363,0x100017000,0x4001c0,R
8364,0x10001d000,0x40015c,R
8365,0x100002000,0x4001ec,W
8366,0x100085000,0x400130,R
8367,0x100022000,0x4001f8,R
8368,0x100025000,0x400108,R
8369,0x10003f000,0x400128,R
8370,0x10002e000,0x4001b8,R
8371,0x100002000,0x4001d8,W
8372,0x100014000,0x40013c,W
8373,0x100020000,0x400030,W
8374,0x10002d000,0x400008,R
8375,0x100077000,0x400040,R
8376,0x10001b000,0x4000d4,R
8377,0x100025000,0x400058,W
8378,0x100014000,0x40011c,R
8379,0x100010000,0x400140,R
8380,0x10000e000,0x40007c,W
8381,0x100001000,0x400120,W
8382,0x100182000,0x400160,R
8383,0x100012000,0x400148,W
8384,0x10001f000,0x4000d0,W
8385,0x100029000,0x4000cc,R
8386,0x100039000,0x400034,R
8387,0x100016000,0x4000b4,W
8388,0x10001f000,0x400040,R
8389,0x100012000,0x4000a4,W
8390,0x10001f000,0x400040,W
8391,0x10013e000,0x4001f8,R
8392,0x100005000,0x4001c4,W
8393,0x100030000,0x400178,W
8394,0x100001000,0x4001cc,R
8395,0x10002e000,0x40017c,R
8396,0x10001c000,0x4001ec,R
8397,0x100193000,0x400114,R
8398,0x1001e7000,0x4001e8,R
8399,0x100010000,0x4000b8,R
8400,0x100157000,0x4000b4,R
8401,0x100196000,0x4001b0,R
8402,0x10014e000,0x4001c8,R
8403,0x100016000,0x400080,R
8404,0x100049000,0x4001e0,R
8405,0x1001b1000,0x400058,R
8406,0x10002c000,0x40001c,R
8407,0x1001af000,0x4000d8,R
8408,0x1001ce000,0x400070,W
8409,0x100044000,0x400098,R
8410,0x10001d000,0x400130,R
8411,0x100009000,0x400120,W
8412,0x10003e000,0x4000b4,W
8413,0x100027000,0x4001f8,R
8414,0x1001fd000,0x400190,R
8415,0x100027000,0x400138,R
8416,0x100023000,0x4000ec,R
8417,0x10000d000,0x4001f0,W
8418,0x10003a000,0x400020,R
8419,0x100116000,0x400084,W
8420,0x10019a000,0x40009c,R
8421,0x100037000,0x400000,W
8422,0x100007000,0x400110,W
8423,0x10002e000,0x400050,R
8424,0x10001f000,0x40019c,W
8425,0x100165000,0x4001ec,R
8426,0x10002e000,0x40014c,R
8427,0x10001c000,0x4001a4,R
8428,0x10000d000,0x400080,W
8429,0x100142000,0x4000dc,R
8430,0x100000000,0x400198,R
8431,0x100019000,0x400088,R
8432,0x100022000,0x400074,W
8433,0x100027000,0x4000e8,R
8434,0x100023000,0x4000ec,R
8435,0x1001d6000,0x400030,R
8436,0x100027000,0x4001c8,R
8437,0x10001c000,0x4001fc,R
8438,0x100081000,0x400170,R
8439,0x100032000,0x4000b0,W
8440,0x1001f9000,0x400164,R
8441,0x10001b000,0x4000b4,W
8442,0x10000b000,0x4001d4,W
8443,0x100193000,0x4000e4,R
8444,0x100024000,0x40010c,R
8445,0x100037000,0x400188,W
8446,0x10015a000,0x4000ec,R
8447,0x100174000,0x400110,R
8448,0x10001d000,0x4001f4,R
8449,0x1001c0000,0x4001b0,R
8450,0x10007a000,0x400080,R
8451,0x100018000,0x4000c4,R
8452,0x100039000,0x400140,R
8453,0x1001a0000,0x400104,W
8454,0x10001b000,0x400064,W
8455,0x1001d8000,0x40013c,R
8456,0x100032000,0x400198,R
8457,0x100000000,0x40004c,W
8458,0x100028000,0x400094,W
8459,0x10001d000,0x4000a4,R
8460,0x10000b000,0x4001cc,W
8461,0x10002a000,0x400110,R
8462,0x10002f000,0x400088,R
8463,0x100023000,0x40017c,W
8464,0x100003000,0x400090,W
8465,0x100001000,0x400168,R
8466,0x100001000,0x400148,W
8467,0x100154000,0x4000b8,R
8468,0x100018000,0x400098,R
8469,0x1001af000,0x400104,R
8470,0x100030000,0x400128,R
8471,0x1000fd000,0x4001d8,W
8472,0x100001000,0x400154,R
8473,0x100018000,0x400174,R
8474,0x100002000,0x40006c,W
8475,0x100035000,0x4001dc,R
8476,0x100017000,0x4001b4,R
8477,0x1001d5000,0x4000c4,W
8478,0x10001f000,0x40005c,R
8479,0x1001f9000,0x400110,R
8480,0x100004000,0x400060,W
8481,0x10003d000,0x400044,R
8482,0x10005e000,0x400164,R
8483,0x1000b5000,0x4000ac,R
8484,0x100037000,0x4000fc,R
8485,0x1001c1000,0x400064,W
8486,0x100098000,0x400048,W
8487,0x100021000,0x400078,R
8488,0x100195000,0x400130,R
8489,0x10000b000,0x4000a0,W
8490,0x10001b000,0x4001d0,R
8491,0x100003000,0x4001b4,W
8492,0x100038000,0x4001d0,R
8493,0x100004000,0x400150,R
8494,0x100009000,0x400080,W
8495,0x10000a000,0x400088,W
8496,0x1000bc000,0x4001cc,R
8497,0x10001d000,0x400054,R
8498,0x100032000,0x40018c,W
8499,0x100037000,0x400170,R
8500,0x10001c000,0x400084,R
8501,0x1000e2000,0x4000f4,R
8502,0x100012000,0x4001f8,R
8503,0x100012000,0x400118,R
8504,0x100036000,0x400150,R
8505,0x10003e000,0x400034,W
8506,0x100033000,0x4001c8,R
8507,0x100034000,0x400180,R
8508,0x10001a000,0x4000e8,R
8509,0x100005000,0x400114,W
8510,0x100092000,0x40011c,W
8511,0x10002c000,0x4001fc,R
8512,0x100174000,0x400118,R
8513,0x100191000,0x40006c,R
8514,0x10019f000,0x40016c,R
8515,0x100012000,0x400134,R
8516,0x100036000,0x400104,R
8517,0x1001e1000,0x4001e0,R
8518,0x1000bc000,0x40004c,R
8519,0x100030000,0x4001c8,R
8520,0x100031000,0x400070,R
8521,0x100027000,0x400000,R
8522,0x10001c000,0x400000,R
8523,0x10001b000,0x40006c,R
8524,0x10003e000,0x4001f0,R
8525,0x10003b000,0x4001bc,R
8526,0x100036000,0x4001dc,W
8527,0x100034000,0x4000e0,R
8528,0x100086000,0x400044,R
8529,0x100023000,0x4001b0,R
8530,0x1001b4000,0x4001a4,R
8531,0x100006000,0x4000f0,R
8532,0x100012000,0x400180,R
8533,0x100003000,0x400194,R
8534,0x10002f000,0x4000bc,W
8535,0x100018000,0x4001d8,R
8536,0x100055000,0x400190,R
8537,0x100017000,0x400144,R
8538,0x100029000,0x400010,R
8539,0x1000e7000,0x4001f0,R
8540,0x100001000,0x400184,W
8541,0x100033000,0x400060,R
8542,0x10001f000,0x400020,R
8543,0x100016000,0x4001dc,W
8544,0x10001c000,0x400150,R
8545,0x100078000,0x400024,R
8546,0x1000ce000,0x400018,R
8547,0x10000f000,0x400038,W
8548,0x100029000,0x400144,R
8549,0x100037000,0x400158,R
8550,0x100013000,0x400114,R
8551,0x100019000,0x400140,R
8552,0x100034000,0x4001b4,W
8553,0x100018000,0x400080,R
8554,0x10002e000,0x400040,R
8555,0x100014000,0x4001ac,R
8556,0x100039000,0x4001c4,W
8557,0x10000d000,0x4000f4,W
8558,0x1001c2000,0x400168,R
8559,0x100169000,0x4000f0,R
8560,0x100188000,0x40003c,R
8561,0x100017000,0x400108,R
8562,0x100024000,0x4001bc,R
8563,0x100102000,0x400194,R
8564,0x100116000,0x4001f4,R
8565,0x100011000,0x4001dc,R
8566,0x100036000,0x4000f4,R
8567,0x100198000,0x400140,R
8568,0x10003d000,0x400024,R
8569,0x100036000,0x400108,W
8570,0x100018000,0x4001c4,R
8571,0x100149000,0x400028,R
8572,0x100034000,0x400164,W
8573,0x100005000,0x400190,W
8574,0x10001a000,0x400024,R
8575,0x100038000,0x4001b0,R
8576,0x10001e000,0x4000d4,R
8577,0x10002b000,0x400140,R
8578,0x100072000,0x4001e4,R
8579,0x100020000,0x40016c,W
8580,0x100039000,0x400134,W
8581,0x10001c000,0x400090,R
8582,0x100037000,0x400084,R
8583,0x10002c000,0x40019c,R
8584,0x100149000,0x4001c8,R
8585,0x10003b000,0x4001cc,R
8586,0x100015000,0x400008,R
8587,0x10001b000,0x40018c,R
8588,0x100016000,0x400198,R
8589,0x100007000,0x4000a0,W
8590,0x100033000,0x400034,R
8591,0x10019d000,0x40002c,R
8592,0x10001e000,0x40001c,R
8593,0x100017000,0x400024,R
8594,0x1000d1000,0x400004,W
8595,0x100023000,0x40006c,R
8596,0x100019000,0x400070,R
8597,0x1001ee000,0x400184,W
8598,0x1000ac000,0x40017c,W
8599,0x100007000,0x4001cc,W
8600,0x1001ea000,0x4001f8,R
8601,0x10002d000,0x400110,R
8602,0x10000c000,0x400104,W
8603,0x10003a000,0x4001f4,R
8604,0x10002c000,0x400038,R
8605,0x10000f000,0x400000,W
8606,0x100004000,0x400094,W
8607,0x100018000,0x40018c,R
8608,0x100029000,0x40014c,R
8609,0x100011000,0x400094,R
8610,0x100034000,0x4000b4,R
8611,0x10000d000,0x4000cc,R
8612,0x100010000,0x4001a4,W
8613,0x100069000,0x400054,R
8614,0x10001b000,0x40010c,R
8615,0x10002d000,0x4000e8,R
8616,0x100031000,0x4000d0,W
8617,0x100145000,0x4000d0,R
8618,0x100037000,0x4001e0,R
8619,0x10001b000,0x400128,R
8620,0x10003d000,0x400144,R
8621,0x1001b2000,0x4000e8,R
8622,0x1000e8000,0x4000c0,R
8623,0x1001e3000,0x4001c8,R
8624,0x100199000,0x400128,R
8625,0x100015000,0x400194,R
8626,0x1000e1000,0x400154,R
8627,0x100033000,0x4001dc,R
8628,0x10003b000,0x4001f4,R
8629,0x1000d7000,0x40011c,R
8630,0x100011000,0x4000fc,W
8631,0x100030000,0x400194,R
8632,0x10000d000,0x400098,W
8633,0x1001d4000,0x4001e0,R
8634,0x10000c000,0x4001c0,W
8635,0x1001d7000,0x400198,R
8636,0x10003b000,0x400124,R
8637,0x10000e000,0x400028,W
8638,0x10001e000,0x400150,W
8639,0x100015000,0x400088,W
8640,0x100014000,0x400014,R
8641,0x10003e000,0x400194,R
8642,0x100025000,0x400060,R
8643,0x10003d000,0x400038,W
8644,0x100030000,0x40014c,R
8645,0x1001bf000,0x4000b4,R
8646,0x100017000,0x40009c,R
8647,0x100022000,0x4001e0,R
8648,0x10003c000,0x4001cc,R
8649,0x100022000,0x4001c4,R
8650,0x1000ae000,0x400110,R
8651,0x10018a000,0x40016c,R
8652,0x10002a000,0x400098,W
8653,0x100097000,0x400134,W
8654,0x100035000,0x400014,R
8655,0x100031000,0x4000ec,W
8656,0x100016000,0x400064,W
8657,0x100159000,0x4000c4,W
8658,0x1001bd000,0x400038,R
8659,0x100005000,0x400054,W
8660,0x100024000,0x400158,W
8661,0x10004c000,0x400028,R
8662,0x100008000,0x400184,W
8663,0x100010000,0x40004c,R
8664,0x10012e000,0x400158,W
8665,0x100038000,0x4000b8,R
8666,0x100020000,0x400138,R
8667,0x100006000,0x4000b8,W
8668,0x100035000,0x4001a4,R
8669,0x1001d2000,0x400160,R
8670,0x100007000,0x4001e8,W
8671,0x10003d000,0x400028,W
8672,0x100029000,0x4001b0,R
8673,0x100178000,0x4000d8,R
8674,0x1001c4000,0x400048,R
8675,0x100030000,0x400198,R
8676,0x10003d000,0x400020,R
8677,0x10000e000,0x400184,W
8678,0x10003a000,0x4001c8,R
8679,0x100195000,0x400190,W
8680,0x100011000,0x4000f0,W
8681,0x10001a000,0x4001fc,R
8682,0x100032000,0x40010c,R
8683,0x100001000,0x40005c,R
8684,0x10003b000,0x400028,W
8685,0x100017000,0x400044,R
8686,0x100186000,0x400140,W
8687,0x10003e000,0x4001dc,R
8688,0x10001c000,0x4001c4,R
8689,0x100060000,0x400054,R
8690,0x100014000,0x4000a4,W
8691,0x100032000,0x40004c,R
8692,0x10018e000,0x4000b4,R
8693,0x10009b000,0x40001c,R
8694,0x100019000,0x400118,R
8695,0x100027000,0x400064,R
8696,0x1000d6000,0x400178,R
8697,0x10001b000,0x4001a4,R
8698,0x10000a000,0x400158,W
8699,0x1000f5000,0x40003c,R
8700,0x100039000,0x400014,R
8701,0x10003b000,0x400188,R
8702,0x1001a2000,0x40001c,R
8703,0x10002e000,0x400170,R
8704,0x100011000,0x400194,R
8705,0x100022000,0x4001c0,R
8706,0x10000c000,0x40019c,W
8707,0x100026000,0x4001b8,R
8708,0x100017000,0x4000ac,R
8709,0x1001e2000,0x400098,R
8710,0x10002f000,0x4001ac,R
8711,0x10002d000,0x400144,W
8712,0x10000d000,0x4001dc,R
8713,0x1001b4000,0x4000bc,W
8714,0x100018000,0x400108,R
8715,0x10002f000,0x400164,R
8716,0x100036000,0x40018c,W
8717,0x100092000,0x40006c,R
8718,0x1000ca000,0x400000,R
8719,0x100001000,0x4000d0,W
8720,0x100021000,0x400154,R
8721,0x100020000,0x40004c,R
8722,0x100026000,0x400168,W
8723,0x100022000,0x400188,R
8724,0x10002c000,0x400134,R
8725,0x10002b000,0x400164,R
8726,0x10013e000,0x400110,R
8727,0x100011000,0x40012c,R
8728,0x10003c000,0x400098,R
8729,0x100017000,0x400194,R
8730,0x100035000,0x40008c,W
8731,0x100010000,0x4001a0,R
8732,0x100021000,0x4001fc,R
8733,0x10003a000,0x4001fc,R
8734,0x10000f000,0x400134,W
8735,0x10016a000,0x400118,R
8736,0x10015b000,0x400024,R
8737,0x100006000,0x400190,W
8738,0x100016000,0x4000c4,R
8739,0x10004c000,0x4001c0,R
8740,0x10002f000,0x400020,R
8741,0x1000ba000,0x4001a4,R
8742,0x10003d000,0x400114,R
8743,0x100026000,0x400010,W
8744,0x100013000,0x400038,W
8745,0x100029000,0x4000f0,R
8746,0x10000e000,0x400090,W
8747,0x10003d000,0x4000e0,R
8748,0x1001a2000,0x400144,R
8749,0x10003f000,0x4000a0,R
8750,0x10002a000,0x400048,R
8751,0x10019a000,0x4001f8,R
8752,0x100000000,0x4000ec,W
8753,0x100000000,0x4001a0,W
8754,0x100019000,0x4001bc,W
8755,0x100019000,0x400130,R
8756,0x10000e000,0x400190,W
8757,0x100016000,0x400064,R
8758,0x1001ee000,0x400190,W
8759,0x1000cd000,0x4001f0,R
8760,0x1001d8000,0x400174,R
8761,0x10000e000,0x4001d0,W
8762,0x100007000,0x400114,R
8763,0x10002f000,0x4001ec,R
8764,0x100144000,0x4001fc,W
8765,0x100042000,0x4000f0,R
8766,0x10001a000,0x4001c0,R
8767,0x100029000,0x4000e0,R
8768,0x100014000,0x400060,R
8769,0x10000d000,0x4001a0,R
8770,0x1000d3000,0x400144,R
8771,0x100006000,0x40007c,W
8772,0x100003000,0x4000d0,W
8773,0x100124000,0x400094,R
8774,0x100117000,0x4000d8,W
8775,0x100036000,0x400004,R
8776,0x100131000,0x400140,R
8777,0x100006000,0x4000c0,R
8778,0x100128000,0x400098,R
8779,0x10003a000,0x40007c,R
8780,0x10001b000,0x4001bc,R
8781,0x100038000,0x400010,R
8782,0x10019c000,0x40003c,R
8783,0x10011f000,0x400010,R
8784,0x100066000,0x400034,R
8785,0x10009a000,0x400084,R
8786,0x1001e9000,0x400044,R
8787,0x1001e6000,0x4000a8,R
8788,0x10003d000,0x4000d8,R
8789,0x10001b000,0x4000d8,R
8790,0x100176000,0x4000cc,R
8791,0x10010f000,0x400168,W
8792,0x10010a000,0x400104,R
8793,0x100011000,0x4001d0,R
8794,0x10002a000,0x400110,W
8795,0x100008000,0x4000f8,W
8796,0x100009000,0x4000a0,W
8797,0x1000b3000,0x400008,R
8798,0x1000e5000,0x400038,R
8799,0x10018d000,0x400098,R
8800,0x10002e000,0x4000a4,R
8801,0x100033000,0x400068,R
8802,0x1001e0000,0x400030,R
8803,0x100039000,0x400088,R
8804,0x10002e000,0x4001ec,R
8805,0x10002d000,0x40017c,W
8806,0x1001b3000,0x400080,R
8807,0x100012000,0x4001e8,R
8808,0x10010d000,0x40014c,R
8809,0x100023000,0x400010,R
8810,0x1000dc000,0x400198,R
8811,0x10001b000,0x40010c,W
8812,0x10000a000,0x400020,R
8813,0x100012000,0x4000e0,R
8814,0x10000a000,0x400180,W
8815,0x10000d000,0x400074,R
8816,0x100018000,0x400010,W
8817,0x100003000,0x4001c0,W
8818,0x10003d000,0x400128,R
8819,0x1001ed000,0x4000f0,R
8820,0x100085000,0x40011c,W
8821,0x100015000,0x400198,R
8822,0x100158000,0x4000c0,R
8823,0x100021000,0x4000c0,R
8824,0x100027000,0x400158,W
8825,0x100170000,0x400118,R
8826,0x10003e000,0x400014,R
8827,0x100038000,0x400084,W
8828,0x100015000,0x4000f8,R
8829,0x100021000,0x400174,R
8830,0x10000e000,0x400194,W
8831,0x10003a000,0x40006c,R
8832,0x10016e000,0x40019c,R
8833,0x1001b4000,0x400148,R
8834,0x1001a9000,0x400074,R
8835,0x10012b000,0x4001e4,R
8836,0x100033000,0x400028,R
8837,0x10011a000,0x400174,R
8838,0x100031000,0x4001e8,R
8839,0x1000b2000,0x400124,R
8840,0x10001b000,0x40018c,R
8841,0x10001d000,0x4001f0,R
8842,0x1001eb000,0x4000e0,R
8843,0x100014000,0x4000d0,R
8844,0x10000a000,0x4001c8,R
8845,0x100006000,0x4001b4,R
8846,0x10002f000,0x400050,R
8847,0x100024000,0x400164,W
8848,0x10006d000,0x400174,R
8849,0x100022000,0x40015c,R
8850,0x10002b000,0x4000f8,R
8851,0x100034000,0x400114,R
8852,0x100094000,0x4001d8,R
8853,0x100035000,0x400024,W
8854,0x100009000,0x400180,R
8855,0x100021000,0x400058,R
8856,0x1001ba000,0x40008c,R
8857,0x1000d9000,0x40006c,R
8858,0x100092000,0x400018,W
8859,0x100039000,0x4000a0,W
8860,0x100023000,0x400074,R
8861,0x100157000,0x4000e4,R
8862,0x10003b000,0x4000f0,R
8863,0x10001c000,0x4001dc,R
8864,0x100123000,0x4001ac,W
8865,0x100026000,0x400198,W
8866,0x100054000,0x40007c,R
8867,0x100136000,0x4001d8,W
8868,0x100065000,0x400004,R
8869,0x1001c9000,0x400124,R
8870,0x100016000,0x400128,R
8871,0x10001b000,0x4000a0,R
8872,0x1000a8000,0x4000e8,R
8873,0x10003a000,0x40000c,R
8874,0x100188000,0x4001e4,R
8875,0x10003b000,0x400020,R
8876,0x100057000,0x40005c,R
8877,0x100001000,0x40012c,R
8878,0x100010000,0x4001d4,R
8879,0x100019000,0x400048,R
8880,0x100024000,0x400034,W
8881,0x100015000,0x400074,R
8882,0x10014b000,0x4001e0,R
8883,0x10001d000,0x4000d8,R
8884,0x100032000,0x400198,W
8885,0x10017a000,0x4001f0,R
8886,0x1000cb000,0x400168,R
8887,0x100003000,0x400154,W
8888,0x100003000,0x40017c,W
8889,0x100002000,0x400100,R
8890,0x10001d000,0x4001f0,W
8891,0x100037000,0x4000a8,R
8892,0x100037000,0x40019c,R
8893,0x100031000,0x4000dc,R
8894,0x10002c000,0x400108,R
8895,0x10000f000,0x40009c,W
8896,0x10002d000,0x400020,R
8897,0x100031000,0x400164,R
8898,0x100020000,0x4000bc,R
8899,0x100037000,0x400120,R
8900,0x10003c000,0x400088,R
8901,0x10001e000,0x400044,R
8902,0x10002f000,0x400168,R
8903,0x10001e000,0x400178,W
8904,0x100002000,0x400138,W
8905,0x1001a9000,0x400034,R
8906,0x100015000,0x400074,R
8907,0x100008000,0x40015c,W
8908,0x100039000,0x4001ac,R
8909,0x10012a000,0x4000b8,R
8910,0x10007e000,0x400030,R
8911,0x10003a000,0x40010c,R
8912,0x100197000,0x4001ec,R
8913,0x10001f000,0x400180,R
8914,0x100026000,0x4000ec,R
8915,0x10000e000,0x4001d0,W
8916,0x100001000,0x40013c,W
8917,0x10000d000,0x40018c,W
8918,0x100003000,0x400004,R
8919,0x1001fb000,0x4001f8,R
8920,0x10000b000,0x40007c,W
8921,0x10017d000,0x400138,R
8922,0x1000f1000,0x40015c,R
8923,0x100000000,0x40012c,W
8924,0x100022000,0x40010c,R
8925,0x10001d000,0x4000d4,R
8926,0x100003000,0x4000bc,W
8927,0x10002b000,0x4001a8,R
8928,0x10003e000,0x4001b4,R
8929,0x100032000,0x400150,R
8930,0x100076000,0x4001ac,R
8931,0x100024000,0x4000ac,W
8932,0x100024000,0x400088,R
8933,0x10002d000,0x4001d0,W
8934,0x10002a000,0x400024,R
8935,0x100002000,0x4001f4,W
8936,0x10002e000,0x4000c4,R
8937,0x1001bd000,0x4000e0,R
8938,0x100005000,0x400184,W
8939,0x10001a000,0x400164,W
8940,0x10003a000,0x40016c,W
8941,0x100037000,0x4001e0,R
8942,0x100086000,0x400014,R
8943,0x100002000,0x400124,R
8944,0x10000a000,0x4001d4,W
8945,0x10000e000,0x400068,W
8946,0x100054000,0x40002c,R
8947,0x10001a000,0x4001d4,R
8948,0x100159000,0x4001f4,R
8949,0x100016000,0x400044,R
8950,0x10002b000,0x4001ec,R
8951,0x1001e4000,0x4001d8,R
8952,0x100013000,0x400110,R
8953,0x10002f000,0x400180,R
8954,0x10002b000,0x40018c,R
8955,0x10002b000,0x4001a0,R
8956,0x100035000,0x4000b0,R
8957,0x100026000,0x4000f8,R
8958,0x100054000,0x4001c4,R
8959,0x100017000,0x4001ac,W
8960,0x10002b000,0x40016c,R
8961,0x100018000,0x4000e0,R
8962,0x10001a000,0x400130,R
8963,0x100017000,0x400180,R
8964,0x1001f2000,0x400100,W
8965,0x10001c000,0x4000e0,R
8966,0x100001000,0x400088,W
8967,0x10001c000,0x400014,W
8968,0x100080000,0x400138,R
8969,0x10001d000,0x4000f4,W
8970,0x100019000,0x4000ec,R
8971,0x100022000,0x4000f8,W
8972,0x10001f000,0x400114,R
8973,0x100149000,0x4001b4,W
8974,0x10002e000,0x400194,R
8975,0x100031000,0x4001fc,R
8976,0x100012000,0x4000a4,R
8977,0x10008f000,0x4000e0,W
8978,0x100026000,0x4001bc,R
8979,0x10002a000,0x4000e0,R
8980,0x100000000,0x40009c,W
8981,0x10001c000,0x4001a0,R
8982,0x10002e000,0x4000b0,R
8983,0x100004000,0x4001d0,W
8984,0x100004000,0x4000c8,W
8985,0x1001c5000,0x400008,R
8986,0x100019000,0x4001b0,R
8987,0x100004000,0x400164,W
8988,0x1001a1000,0x4001b4,R
8989,0x100012000,0x4001c0,R
8990,0x1001ef000,0x400094,R
8991,0x100014000,0x4001a8,R
8992,0x10001c000,0x4000ec,W
8993,0x10002b000,0x400094,R
8994,0x100018000,0x4000cc,R
8995,0x1001d9000,0x4001a8,R
8996,0x100035000,0x4001e8,R
8997,0x100016000,0x4000b4,R
8998,0x10003c000,0x4001e0,R
8999,0x100034000,0x400134,R
9000,0x100022000,0x4000dc,R
9001,0x1000ac000,0x4000d0,R
9002,0x100038000,0x400050,R
9003,0x10003b000,0x4000a4,R
9004,0x10000b000,0x400110,W
9005,0x100020000,0x400164,R
9006,0x10003c000,0x40017c,R
9007,0x10001b000,0x400194,R
9008,0x100021000,0x4000e0,R
9009,0x100009000,0x400018,W
9010,0x10000a000,0x400088,W
9011,0x100023000,0x4000fc,R
9012,0x100015000,0x4001fc,R
9013,0x100037000,0x400134,R
9014,0x100088000,0x400198,R
9015,0x100127000,0x4001c4,R
9016,0x1000c5000,0x400018,R
9017,0x10003d000,0x400110,R
9018,0x100002000,0x40013c,W
9019,0x100014000,0x400054,R
9020,0x100009000,0x40011c,R
9021,0x10003b000,0x400060,R
9022,0x100029000,0x4000f8,W
9023,0x100006000,0x400160,R
9024,0x100034000,0x4001f4,R
9025,0x100093000,0x400130,R
9026,0x100084000,0x4000fc,R
9027,0x10001f000,0x40016c,R
9028,0x100006000,0x4001f0,W
9029,0x10003d000,0x400160,R
9030,0x10013a000,0x400170,R
9031,0x100031000,0x40012c,R
9032,0x10018e000,0x400134,W
9033,0x10002a000,0x400198,R
9034,0x1000ff000,0x40017c,R
9035,0x100172000,0x400130,R
9036,0x100042000,0x4000bc,W
9037,0x1001ca000,0x40000c,R
9038,0x100010000,0x40006c,R
9039,0x10003f000,0x4000ec,R
9040,0x100036000,0x4001fc,R
9041,0x10002e000,0x4001b0,W
9042,0x1001ac000,0x4001d8,R
9043,0x100039000,0x400034,W
9044,0x100011000,0x4001a8,R
9045,0x100023000,0x400178,R
9046,0x100021000,0x400050,R
9047,0x100016000,0x400024,R
9048,0x1001f4000,0x4001ac,R
9049,0x100030000,0x4001a8,R
9050,0x10003e000,0x4000c8,R
9051,0x1001b8000,0x4000a0,W
9052,0x10001f000,0x400020,W
9053,0x100010000,0x40001c,R
9054,0x100038000,0x400144,R
9055,0x100014000,0x4001fc,R
9056,0x100022000,0x400070,R
9057,0x100006000,0x400018,W
9058,0x100020000,0x4001bc,R
9059,0x10002b000,0x400048,R
9060,0x10012f000,0x400194,R
9061,0x100019000,0x4001dc,W
9062,0x10001a000,0x400040,R
9063,0x100037000,0x4001d8,W
9064,0x100014000,0x400070,R
9065,0x10002d000,0x4000c4,R
9066,0x10000b000,0x4001d0,W
9067,0x10012f000,0x4000e8,R
9068,0x100026000,0x4000f0,W
9069,0x10002a000,0x4000d4,R
9070,0x100013000,0x400044,W
9071,0x10012c000,0x400138,R
9072,0x100027000,0x400170,R
9073,0x100017000,0x4000cc,R
9074,0x100007000,0x400188,R
9075,0x100017000,0x4000e4,W
9076,0x100109000,0x4000b0,R
9077,0x100018000,0x400170,W
9078,0x100005000,0x400000,W
9079,0x100160000,0x400180,R
9080,0x100034000,0x400148,R
9081,0x1001ec000,0x4000b4,R
9082,0x100179000,0x4000cc,R
9083,0x100027000,0x400044,R
9084,0x100030000,0x4000b8,R
9085,0x10004a000,0x4000c4,R
9086,0x10000e000,0x400104,W
9087,0x10017a000,0x400144,R
9088,0x1001d3000,0x400118,W
9089,0x10003d000,0x400078,R
9090,0x1000f7000,0x400030,R
9091,0x10003e000,0x400064,R
9092,0x100028000,0x4001b8,R
9093,0x10003c000,0x4001b0,R
9094,0x10004d000,0x40011c,R
9095,0x1001ea000,0x400168,R
9096,0x100029000,0x4000c8,R
9097,0x100005000,0x4000b0,R
9098,0x100029000,0x4000a4,W
9099,0x100010000,0x400144,R
9100,0x1001a9000,0x400094,R
9101,0x100092000,0x400024,R
9102,0x100016000,0x40002c,R
9103,0x1001bb000,0x4001cc,R
9104,0x100001000,0x400164,R
9105,0x10019e000,0x4000a4,R
9106,0x10002e000,0x400164,R
9107,0x1001d5000,0x4001e8,R
9108,0x10003e000,0x400100,R
9109,0x100010000,0x4000d4,R
9110,0x100018000,0x40012c,R
9111,0x10001f000,0x400100,R
9112,0x100032000,0x40007c,R
9113,0x100028000,0x400070,R
9114,0x10001d000,0x4001cc,R
9115,0x100026000,0x4000b8,R
9116,0x1000af000,0x400110,R
9117,0x100029000,0x4000bc,R
9118,0x100021000,0x4001ec,R
9119,0x100014000,0x400024,R
9120,0x10000c000,0x400180,W
9121,0x100006000,0x4001ac,R
9122,0x10000a000,0x4000cc,R
9123,0x10003f000,0x400054,W
9124,0x100011000,0x4001e8,W
9125,0x100036000,0x400148,R
9126,0x10000c000,0x400028,R
9127,0x100000000,0x4000c4,W
9128,0x100000000,0x400150,W
9129,0x100020000,0x4000e8,R
9130,0x100155000,0x400114,R
9131,0x10000d000,0x400100,W
9132,0x100038000,0x40007c,R
9133,0x100023000,0x4001c8,R
9134,0x10016c000,0x40000c,R
9135,0x100011000,0x40007c,R
9136,0x100035000,0x4001a4,R
9137,0x100010000,0x40002c,R
9138,0x100036000,0x400080,R
9139,0x100036000,0x400144,R
9140,0x1000aa000,0x4001b0,R
9141,0x100016000,0x4000c8,R
9142,0x10001e000,0x4001f8,R
9143,0x100032000,0x400104,R
9144,0x10000e000,0x400034,W
9145,0x100031000,0x400188,R
9146,0x100017000,0x4001c4,W
9147,0x10013e000,0x400008,R
9148,0x1000ee000,0x4000ac,R
9149,0x10005e000,0x4001cc,R
9150,0x100012000,0x4001d8,R
9151,0x100005000,0x400088,W
9152,0x100024000,0x40007c,R
9153,0x1000c4000,0x4001f0,R
9154,0x1001db000,0x400074,R
9155,0x100015000,0x4000e8,R
9156,0x1001b3000,0x4001e4,R
9157,0x1000c5000,0x400174,R
9158,0x100030000,0x4000d8,W
9159,0x100061000,0x4000e0,R
9160,0x100012000,0x4001e4,R
9161,0x100015000,0x4001f4,R
9162,0x100028000,0x400010,R
9163,0x10016a000,0x40008c,W
9164,0x100198000,0x4000bc,R
9165,0x1001b1000,0x400190,R
9166,0x10002a000,0x400140,W
9167,0x10001a000,0x400124,W
9168,0x1000ec000,0x40011c,R
9169,0x100018000,0x4000b0,R
9170,0x10019b000,0x400124,R
9171,0x100008000,0x400080,W
9172,0x10002b000,0x40008c,R
9173,0x1000d6000,0x400068,R
9174,0x100030000,0x4000f8,R
9175,0x10003e000,0x4000d0,R
9176,0x100102000,0x400150,R
9177,0x100021000,0x400070,W
9178,0x10000e000,0x400038,R
9179,0x10003b000,0x400100,W
9180,0x100022000,0x400120,R
9181,0x100024000,0x4000ac,R
9182,0x100037000,0x400168,R
9183,0x100014000,0x400040,R
9184,0x100033000,0x4000b0,W
9185,0x100022000,0x4000c0,W
9186,0x100139000,0x40007c,W
9187,0x10016d000,0x4001a4,R
9188,0x1000e0000,0x400028,R
9189,0x100015000,0x400118,W
9190,0x100023000,0x400030,R
9191,0x100035000,0x400154,R
9192,0x1000f8000,0x4000d0,R
9193,0x1001aa000,0x4001ac,R
9194,0x100071000,0x400124,R
9195,0x10002a000,0x400034,R
9196,0x10001a000,0x400020,R
9197,0x10013b000,0x400128,R
9198,0x1001a7000,0x4001f4,R
9199,0x10002e000,0x40011c,R
9200,0x10003b000,0x4000c8,R
9201,0x100012000,0x4000e0,R
9202,0x100061000,0x4001c8,R
9203,0x1000fd000,0x4001a4,R
9204,0x100032000,0x400104,W
9205,0x1001eb000,0x400028,R
9206,0x10019e000,0x4001a4,R
9207,0x1001a0000,0x400164,R
9208,0x100033000,0x4000b0,R
9209,0x100002000,0x400028,W
9210,0x100024000,0x40000c,R
9211,0x10001d000,0x40003c,R
9212,0x1000d7000,0x400124,R
9213,0x100031000,0x40002c,R
9214,0x100027000,0x4001f0,R
9215,0x100005000,0x400014,W
9216,0x100018000,0x400090,R
9217,0x100009000,0x40011c,W
9218,0x10019e000,0x400090,R
9219,0x10005a000,0x400154,R
9220,0x100026000,0x400058,R
9221,0x100029000,0x400030,R
9222,0x1000bd000,0x4000d0,R
9223,0x100031000,0x40007c,W
9224,0x10000a000,0x40014c,W
9225,0x10000d000,0x4000d4,W
9226,0x100035000,0x400028,R
9227,0x1000c8000,0x4000e4,W
9228,0x100026000,0x4001e8,R
9229,0x100112000,0x400160,R
9230,0x10011e000,0x40004c,R
9231,0x10000b000,0x400124,W
9232,0x10003e000,0x4000a0,R
9233,0x100071000,0x40009c,W
9234,0x100031000,0x400150,R
9235,0x100036000,0x4001c0,R
9236,0x1000b2000,0x4001e0,R
9237,0x10001f000,0x4000c4,R
9238,0x100000000,0x4000bc,W
9239,0x100009000,0x400138,W
9240,0x1000fe000,0x4000c8,R
9241,0x1001d5000,0x400108,R
9242,0x10000d000,0x4001e0,R
9243,0x100152000,0x400180,R
9244,0x10018e000,0x400038,R
9245,0x10002f000,0x400060,W
9246,0x10002f000,0x400158,R
9247,0x100012000,0x40005c,W
9248,0x100031000,0x400170,R
9249,0x100039000,0x40009c,R
9250,0x10002d000,0x40013c,R
9251,0x10001c000,0x400190,R
9252,0x10001b000,0x400048,R
9253,0x10000d000,0x400180,R
9254,0x1000b9000,0x400018,R
9255,0x100014000,0x4000c8,R
9256,0x100103000,0x400190,R
9257,0x100103000,0x400114,R
9258,0x1000ad000,0x400110,R
9259,0x10003e000,0x400004,W
9260,0x10000e000,0x4001f4,W
9261,0x100021000,0x4000a0,W
9262,0x100091000,0x4000b8,W
9263,0x10002e000,0x4001ac,R
9264,0x100010000,0x4001b4,R
9265,0x10001d000,0x400058,R
9266,0x10003f000,0x4000fc,R
9267,0x100019000,0x4000e8,W
9268,0x100031000,0x400178,W
9269,0x100008000,0x4000a8,W
9270,0x100018000,0x400054,W
9271,0x1001f3000,0x400174,R
9272,0x100011000,0x4000b4,R
9273,0x1001fb000,0x400054,W
9274,0x10013f000,0x4000b8,R
9275,0x100019000,0x4000d4,R
9276,0x100008000,0x400080,R
9277,0x100033000,0x400034,W
9278,0x100036000,0x400128,W
9279,0x1000dd000,0x4001bc,R
9280,0x100128000,0x4001b8,W
9281,0x1000e9000,0x400100,R
9282,0x10002c000,0x400088,R
9283,0x10003a000,0x4000b0,R
9284,0x1000cb000,0x400188,R
9285,0x10003f000,0x4000f0,R
9286,0x100035000,0x4000a8,W
9287,0x100028000,0x400018,R
9288,0x100013000,0x4001ec,R
9289,0x100020000,0x4000b8,R
9290,0x100067000,0x400138,R
9291,0x100104000,0x400014,R
9292,0x100022000,0x4000fc,W
9293,0x10001a000,0x4001f0,R
9294,0x100195000,0x4000b8,R
9295,0x100019000,0x400058,R
9296,0x100016000,0x400118,W
9297,0x10000d000,0x40018c,W
9298,0x10002c000,0x4001a0,R
9299,0x10000d000,0x400078,W
9300,0x100000000,0x40012c,W
9301,0x10002b000,0x400118,R
9302,0x100001000,0x400024,W
9303,0x100027000,0x4000c4,R
9304,0x100022000,0x400068,R
9305,0x100024000,0x400008,R
9306,0x10003f000,0x400084,W
9307,0x10000d000,0x4001e0,W
9308,0x100015000,0x4001a8,W
9309,0x100148000,0x4000a8,R
9310,0x100033000,0x400044,R
9311,0x100023000,0x400190,W
9312,0x100074000,0x400140,R
9313,0x1001c4000,0x4001bc,R
9314,0x100007000,0x4000a0,W
9315,0x100005000,0x4000f4,W
9316,0x1000f2000,0x4001c0,R
9317,0x10001c000,0x40011c,R
9318,0x100032000,0x4001a4,R
9319,0x100044000,0x4001e8,R
9320,0x1000be000,0x40010c,R
9321,0x100034000,0x400088,W
9322,0x10002f000,0x4001fc,R
9323,0x1000a6000,0x40009c,R
9324,0x10006a000,0x4001ac,W
9325,0x1000ac000,0x400190,R
9326,0x100111000,0x400024,R
9327,0x1000a2000,0x40016c,R
9328,0x100010000,0x400008,R
9329,0x1000ad000,0x4000b8,R
9330,0x10018c000,0x400080,R
9331,0x100018000,0x4000d8,R
9332,0x1001d3000,0x400070,W
9333,0x100125000,0x4001ec,W
9334,0x100015000,0x4000b4,R
9335,0x10001a000,0x400050,R
9336,0x100037000,0x400124,R
9337,0x100014000,0x400110,R
9338,0x100033000,0x4000e8,R
9339,0x100031000,0x4001dc,R
9340,0x10000c000,0x40015c,W
9341,0x100033000,0x400114,W
9342,0x100168000,0x400124,R
9343,0x10003b000,0x40017c,R
9344,0x10003a000,0x40018c,R
9345,0x10003f000,0x4001b4,R
9346,0x100145000,0x4000d0,R
9347,0x100018000,0x4001e4,R
9348,0x100019000,0x4001bc,R
9349,0x100037000,0x400064,R
9350,0x100013000,0x400080,R
9351,0x100070000,0x400170,R
9352,0x100016000,0x4000d0,R
9353,0x100000000,0x400040,R
9354,0x10019c000,0x4000b0,R
9355,0x100182000,0x4001c8,R
9356,0x10001d000,0x400118,R
9357,0x100030000,0x400110,W
9358,0x10001c000,0x400118,R
9359,0x100035000,0x400188,R
9360,0x1000f7000,0x4001b4,R
9361,0x100023000,0x4000f0,R
9362,0x100017000,0x400188,R
9363,0x100126000,0x4000b4,R
9364,0x100020000,0x4000b0,R
9365,0x10007f000,0x400144,R
9366,0x100018000,0x40003c,R
9367,0x100035000,0x400014,R
9368,0x10002d000,0x4001b8,R
9369,0x10002f000,0x400188,R
9370,0x100028000,0x4001b4,R
9371,0x100000000,0x4000f0,W
9372,0x100021000,0x400110,W
9373,0x100030000,0x4000ec,W
9374,0x10019f000,0x4001bc,R
9375,0x10014d000,0x40015c,R
9376,0x100018000,0x40000c,R
9377,0x100028000,0x400198,W
9378,0x1000b5000,0x4001e4,R
9379,0x10001b000,0x40005c,R
9380,0x1001d2000,0x4001bc,R
9381,0x100012000,0x40005c,W
9382,0x10003c000,0x4000d8,R
9383,0x100016000,0x400110,R
9384,0x100005000,0x4000f4,W
9385,0x100027000,0x4000cc,R
9386,0x100015000,0x400130,R
9387,0x100004000,0x400154,R
9388,0x100020000,0x400164,R
9389,0x10003b000,0x40018c,R
9390,0x1001e5000,0x400084,R
9391,0x100002000,0x400194,R
9392,0x100135000,0x400104,R
9393,0x100035000,0x400008,R
9394,0x100001000,0x400084,W
9395,0x100000000,0x4001f8,W
9396,0x100067000,0x400168,R
9397,0x1001ef000,0x4001f0,R
9398,0x1000e1000,0x400158,R
9399,0x100166000,0x400078,R
9400,0x100039000,0x40008c,R
9401,0x1001a7000,0x4000b8,R
9402,0x10001c000,0x400024,R
9403,0x100189000,0x4000c8,R
9404,0x100167000,0x4001ac,R
9405,0x10003e000,0x4001b0,R
9406,0x100035000,0x4000b4,R
9407,0x100011000,0x4001fc,W
9408,0x100014000,0x4001c8,W
9409,0x100023000,0x4001a4,R
9410,0x100000000,0x4000a4,W
9411,0x100104000,0x40014c,R
9412,0x10001f000,0x4000ec,R
9413,0x10010f000,0x4001dc,R
9414,0x100014000,0x400024,R
9415,0x100077000,0x4001b4,W
9416,0x10001f000,0x400084,R
9417,0x10000f000,0x400054,W
9418,0x100035000,0x400094,R
9419,0x10000d000,0x40007c,R
9420,0x100033000,0x40012c,W
9421,0x100032000,0x40002c,W
9422,0x100019000,0x400028,R
9423,0x10001c000,0x4000c0,R
9424,0x10002f000,0x400090,R
9425,0x100027000,0x4000a0,R
9426,0x10015b000,0x4000a0,R
9427,0x100026000,0x40000c,R
9428,0x10003f000,0x4001c8,W
9429,0x10001c000,0x40001c,R
9430,0x100024000,0x40003c,R
9431,0x10001a000,0x40009c,R
9432,0x100023000,0x40001c,R
9433,0x100033000,0x400114,R
9434,0x10002b000,0x400164,W
9435,0x100032000,0x4001c8,R
9436,0x10001b000,0x4000bc,R
9437,0x10003f000,0x40006c,R
9438,0x100132000,0x4001b8,R
9439,0x100024000,0x400070,R
9440,0x10002b000,0x4000e4,R
9441,0x100018000,0x4001a8,R
9442,0x10000d000,0x400168,W
9443,0x100006000,0x40010c,R
9444,0x100011000,0x400098,R
9445,0x1001cf000,0x4001b4,R
9446,0x10000e000,0x4000c4,W
9447,0x100005000,0x4001a0,W
9448,0x10002c000,0x400084,W
9449,0x100001000,0x400194,W
9450,0x100008000,0x4001ac,W
9451,0x100073000,0x400088,R
9452,0x100002000,0x4001d0,W
9453,0x100127000,0x400030,R
9454,0x100032000,0x4000f4,R
9455,0x10001a000,0x400008,W
9456,0x10003c000,0x4001b8,W
9457,0x10002d000,0x400068,R
9458,0x100060000,0x4000e8,R
9459,0x100005000,0x400170,W
9460,0x100010000,0x400070,R
9461,0x10003f000,0x400034,R
9462,0x100017000,0x400188,R
9463,0x100021000,0x400154,R
9464,0x1001dd000,0x400090,R
9465,0x10001b000,0x400034,R
9466,0x100023000,0x40002c,R
9467,0x100038000,0x4001dc,R
9468,0x100019000,0x400074,R
9469,0x1001b2000,0x400130,W
9470,0x1001af000,0x400124,R
9471,0x100018000,0x4001b4,R
9472,0x100002000,0x400048,W
9473,0x100013000,0x4000a8,W
9474,0x10003a000,0x40002c,W
9475,0x1000bb000,0x40009c,R
9476,0x100194000,0x4000c0,R
9477,0x100030000,0x400188,R
9478,0x100024000,0x4000f8,W
9479,0x1001a1000,0x4000f8,R
9480,0x100003000,0x4000f4,W
9481,0x10002d000,0x400000,W
9482,0x100013000,0x400054,R
9483,0x1000c1000,0x40008c,R
9484,0x100008000,0x40000c,W
9485,0x100034000,0x400134,R
9486,0x100004000,0x400104,R
9487,0x100016000,0x4000ac,R
9488,0x1001e5000,0x4000f8,R
9489,0x100123000,0x400034,R
9490,0x100016000,0x400010,W
9491,0x10003c000,0x400104,R
9492,0x100016000,0x4001e0,R
9493,0x100034000,0x4000c0,W
9494,0x100015000,0x400054,R
9495,0x100028000,0x4001d0,R
9496,0x100011000,0x400168,R
9497,0x10002b000,0x4001d0,R
9498,0x10003d000,0x4001b0,W
9499,0x100085000,0x4001b0,R
9500,0x1000cc000,0x4001e0,R
9501,0x10001e000,0x4000b0,R
9502,0x1001a6000,0x40006c,R
9503,0x10006f000,0x400148,R
9504,0x10002a000,0x400100,R
9505,0x100015000,0x4000a8,R
9506,0x1000b8000,0x4000d8,R
9507,0x100019000,0x4001f4,R
9508,0x10001e000,0x4000b8,R
9509,0x10000c000,0x4000a4,W
9510,0x10001c000,0x4001a4,R
9511,0x100012000,0x400020,R
9512,0x100006000,0x400090,W
9513,0x100030000,0x4000a4,R
9514,0x10002c000,0x400170,R
9515,0x10003c000,0x4000b4,R
9516,0x100000000,0x40001c,W
9517,0x10002f000,0x400184,W
9518,0x100018000,0x40017c,W
9519,0x100011000,0x4000b8,R
9520,0x1001ca000,0x400004,R
9521,0x100011000,0x4001ec,W
9522,0x100004000,0x4001cc,W
9523,0x100006000,0x400008,W
9524,0x100007000,0x4000d8,W
9525,0x100108000,0x4000d4,R
9526,0x10002e000,0x40009c,R
9527,0x10000b000,0x4000dc,W
9528,0x100035000,0x400158,W
9529,0x100025000,0x4000d8,W
9530,0x100140000,0x400154,R
9531,0x10003e000,0x4001ec,R
9532,0x100017000,0x400028,R
9533,0x100026000,0x400110,R
9534,0x10002f000,0x400178,R
9535,0x1001df000,0x40006c,R
9536,0x10002d000,0x40010c,R
9537,0x1001bd000,0x40007c,W
9538,0x10001c000,0x400020,W
9539,0x10001d000,0x4001b0,W
9540,0x100017000,0x400160,W
9541,0x10000c000,0x40010c,W
9542,0x100005000,0x400008,W
9543,0x10002c000,0x400028,R
9544,0x100183000,0x4001d4,W
9545,0x100008000,0x400120,W
9546,0x10000e000,0x400014,R
9547,0x100199000,0x40015c,R
9548,0x100010000,0x40014c,R
9549,0x100031000,0x4001e8,R
9550,0x10001b000,0x400100,R
9551,0x100015000,0x4001bc,W
9552,0x10000c000,0x400198,W
9553,0x10002d000,0x400070,R
9554,0x1001a0000,0x4001cc,W
9555,0x1001c5000,0x4000ec,R
9556,0x100084000,0x400084,R
9557,0x10003e000,0x400140,R
9558,0x10002e000,0x4001fc,R
9559,0x100021000,0x400018,R
9560,0x10019f000,0x4001d8,R
9561,0x10003b000,0x400158,R
9562,0x10002e000,0x4001e4,R
9563,0x100011000,0x400034,R
9564,0x100031000,0x40003c,R
9565,0x1001b3000,0x40011c,R
9566,0x10000d000,0x400130,W
9567,0x1001dd000,0x4001f8,R
9568,0x10003c000,0x4001b8,R
9569,0x100017000,0x4000a0,R
9570,0x100036000,0x400188,R
9571,0x100000000,0x4000d4,R
9572,0x10001a000,0x400008,W
9573,0x10003f000,0x400040,R
9574,0x100027000,0x4001d0,R
9575,0x100010000,0x400084,R
9576,0x100005000,0x4001c0,W
9577,0x100107000,0x4000dc,R
9578,0x100032000,0x400080,R
9579,0x100005000,0x4001bc,W
9580,0x1000cb000,0x40006c,R
9581,0x10003a000,0x40019c,R
9582,0x100007000,0x4001ec,W
9583,0x100016000,0x4001d4,R
9584,0x100036000,0x400060,W
9585,0x100002000,0x400120,W
9586,0x10003f000,0x4000dc,R
9587,0x100034000,0x400110,R
9588,0x10000e000,0x400198,W
9589,0x1001d9000,0x4001d4,R
9590,0x1000aa000,0x40013c,R
9591,0x100006000,0x4000f8,W
9592,0x100039000,0x4000f8,R
9593,0x100011000,0x4001dc,R
9594,0x10000d000,0x400014,W
9595,0x100021000,0x40017c,R
9596,0x100065000,0x40001c,R
9597,0x100191000,0x400078,R
9598,0x10007b000,0x400018,R
9599,0x100032000,0x4000a8,W
9600,0x100027000,0x400038,R
9601,0x100030000,0x40011c,R
9602,0x100035000,0x4001a4,R
9603,0x10003a000,0x4001bc,R
9604,0x10000e000,0x40007c,W
9605,0x1000da000,0x4000c8,R
9606,0x10003a000,0x40006c,R
9607,0x10002f000,0x40011c,R
9608,0x1001bc000,0x400028,R
9609,0x100046000,0x4000cc,R
9610,0x100008000,0x4000a4,W
9611,0x1000c7000,0x400168,R
9612,0x1000e6000,0x4001dc,R
9613,0x100005000,0x40019c,W
9614,0x100012000,0x400178,W
9615,0x10003c000,0x400188,R
9616,0x100007000,0x40010c,W
9617,0x10001e000,0x400044,R
9618,0x100030000,0x400010,R
9619,0x100032000,0x40016c,W
9620,0x10000c000,0x400184,W
9621,0x100003000,0x400134,W
9622,0x100004000,0x4000a0,W
9623,0x10001a000,0x4001e0,R
9624,0x1000b9000,0x400070,R
9625,0x100164000,0x4001dc,R
9626,0x1001b9000,0x40004c,R
9627,0x10001d000,0x4000a8,R
9628,0x10001f000,0x400110,R
9629,0x100020000,0x4000e4,R
9630,0x10000a000,0x4001cc,W
9631,0x100021000,0x400048,R
9632,0x100036000,0x400114,R
9633,0x100103000,0x4000e4,R
9634,0x10000c000,0x400144,R
9635,0x100009000,0x400114,W
9636,0x1000d8000,0x400158,R
9637,0x1000e4000,0x400134,R
9638,0x10001e000,0x400094,R
9639,0x100011000,0x400188,R
9640,0x100029000,0x4000bc,R
9641,0x10013d000,0x400060,R
9642,0x100034000,0x400110,R
9643,0x1001be000,0x4000d8,R
9644,0x100010000,0x400060,W
9645,0x100010000,0x4001c4,R
9646,0x10002f000,0x400048,W
9647,0x10003c000,0x40014c,R
9648,0x1001d6000,0x400018,R
9649,0x10003a000,0x400104,R
9650,0x100160000,0x400120,R
9651,0x100186000,0x4001ec,W
9652,0x100033000,0x40012c,R
9653,0x10003b000,0x4001dc,R
9654,0x10001c000,0x400028,R
9655,0x10000e000,0x400114,W
9656,0x100035000,0x400134,R
9657,0x10001a000,0x4000b8,W
9658,0x1000b6000,0x4000e4,R
9659,0x100025000,0x4001e8,R
9660,0x10002c000,0x4001b0,W
9661,0x10001e000,0x400088,R
9662,0x1001e0000,0x400084,R
9663,0x10001c000,0x400094,R
9664,0x10002b000,0x400108,W
9665,0x100006000,0x400158,W
9666,0x10001d000,0x40001c,R
9667,0x10001e000,0x4001a0,R
9668,0x100002000,0x400154,W
9669,0x100014000,0x4001ac,R
9670,0x1001c9000,0x400080,R
9671,0x10002a000,0x400060,W
9672,0x100110000,0x400198,R
9673,0x10000f000,0x40001c,W
9674,0x100028000,0x4001c4,R
9675,0x10001c000,0x40012c,R
9676,0x10001f000,0x4001e0,W
9677,0x100012000,0x40017c,R
9678,0x10003c000,0x4001a0,W
9679,0x1000a4000,0x4000d4,R
9680,0x100124000,0x400020,R
9681,0x100001000,0x400050,R
9682,0x1001c8000,0x400050,R
9683,0x10018e000,0x4000ec,R
9684,0x10006a000,0x4000a0,R
9685,0x100002000,0x4001e8,R
9686,0x100036000,0x400154,R
9687,0x10001a000,0x400184,R
9688,0x10002f000,0x400008,R
9689,0x100020000,0x4001b0,W
9690,0x100039000,0x40010c,R
9691,0x1000c5000,0x400198,W
9692,0x100004000,0x40014c,R
9693,0x10002a000,0x4000a0,R
9694,0x10003b000,0x4000cc,R
9695,0x10000e000,0x400168,W
9696,0x10002e000,0x4000b0,R
9697,0x10001e000,0x4000a4,R
9698,0x100030000,0x400134,R
9699,0x100013000,0x4000bc,R
9700,0x100021000,0x400038,R
9701,0x100035000,0x400048,W
9702,0x100161000,0x4001a8,R
9703,0x100098000,0x400074,R
9704,0x100048000,0x4000fc,W
9705,0x10001c000,0x4000f8,W
9706,0x100008000,0x4000cc,R
9707,0x100019000,0x4000a0,R
9708,0x10000d000,0x400080,W
9709,0x10018d000,0x400108,R
9710,0x100026000,0x400188,R
9711,0x100020000,0x400180,R
9712,0x100035000,0x4000a0,R
9713,0x100017000,0x4001dc,R
9714,0x100028000,0x4001a4,R
9715,0x100001000,0x400064,W
9716,0x1000b1000,0x400074,W
9717,0x10000f000,0x4001e4,R
9718,0x100031000,0x40008c,R
9719,0x10002a000,0x400118,R
9720,0x1000af000,0x400078,W
9721,0x100011000,0x400070,R
9722,0x100033000,0x400100,R
9723,0x100028000,0x400008,R
9724,0x100013000,0x4001a0,R
9725,0x100033000,0x400044,R
9726,0x10003f000,0x400170,W
9727,0x10003d000,0x4000b0,R
9728,0x100036000,0x4001d4,R
9729,0x100114000,0x400004,R
9730,0x100024000,0x400000,R
9731,0x100146000,0x4000ec,R
9732,0x10018b000,0x4000b8,R
9733,0x10001e000,0x4000c0,R
9734,0x100025000,0x4000f4,R
9735,0x100141000,0x400154,R
9736,0x1001e1000,0x400108,R
9737,0x100011000,0x400010,W
9738,0x10000d000,0x400140,R
9739,0x10002e000,0x400188,R
9740,0x10002c000,0x4001a8,W
9741,0x100001000,0x4000d8,W
9742,0x1000de000,0x400000,W
9743,0x1001cf000,0x400184,R
9744,0x100015000,0x4001ac,R
9745,0x100022000,0x400090,R
9746,0x100037000,0x400180,R
9747,0x100023000,0x4001c4,R
9748,0x10003f000,0x400038,R
9749,0x10001d000,0x400160,W
9750,0x100031000,0x4000c0,R
9751,0x100006000,0x400020,W
9752,0x100016000,0x400120,R
9753,0x10002b000,0x400078,R
9754,0x10019d000,0x400080,R
9755,0x10016b000,0x400190,R
9756,0x10003c000,0x4001ac,R
9757,0x100023000,0x4000d0,R
9758,0x10000a000,0x400060,W
9759,0x100007000,0x4000d0,W
9760,0x100016000,0x400128,W
9761,0x100038000,0x400004,R
9762,0x10003a000,0x40005c,W
9763,0x10001e000,0x4001f4,W
9764,0x10000c000,0x4001e8,W
9765,0x10000d000,0x4001bc,W
9766,0x1000ec000,0x400154,R
9767,0x100112000,0x4001ac,R
9768,0x100108000,0x400024,R
9769,0x100163000,0x400078,R
9770,0x100025000,0x4001ec,R
9771,0x10001c000,0x400128,R
9772,0x1001a0000,0x400064,R
9773,0x1001ea000,0x4001f0,R
9774,0x100015000,0x4000f4,R
9775,0x10000d000,0x4001c8,R
9776,0x10003e000,0x4001a0,R
9777,0x100037000,0x400120,R
9778,0x100009000,0x4000ec,W
9779,0x100037000,0x4001a0,R
9780,0x100139000,0x4001dc,R
9781,0x100038000,0x400070,R
9782,0x100017000,0x4001d4,R
9783,0x100023000,0x4000a0,R
9784,0x10003f000,0x4000e4,R
9785,0x100033000,0x400074,W
9786,0x100021000,0x400094,R
9787,0x10000f000,0x4000a4,R
9788,0x10002f000,0x400188,R
9789,0x10000a000,0x40000c,W
9790,0x1001df000,0x400100,R
9791,0x100001000,0x4000c8,R
9792,0x100147000,0x400128,R
9793,0x10001d000,0x400004,R
9794,0x100032000,0x400110,R
9795,0x100002000,0x40008c,R
9796,0x100015000,0x40009c,R
9797,0x10000a000,0x40018c,W
9798,0x100004000,0x4000ac,W
9799,0x10002f000,0x400104,W
9800,0x100012000,0x400060,R
9801,0x1001ac000,0x400154,R
9802,0x100038000,0x4001c8,R
9803,0x10000e000,0x4001f4,R
9804,0x100022000,0x400110,R
9805,0x100017000,0x400000,R
9806,0x100034000,0x400158,R
9807,0x100034000,0x40000c,R
9808,0x1001f3000,0x40008c,R
9809,0x10001a000,0x400144,R
9810,0x10003d000,0x4001c8,R
9811,0x100023000,0x400184,R
9812,0x100010000,0x4000c8,R
9813,0x10001c000,0x400188,R
9814,0x10003f000,0x4000c0,W
9815,0x1001c2000,0x4000f8,R
9816,0x100004000,0x400124,W
9817,0x100012000,0x400068,R
9818,0x10003f000,0x4000f4,R
9819,0x10001b000,0x40011c,R
9820,0x100028000,0x4001ac,R
9821,0x100033000,0x400078,R
9822,0x100007000,0x4000d8,R
9823,0x1000e2000,0x400030,R
9824,0x1000e7000,0x400004,R
9825,0x100002000,0x400040,R
9826,0x100105000,0x400180,R
9827,0x10002f000,0x4000d4,R
9828,0x100012000,0x4000d0,R
9829,0x100026000,0x40000c,R
9830,0x10001e000,0x4001bc,R
9831,0x100030000,0x4000c4,R
9832,0x1001e8000,0x4001b0,R
9833,0x100022000,0x4000a8,W
9834,0x100036000,0x400124,W
9835,0x100038000,0x40001c,R
9836,0x10000d000,0x4001a0,R
9837,0x10018b000,0x40012c,R
9838,0x100034000,0x4001c4,W
9839,0x1001fc000,0x40012c,R
9840,0x1000c1000,0x4001d0,R
9841,0x1001a5000,0x400004,R
9842,0x100002000,0x400040,W
9843,0x100121000,0x4001b0,R
9844,0x100026000,0x400010,R
9845,0x100003000,0x4001a8,R
9846,0x100145000,0x4000e0,R
9847,0x100005000,0x4000ac,W
9848,0x1001c5000,0x4001a4,W
9849,0x10001b000,0x40006c,R
9850,0x100027000,0x400084,R
9851,0x100013000,0x400044,W
9852,0x100110000,0x400178,R
9853,0x100029000,0x4000f0,R
9854,0x1001d9000,0x4001f4,R
9855,0x10000a000,0x400128,R
9856,0x1000f0000,0x40018c,R
9857,0x100061000,0x40015c,R
9858,0x100015000,0x400098,R
9859,0x10000e000,0x400118,W
9860,0x10003b000,0x400128,R
9861,0x100013000,0x4000d4,R
9862,0x100027000,0x400004,R
9863,0x100155000,0x40018c,W
9864,0x100024000,0x400058,R
9865,0x100006000,0x40015c,R
9866,0x100074000,0x400150,R
9867,0x10003e000,0x4000ac,R
9868,0x10000c000,0x400108,W
9869,0x100002000,0x40017c,W
9870,0x10001e000,0x400010,R
9871,0x10001b000,0x400140,R
9872,0x1001bd000,0x40018c,R
9873,0x100014000,0x400080,R
9874,0x10003b000,0x400090,R
9875,0x100061000,0x400020,R
9876,0x100027000,0x4000b4,W
9877,0x10003c000,0x4000bc,W
9878,0x100032000,0x4001b8,W
9879,0x10005e000,0x4000b4,W
9880,0x100031000,0x400108,R
9881,0x100178000,0x400054,R
9882,0x1000dd000,0x400150,R
9883,0x10007b000,0x40002c,R
9884,0x10002d000,0x400098,R
9885,0x100012000,0x400190,W
9886,0x100021000,0x400000,R
9887,0x100025000,0x400030,W
9888,0x100002000,0x400178,R
9889,0x10001c000,0x4000a4,R
9890,0x10000b000,0x40003c,W
9891,0x100008000,0x4001b4,W
9892,0x100030000,0x400148,R
9893,0x10000f000,0x400048,W
9894,0x10003d000,0x4000ac,R
9895,0x100014000,0x4000a0,W
9896,0x1000fc000,0x400154,R
9897,0x100004000,0x400048,R
9898,0x100027000,0x4001c0,R
9899,0x1000cc000,0x4001b4,W
9900,0x10000d000,0x4000bc,R
9901,0x100004000,0x400044,R
9902,0x100018000,0x4001c4,W
9903,0x100015000,0x4000c0,R
9904,0x100044000,0x400134,R
9905,0x10002a000,0x4001b4,W
9906,0x100196000,0x4000e8,R
9907,0x10003a000,0x400118,W
9908,0x10000b000,0x4000bc,W
9909,0x100117000,0x4001e0,R
9910,0x10001d000,0x4001bc,R
9911,0x100021000,0x40002c,R
9912,0x100038000,0x400138,R
9913,0x1001f6000,0x400070,R
9914,0x100039000,0x4000b4,W
9915,0x100009000,0x400098,W
9916,0x100024000,0x40003c,W
9917,0x100000000,0x400084,W
9918,0x100019000,0x400194,R
9919,0x100016000,0x4000dc,R
9920,0x100028000,0x40009c,W
9921,0x100082000,0x4001e4,R
9922,0x10011d000,0x4001c4,R
9923,0x100007000,0x40002c,W
9924,0x100000000,0x40006c,W
9925,0x100134000,0x400058,R
9926,0x100036000,0x40005c,W
9927,0x100011000,0x400138,W
9928,0x100087000,0x4001bc,R
9929,0x100028000,0x400060,R
9930,0x10000a000,0x4001f8,W
9931,0x100022000,0x400034,W
9932,0x100073000,0x400158,R
9933,0x100004000,0x40002c,W
9934,0x100036000,0x400090,W
9935,0x100026000,0x4000b8,W
9936,0x100038000,0x40004c,R
9937,0x100017000,0x4000e0,R
9938,0x100081000,0x400188,R
9939,0x100004000,0x40005c,W
9940,0x10012d000,0x4000fc,R
9941,0x10001c000,0x4000e8,R
9942,0x100151000,0x400024,R
9943,0x100015000,0x40007c,R
9944,0x100026000,0x400164,W
9945,0x10001d000,0x40000c,W
9946,0x100008000,0x400150,W
9947,0x10003e000,0x4001a8,R
9948,0x100130000,0x4000f0,R
9949,0x1001ce000,0x4001bc,R
9950,0x100017000,0x4000f0,W
9951,0x1001d5000,0x400040,R
9952,0x100017000,0x400000,R
9953,0x100159000,0x400024,W
9954,0x1001ed000,0x400058,R
9955,0x100070000,0x40003c,R
9956,0x100023000,0x4000e8,R
9957,0x10001c000,0x40008c,R
9958,0x100116000,0x400198,W
9959,0x10003b000,0x400170,R
9960,0x100191000,0x400040,R
9961,0x10019f000,0x400028,R
9962,0x100030000,0x4001b8,R
9963,0x100005000,0x4001c0,W
9964,0x10002f000,0x4000a0,R
9965,0x1001bf000,0x400140,R
9966,0x10001e000,0x4000fc,R
9967,0x1000da000,0x4000b8,W
9968,0x100023000,0x4000bc,R
9969,0x10001a000,0x400038,R
9970,0x100016000,0x4001d8,W
9971,0x100030000,0x400054,R
9972,0x1001a7000,0x4000b8,R
9973,0x10003d000,0x40012c,W
9974,0x10001e000,0x4000b8,W
9975,0x10000d000,0x400034,R
9976,0x1000b4000,0x4001ac,W
9977,0x10001a000,0x4001a4,R
9978,0x1001e7000,0x400044,R
9979,0x10001f000,0x4000b0,R
9980,0x100028000,0x40015c,W
9981,0x10003b000,0x4001d8,R
9982,0x100020000,0x400058,R
9983,0x100035000,0x400070,R
9984,0x10001b000,0x40016c,R
9985,0x10005a000,0x4001fc,R
9986,0x10000a000,0x400194,R
9987,0x10001f000,0x4000cc,R
9988,0x100002000,0x400154,W
9989,0x10019f000,0x400114,W
9990,0x100009000,0x40015c,W
9991,0x100016000,0x400060,R
9992,0x100014000,0x4000f4,R
9993,0x1001dc000,0x4000a4,R
9994,0x10003d000,0x400058,R
9995,0x10003f000,0x400088,R
9996,0x100000000,0x4000a8,R
9997,0x10003e000,0x4000f4,W
9998,0x1000b7000,0x4000bc,R
9999,0x100030000,0x400040,R
10000,0x10012a000,0x40101c,R
10001,0x100004000,0x401108,W
10002,0x100038000,0x401040,R
10003,0x1001e9000,0x401190,R
10004,0x1001e0000,0x4011b8,R
10005,0x100018000,0x401158,R
10006,0x100011000,0x40114c,W
10007,0x10000f000,0x401000,W
10008,0x10001e000,0x4010b4,R
10009,0x1001fe000,0x4010ac,R
10010,0x100013000,0x40116c,W
10011,0x100022000,0x401180,W
10012,0x10000a000,0x4011d4,W
10013,0x10000e000,0x4010e8,R
10014,0x100004000,0x401004,W
10015,0x100169000,0x4010b4,R
10016,0x100030000,0x4011ec,R
10017,0x10019e000,0x4011a0,R
10018,0x1001cb000,0x4010f8,R
10019,0x100017000,0x401028,R
10020,0x100119000,0x4011dc,R
10021,0x1001c8000,0x401184,R
10022,0x100026000,0x40105c,W
10023,0x10002b000,0x40102c,R
10024,0x1001e0000,0x40106c,R
10025,0x1001bf000,0x401108,R
10026,0x100010000,0x401028,R
10027,0x100027000,0x401024,R
10028,0x100070000,0x401118,R
10029,0x10019d000,0x4010bc,R
10030,0x1000a9000,0x401120,R
10031,0x100037000,0x4010bc,R
10032,0x10000a000,0x4010f8,W
10033,0x100031000,0x4011b4,R
10034,0x10001d000,0x401030,R
10035,0x10001a000,0x4010bc,R
10036,0x100022000,0x401028,R
10037,0x100151000,0x401040,R
10038,0x1001d0000,0x4010b4,R
10039,0x100054000,0x40115c,R
10040,0x100029000,0x40116c,R
10041,0x1001b5000,0x401050,R
10042,0x1001ae000,0x4010bc,R
10043,0x1001c7000,0x401084,R
10044,0x1001dc000,0x401180,R
10045,0x10000b000,0x4011a0,W
10046,0x100029000,0x401078,R
10047,0x1001e0000,0x401028,R
10048,0x100162000,0x4011a4,R
10049,0x10003b000,0x4010e8,R
10050,0x100038000,0x401008,R
10051,0x100038000,0x4010c4,W
10052,0x100193000,0x40112c,R
10053,0x10000e000,0x401004,W
10054,0x1001a6000,0x401034,R
10055,0x10001b000,0x4010a0,R
10056,0x10003a000,0x4010a4,R
10057,0x10000b000,0x401050,R
10058,0x100026000,0x401068,W
10059,0x100189000,0x401158,W
10060,0x1001f0000,0x401178,W
10061,0x1001db000,0x401024,R
10062,0x100039000,0x4011a8,R
10063,0x10002c000,0x4011c0,R
10064,0x100192000,0x4011e8,R
10065,0x10003f000,0x401118,R
10066,0x100028000,0x401128,R
10067,0x100012000,0x40108c,R
10068,0x10000a000,0x4011e4,W
10069,0x1001f6000,0x4010c8,R
10070,0x100029000,0x40112c,R
10071,0x100035000,0x40118c,R
10072,0x100021000,0x4011d0,R
10073,0x100010000,0x401148,W
10074,0x100035000,0x401118,R
10075,0x100019000,0x401048,R
10076,0x1001e9000,0x4010d4,R
10077,0x10000b000,0x401178,W
10078,0x100099000,0x401134,R
10079,0x1001c8000,0x401100,R
10080,0x1001ff000,0x401030,W
10081,0x10016a000,0x401178,R
10082,0x100004000,0x401038,R
10083,0x100023000,0x4011ec,W
10084,0x100087000,0x401120,R
10085,0x1000ad000,0x401188,R
10086,0x100013000,0x401120,R
10087,0x1001e1000,0x401188,R
10088,0x10013c000,0x4010a4,R
10089,0x100002000,0x401174,W
10090,0x100171000,0x4011bc,R
10091,0x100008000,0x401150,R
10092,0x100088000,0x4010b8,W
10093,0x100190000,0x4011dc,R
10094,0x10004b000,0x401180,R
10095,0x1000f4000,0x40118c,R
10096,0x100197000,0x4011f0,R
10097,0x10000c000,0x40111c,R
10098,0x10004e000,0x401180,W
10099,0x10012e000,0x4010b4,R
10100,0x100011000,0x4011e0,W
10101,0x100034000,0x4010a8,R
10102,0x10007e000,0x401010,R
10103,0x100054000,0x40105c,R
10104,0x1001f3000,0x401100,R
10105,0x100186000,0x401044,R
10106,0x1001dd000,0x4011c8,R
10107,0x1000f7000,0x401138,R
10108,0x10008c000,0x4011cc,R
10109,0x10016a000,0x401170,R
10110,0x100012000,0x401188,R
10111,0x100021000,0x4011c4,W
10112,0x1000e3000,0x401004,R
10113,0x100009000,0x40100c,W
10114,0x1001d8000,0x401178,R
10115,0x1000af000,0x401164,R
10116,0x100008000,0x401018,W
10117,0x1001bc000,0x401028,R
10118,0x10000e000,0x401174,W
10119,0x1001e4000,0x401070,R
10120,0x1001ee000,0x4011c4,R
10121,0x100000000,0x40107c,W
10122,0x100017000,0x401134,R
10123,0x100014000,0x401164,R
10124,0x10005e000,0x4010a0,R
10125,0x10002a000,0x401160,W
10126,0x100007000,0x401078,W
10127,0x100007000,0x4011d8,W
10128,0x10003e000,0x4011d0,R
10129,0x10003b000,0x401148,R
10130,0x10000f000,0x4010ac,W
10131,0x100075000,0x4011f8,R
10132,0x100080000,0x401090,R
10133,0x10000b000,0x401100,R
10134,0x10000f000,0x40100c,W
10135,0x100017000,0x401014,R
10136,0x10002c000,0x401018,R
10137,0x100024000,0x401070,R
10138,0x10001d000,0x401104,W
10139,0x100019000,0x4010b8,R
10140,0x10001b000,0x40118c,R
10141,0x100027000,0x4011bc,R
10142,0x1000e9000,0x401080,R
10143,0x10000e000,0x40101c,W
10144,0x10018b000,0x4010f4,R
10145,0x1000ac000,0x401134,R
10146,0x1001a6000,0x4011bc,R
10147,0x100187000,0x4011fc,R
10148,0x1001fe000,0x40108c,R
10149,0x10003b000,0x4011d8,R
10150,0x10003c000,0x4011c0,R
10151,0x100033000,0x401000,W
10152,0x1001ea000,0x4011ac,R
10153,0x10001d000,0x401078,R
10154,0x10003b000,0x401114,R
10155,0x1001c9000,0x401070,R
10156,0x1001d6000,0x4010b0,R
10157,0x100002000,0x401048,W
10158,0x100014000,0x4011fc,W
10159,0x100026000,0x4011a8,R
10160,0x10000c000,0x401028,W
10161,0x1001c9000,0x4011d4,R
10162,0x100007000,0x401180,W
10163,0x100064000,0x401190,R
10164,0x100033000,0x4011a8,R
10165,0x1001d7000,0x401174,R
10166,0x100001000,0x40115c,R
10167,0x100006000,0x401068,W
10168,0x1000b7000,0x401044,R
10169,0x100038000,0x40115c,W
10170,0x10000d000,0x401104,W
10171,0x10018a000,0x401098,W
10172,0x10016a000,0x401144,R
10173,0x10003b000,0x4011a0,W
10174,0x10014a000,0x401110,R
10175,0x100031000,0x4011b8,R
10176,0x10002e000,0x401020,W
10177,0x1001f0000,0x4011d0,R
10178,0x100015000,0x4011c8,R
10179,0x1001c3000,0x4011dc,R
10180,0x1001f8000,0x40114c,R
10181,0x1001ab000,0x401190,R
10182,0x100046000,0x401120,R
10183,0x1001c7000,0x401188,R
10184,0x10002b000,0x401040,R
10185,0x1001e0000,0x4011e4,R
10186,0x1000eb000,0x40109c,R
10187,0x100030000,0x4010cc,R
10188,0x100035000,0x4011f0,W
10189,0x100036000,0x4011bc,R
10190,0x10002b000,0x401094,R
10191,0x100029000,0x4011b4,R
10192,0x1001ca000,0x4010fc,W
10193,0x1001f0000,0x4011b8,R
10194,0x100033000,0x401068,R
10195,0x10002c000,0x4010d0,R
10196,0x1001fb000,0x401158,R
10197,0x1001b6000,0x4010f4,R
10198,0x10000a000,0x4010cc,W
10199,0x100007000,0x401058,W
10200,0x100035000,0x4010bc,R
10201,0x100035000,0x401040,W
10202,0x100006000,0x401034,R
10203,0x10017a000,0x401058,R
10204,0x10011d000,0x40112c,R
10205,0x10001b000,0x401114,R
10206,0x100015000,0x4010e4,R
10207,0x100002000,0x4011c8,W
10208,0x100067000,0x401194,R
10209,0x1001a5000,0x401048,R
10210,0x1000ec000,0x401158,R
10211,0x10003b000,0x4010fc,R
10212,0x10001f000,0x401144,W
10213,0x1001c1000,0x40109c,W
10214,0x100022000,0x401124,R
10215,0x100034000,0x401010,R
10216,0x1001ef000,0x401160,R
10217,0x1000e6000,0x4010d0,R
10218,0x1001a4000,0x401078,W
10219,0x1001a8000,0x4011d8,R
10220,0x1001f2000,0x401130,R
10221,0x100028000,0x4010d8,R
10222,0x10013f000,0x4011ec,R
10223,0x100014000,0x4010f0,R
10224,0x100014000,0x401090,R
10225,0x10000b000,0x40110c,R
10226,0x10003b000,0x401084,R
10227,0x100014000,0x4010d8,R
10228,0x100002000,0x401170,R
10229,0x100010000,0x401174,R
10230,0x1001b7000,0x40102c,R
10231,0x10018b000,0x401154,R
10232,0x100008000,0x401084,W
10233,0x100189000,0x4010c8,W
10234,0x1001e2000,0x401094,R
10235,0x10003c000,0x401170,R
10236,0x100025000,0x401078,W
10237,0x10001c000,0x4011ec,R
10238,0x1001c3000,0x4011c8,W
10239,0x10001b000,0x4010a4,R
10240,0x100119000,0x40107c,R
10241,0x10003e000,0x40107c,R
10242,0x1001b7000,0x4010b8,R
10243,0x100006000,0x401168,W
10244,0x10010a000,0x401124,R
10245,0x100121000,0x401028,R
10246,0x1000c6000,0x401178,R
10247,0x1001ee000,0x4011fc,R
10248,0x10000f000,0x40114c,R
10249,0x1001db000,0x40103c,R
10250,0x100009000,0x401130,R
10251,0x100030000,0x401148,R
10252,0x100013000,0x4011b8,R
10253,0x100035000,0x40105c,R
10254,0x100037000,0x401074,R
10255,0x100020000,0x401034,R
10256,0x100030000,0x40119c,R
10257,0x10002a000,0x4010a0,R
10258,0x1001c5000,0x4010c0,R
10259,0x1001e4000,0x401184,W
10260,0x100011000,0x401038,R
10261,0x100035000,0x40109c,R
10262,0x100015000,0x401078,R
10263,0x100005000,0x4010f8,W
10264,0x100038000,0x40115c,R
10265,0x1001d5000,0x4011bc,R
10266,0x10003c000,0x401190,R
10267,0x10002f000,0x4011c8,R
10268,0x10017c000,0x4010e8,R
10269,0x100088000,0x401004,W
10270,0x100112000,0x4011fc,R
10271,0x10001e000,0x4010a0,R
10272,0x100017000,0x40114c,R
10273,0x1001ba000,0x401170,R
10274,0x10000d000,0x4011d8,W
10275,0x1000a5000,0x401174,W
10276,0x100001000,0x40105c,R
10277,0x100036000,0x4011f4,R
10278,0x1001b0000,0x4011e8,R
10279,0x100013000,0x4011a4,R
10280,0x100004000,0x401040,W
10281,0x10002a000,0x4010a8,W
10282,0x10001d000,0x4010e8,R
10283,0x100035000,0x4011c4,R
10284,0x1000e9000,0x401110,R
10285,0x1001c8000,0x4011d8,R
10286,0x100014000,0x401074,W
10287,0x1001b3000,0x401180,R
10288,0x1001c1000,0x4011c4,W
10289,0x1001d7000,0x4010dc,R
10290,0x100008000,0x4011d4,W
10291,0x10005e000,0x4011e0,R
10292,0x100014000,0x401014,R
10293,0x1001ae000,0x401078,R
10294,0x10006a000,0x401014,R
10295,0x100179000,0x401158,R
10296,0x100195000,0x401028,R
10297,0x1001c9000,0x401010,R
10298,0x100018000,0x4011cc,R
10299,0x1001a8000,0x4010e8,R
10300,0x10019b000,0x401114,R
10301,0x100101000,0x401108,R
10302,0x100033000,0x4011e4,R
10303,0x1001db000,0x401074,R
10304,0x100029000,0x401044,R
10305,0x10002d000,0x4011f0,W
10306,0x1001ef000,0x4011d4,R
10307,0x100003000,0x4010d0,R
10308,0x100174000,0x4010fc,R
10309,0x1001b7000,0x401104,R
10310,0x10015d000,0x401058,W
10311,0x100014000,0x401004,W
10312,0x10010b000,0x401120,R
10313,0x10009c000,0x401108,R
10314,0x100036000,0x4011dc,R
10315,0x10002a000,0x401064,R
10316,0x100034000,0x40117c,R
10317,0x10019d000,0x4011d8,W
10318,0x100035000,0x4010a4,R
10319,0x100080000,0x4011f0,R
10320,0x100002000,0x401094,R
10321,0x100031000,0x401014,W
10322,0x100186000,0x401084,R
10323,0x1001bd000,0x4010a4,R
10324,0x1001df000,0x4011bc,R
10325,0x10000f000,0x401198,R
10326,0x100013000,0x401124,R
10327,0x1001e5000,0x401078,R
10328,0x100014000,0x4011ac,R
10329,0x10000b000,0x401148,W
10330,0x1001d4000,0x401124,R
10331,0x10003c000,0x40104c,W
10332,0x100001000,0x4010fc,R
10333,0x1001b0000,0x401008,R
10334,0x100023000,0x40116c,W
10335,0x10000e000,0x401094,W
10336,0x10003c000,0x401078,W
10337,0x100011000,0x40106c,R
10338,0x10019c000,0x40101c,R
10339,0x10003c000,0x40118c,R
10340,0x10005b000,0x4010b8,R
10341,0x100192000,0x401034,R
10342,0x100013000,0x4011a4,W
10343,0x100029000,0x401198,R
10344,0x10000e000,0x401160,R
10345,0x10001d000,0x401090,R
10346,0x100027000,0x401180,R
10347,0x100145000,0x401008,R
10348,0x10001b000,0x40102c,R
10349,0x100186000,0x4011e4,R
10350,0x1001b9000,0x401104,R
10351,0x100050000,0x4010f8,R
10352,0x100013000,0x40107c,R
10353,0x1001af000,0x4010c4,R
10354,0x100019000,0x4011a8,R
10355,0x1001df000,0x401110,R
10356,0x10002b000,0x40103c,R
10357,0x1001fe000,0x4011e0,R
10358,0x10002b000,0x4011cc,R
10359,0x100020000,0x401140,R
10360,0x100008000,0x401068,W
10361,0x10003b000,0x40104c,W
10362,0x100018000,0x401138,W
10363,0x10000e000,0x401088,W
10364,0x100012000,0x401090,R
10365,0x10001e000,0x4010ac,R
10366,0x10003a000,0x4010b8,R
10367,0x100036000,0x401038,R
10368,0x100025000,0x40115c,R
10369,0x100014000,0x401030,W
10370,0x100014000,0x4011e4,R
10371,0x100020000,0x4010f8,W
10372,0x10001c000,0x4011f4,R
10373,0x1001e7000,0x40117c,R
10374,0x100009000,0x4010bc,W
10375,0x1000b0000,0x4011f8,R
10376,0x1001e4000,0x4011ec,R
10377,0x10003a000,0x401198,R
10378,0x10001b000,0x4011d4,R
10379,0x10010a000,0x40100c,R
10380,0x100181000,0x40112c,R
10381,0x100147000,0x40104c,R
10382,0x1001af000,0x4010c0,R
10383,0x100003000,0x401118,R
10384,0x10012b000,0x4011e0,R
10385,0x100031000,0x401144,R
10386,0x100000000,0x40110c,R
10387,0x100008000,0x4010e8,W
10388,0x10003b000,0x4011fc,R
10389,0x100030000,0x4011dc,W
10390,0x1001b8000,0x4011dc,R
10391,0x100031000,0x40102c,W
10392,0x100036000,0x4010e0,R
10393,0x100025000,0x401114,R
10394,0x1001b6000,0x4011d8,R
10395,0x10003b000,0x4011a4,R
10396,0x1001db000,0x4011d0,R
10397,0x100001000,0x401028,W
10398,0x100014000,0x4010f4,R
10399,0x10000e000,0x4011dc,W
10400,0x10003e000,0x401098,R
10401,0x100003000,0x40117c,W
10402,0x100018000,0x4010a8,R
10403,0x100019000,0x401080,R
10404,0x10000c000,0x4011f4,R
10405,0x100095000,0x4010c8,R
10406,0x100068000,0x4011c0,R
10407,0x1001c3000,0x401180,R
10408,0x1000ea000,0x40104c,R
10409,0x1000e3000,0x40114c,R
10410,0x1001da000,0x40115c,R
10411,0x100023000,0x4010ac,W
10412,0x1001eb000,0x401144,R
10413,0x1001b0000,0x40115c,R
10414,0x1001c7000,0x4011a8,W
10415,0x100015000,0x4010c8,R
10416,0x100022000,0x4011d8,R
10417,0x100011000,0x401004,R
10418,0x100033000,0x401028,R
10419,0x100032000,0x4011e4,R
10420,0x100033000,0x4010d8,R
10421,0x10000b000,0x4011fc,W
10422,0x10010e000,0x401054,R
10423,0x1000dc000,0x401108,R
10424,0x100016000,0x40112c,W
10425,0x1001be000,0x40103c,W
10426,0x1001dc000,0x40103c,R
10427,0x100032000,0x401004,R
10428,0x100033000,0x401120,R
10429,0x100028000,0x4011f4,R
10430,0x100038000,0x401170,R
10431,0x10001b000,0x401134,R
10432,0x100015000,0x401128,W
10433,0x100196000,0x4011a4,R
10434,0x10000d000,0x4010a4,W
10435,0x100026000,0x401180,R
10436,0x10002f000,0x4011e4,R
10437,0x1001cc000,0x40118c,R
10438,0x100034000,0x4010a4,R
10439,0x1000c5000,0x401058,R
10440,0x1001d5000,0x40115c,R
10441,0x100011000,0x401190,R
10442,0x100189000,0x401188,R
10443,0x10003b000,0x40109c,R
10444,0x1000ac000,0x401100,R
10445,0x1001f0000,0x401178,R
10446,0x1000e5000,0x401074,R
10447,0x1001c0000,0x401094,R
10448,0x10000b000,0x4011b4,W
10449,0x100013000,0x4010dc,R
10450,0x10013f000,0x401184,R
10451,0x100036000,0x401110,R
10452,0x100013000,0x401170,R
10453,0x1001da000,0x4011e0,W
10454,0x100154000,0x401044,R
10455,0x100070000,0x401024,R
10456,0x1001e1000,0x401058,R
10457,0x1000f2000,0x4010fc,R
10458,0x100183000,0x401164,R
10459,0x100037000,0x40101c,W
10460,0x10000a000,0x401004,R
10461,0x100010000,0x401098,R
10462,0x10005a000,0x4010fc,R
10463,0x10000d000,0x4011d4,W
10464,0x100067000,0x401074,W
10465,0x100039000,0x4011e8,R
10466,0x1000c2000,0x401098,R
10467,0x10006a000,0x401018,R
10468,0x100037000,0x401118,R
10469,0x1001da000,0x401138,R
10470,0x10004b000,0x4010f0,R
10471,0x1001f2000,0x4011a8,W
10472,0x100009000,0x401140,W
10473,0x100187000,0x4011a0,R
10474,0x100021000,0x401050,R
10475,0x1000f1000,0x401138,R
10476,0x1001ce000,0x401158,R
10477,0x100028000,0x4011a0,W
10478,0x10001a000,0x4011e4,R
10479,0x100029000,0x40109c,R
10480,0x100043000,0x401078,R
10481,0x100153000,0x401048,R
10482,0x100142000,0x40114c,W
10483,0x10007a000,0x4011e4,W
10484,0x100003000,0x401104,W
10485,0x1000d5000,0x4010c4,R
10486,0x100006000,0x4010c0,W
10487,0x1001bc000,0x401118,R
10488,0x1001af000,0x40111c,R
10489,0x100005000,0x4010c0,W
10490,0x1001c7000,0x401070,R
10491,0x100191000,0x4011bc,R
10492,0x100031000,0x401164,W
10493,0x1001ce000,0x401174,R
10494,0x100006000,0x401164,W
10495,0x100027000,0x40112c,R
10496,0x100014000,0x40117c,R
10497,0x100036000,0x401144,W
10498,0x100025000,0x4010a0,R
10499,0x100195000,0x4010ac,W
10500,0x1001d9000,0x4011b0,R
10501,0x100036000,0x401134,R
10502,0x10015d000,0x401064,R
10503,0x10001c000,0x4011d4,W
10504,0x100002000,0x401018,W
10505,0x10003c000,0x401090,R
10506,0x100007000,0x40116c,R
10507,0x100006000,0x4010c0,W
10508,0x1001d5000,0x401070,R
10509,0x1001bd000,0x4011a4,R
10510,0x10019f000,0x4011ac,R
10511,0x100050000,0x401018,W
10512,0x100020000,0x4010c0,W
10513,0x1001ff000,0x401014,R
10514,0x1000ed000,0x401080,R
10515,0x100004000,0x401058,W
10516,0x1001a2000,0x401000,R
10517,0x1001f2000,0x401140,R
10518,0x100033000,0x401054,W
10519,0x10013d000,0x401168,R
10520,0x100027000,0x40114c,R
10521,0x10001f000,0x4011e4,W
10522,0x10012b000,0x401198,R
10523,0x100012000,0x4010f4,R
10524,0x1001f3000,0x401024,R
10525,0x1001f1000,0x4011ac,R
10526,0x10003e000,0x4011b0,R
10527,0x100026000,0x401000,R
10528,0x1001cd000,0x40115c,R
10529,0x100073000,0x4010e8,R
10530,0x10010f000,0x40105c,R
10531,0x1001fd000,0x4010e8,R
10532,0x1001f8000,0x401004,R
10533,0x1001a5000,0x4010c8,R
10534,0x100030000,0x401088,R
10535,0x100001000,0x4011fc,W
10536,0x100014000,0x40102c,W
10537,0x10002a000,0x401158,W
10538,0x100118000,0x401030,R
10539,0x10019e000,0x401040,R
10540,0x10001e000,0x401054,W
10541,0x10000a000,0x401150,R
10542,0x100025000,0x40111c,R
10543,0x100195000,0x40113c,R
10544,0x1001be000,0x401194,W
10545,0x100195000,0x401134,R
10546,0x100035000,0x4011ec,R
10547,0x1000c5000,0x4011dc,R
10548,0x100053000,0x401010,R
10549,0x100001000,0x401184,R
10550,0x1000da000,0x401190,R
10551,0x10011f000,0x40102c,R
10552,0x100014000,0x401168,R
10553,0x1001ab000,0x401064,W
10554,0x10000e000,0x4010bc,R
10555,0x100031000,0x4010e4,R
10556,0x100002000,0x401170,W
10557,0x10019a000,0x4010c4,R
10558,0x100184000,0x4010bc,R
10559,0x10011b000,0x4010c8,R
10560,0x100027000,0x401128,R
10561,0x100185000,0x4011dc,R
10562,0x100192000,0x4011d8,R
10563,0x100012000,0x401050,R
10564,0x100008000,0x4010a4,W
10565,0x100005000,0x4011b4,W
10566,0x100004000,0x401088,W
10567,0x100019000,0x4010d0,R
10568,0x10002d000,0x4011fc,R
10569,0x100006000,0x4010c0,R
10570,0x100135000,0x401054,R
10571,0x100019000,0x401088,W
10572,0x10002f000,0x40107c,R
10573,0x1001dd000,0x4011c0,R
10574,0x100139000,0x4010a4,R
10575,0x10003b000,0x40119c,R
10576,0x100027000,0x4011ac,W
10577,0x100151000,0x40100c,R
10578,0x100020000,0x401110,R
10579,0x1001b3000,0x4011cc,W
10580,0x100011000,0x401034,R
10581,0x1000d6000,0x4010f0,R
10582,0x10002b000,0x4010c4,R
10583,0x100038000,0x401158,W
10584,0x100001000,0x4010d0,W
10585,0x100037000,0x40108c,R
10586,0x10001c000,0x401048,R
10587,0x100023000,0x401124,R
10588,0x1001ab000,0x40115c,R
10589,0x100039000,0x4010e0,R
10590,0x10001c000,0x401070,R
10591,0x100020000,0x401080,R
10592,0x100013000,0x401128,R
10593,0x10002b000,0x401168,W
10594,0x100078000,0x4011c8,R
10595,0x10014d000,0x4011b4,R
10596,0x1001ff000,0x40103c,R
10597,0x10002c000,0x40100c,W
10598,0x100150000,0x401018,R
10599,0x100148000,0x4010c8,R
10600,0x100133000,0x401154,R
10601,0x100037000,0x40102c,W
10602,0x100026000,0x401058,R
10603,0x100017000,0x4010dc,R
10604,0x100024000,0x401004,R
10605,0x100080000,0x401120,R
10606,0x100176000,0x401090,W
10607,0x100023000,0x401128,R
10608,0x10018c000,0x4011f4,R
10609,0x100000000,0x401008,W
10610,0x10001e000,0x40105c,R
10611,0x10000a000,0x4011fc,R
10612,0x1001e0000,0x40107c,W
10613,0x1001ee000,0x4010f8,R
10614,0x100169000,0x4011a0,R
10615,0x100004000,0x4011ec,R
10616,0x10002b000,0x4010e0,R
10617,0x10018d000,0x4011c4,R
10618,0x100142000,0x401170,R
10619,0x100009000,0x4011b8,R
10620,0x100014000,0x4010f8,R
10621,0x100010000,0x4010d8,W
10622,0x1001ef000,0x401008,R
10623,0x1001f8000,0x4011ec,R
10624,0x100025000,0x401064,R
10625,0x100011000,0x4010dc,R
10626,0x1001a0000,0x401190,R
10627,0x100002000,0x401048,W
10628,0x100001000,0x4010bc,R
10629,0x1001e2000,0x401164,W
10630,0x100033000,0x401118,R
10631,0x1001c0000,0x4010f8,R
10632,0x1001da000,0x4010f4,R
10633,0x10000b000,0x4010e8,W
10634,0x100039000,0x401198,R
10635,0x1001ba000,0x4011a8,W
10636,0x1001fe000,0x4011b0,W
10637,0x1001de000,0x401138,R
10638,0x10002d000,0x4011f8,W
10639,0x10000b000,0x401010,W
10640,0x1000e2000,0x4011f8,R
10641,0x1001c9000,0x401138,R
10642,0x100193000,0x40103c,R
10643,0x1001f8000,0x401100,W
10644,0x10003e000,0x4011a8,R
10645,0x100188000,0x401180,R
10646,0x10000a000,0x4010a4,W
10647,0x10019e000,0x4011e8,R
10648,0x1001c2000,0x4011b8,R
10649,0x100013000,0x401078,R
10650,0x1001ef000,0x401048,R
10651,0x100077000,0x401138,R
10652,0x100130000,0x4010fc,R
10653,0x10000a000,0x401008,W
10654,0x1001df000,0x4010e8,R
10655,0x100036000,0x4010c4,R
10656,0x10010f000,0x401188,R
10657,0x100016000,0x40118c,R
10658,0x100121000,0x401174,R
10659,0x1001d5000,0x401014,R
10660,0x10001d000,0x401138,R
10661,0x100036000,0x4011e8,R
10662,0x1001a7000,0x4010d4,R
10663,0x100006000,0x401178,W
10664,0x10002f000,0x4011a0,R
10665,0x100034000,0x4011fc,W
10666,0x100030000,0x401040,R
10667,0x100179000,0x40103c,R
10668,0x100141000,0x401100,R
10669,0x1001ac000,0x4010c8,R
10670,0x1000b6000,0x40114c,R
10671,0x100034000,0x401078,R
10672,0x100191000,0x40115c,R
10673,0x100017000,0x401000,R
10674,0x1001a6000,0x4010ec,R
10675,0x1001d1000,0x4011b4,R
10676,0x1001f6000,0x401134,R
10677,0x100020000,0x401048,R
10678,0x1001ff000,0x40114c,R
10679,0x10002a000,0x4011cc,R
10680,0x100003000,0x4011dc,R
10681,0x10019e000,0x4011f8,R
10682,0x100019000,0x4011c8,R
10683,0x100154000,0x4010d0,R
10684,0x10016d000,0x401120,R
10685,0x1001ee000,0x401170,R
10686,0x100078000,0x401010,R
10687,0x100005000,0x4010d8,W
10688,0x100033000,0x40108c,R
10689,0x1000ef000,0x4011fc,R
10690,0x1000f1000,0x4010e0,W
10691,0x10011e000,0x401194,R
10692,0x10003a000,0x401174,R
10693,0x1001c8000,0x40113c,R
10694,0x10019a000,0x401024,R
10695,0x1001d5000,0x40116c,R
10696,0x100019000,0x4011dc,W
10697,0x1001ec000,0x401104,W
10698,0x1001be000,0x401034,R
10699,0x100121000,0x4011dc,R
10700,0x100001000,0x401020,W
10701,0x100020000,0x401054,R
10702,0x1001b9000,0x401100,R
10703,0x10003c000,0x4010b8,R
10704,0x10019f000,0x40117c,R
10705,0x10001b000,0x40109c,W
10706,0x100014000,0x401074,R
10707,0x10001a000,0x4010d0,W
10708,0x100035000,0x4011c8,R
10709,0x1001b2000,0x4010ac,R
10710,0x1001ae000,0x4010e0,R
10711,0x100024000,0x4010b4,R
10712,0x10003a000,0x4010b4,R
10713,0x1001ff000,0x401004,R
10714,0x100022000,0x4010e4,R
10715,0x10001e000,0x401138,R
10716,0x10000b000,0x4011fc,W
10717,0x10002d000,0x401124,W
10718,0x100003000,0x401010,W
10719,0x100001000,0x40102c,R
10720,0x100000000,0x4011b4,W
10721,0x1001b1000,0x4011f8,R
10722,0x10000e000,0x4010c0,W
10723,0x10002f000,0x401078,R
10724,0x100036000,0x40110c,R
10725,0x1001c7000,0x4011f8,R
10726,0x100015000,0x401110,R
10727,0x1001f0000,0x4011b8,R
10728,0x1001a7000,0x40112c,R
10729,0x100026000,0x4011c4,R
10730,0x100000000,0x4010b4,R
10731,0x10018a000,0x4011bc,R
10732,0x10003c000,0x4011ac,W
10733,0x100143000,0x4010ac,R
10734,0x100025000,0x40113c,R
10735,0x100013000,0x4011e4,R
10736,0x1001ad000,0x4010f0,R
10737,0x100038000,0x401068,R
10738,0x100011000,0x401188,R
10739,0x1001cc000,0x401148,R
10740,0x100038000,0x4011c0,R
10741,0x10002b000,0x401110,R
10742,0x100000000,0x401094,W
10743,0x1001e3000,0x4010b4,R
10744,0x100000000,0x401054,W
10745,0x100192000,0x401110,R
10746,0x10001b000,0x40103c,W
10747,0x100073000,0x40108c,R
10748,0x1000eb000,0x401030,R
10749,0x10018d000,0x40102c,R
10750,0x100124000,0x401010,R
10751,0x1000e2000,0x401070,R
10752,0x10002c000,0x401030,R
10753,0x100031000,0x4011a8,R
10754,0x100004000,0x401088,W
10755,0x10002a000,0x401064,W
10756,0x10001b000,0x4010ec,R
10757,0x100007000,0x4011d4,R
10758,0x10000a000,0x401198,W
10759,0x100032000,0x401030,W
10760,0x100027000,0x4010f0,R
10761,0x100008000,0x401060,W
10762,0x10016c000,0x401154,R
10763,0x1001ad000,0x40116c,R
10764,0x10000e000,0x401030,R
10765,0x10002b000,0x401004,R
10766,0x100011000,0x4011e4,R
10767,0x100022000,0x4010d4,R
10768,0x1001b4000,0x4011fc,R
10769,0x10019e000,0x4011bc,R
10770,0x100023000,0x4011bc,W
10771,0x100003000,0x401158,R
10772,0x1000b5000,0x401198,R
10773,0x1001eb000,0x4010bc,R
10774,0x1001ac000,0x401170,R
10775,0x10003d000,0x401008,R
10776,0x1000f2000,0x4010d0,R
10777,0x100031000,0x401180,R
10778,0x100072000,0x4011f8,R
10779,0x1001d1000,0x401198,R
10780,0x100081000,0x4010a0,R
10781,0x10001b000,0x4011b4,R
10782,0x100108000,0x4011c0,R
10783,0x100142000,0x4011e8,R
10784,0x1001d6000,0x401194,R
10785,0x100007000,0x4011e8,W
10786,0x100048000,0x401190,R
10787,0x1001b3000,0x401060,R
10788,0x100016000,0x401010,R
10789,0x1001e6000,0x4011c4,W
10790,0x10003e000,0x401138,W
10791,0x100032000,0x401114,W
10792,0x100032000,0x4011d4,R
10793,0x100052000,0x40101c,R
10794,0x1001ce000,0x4010c0,R
10795,0x10012b000,0x401174,R
10796,0x100003000,0x401130,W
10797,0x1001d5000,0x401124,R
10798,0x100021000,0x401050,W
10799,0x100015000,0x401064,R
10800,0x100016000,0x40117c,W
10801,0x100013000,0x40101c,R
10802,0x100011000,0x4011c4,R
10803,0x10000c000,0x401124,R
10804,0x100007000,0x401034,W
10805,0x10011a000,0x4010e8,R
10806,0x10010d000,0x4010f4,R
10807,0x10001b000,0x4010f0,W
10808,0x10001e000,0x401064,R
10809,0x100039000,0x401184,R
10810,0x1000ce000,0x401048,R
10811,0x1001d4000,0x401030,R
10812,0x1001b8000,0x4011b4,W
10813,0x100025000,0x40108c,W
10814,0x1001a0000,0x401184,W
10815,0x100004000,0x40110c,W
10816,0x1001f4000,0x401178,R
10817,0x10001c000,0x401128,R
10818,0x1001a5000,0x4011c8,R
10819,0x10002b000,0x4011e0,R
10820,0x100035000,0x4011a0,R
10821,0x1000f2000,0x40105c,R
10822,0x100002000,0x401104,R
10823,0x1001cd000,0x401178,R
10824,0x10003d000,0x401008,R
10825,0x100011000,0x4011a8,R
10826,0x1001a4000,0x40115c,R
10827,0x10003e000,0x401098,R
10828,0x100021000,0x401018,R
10829,0x100055000,0x4010bc,R
10830,0x1001ac000,0x4010f8,R
10831,0x100134000,0x401104,R
10832,0x10000d000,0x4011d8,W
10833,0x100018000,0x4010cc,R
10834,0x1001ec000,0x4010c4,R
10835,0x100015000,0x401070,W
10836,0x10009e000,0x401128,W
10837,0x100017000,0x401098,R
10838,0x10003b000,0x4011fc,R
10839,0x100029000,0x40100c,R
10840,0x100024000,0x4011d0,R
10841,0x100029000,0x401064,R
10842,0x100005000,0x4011dc,W
10843,0x10000a000,0x401058,W
10844,0x100011000,0x401100,R
10845,0x10006e000,0x401024,R
10846,0x1001da000,0x401158,R
10847,0x10001d000,0x401084,R
10848,0x100003000,0x401050,W
10849,0x10000f000,0x40119c,R
10850,0x10001f000,0x4011d8,R
10851,0x10001d000,0x40118c,W
10852,0x1001f0000,0x4011c0,R
10853,0x10003c000,0x4011ac,R
10854,0x1001fb000,0x40100c,R
10855,0x10001b000,0x401044,R
10856,0x100188000,0x4011c0,R
10857,0x10001e000,0x401164,W
10858,0x100133000,0x4011d4,R
10859,0x1001b0000,0x40118c,R
10860,0x1001a2000,0x40118c,R
10861,0x1001ac000,0x40118c,R
10862,0x10003c000,0x4011fc,W
10863,0x1001d6000,0x4010e0,R
10864,0x10001d000,0x4010f8,R
10865,0x1001bb000,0x401030,R
10866,0x100005000,0x4010f0,R
10867,0x100019000,0x4010c8,R
10868,0x100020000,0x40104c,R
10869,0x1001db000,0x401010,R
10870,0x10001c000,0x40118c,R
10871,0x100029000,0x4011d8,R
10872,0x100008000,0x401124,W
10873,0x100019000,0x4011dc,W
10874,0x10001b000,0x401190,R
10875,0x1000e4000,0x401048,W
10876,0x100013000,0x40115c,W
10877,0x1001a6000,0x4011f0,R
10878,0x10014c000,0x4010a4,R
10879,0x10010c000,0x4010bc,R
10880,0x100018000,0x4010c0,R
10881,0x100010000,0x401150,W
10882,0x100031000,0x4011f4,R
10883,0x100155000,0x401064,R
10884,0x1000fb000,0x40109c,R
10885,0x10005c000,0x401060,W
10886,0x1001a9000,0x40102c,R
10887,0x100032000,0x4010a4,R
10888,0x100008000,0x401154,W
10889,0x1001e1000,0x4011cc,R
10890,0x10010d000,0x4010d4,R
10891,0x1001df000,0x401074,R
10892,0x1001f5000,0x40112c,R
10893,0x100120000,0x4011b4,R
10894,0x100035000,0x4010ec,R
10895,0x100008000,0x4011bc,R
10896,0x100039000,0x4010e4,R
10897,0x1000d6000,0x4010c8,R
10898,0x100061000,0x401108,R
10899,0x10007c000,0x4010dc,R
10900,0x10009b000,0x40119c,W
10901,0x10003b000,0x401080,R
10902,0x100000000,0x401128,W
10903,0x100025000,0x4010c4,R
10904,0x10002b000,0x401180,W
10905,0x10008c000,0x401054,R
10906,0x1001aa000,0x40110c,W
10907,0x1001dc000,0x401100,W
10908,0x10002d000,0x40100c,R
10909,0x10001f000,0x4010bc,R
10910,0x100012000,0x401188,R
10911,0x100015000,0x401034,R
10912,0x1001ef000,0x40118c,R
10913,0x10008f000,0x401018,W
10914,0x100002000,0x4011f8,W
10915,0x10002e000,0x4010b8,R
10916,0x10002f000,0x401158,W
10917,0x1001d0000,0x401174,R
10918,0x1001ea000,0x40116c,R
10919,0x1000c5000,0x4010dc,R
10920,0x100038000,0x401108,R
10921,0x10002c000,0x401114,R
10922,0x100188000,0x4010c8,R
10923,0x10011a000,0x401190,W
10924,0x100019000,0x401050,W
10925,0x100079000,0x40108c,R
10926,0x10002e000,0x4010d0,W
10927,0x10000d000,0x4010ec,W
10928,0x1001e7000,0x401070,R
10929,0x10002f000,0x4010f4,W
10930,0x1001d0000,0x4011d8,R
10931,0x100110000,0x401090,R
10932,0x100112000,0x401058,R
10933,0x10001a000,0x4010b4,W
10934,0x100103000,0x4011f8,R
10935,0x100017000,0x4011a4,R
10936,0x100008000,0x4011f4,W
10937,0x100004000,0x401188,R
10938,0x1001c2000,0x401014,R
10939,0x100022000,0x40109c,W
10940,0x1001e1000,0x4010c0,R
10941,0x100186000,0x401108,R
10942,0x100102000,0x4010b4,R
10943,0x1001fc000,0x401198,R
10944,0x10000c000,0x4010f4,W
10945,0x10003a000,0x401164,R
10946,0x100004000,0x401158,W
10947,0x10013c000,0x401138,R
10948,0x1001f6000,0x4010cc,R
10949,0x100032000,0x40108c,R
10950,0x1001cb000,0x40109c,W
10951,0x100059000,0x40111c,R
10952,0x100023000,0x4011c0,R
10953,0x1001d8000,0x401054,R
10954,0x100020000,0x401018,R
10955,0x10006e000,0x401180,R
10956,0x10003a000,0x40100c,W
10957,0x1000e9000,0x401004,R
10958,0x100193000,0x4011bc,R
10959,0x100022000,0x4011a0,W
10960,0x1001b4000,0x4010e4,R
10961,0x1001f4000,0x401000,R
10962,0x100017000,0x4010b8,R
10963,0x100005000,0x4010dc,R
10964,0x100014000,0x40109c,R
10965,0x1000d7000,0x4011a4,R
10966,0x100030000,0x401090,W
10967,0x100142000,0x401058,W
10968,0x100008000,0x40107c,W
10969,0x100009000,0x40108c,W
10970,0x10002b000,0x4010d4,R
10971,0x1001f6000,0x4010e0,R
10972,0x10001a000,0x4010e8,R
10973,0x100156000,0x4010f0,R
10974,0x100036000,0x401064,W
10975,0x100190000,0x4011e8,R
10976,0x100189000,0x401118,R
10977,0x100024000,0x401144,R
10978,0x100022000,0x401168,R
10979,0x100013000,0x401028,R
10980,0x10003e000,0x401118,W
10981,0x10002c000,0x4011d8,R
10982,0x100024000,0x40108c,R
10983,0x10003b000,0x40107c,W
10984,0x100145000,0x4010ec,R
10985,0x100000000,0x401114,R
10986,0x100164000,0x401020,R
10987,0x10000c000,0x401020,W
10988,0x100016000,0x401044,R
10989,0x10003d000,0x401138,R
10990,0x100012000,0x40101c,W
10991,0x10001d000,0x4011ac,R
10992,0x1001d1000,0x401008,R
10993,0x100038000,0x401180,W
10994,0x100066000,0x401168,W
10995,0x100036000,0x401020,R
10996,0x1001f5000,0x4010a8,R
10997,0x1001f6000,0x4010c0,R
10998,0x10018e000,0x4011ec,R
10999,0x100013000,0x40115c,R
11000,0x1000b4000,0x4011a8,R
11001,0x10000e000,0x401058,W
11002,0x100129000,0x4010bc,W
11003,0x100013000,0x40104c,R
11004,0x100034000,0x401024,W
11005,0x100017000,0x40118c,R
11006,0x1001f4000,0x4010f4,R
11007,0x100040000,0x401024,R
11008,0x1001ab000,0x4010d4,R
11009,0x10000f000,0x401184,R
11010,0x1001aa000,0x40110c,R
11011,0x1001da000,0x401088,R
11012,0x1001da000,0x4011b0,W
11013,0x100025000,0x4010a0,R
11014,0x100180000,0x401138,R
11015,0x100011000,0x40109c,R
11016,0x1000a6000,0x4010e8,R
11017,0x100007000,0x4011e8,W
11018,0x10002a000,0x4010d8,R
11019,0x100176000,0x4010e0,W
11020,0x100024000,0x4010e8,W
11021,0x1001a4000,0x401088,R
11022,0x10000c000,0x401164,R
11023,0x10002f000,0x4011c8,R
11024,0x100003000,0x4010e0,W
11025,0x100016000,0x401174,W
11026,0x1001c6000,0x401094,R
11027,0x10019d000,0x401140,W
11028,0x1001d2000,0x401084,W
11029,0x100014000,0x401004,R
11030,0x1001d8000,0x401184,R
11031,0x10003b000,0x401080,R
11032,0x10018b000,0x401148,R
11033,0x100029000,0x401000,W
11034,0x100008000,0x401088,R
11035,0x10003f000,0x4010f4,R
11036,0x100001000,0x401170,R
11037,0x100012000,0x4010c8,R
11038,0x10017c000,0x401128,R
11039,0x10018c000,0x401158,W
11040,0x1001c0000,0x401144,R
11041,0x100038000,0x4010ec,W
11042,0x1001d8000,0x40119c,R
11043,0x10003a000,0x401180,R
11044,0x10002d000,0x401054,W
11045,0x100198000,0x401168,R
11046,0x100098000,0x401020,W
11047,0x10018d000,0x401130,R
11048,0x1001d9000,0x401060,R
11049,0x10003a000,0x4010b8,W
11050,0x100037000,0x401008,R
11051,0x100015000,0x401190,R
11052,0x100025000,0x401154,R
11053,0x10018f000,0x4010f0,R
11054,0x10005e000,0x401128,R
11055,0x100037000,0x401060,R
11056,0x1001f9000,0x401094,R
11057,0x10002d000,0x401110,R
11058,0x1001c5000,0x401010,R
11059,0x100008000,0x4010f4,R
11060,0x1001a8000,0x40118c,W
11061,0x100000000,0x401120,W
11062,0x100113000,0x4010cc,R
11063,0x10001d000,0x40107c,W
11064,0x1001a2000,0x40110c,R
11065,0x10003b000,0x4010e4,R
11066,0x100025000,0x401164,W
11067,0x1000c5000,0x4010bc,R
11068,0x100072000,0x40116c,R
11069,0x100072000,0x4010c4,R
11070,0x100117000,0x40105c,R
11071,0x1001f1000,0x401114,R
11072,0x10019a000,0x40113c,R
11073,0x100004000,0x4011ac,R
11074,0x1001e2000,0x401110,R
11075,0x1001c2000,0x401120,R
11076,0x100033000,0x401050,R
11077,0x100110000,0x4011c0,R
11078,0x1001f6000,0x4010c8,R
11079,0x100028000,0x4011a4,R
11080,0x10000f000,0x401130,W
11081,0x10001d000,0x40103c,R
11082,0x10005c000,0x401058,R
11083,0x100001000,0x4011b8,W
11084,0x100017000,0x401118,R
11085,0x100121000,0x401168,R
11086,0x100123000,0x4010dc,R
11087,0x100015000,0x40114c,W
11088,0x1001e1000,0x40100c,R
11089,0x100023000,0x401048,R
11090,0x1001aa000,0x401020,R
11091,0x1000cc000,0x4011fc,R
11092,0x10002b000,0x401154,R
11093,0x10002a000,0x4010c8,R
11094,0x10001b000,0x401088,R
11095,0x1001f8000,0x4011ac,R
11096,0x100005000,0x401068,W
11097,0x10016e000,0x401168,R
11098,0x1000f4000,0x4011e0,R
11099,0x100016000,0x4011d0,R
11100,0x100020000,0x401148,R
11101,0x100008000,0x4011e8,W
11102,0x100017000,0x4010e4,R
11103,0x10019f000,0x40117c,R
11104,0x1001de000,0x401034,R
11105,0x10003b000,0x401144,R
11106,0x100011000,0x401140,R
11107,0x100005000,0x401000,W
11108,0x100026000,0x401044,R
11109,0x100039000,0x401130,R
11110,0x100062000,0x40112c,R
11111,0x100011000,0x4010b4,R
11112,0x100012000,0x401148,R
11113,0x1001f7000,0x401140,R
11114,0x100186000,0x401118,R
11115,0x100024000,0x401108,R
11116,0x1001c2000,0x40100c,R
11117,0x100039000,0x4010a4,W
11118,0x10011c000,0x401048,R
11119,0x1001ff000,0x40109c,R
11120,0x100194000,0x40111c,R
11121,0x100015000,0x4011e4,R
11122,0x10000c000,0x40104c,W
11123,0x100016000,0x4011c8,R
11124,0x10002e000,0x40109c,W
11125,0x1000ae000,0x401104,R
11126,0x100025000,0x4011a4,R
11127,0x1001dc000,0x40119c,R
11128,0x10007f000,0x4010ac,R
11129,0x1001ab000,0x4011a4,R
11130,0x1000f6000,0x4011c0,R
11131,0x1000b7000,0x4011b4,R
11132,0x100053000,0x401034,R
11133,0x100166000,0x40107c,R
11134,0x1001a3000,0x4010a8,W
11135,0x1001ac000,0x401140,R
11136,0x1001f9000,0x401018,R
11137,0x100030000,0x401110,W
11138,0x100092000,0x401014,R
11139,0x100036000,0x40118c,R
11140,0x100005000,0x4010f4,W
11141,0x100037000,0x401090,R
11142,0x10012b000,0x401134,W
11143,0x1000d8000,0x401008,R
11144,0x10006d000,0x4010f4,R
11145,0x1001d0000,0x4010d8,R
11146,0x1001f7000,0x40118c,R
11147,0x10011e000,0x4010d8,R
11148,0x10001c000,0x40112c,R
11149,0x10002c000,0x401188,W
11150,0x100003000,0x401098,W
11151,0x100196000,0x4010ac,R
11152,0x100016000,0x4010b0,W
11153,0x1000bc000,0x4011d4,R
11154,0x100031000,0x4011ac,R
11155,0x100017000,0x4011b0,R
11156,0x100063000,0x4011f0,R
11157,0x10017a000,0x401194,R
11158,0x100016000,0x4010b4,R
11159,0x1001cc000,0x4011c4,R
11160,0x1000ff000,0x401070,R
11161,0x10015e000,0x4011d8,R
11162,0x1001d0000,0x401098,R
11163,0x1001d7000,0x401164,W
11164,0x1000d6000,0x4010d0,R
11165,0x10002f000,0x401110,W
11166,0x10004b000,0x401044,R
11167,0x100034000,0x4010b4,R
11168,0x100001000,0x4011b8,W
11169,0x100014000,0x4010a8,R
11170,0x100036000,0x401178,R
11171,0x1000a9000,0x401024,R
11172,0x1001d7000,0x401130,R
11173,0x1001ef000,0x401160,R
11174,0x10015d000,0x401074,W
11175,0x100030000,0x4010c4,W
11176,0x10002e000,0x401198,R
11177,0x100199000,0x401098,R
11178,0x10018b000,0x4010e0,R
11179,0x10001a000,0x401030,R
11180,0x10000a000,0x4011d8,R
11181,0x100110000,0x401070,R
11182,0x1000cb000,0x401144,R
11183,0x100020000,0x4010e8,R
11184,0x1001ec000,0x4011bc,R
11185,0x10002a000,0x401040,R
11186,0x100056000,0x401098,R
11187,0x1001d2000,0x401080,W
11188,0x100101000,0x4010fc,R
11189,0x100002000,0x401020,R
11190,0x1001ee000,0x401128,R
11191,0x10003a000,0x4011fc,R
11192,0x100038000,0x401134,R
11193,0x10002c000,0x4010e4,W
11194,0x10003c000,0x401134,W
11195,0x10003e000,0x4010ac,R
11196,0x100007000,0x401138,W
11197,0x100020000,0x40114c,R
11198,0x10001b000,0x401164,W
11199,0x100002000,0x40119c,W
11200,0x1001a8000,0x401198,W
11201,0x1000e1000,0x401010,R
11202,0x100034000,0x40107c,R
11203,0x10001c000,0x401070,W
11204,0x10001a000,0x401104,R
11205,0x10002a000,0x40110c,R
11206,0x100039000,0x4011dc,R
11207,0x100020000,0x401108,R
11208,0x100025000,0x401154,R
11209,0x1000d3000,0x401028,R
11210,0x100020000,0x401094,W
11211,0x10010d000,0x4010a8,R
11212,0x1000e3000,0x401178,R
11213,0x1001b4000,0x401000,R
11214,0x100005000,0x401174,W
11215,0x1000b8000,0x4011b0,R
11216,0x100006000,0x401184,R
11217,0x1000f8000,0x401040,R
11218,0x1001d5000,0x4011fc,R
11219,0x100038000,0x40112c,W
11220,0x10002b000,0x40118c,R
11221,0x1001b8000,0x4011c4,R
11222,0x100191000,0x40115c,R
11223,0x100000000,0x401050,W
11224,0x100004000,0x401118,R
11225,0x100029000,0x401114,R
11226,0x100038000,0x4010a8,W
11227,0x1001ec000,0x4011bc,R
11228,0x1001dd000,0x4011f8,W
11229,0x100039000,0x4010c4,R
11230,0x100129000,0x4011e0,R
11231,0x10000d000,0x401004,W
11232,0x100016000,0x40107c,R
11233,0x100001000,0x401150,W
11234,0x100198000,0x40103c,R
11235,0x10000c000,0x401028,W
11236,0x100024000,0x4011a8,R
11237,0x100012000,0x401160,R
11238,0x1001ba000,0x4010a8,R
11239,0x10002f000,0x401130,R
11240,0x100007000,0x401084,W
11241,0x1001f1000,0x4011f8,R
11242,0x1001c8000,0x4010c4,R
11243,0x10007e000,0x4010a8,R
11244,0x100118000,0x4010fc,R
11245,0x10005b000,0x401110,W
11246,0x100021000,0x401054,W
11247,0x1001f4000,0x4010fc,R
11248,0x1001dc000,0x40104c,W
11249,0x10001a000,0x40111c,W
11250,0x100004000,0x40100c,W
11251,0x100039000,0x401180,R
11252,0x100177000,0x401110,R
11253,0x10010d000,0x40101c,R
11254,0x10013a000,0x401038,R
11255,0x1001e8000,0x4010d8,R
11256,0x100025000,0x40100c,R
11257,0x100029000,0x4010a8,R
11258,0x1000b1000,0x401010,W
11259,0x100017000,0x40109c,R
11260,0x100006000,0x401090,W
11261,0x100106000,0x401140,R
11262,0x10003a000,0x401034,W
11263,0x100028000,0x4010d8,R
11264,0x100133000,0x40110c,R
11265,0x100026000,0x401140,R
11266,0x100162000,0x4010f4,R
11267,0x100035000,0x401074,R
11268,0x10018a000,0x401194,R
11269,0x10003e000,0x401078,R
11270,0x10000f000,0x401050,R
11271,0x10002c000,0x4011c4,W
11272,0x10003b000,0x401024,R
11273,0x10000e000,0x4011f8,R
11274,0x10000d000,0x4011d8,W
11275,0x10003a000,0x401028,R
11276,0x10000c000,0x401054,R
11277,0x100189000,0x401190,R
11278,0x1001ca000,0x401068,R
11279,0x100019000,0x4011c4,R
11280,0x100158000,0x401134,W
11281,0x1001b6000,0x4010f0,R
11282,0x1000ac000,0x4010a8,W
11283,0x100021000,0x401144,W
11284,0x1001dd000,0x4011ac,W
11285,0x10002a000,0x4010ec,R
11286,0x10000b000,0x401004,W
11287,0x10003c000,0x40108c,R
11288,0x100032000,0x401104,R
11289,0x100002000,0x401128,W
11290,0x100019000,0x4011dc,W
11291,0x1001e9000,0x4011f4,R
11292,0x1001cb000,0x401190,R
11293,0x100027000,0x40109c,W
11294,0x100036000,0x40107c,R
11295,0x10002c000,0x401100,R
11296,0x10009d000,0x4010c0,R
11297,0x10010b000,0x4011fc,R
11298,0x1000be000,0x401100,R
11299,0x10003a000,0x4011bc,W
11300,0x1000e7000,0x40115c,R
11301,0x100007000,0x401138,R
11302,0x100001000,0x401050,R
11303,0x100006000,0x4010f8,R
11304,0x100039000,0x4010f4,R
11305,0x100159000,0x401004,R
11306,0x100199000,0x401000,R
11307,0x100033000,0x40107c,R
11308,0x100026000,0x4010e8,R
11309,0x100191000,0x401128,R
11310,0x100005000,0x4011cc,W
11311,0x1001ab000,0x401138,R
11312,0x1001d3000,0x401020,R
11313,0x100004000,0x401058,W
11314,0x1001fb000,0x40104c,R
11315,0x100192000,0x4010f0,R
11316,0x100021000,0x401000,W
11317,0x1001d1000,0x401148,R
11318,0x1000a7000,0x401104,R
11319,0x100027000,0x401184,R
11320,0x10003a000,0x401018,R
11321,0x10011c000,0x4010e4,R
11322,0x100001000,0x401174,W
11323,0x100021000,0x401024,R
11324,0x100018000,0x40113c,R
11325,0x1001c6000,0x401104,W
11326,0x100019000,0x401090,R
11327,0x10018a000,0x401194,R
11328,0x100024000,0x401108,R
11329,0x100018000,0x4011d4,W
11330,0x10001e000,0x4010a8,W
11331,0x100006000,0x4010ec,W
11332,0x100102000,0x401178,W
11333,0x100193000,0x4011f4,R
11334,0x10000b000,0x401100,R
11335,0x1000ba000,0x4010ac,R
11336,0x10003c000,0x4010c4,R
11337,0x10000b000,0x4011a0,W
11338,0x10018b000,0x401008,R
11339,0x100041000,0x4011e0,W
11340,0x10003a000,0x401194,R
11341,0x10000c000,0x401034,R
11342,0x1001e0000,0x401190,R
11343,0x100030000,0x4011ec,R
11344,0x100006000,0x401048,W
11345,0x100017000,0x401180,R
11346,0x10017f000,0x401088,R
11347,0x1001a9000,0x401190,R
11348,0x10014a000,0x40118c,W
11349,0x100031000,0x401058,R
11350,0x10000a000,0x401068,R
11351,0x100164000,0x401184,R
11352,0x100033000,0x401124,W
11353,0x10017e000,0x4010a4,W
11354,0x10010b000,0x401188,R
11355,0x10003c000,0x40105c,R
11356,0x100020000,0x4011f8,R
11357,0x1000ae000,0x401028,R
11358,0x100032000,0x4011bc,W
11359,0x1001cc000,0x4010d8,R
11360,0x100018000,0x401124,W
11361,0x1001ca000,0x4010cc,R
11362,0x10018d000,0x4010d4,R
11363,0x10000b000,0x40109c,W
11364,0x100023000,0x40103c,R
11365,0x10019d000,0x401128,R
11366,0x100098000,0x4010cc,R
11367,0x100023000,0x4011c8,R
11368,0x10010f000,0x4011bc,W
11369,0x1001de000,0x4010b0,R
11370,0x100033000,0x4010b0,R
11371,0x100021000,0x4010dc,R
11372,0x100111000,0x4011b8,R
11373,0x100024000,0x4011d0,R
11374,0x10001a000,0x401058,R
11375,0x100006000,0x401148,W
11376,0x1001ac000,0x40119c,R
11377,0x10002b000,0x401004,R
11378,0x10001d000,0x401034,R
11379,0x100016000,0x4011ac,R
11380,0x100035000,0x4011ec,R
11381,0x10011d000,0x401124,R
11382,0x1001c1000,0x4010a8,R
11383,0x10003f000,0x4010b0,W
11384,0x100013000,0x401090,R
11385,0x10019b000,0x401034,R
11386,0x10019e000,0x4010a8,R
11387,0x1000be000,0x401110,R
11388,0x10001b000,0x40101c,R
11389,0x10010a000,0x40111c,R
11390,0x100025000,0x401194,R
11391,0x100032000,0x401148,R
11392,0x100005000,0x4011ac,W
11393,0x1000b0000,0x401034,R
11394,0x100185000,0x401124,W
11395,0x100022000,0x4010e8,R
11396,0x100006000,0x40117c,R
11397,0x1001b0000,0x401198,W
11398,0x100013000,0x401134,R
11399,0x10002e000,0x4011c0,W
11400,0x10000b000,0x401148,W
11401,0x1001ad000,0x401080,R
11402,0x100085000,0x4011e4,R
11403,0x1001df000,0x40110c,R
11404,0x1000ab000,0x401084,R
11405,0x100194000,0x401018,R
11406,0x1001ae000,0x401184,R
11407,0x100026000,0x401134,R
11408,0x10003c000,0x401138,R
11409,0x100019000,0x4011dc,R
11410,0x10001c000,0x4010f4,R
11411,0x100018000,0x4010d0,R
11412,0x10001b000,0x40114c,W
11413,0x10003e000,0x401004,R
11414,0x100031000,0x401034,R
11415,0x10000b000,0x4010e0,W
11416,0x1001aa000,0x401008,R
11417,0x1001c2000,0x4011b8,R
11418,0x100013000,0x40105c,W
11419,0x100036000,0x401038,R
11420,0x1001de000,0x401194,R
11421,0x100014000,0x40101c,R
11422,0x10018b000,0x4011f8,R
11423,0x100027000,0x401130,R
11424,0x1001b2000,0x4011b0,R
11425,0x100068000,0x40109c,R
11426,0x100008000,0x40104c,W
11427,0x100186000,0x4011e4,R
11428,0x1001b2000,0x4011b4,R
11429,0x100003000,0x40106c,W
11430,0x10001c000,0x4011a0,R
11431,0x100046000,0x4010dc,R
11432,0x10001e000,0x401080,R
11433,0x1000c8000,0x401034,W
11434,0x100046000,0x401138,R
11435,0x10002b000,0x401148,R
11436,0x10018c000,0x40109c,R
11437,0x1000e9000,0x4010d8,R
11438,0x10001a000,0x40100c,R
11439,0x10007a000,0x401030,R
11440,0x1001ea000,0x401020,R
11441,0x1000b7000,0x40115c,W
11442,0x10001e000,0x401038,R
11443,0x100057000,0x4010f8,R
11444,0x1001aa000,0x4010cc,R
11445,0x100003000,0x4010b4,R
11446,0x1001a0000,0x401054,R
11447,0x100084000,0x40111c,R
11448,0x10002b000,0x4010e4,W
11449,0x100006000,0x401128,W
11450,0x100003000,0x401000,W
11451,0x10000b000,0x40116c,W
11452,0x100009000,0x401054,W
11453,0x1001d1000,0x401138,R
11454,0x10002d000,0x401184,R
11455,0x10012e000,0x401050,R
11456,0x100051000,0x401020,R
11457,0x10000a000,0x40116c,W
11458,0x100013000,0x401014,R
11459,0x100017000,0x4011a0,R
11460,0x1001e5000,0x4011d4,R
11461,0x100024000,0x401020,R
11462,0x10003d000,0x40106c,W
11463,0x1001c8000,0x401004,R
11464,0x10003f000,0x401100,R
11465,0x100084000,0x4010f0,R
11466,0x100031000,0x4010d4,R
11467,0x100059000,0x401060,R
11468,0x100008000,0x401150,W
11469,0x1000d7000,0x4011b8,R
11470,0x10001a000,0x4010f8,R
11471,0x100018000,0x401120,R
11472,0x1001e1000,0x401130,R
11473,0x10000c000,0x4011e8,W
11474,0x1001cd000,0x40110c,R
11475,0x100027000,0x401018,R
11476,0x1001cd000,0x401128,R
11477,0x100085000,0x401128,R
11478,0x100009000,0x4010d0,W
11479,0x10018f000,0x40117c,R
11480,0x10002e000,0x401174,R
11481,0x10001b000,0x40103c,R
11482,0x100017000,0x401000,W
11483,0x100033000,0x4011d0,W
11484,0x10018e000,0x40119c,R
11485,0x1000ff000,0x401034,R
11486,0x10009c000,0x401040,R
11487,0x100039000,0x4011b4,R
11488,0x100017000,0x401170,R
11489,0x100187000,0x4011f0,R
11490,0x100158000,0x40108c,R
11491,0x1001f0000,0x401154,R
11492,0x1000ad000,0x40113c,R
11493,0x10001d000,0x4010fc,R
11494,0x1001c9000,0x4011b8,R
11495,0x10002d000,0x4010b8,R
11496,0x1001c8000,0x4011e0,R
11497,0x10007e000,0x401168,R
11498,0x100041000,0x4010e8,R
11499,0x100002000,0x401070,W
11500,0x1001cc000,0x401164,R
11501,0x100128000,0x401058,R
11502,0x1000c8000,0x401060,R
11503,0x100011000,0x4011b0,R
11504,0x1001f1000,0x40105c,R
11505,0x1001cf000,0x4010a4,R
11506,0x10009d000,0x40118c,W
11507,0x100006000,0x40103c,R
11508,0x1001ea000,0x401090,R
11509,0x100001000,0x4011c0,R
11510,0x1000a8000,0x4010f4,W
11511,0x10002d000,0x401080,R
11512,0x10019e000,0x4011ec,W
11513,0x10001d000,0x401118,W
11514,0x10000e000,0x401134,W
11515,0x1001de000,0x4010b4,R
11516,0x10002d000,0x4011f0,W
11517,0x100157000,0x4011e4,R
11518,0x100002000,0x401074,W
11519,0x1001f6000,0x401090,R
11520,0x10000b000,0x401138,W
11521,0x10009e000,0x4011d4,R
11522,0x1001be000,0x4010bc,R
11523,0x100010000,0x401168,W
11524,0x10002d000,0x401028,R
11525,0x10000c000,0x4010fc,W
11526,0x100024000,0x401140,R
11527,0x1001da000,0x401198,W
11528,0x100000000,0x401160,W
11529,0x1001f9000,0x4010a8,R
11530,0x10011e000,0x401180,R
11531,0x10000b000,0x40115c,R
11532,0x10002c000,0x4011b8,R
11533,0x10000f000,0x401018,R
11534,0x100023000,0x401154,R
11535,0x100190000,0x401144,R
11536,0x100020000,0x4011fc,W
11537,0x1001cd000,0x401168,R
11538,0x100031000,0x40108c,R
11539,0x1001d3000,0x40119c,W
11540,0x100032000,0x40102c,W
11541,0x1001f5000,0x401048,R
11542,0x100039000,0x4011bc,W
11543,0x1000d1000,0x401074,W
11544,0x100185000,0x40117c,R
11545,0x10002f000,0x401098,R
11546,0x1000b8000,0x401130,R
11547,0x1001a3000,0x401068,W
11548,0x1001c9000,0x40104c,W
11549,0x100017000,0x401018,R
11550,0x100028000,0x4011e4,W
11551,0x100025000,0x4011cc,W
11552,0x100052000,0x401010,R
11553,0x10007b000,0x4010c0,R
11554,0x1001d4000,0x401104,R
11555,0x10001e000,0x4010f0,R
11556,0x100004000,0x401070,W
11557,0x100056000,0x4010c8,R
11558,0x100030000,0x4011c8,R
11559,0x100006000,0x401180,W
11560,0x100113000,0x401100,R
11561,0x1001e9000,0x4010b8,R
11562,0x1001c4000,0x40119c,R
11563,0x100033000,0x401110,W
11564,0x100012000,0x40113c,R
11565,0x1001aa000,0x401100,R
11566,0x100006000,0x401168,W
11567,0x1000a7000,0x4011c4,R
11568,0x100008000,0x40119c,R
11569,0x1001a8000,0x401010,R
11570,0x1001ad000,0x40119c,R
11571,0x100001000,0x4010c4,W
11572,0x1001b2000,0x4010c0,W
11573,0x10000c000,0x401008,W
11574,0x100007000,0x401108,W
11575,0x1001fa000,0x4011f0,R
11576,0x100036000,0x401170,R
11577,0x100031000,0x401030,W
11578,0x10001e000,0x401188,R
11579,0x10003e000,0x401024,R
11580,0x100173000,0x401044,R
11581,0x10002e000,0x4011a4,R
11582,0x100118000,0x40101c,R
11583,0x100005000,0x401144,R
11584,0x10002e000,0x4011c8,R
11585,0x100029000,0x4010c8,R
11586,0x100110000,0x4010a4,R
11587,0x10000e000,0x40100c,R
11588,0x100068000,0x40111c,W
11589,0x100105000,0x401060,W
11590,0x100008000,0x4010b4,W
11591,0x100014000,0x401104,R
11592,0x100010000,0x40109c,R
11593,0x10005d000,0x401178,R
11594,0x1001e8000,0x401124,R
11595,0x10002a000,0x4011f0,W
11596,0x1000cc000,0x40100c,W
11597,0x10001f000,0x4010ac,R
11598,0x100183000,0x40112c,R
11599,0x100066000,0x401168,W
11600,0x1001b5000,0x401004,R
11601,0x100129000,0x4011ac,W
11602,0x10001a000,0x4011f4,W
11603,0x100100000,0x40106c,R
11604,0x10002b000,0x4011d4,R
11605,0x1001da000,0x401030,R
11606,0x100106000,0x401094,R
11607,0x100101000,0x4011c8,R
11608,0x10015e000,0x40104c,R
11609,0x100027000,0x4011dc,R
11610,0x100158000,0x40111c,R
11611,0x100180000,0x4010b0,R
11612,0x100003000,0x401118,R
11613,0x1001fe000,0x401104,R
11614,0x100013000,0x401138,R
11615,0x1001bf000,0x4010c0,R
11616,0x10018f000,0x401084,R
11617,0x1000de000,0x4011bc,R
11618,0x100009000,0x4011b8,W
11619,0x10001e000,0x40117c,R
11620,0x10003c000,0x401130,R
11621,0x100034000,0x401174,W
11622,0x1000c8000,0x401140,R
11623,0x10001c000,0x401118,R
11624,0x1001db000,0x401024,R
11625,0x100007000,0x4010e8,W
11626,0x1000fa000,0x4011cc,R
11627,0x10008a000,0x401080,R
11628,0x100006000,0x4011ac,W
11629,0x1001c2000,0x401034,R
11630,0x10003e000,0x401124,R
11631,0x10001b000,0x4011a0,R
11632,0x100186000,0x401150,R
11633,0x100016000,0x4010ac,W
11634,0x100009000,0x401164,R
11635,0x100179000,0x4011d4,R
11636,0x1001a4000,0x4010a4,W
11637,0x100016000,0x40102c,R
11638,0x1000bc000,0x4011d8,R
11639,0x100123000,0x401020,R
11640,0x100008000,0x4010b0,W
11641,0x1001e3000,0x4010fc,R
11642,0x100005000,0x401068,W
11643,0x1001aa000,0x4011b0,R
11644,0x100001000,0x401114,W
11645,0x1000bb000,0x40118c,R
11646,0x100032000,0x401178,R
11647,0x100186000,0x4010f0,R
11648,0x10001e000,0x4011dc,R
11649,0x100175000,0x4010e8,R
11650,0x100020000,0x401054,W
11651,0x100024000,0x401154,W
11652,0x100158000,0x40110c,R
11653,0x100115000,0x4011c0,R
11654,0x10002c000,0x401140,R
11655,0x10001e000,0x401100,R
11656,0x1001a2000,0x4011f0,R
11657,0x10016a000,0x401160,R
11658,0x100031000,0x401018,R
11659,0x1001ff000,0x401190,W
11660,0x100019000,0x4010ac,R
11661,0x10001f000,0x4010e8,W
11662,0x10002c000,0x401050,R
11663,0x10004e000,0x401180,W
11664,0x100005000,0x401068,W
11665,0x100026000,0x401054,R
11666,0x10003e000,0x4010c8,R
11667,0x100015000,0x401060,R
11668,0x10001d000,0x401168,R
11669,0x10000b000,0x401058,W
11670,0x100186000,0x40108c,R
11671,0x1001fa000,0x40105c,R
11672,0x10001b000,0x401000,R
11673,0x10001d000,0x4010b8,R
11674,0x100037000,0x4010fc,R
11675,0x1000b4000,0x401024,R
11676,0x1000fa000,0x4011c4,W
11677,0x100033000,0x40118c,R
11678,0x10006f000,0x4010c8,R
11679,0x100028000,0x401060,R
11680,0x100026000,0x4011d8,R
11681,0x1001f6000,0x40103c,W
11682,0x100019000,0x40104c,R
11683,0x1001b8000,0x401118,R
11684,0x100111000,0x4010e4,R
11685,0x1001f3000,0x4010c8,R
11686,0x100019000,0x4010bc,R
11687,0x100024000,0x40111c,R
11688,0x1000e7000,0x4011a4,R
11689,0x10010d000,0x4011c4,R
11690,0x100035000,0x401170,R
11691,0x100044000,0x4011b8,R
11692,0x100005000,0x40112c,R
11693,0x100096000,0x4010d8,R
11694,0x1001e9000,0x4011e8,R
11695,0x100078000,0x4010c8,R
11696,0x1001ed000,0x40114c,R
11697,0x10016f000,0x401044,R
11698,0x10002c000,0x401158,R
11699,0x1001a5000,0x401174,R
11700,0x1001ac000,0x401180,W
11701,0x100016000,0x401184,R
11702,0x10018b000,0x4010d8,R
11703,0x10002e000,0x4011e4,R
11704,0x10003b000,0x401168,W
11705,0x10000e000,0x4010c0,R
11706,0x10003d000,0x401134,R
11707,0x10000f000,0x4010e8,W
11708,0x1001d6000,0x4010fc,R
11709,0x100156000,0x40108c,R
11710,0x100029000,0x401154,W
11711,0x10014f000,0x4011b8,R
11712,0x100145000,0x4010c8,R
11713,0x100008000,0x40112c,W
11714,0x100038000,0x4010a0,R
11715,0x10000d000,0x401140,W
11716,0x10002b000,0x401020,R
11717,0x10003a000,0x4010a0,R
11718,0x100031000,0x401184,W
11719,0x100033000,0x401080,R
11720,0x100156000,0x401080,R
11721,0x100016000,0x4011cc,R
11722,0x1000bf000,0x401008,R
11723,0x100165000,0x4010ec,R
11724,0x100003000,0x401068,W
11725,0x1000d9000,0x401030,W
11726,0x10001e000,0x4010cc,R
11727,0x100083000,0x4011bc,R
11728,0x10002e000,0x4011c4,R
11729,0x10001d000,0x40100c,R
11730,0x10002a000,0x401150,W
11731,0x10003f000,0x401088,W
11732,0x10001f000,0x401024,W
11733,0x10001c000,0x4010b4,R
11734,0x100026000,0x401154,W
11735,0x1001ff000,0x401188,R
11736,0x100182000,0x4011e4,W
11737,0x1000cc000,0x401178,R
11738,0x1000de000,0x401038,R
11739,0x1001fd000,0x40110c,R
11740,0x100025000,0x4011b4,R
11741,0x10001f000,0x401068,R
11742,0x10002b000,0x401140,R
11743,0x100002000,0x401028,R
11744,0x10001f000,0x401034,R
11745,0x100030000,0x40116c,R
11746,0x100004000,0x4010ec,W
11747,0x1001af000,0x401034,R
11748,0x1001bf000,0x401024,R
11749,0x100093000,0x40101c,R
11750,0x1001d1000,0x4010e4,R
11751,0x10002f000,0x401130,R
11752,0x10000a000,0x401084,W
11753,0x100121000,0x401138,W
11754,0x100007000,0x4011d8,R
11755,0x1001de000,0x4010f4,R
11756,0x100003000,0x4010a4,W
11757,0x10001a000,0x4011d8,R
11758,0x100027000,0x401090,R
11759,0x100019000,0x4011a4,R
11760,0x10019e000,0x401164,R
11761,0x1001d6000,0x401174,R
11762,0x100010000,0x4011d8,R
11763,0x10000d000,0x4011bc,W
11764,0x1001d8000,0x40107c,R
11765,0x1001e0000,0x4011ac,W
11766,0x1001dc000,0x401068,R
11767,0x1001d3000,0x401088,R
11768,0x10001e000,0x401108,R
11769,0x100006000,0x4011dc,W
11770,0x1001b1000,0x40103c,W
11771,0x100029000,0x401068,R
11772,0x10000f000,0x401194,W
11773,0x100037000,0x4011f8,W
11774,0x10016e000,0x401004,R
11775,0x1001cb000,0x401004,R
11776,0x1001d4000,0x401154,R
11777,0x100035000,0x401178,W
11778,0x100022000,0x401188,R
11779,0x1001c0000,0x40101c,R
11780,0x1001f8000,0x4010f0,R
11781,0x10015d000,0x401064,R
11782,0x100037000,0x401004,W
11783,0x100039000,0x401040,R
11784,0x100106000,0x4011d0,R
11785,0x1001a0000,0x4010cc,R
11786,0x1001a3000,0x4010b8,R
11787,0x10001d000,0x401184,R
11788,0x10000c000,0x40113c,W
11789,0x100194000,0x401098,R
11790,0x1000c1000,0x401098,R
11791,0x10002c000,0x401018,R
11792,0x1001f3000,0x4010f4,W
11793,0x100009000,0x4011e8,W
11794,0x1000a9000,0x4010d0,R
11795,0x100003000,0x401044,R
11796,0x1001b2000,0x401118,R
11797,0x1001cd000,0x40100c,R
11798,0x1001c7000,0x4011e8,R
11799,0x100089000,0x401180,R
11800,0x100031000,0x401090,R
11801,0x100014000,0x40119c,W
11802,0x10001e000,0x401160,R
11803,0x10002c000,0x4010c8,R
11804,0x10001a000,0x401078,R
11805,0x100025000,0x401094,R
11806,0x1001b5000,0x4011b8,W
11807,0x100038000,0x401178,R
11808,0x100030000,0x401158,R
11809,0x100006000,0x401150,W
11810,0x1001c7000,0x4010a8,R
11811,0x10002e000,0x40119c,R
11812,0x100034000,0x401164,R
11813,0x100010000,0x4011c8,R
11814,0x10003b000,0x4010e8,R
11815,0x1001cd000,0x4010d0,R
11816,0x10000c000,0x401088,R
11817,0x1001b1000,0x401074,W
11818,0x1000e2000,0x4011f8,R
11819,0x1001de000,0x401020,R
11820,0x100019000,0x4010e4,R
11821,0x10003e000,0x4010d8,W
11822,0x10003d000,0x401040,R
11823,0x1001fe000,0x401188,R
11824,0x1001e6000,0x401040,R
11825,0x100003000,0x40111c,W
11826,0x100026000,0x4011c4,R
11827,0x10000f000,0x4010bc,W
11828,0x100021000,0x4011d0,W
11829,0x100011000,0x401164,W
11830,0x10002f000,0x4011cc,R
11831,0x1001a2000,0x4010bc,R
11832,0x100013000,0x401194,W
11833,0x1001cb000,0x4011f0,R
11834,0x10019b000,0x401180,R
11835,0x100001000,0x401150,W
11836,0x100019000,0x401160,R
11837,0x100151000,0x401140,R
11838,0x10003e000,0x4011bc,R
11839,0x100182000,0x40116c,R
11840,0x1001cc000,0x4010b0,R
11841,0x100025000,0x401168,W
11842,0x100029000,0x401184,R
11843,0x10019c000,0x401080,R
11844,0x100190000,0x401164,R
11845,0x100000000,0x401110,R
11846,0x100013000,0x401044,R
11847,0x100008000,0x4010f8,W
11848,0x10000f000,0x401084,R
11849,0x100018000,0x4011a0,R
11850,0x1001e9000,0x4011b8,R
11851,0x10002b000,0x401150,W
11852,0x100025000,0x4011b4,R
11853,0x100021000,0x4010c8,R
11854,0x100033000,0x401144,R
11855,0x10000f000,0x4010e4,W
11856,0x100038000,0x40116c,R
11857,0x100012000,0x40114c,R
11858,0x1001a5000,0x4011e0,R
11859,0x100068000,0x4011e0,R
11860,0x10002e000,0x401104,W
11861,0x100184000,0x401018,W
11862,0x100026000,0x4011b0,R
11863,0x100168000,0x4011a4,R
11864,0x1001e6000,0x4011c4,R
11865,0x100001000,0x4010d8,W
11866,0x10011a000,0x401134,R
11867,0x1001d9000,0x401088,W
11868,0x100001000,0x401194,R
11869,0x10012a000,0x4011a8,R
11870,0x10000b000,0x4011b0,R
11871,0x100190000,0x4010d8,R
11872,0x100001000,0x401098,W
11873,0x10015d000,0x401110,R
11874,0x1000b5000,0x401124,W
11875,0x100035000,0x40119c,R
11876,0x10001e000,0x4011f4,R
11877,0x100028000,0x4011b4,R
11878,0x1001dc000,0x401040,R
11879,0x10001c000,0x4010c8,W
11880,0x1001f0000,0x40119c,R
11881,0x100028000,0x401158,W
11882,0x10003a000,0x4010fc,W
11883,0x100018000,0x401030,R
11884,0x10010a000,0x4011d0,R
11885,0x1000c4000,0x4010b4,W
11886,0x1001f0000,0x401110,R
11887,0x100192000,0x4010a8,R
11888,0x1001f4000,0x401140,R
11889,0x10003c000,0x4010dc,R
11890,0x100012000,0x4011d8,R
11891,0x100028000,0x4010ac,R
11892,0x10000b000,0x401110,R
11893,0x10003b000,0x4010a8,W
11894,0x100022000,0x4011b0,R
11895,0x1001f0000,0x4011dc,R
11896,0x100035000,0x40112c,W
11897,0x10002c000,0x401040,W
11898,0x10001c000,0x401180,R
11899,0x1000fe000,0x401088,R
11900,0x1001e5000,0x4010e4,R
11901,0x10002b000,0x4010cc,R
11902,0x10001e000,0x401150,W
11903,0x10003f000,0x4011c4,W
11904,0x1001b8000,0x40104c,R
11905,0x1001db000,0x401014,R
11906,0x100020000,0x401194,R
11907,0x100015000,0x4011a8,R
11908,0x100114000,0x401158,R
11909,0x100011000,0x401080,W
11910,0x100114000,0x4010f0,R
11911,0x100021000,0x401180,R
11912,0x100199000,0x401138,W
11913,0x10002b000,0x401018,R
11914,0x100029000,0x401128,R
11915,0x100169000,0x401088,R
11916,0x100005000,0x401060,W
11917,0x10006b000,0x40115c,R
11918,0x100024000,0x401160,R
11919,0x10002b000,0x4010f8,W
11920,0x100000000,0x401184,W
11921,0x100022000,0x401138,R
11922,0x1001b7000,0x401108,R
11923,0x10019d000,0x40108c,R
11924,0x1001ad000,0x4011a0,R
11925,0x100019000,0x401134,R
11926,0x100053000,0x40110c,R
11927,0x10001f000,0x401150,R
11928,0x1001b5000,0x4010fc,R
11929,0x100104000,0x40105c,R
11930,0x100007000,0x4011cc,W
11931,0x10010f000,0x401078,R
11932,0x100017000,0x401024,R
11933,0x10003e000,0x401008,R
11934,0x1001c8000,0x4011d8,R
11935,0x100011000,0x401118,R
11936,0x1000ea000,0x4010a4,R
11937,0x1001ef000,0x401174,R
11938,0x100179000,0x4011fc,R
11939,0x100018000,0x4010e8,R
11940,0x10000e000,0x4011d8,R
11941,0x1001d4000,0x4010e0,R
11942,0x100015000,0x4010a4,W
11943,0x10002c000,0x401028,W
11944,0x100028000,0x401118,W
11945,0x100035000,0x401064,R
11946,0x100037000,0x4010f0,R
11947,0x1001c4000,0x4011f0,R
11948,0x100170000,0x401060,R
11949,0x10011b000,0x4010a0,R
11950,0x1001d0000,0x4010ac,R
11951,0x10002d000,0x401068,R
11952,0x10001f000,0x40100c,W
11953,0x100017000,0x401030,W
11954,0x100160000,0x401164,R
11955,0x100006000,0x4011c0,W
11956,0x10001f000,0x401138,R
11957,0x100033000,0x40104c,R
11958,0x1000f2000,0x40101c,R
11959,0x100021000,0x4010e8,R
11960,0x100006000,0x40104c,R
11961,0x1001f1000,0x4010f8,R
11962,0x10002a000,0x401190,R
11963,0x1000e8000,0x40109c,R
11964,0x100084000,0x40111c,R
11965,0x100018000,0x40111c,W
11966,0x100003000,0x4010d0,R
11967,0x1001c8000,0x401080,R
11968,0x1001c7000,0x40119c,R
11969,0x100007000,0x401090,W
11970,0x100012000,0x4010cc,W
11971,0x100011000,0x401114,R
11972,0x100031000,0x401124,R
11973,0x10001d000,0x401018,R
11974,0x100035000,0x4011d0,W
11975,0x100010000,0x40117c,W
11976,0x1001b3000,0x4010e8,R
11977,0x10002b000,0x401110,W
11978,0x1000fb000,0x401034,R
11979,0x1001ad000,0x4011c8,R
11980,0x100008000,0x401024,W
11981,0x100008000,0x401044,W
11982,0x1001fc000,0x401038,R
11983,0x100001000,0x40104c,W
11984,0x10001c000,0x401120,R
11985,0x100026000,0x4010a8,R
11986,0x10003c000,0x4010c8,W
11987,0x1001c5000,0x401130,R
11988,0x100022000,0x40118c,R
11989,0x10001b000,0x401064,R
11990,0x100006000,0x401070,W
11991,0x10001e000,0x4010f4,R
11992,0x10006a000,0x4010c0,W
11993,0x100126000,0x401130,R
11994,0x10000e000,0x40104c,W
11995,0x1001a3000,0x4011dc,R
11996,0x1001a9000,0x4011d0,R
11997,0x100021000,0x401008,R
11998,0x10002d000,0x401100,R
11999,0x100009000,0x401108,W
12000,0x100082000,0x402174,R
12001,0x100081000,0x4021e8,R
12002,0x10003e000,0x4020a4,R
12003,0x1001eb000,0x4020e4,R
12004,0x100026000,0x40203c,R
12005,0x1000b8000,0x4020e0,R
12006,0x100076000,0x402018,R
12007,0x1000e5000,0x4021ac,R
12008,0x100131000,0x40204c,R
12009,0x1001b6000,0x402148,R
12010,0x1000a3000,0x4021dc,R
12011,0x10008e000,0x40212c,W
12012,0x100092000,0x402020,W
12013,0x100072000,0x4020cc,R
12014,0x1000e2000,0x4021c0,R
12015,0x1000b0000,0x402058,R
12016,0x10012b000,0x402038,R
12017,0x10002d000,0x40208c,R
12018,0x1001f6000,0x402140,R
12019,0x100021000,0x4021fc,R
12020,0x100101000,0x402090,R
12021,0x10002f000,0x402044,R
12022,0x100136000,0x4020cc,R
12023,0x10001f000,0x402058,W
12024,0x100088000,0x4020bc,R
12025,0x100183000,0x4021b8,R
12026,0x1000b6000,0x402178,R
12027,0x100089000,0x4021a8,R
12028,0x100034000,0x402014,R
12029,0x100009000,0x4021e4,W
12030,0x100037000,0x4020d0,R
12031,0x100115000,0x402178,R
12032,0x10000f000,0x4020ec,R
12033,0x100009000,0x402034,R
12034,0x1000eb000,0x4021e4,R
12035,0x100068000,0x4021c0,R
12036,0x100058000,0x4020bc,W
12037,0x1000ae000,0x402030,R
12038,0x100076000,0x402094,R
12039,0x100088000,0x402018,R
12040,0x100177000,0x40217c,R
12041,0x1000c1000,0x4021a4,W
12042,0x100172000,0x402110,R
12043,0x100178000,0x402060,R
12044,0x100021000,0x4021b4,W
12045,0x10003a000,0x402124,W
12046,0x10001b000,0x402174,W
12047,0x1001a8000,0x402108,R
12048,0x10003f000,0x402084,R
12049,0x1000cd000,0x402098,W
12050,0x1001d4000,0x40204c,R
12051,0x100136000,0x4021e0,R
12052,0x100054000,0x402080,R
12053,0x1000b8000,0x4020d4,R
12054,0x100012000,0x402048,R
12055,0x10016a000,0x402168,R
12056,0x100089000,0x402038,R
12057,0x10012e000,0x402028,R
12058,0x1000d5000,0x402144,R
12059,0x10002d000,0x4020fc,W
12060,0x100101000,0x40202c,W
12061,0x100054000,0x40204c,R
12062,0x100001000,0x402130,W
12063,0x100008000,0x4020c4,W
12064,0x100088000,0x4020d0,R
12065,0x10006f000,0x402028,W
12066,0x100037000,0x402014,R
12067,0x10013a000,0x402010,R
12068,0x100027000,0x4020b8,R
12069,0x10015e000,0x402118,R
12070,0x100194000,0x4021a0,R
12071,0x10014a000,0x402030,R
12072,0x1000e2000,0x40209c,R
12073,0x100074000,0x402174,W
12074,0x10009a000,0x402084,R
12075,0x10012a000,0x402020,R
12076,0x1000db000,0x4020c0,R
12077,0x1001d8000,0x4020dc,W
12078,0x1001b2000,0x402150,R
12079,0x1000cf000,0x402154,R
12080,0x100117000,0x4021a0,R
12081,0x1000d7000,0x4020e4,R
12082,0x10012c000,0x4020ac,R
12083,0x1001dd000,0x40217c,R
12084,0x1000b2000,0x4021ac,R
12085,0x1001b4000,0x40218c,R
12086,0x100027000,0x402140,R
12087,0x1000ac000,0x402094,R
12088,0x1000a3000,0x40200c,R
12089,0x1001ef000,0x402008,R
12090,0x10009a000,0x40214c,W
12091,0x10005d000,0x402024,R
12092,0x10002d000,0x40216c,R
12093,0x10012f000,0x40213c,R
12094,0x1000f0000,0x40219c,R
12095,0x10001f000,0x4020a4,W
12096,0x100130000,0x4020d4,W
12097,0x10006f000,0x402048,R
12098,0x100051000,0x4020b8,R
12099,0x100096000,0x4020c0,R
12100,0x10004d000,0x402074,W
12101,0x100124000,0x402038,R
12102,0x10001b000,0x402080,R
12103,0x100004000,0x4020c8,W
12104,0x100153000,0x402154,R
12105,0x10017e000,0x402160,R
12106,0x1000ee000,0x4020a0,R
12107,0x100030000,0x4020dc,R
12108,0x100142000,0x40212c,R
12109,0x10008d000,0x402138,R
12110,0x10002c000,0x402164,R
12111,0x100128000,0x4021d0,R
12112,0x1000aa000,0x402038,R
12113,0x100035000,0x4021c4,R
12114,0x100125000,0x4020ec,W
12115,0x1000ab000,0x4020dc,R
12116,0x100138000,0x402170,R
12117,0x1001c6000,0x4021fc,R
12118,0x100175000,0x402080,R
12119,0x1001a1000,0x4021cc,R
12120,0x10010a000,0x4020dc,R
12121,0x100151000,0x4020c0,R
12122,0x100176000,0x4021e4,R
12123,0x100080000,0x40208c,R
12124,0x10004a000,0x4021d8,R
12125,0x100062000,0x40212c,R
12126,0x1001bc000,0x4021e4,R
12127,0x100028000,0x4020cc,R
12128,0x100024000,0x4020f0,R
12129,0x100006000,0x402160,W
12130,0x1001c8000,0x402170,R
12131,0x10009e000,0x4020b4,W
12132,0x10002e000,0x40208c,R
12133,0x10013c000,0x402054,R
12134,0x10010a000,0x402164,R
12135,0x100038000,0x4020b0,W
12136,0x100016000,0x402128,R
12137,0x100060000,0x4021c4,R
12138,0x100096000,0x4020d8,W
12139,0x1000c4000,0x402158,R
12140,0x1000c2000,0x4021f8,R
12141,0x100087000,0x4021fc,R
12142,0x10012f000,0x402178,R
12143,0x100160000,0x4021f8,W
12144,0x100094000,0x4020ac,R
12145,0x100015000,0x402040,R
12146,0x10015b000,0x40205c,R
12147,0x100161000,0x40204c,R
12148,0x1001f5000,0x40206c,R
12149,0x1001e5000,0x402194,R
12150,0x100034000,0x402188,W
12151,0x100083000,0x4020b0,R
12152,0x1001db000,0x402070,R
12153,0x10000a000,0x402134,W
12154,0x100159000,0x4021f0,W
12155,0x100032000,0x402154,W
12156,0x100026000,0x4021ec,W
12157,0x100184000,0x4021d4,R
12158,0x100047000,0x402098,R
12159,0x10001f000,0x4021b8,R
12160,0x1001e7000,0x402170,R
12161,0x1000f8000,0x402030,W
12162,0x100106000,0x4021f0,W
12163,0x10002e000,0x402094,W
12164,0x100068000,0x402138,R
12165,0x1000e4000,0x402154,R
12166,0x1000db000,0x402190,R
12167,0x10001d000,0x402040,R
12168,0x10004c000,0x402020,R
12169,0x10003e000,0x40201c,R
12170,0x100050000,0x402034,R
12171,0x1001af000,0x4020e4,R
12172,0x10010c000,0x402008,R
12173,0x10011e000,0x4020a8,R
12174,0x100125000,0x4020f0,R
12175,0x10012b000,0x4021e4,R
12176,0x100031000,0x402060,R
12177,0x100034000,0x402024,R
12178,0x1001b0000,0x40214c,R
12179,0x1001b2000,0x4021f0,R
12180,0x100093000,0x4020b0,W
12181,0x100043000,0x402180,R
12182,0x100122000,0x40217c,R
12183,0x10004e000,0x402054,R
12184,0x10018f000,0x4020f0,R
12185,0x100018000,0x402080,R
12186,0x100001000,0x40211c,R
12187,0x10015b000,0x40219c,R
12188,0x100161000,0x4020d0,W
12189,0x100048000,0x4021a4,R
12190,0x1001e2000,0x4021a4,R
12191,0x10007c000,0x4021c8,R
12192,0x10002f000,0x40216c,R
12193,0x10013b000,0x402178,R
12194,0x10017c000,0x4021f4,R
12195,0x1000d4000,0x402114,R
12196,0x100198000,0x4021e8,R
12197,0x1000b3000,0x4021f4,R
12198,0x1000b8000,0x402034,R
12199,0x1001fa000,0x402084,R
12200,0x100003000,0x4021fc,R
12201,0x1000d2000,0x402090,R
12202,0x10000c000,0x40206c,W
12203,0x10006d000,0x402064,R
12204,0x10013c000,0x4020b4,W
12205,0x100027000,0x4020b0,W
12206,0x10005d000,0x402098,R
12207,0x10011c000,0x4020c0,R
12208,0x100136000,0x40216c,W
12209,0x1000ca000,0x40204c,R
12210,0x1000c6000,0x4021d0,R
12211,0x1000b3000,0x402168,R
12212,0x100149000,0x402000,R
12213,0x10005f000,0x402118,R
12214,0x1001fa000,0x402110,R
12215,0x100167000,0x402198,W
12216,0x100142000,0x402134,R
12217,0x10010b000,0x4021b0,R
12218,0x1001d6000,0x4021dc,R
12219,0x100132000,0x4020e8,R
12220,0x10008f000,0x4020d8,R
12221,0x100085000,0x402064,R
12222,0x100018000,0x402198,W
12223,0x100075000,0x4021f4,R
12224,0x100122000,0x4020bc,R
12225,0x10014e000,0x402100,R
12226,0x100113000,0x40217c,W
12227,0x1000c4000,0x402028,R
12228,0x100192000,0x402188,R
12229,0x1001da000,0x402010,R
12230,0x10003b000,0x402054,W
12231,0x100084000,0x402000,R
12232,0x1001d3000,0x40204c,R
12233,0x1001f8000,0x402154,R
12234,0x100161000,0x402058,R
12235,0x100122000,0x4020e4,R
12236,0x10005f000,0x402040,R
12237,0x10011d000,0x4021f8,R
12238,0x10003e000,0x402028,R
12239,0x100166000,0x4020c0,R
12240,0x10006b000,0x4021c0,R
12241,0x100092000,0x402160,R
12242,0x1000d0000,0x40207c,R
12243,0x1001bc000,0x402170,R
12244,0x100175000,0x402050,R
12245,0x1000ca000,0x402094,R
12246,0x100020000,0x40219c,W
12247,0x1000c0000,0x402160,W
12248,0x10008b000,0x402178,R
12249,0x100009000,0x4021d4,W
12250,0x100135000,0x402100,R
12251,0x10019c000,0x402060,R
12252,0x100053000,0x402128,W
12253,0x1000bc000,0x402180,W
12254,0x10019e000,0x402048,R
12255,0x100138000,0x402140,R
12256,0x10000f000,0x402154,W
12257,0x100032000,0x402084,R
12258,0x1000e8000,0x402008,R
12259,0x1001d6000,0x40202c,R
12260,0x100096000,0x4021b8,R
12261,0x100025000,0x402044,W
12262,0x1000ed000,0x4020c4,R
12263,0x1000b9000,0x4021c8,R
12264,0x1001d8000,0x402014,R
12265,0x1001ec000,0x4021f8,W
12266,0x1000ee000,0x402068,W
12267,0x100093000,0x402028,R
12268,0x10014b000,0x402028,R
12269,0x100019000,0x40207c,R
12270,0x1000dd000,0x402158,R
12271,0x100124000,0x4021b8,R
12272,0x1001ac000,0x4021a0,R
12273,0x100147000,0x4020f4,R
12274,0x100021000,0x4020b8,R
12275,0x10013b000,0x402154,W
12276,0x100075000,0x402118,R
12277,0x100019000,0x4021dc,R
12278,0x100036000,0x402170,R
12279,0x10016e000,0x402144,R
12280,0x100161000,0x4021e8,R
12281,0x1000cb000,0x402070,R
12282,0x10009e000,0x40209c,R
12283,0x1000ab000,0x402168,R
12284,0x100036000,0x4021d0,R
12285,0x10012a000,0x402130,R
12286,0x10016f000,0x40200c,R
12287,0x10001a000,0x402178,R
12288,0x100019000,0x4020b8,R
12289,0x100136000,0x402110,R
12290,0x1000ce000,0x402110,R
12291,0x1000df000,0x402110,W
12292,0x1001f8000,0x40210c,R
12293,0x10001d000,0x40216c,R
12294,0x100135000,0x4021c4,R
12295,0x100004000,0x4021b0,R
12296,0x100009000,0x402190,R
12297,0x100014000,0x4020d4,R
12298,0x10004a000,0x4021f4,W
12299,0x1001bc000,0x402184,R
12300,0x10009c000,0x40207c,R
12301,0x1001b5000,0x402148,R
12302,0x10005a000,0x402024,R
12303,0x1000c5000,0x4021e0,R
12304,0x100011000,0x402044,R
12305,0x100026000,0x40214c,R
12306,0x10006a000,0x402128,R
12307,0x1000b7000,0x402150,R
12308,0x100077000,0x402094,R
12309,0x10000a000,0x402198,W
12310,0x1001f3000,0x402188,R
12311,0x100101000,0x4020e8,R
12312,0x1001b3000,0x4020b0,R
12313,0x100083000,0x40213c,R
12314,0x1000be000,0x402168,W
12315,0x100019000,0x4021cc,R
12316,0x100161000,0x4020a4,R
12317,0x10008c000,0x402094,R
12318,0x10002b000,0x40207c,W
12319,0x100116000,0x402148,W
12320,0x1000f1000,0x402114,R
12321,0x1000bd000,0x4021e4,R
12322,0x1000e9000,0x4021c0,W
12323,0x1000c6000,0x402120,R
12324,0x100090000,0x4020c8,R
12325,0x10014e000,0x402004,R
12326,0x100063000,0x40214c,R
12327,0x100135000,0x4020b0,R
12328,0x1000c7000,0x402054,R
12329,0x10007d000,0x402140,R
12330,0x100123000,0x4021c4,R
12331,0x100083000,0x4020b8,R
12332,0x100007000,0x4021e0,W
12333,0x1000bd000,0x40204c,R
12334,0x1000ea000,0x402060,R
12335,0x1000b2000,0x4020a0,R
12336,0x100019000,0x40204c,W
12337,0x1000b5000,0x402114,R
12338,0x100039000,0x4020d8,R
12339,0x100053000,0x4021b4,R
12340,0x10010d000,0x402000,R
12341,0x1000bc000,0x4021c0,R
12342,0x100016000,0x402188,R
12343,0x100011000,0x402034,R
12344,0x10004c000,0x402164,R
12345,0x1001a1000,0x4020b4,W
12346,0x1000bc000,0x40208c,R
12347,0x10006f000,0x4021b4,R
12348,0x10010d000,0x402174,R
12349,0x100162000,0x4021cc,R
12350,0x1001e7000,0x402160,R
12351,0x1000e2000,0x4021b0,R
12352,0x1000c4000,0x402110,W
12353,0x100029000,0x402168,W
12354,0x100109000,0x402158,W
12355,0x100031000,0x4020bc,R
12356,0x100137000,0x40200c,R
12357,0x100158000,0x4020f8,R
12358,0x100048000,0x40204c,R
12359,0x10010d000,0x4020c4,R
12360,0x10000a000,0x402158,W
12361,0x10003e000,0x402080,R
12362,0x100167000,0x402188,R
12363,0x100060000,0x402030,R
12364,0x10000e000,0x4021a4,W
12365,0x100073000,0x4020a8,R
12366,0x1000ef000,0x4020b0,R
12367,0x1001fd000,0x402070,R
12368,0x10002a000,0x40218c,W
12369,0x1001bc000,0x402184,R
12370,0x1001b9000,0x402114,R
12371,0x1001c2000,0x402190,R
12372,0x10003e000,0x4021c8,R
12373,0x1000e8000,0x402028,R
12374,0x100006000,0x402030,R
12375,0x100015000,0x402110,R
12376,0x10005b000,0x4021b4,R
12377,0x10003f000,0x402098,R
12378,0x100081000,0x4020f8,R
12379,0x100131000,0x402068,R
12380,0x1000b6000,0x4020b8,R
12381,0x100075000,0x402120,R
12382,0x100110000,0x4021e0,R
12383,0x100005000,0x402100,W
12384,0x10011d000,0x402070,R
12385,0x10007d000,0x4021fc,R
12386,0x1000d9000,0x4021fc,R
12387,0x100135000,0x40213c,R
12388,0x1000e7000,0x4020f8,W
12389,0x10014a000,0x4020dc,W
12390,0x100158000,0x4020a4,R
12391,0x10013f000,0x402034,R
12392,0x100167000,0x402064,R
12393,0x1001e6000,0x4021b8,R
12394,0x10010e000,0x402168,W
12395,0x10001c000,0x40208c,W
12396,0x100007000,0x40213c,W
12397,0x10019b000,0x402174,R
12398,0x100133000,0x4020a0,W
12399,0x1000b2000,0x40216c,W
12400,0x100027000,0x4021a4,R
12401,0x100005000,0x4021b0,W
12402,0x1000ef000,0x402118,R
12403,0x1001d5000,0x40213c,R
12404,0x100008000,0x402144,W
12405,0x100119000,0x40201c,R
12406,0x1001f6000,0x4020cc,R
12407,0x1001c5000,0x402050,R
12408,0x1001f3000,0x40201c,R
12409,0x100186000,0x4021f8,R
12410,0x1001a3000,0x4020d0,R
12411,0x100117000,0x4021fc,R
12412,0x1000c8000,0x402080,W
12413,0x100025000,0x402090,R
12414,0x1001c3000,0x402078,R
12415,0x10009e000,0x4020c4,R
12416,0x10002b000,0x4021f8,R
12417,0x100014000,0x402104,R
12418,0x100088000,0x402100,R
12419,0x10006f000,0x402060,R
12420,0x100082000,0x402078,W
12421,0x100130000,0x402058,R
12422,0x10004c000,0x4021a0,R
12423,0x10012a000,0x402054,R
12424,0x10015d000,0x4021f0,W
12425,0x1000f0000,0x402170,R
12426,0x1000d9000,0x402094,R
12427,0x10001e000,0x402158,W
12428,0x10003d000,0x40201c,R
12429,0x1001a7000,0x402124,R
12430,0x1000fd000,0x402054,R
12431,0x100169000,0x402140,R
12432,0x1001f7000,0x4020d0,R
12433,0x100085000,0x40218c,R
12434,0x100029000,0x40218c,W
12435,0x10010d000,0x402168,W
12436,0x100151000,0x402088,R
12437,0x10006f000,0x402040,R
12438,0x10009e000,0x40205c,W
12439,0x10007c000,0x402160,W
12440,0x100143000,0x402074,R
12441,0x100028000,0x4020b4,R
12442,0x1000ae000,0x40202c,R
12443,0x1000ed000,0x402080,R
12444,0x100072000,0x402148,R
12445,0x100077000,0x402120,R
12446,0x100179000,0x402048,R
12447,0x1000eb000,0x4020e4,R
12448,0x10011c000,0x402090,R
12449,0x10003f000,0x4020c4,W
12450,0x100164000,0x4020f8,R
12451,0x10005b000,0x402088,R
12452,0x100145000,0x402024,R
12453,0x10017b000,0x4020d0,R
12454,0x10017a000,0x40207c,W
12455,0x1000e8000,0x402120,R
12456,0x100117000,0x4021e4,R
12457,0x1000ca000,0x402104,R
12458,0x100120000,0x402044,R
12459,0x10018f000,0x4020f8,R
12460,0x1001d4000,0x402038,R
12461,0x100002000,0x4021d8,R
12462,0x100195000,0x402028,R
12463,0x1000f6000,0x40200c,R
12464,0x1001e5000,0x40219c,R
12465,0x1001de000,0x402198,R
12466,0x100009000,0x4021a8,R
12467,0x1001d9000,0x40204c,R
12468,0x100021000,0x402058,R
12469,0x1000f1000,0x4020f4,R
12470,0x1001b4000,0x40207c,R
12471,0x1000d4000,0x402094,R
12472,0x10016c000,0x4021fc,R
12473,0x1001b0000,0x402140,R
12474,0x100007000,0x4021a4,W
12475,0x10014d000,0x402034,R
12476,0x10005d000,0x4021a8,R
12477,0x100179000,0x402050,W
12478,0x100140000,0x402050,R
12479,0x100034000,0x4020c8,W
12480,0x10010e000,0x4021e8,R
12481,0x10002d000,0x402140,R
12482,0x1000a8000,0x4021d8,R
12483,0x100014000,0x4021d4,R
12484,0x100151000,0x4020e4,R
12485,0x100099000,0x40208c,R
12486,0x10012f000,0x402038,R
12487,0x10013f000,0x402120,R
12488,0x10011b000,0x402160,R
12489,0x10001e000,0x402158,R
12490,0x100062000,0x402148,R
12491,0x100054000,0x4020b4,R
12492,0x1001b2000,0x4020ec,R
12493,0x1001a6000,0x402168,R
12494,0x100018000,0x4021dc,R
12495,0x100120000,0x402020,R
12496,0x100181000,0x4020c0,R
12497,0x100169000,0x40200c,R
12498,0x10007a000,0x4020ac,R
12499,0x10017b000,0x4021dc,R
12500,0x100116000,0x4021ac,R
12501,0x1001e5000,0x402008,R
12502,0x100102000,0x402030,W
12503,0x100160000,0x402144,R
12504,0x10006d000,0x402064,R
12505,0x10003d000,0x4020bc,R
12506,0x10008e000,0x40212c,R
12507,0x100018000,0x40217c,R
12508,0x10000a000,0x4021a0,W
12509,0x1001b9000,0x4021d4,R
12510,0x100100000,0x402124,R
12511,0x10012e000,0x40215c,R
12512,0x10016c000,0x402188,W
12513,0x100059000,0x402124,R
12514,0x100160000,0x402038,R
12515,0x10007a000,0x402088,R
12516,0x10019a000,0x4021ec,R
12517,0x100054000,0x402054,R
12518,0x1001ea000,0x402020,R
12519,0x10017b000,0x402128,R
12520,0x10014a000,0x402194,R
12521,0x100008000,0x40218c,W
12522,0x1001c0000,0x4021d8,R
12523,0x100128000,0x402188,R
12524,0x1001bc000,0x402074,R
12525,0x1000a9000,0x40212c,R
12526,0x1000eb000,0x402044,R
12527,0x100017000,0x402048,R
12528,0x100053000,0x402160,R
12529,0x1000b9000,0x402044,W
12530,0x1000f1000,0x4020cc,R
12531,0x10004d000,0x4020c4,R
12532,0x1001ba000,0x402064,R
12533,0x100172000,0x4020d8,R
12534,0x100095000,0x40214c,R
12535,0x100042000,0x4021f0,R
12536,0x100164000,0x4020e0,R
12537,0x10005a000,0x40217c,R
12538,0x10004a000,0x402130,R
12539,0x1000e1000,0x402184,R
12540,0x1001bc000,0x4020e0,R
12541,0x100054000,0x4021e0,R
12542,0x100026000,0x4020d4,R
12543,0x10007a000,0x40215c,R
12544,0x100123000,0x4021fc,R
12545,0x1000fd000,0x4021a0,R
12546,0x1000e6000,0x4020b8,R
12547,0x100151000,0x402078,R
12548,0x100031000,0x40208c,R
12549,0x10008b000,0x4020e0,R
12550,0x100029000,0x402138,W
12551,0x1001cc000,0x40218c,R
12552,0x10005d000,0x4020c0,R
12553,0x1001f3000,0x402000,W
12554,0x1001a0000,0x402018,R
12555,0x100036000,0x402130,R
12556,0x100046000,0x4020e0,R
12557,0x100116000,0x4020c4,R
12558,0x100166000,0x402100,R
12559,0x100071000,0x402148,R
12560,0x100179000,0x402168,R
12561,0x10001e000,0x40202c,R
12562,0x1000ac000,0x402180,R
12563,0x100181000,0x402010,W
12564,0x1000fa000,0x402190,R
12565,0x100025000,0x402010,R
12566,0x10009d000,0x40206c,R
12567,0x1000bb000,0x4021d8,R
12568,0x10014f000,0x4020f4,R
12569,0x100041000,0x4020ac,R
12570,0x1001c6000,0x402098,R
12571,0x10004d000,0x4021e4,R
12572,0x1000d8000,0x402034,R
12573,0x10005f000,0x4021e4,R
12574,0x1000f4000,0x40208c,R
12575,0x10002f000,0x402018,R
12576,0x10013f000,0x402060,R
12577,0x100144000,0x4020a8,R
12578,0x100115000,0x402198,R
12579,0x1000a7000,0x402008,W
12580,0x100179000,0x40212c,W
12581,0x100041000,0x402158,R
12582,0x10011e000,0x4020b8,R
12583,0x100108000,0x402180,R
12584,0x1001a3000,0x402174,R
12585,0x10001a000,0x4020a8,R
12586,0x100046000,0x4021fc,R
12587,0x100027000,0x4020cc,R
12588,0x100018000,0x4020bc,R
12589,0x10005c000,0x402068,R
12590,0x1001d6000,0x4020d0,W
12591,0x100162000,0x4020a4,R
12592,0x1000d8000,0x4020f4,R
12593,0x10002c000,0x4020f0,W
12594,0x10016d000,0x402098,R
12595,0x10001c000,0x402150,R
12596,0x10010f000,0x402048,R
12597,0x100023000,0x4021a8,R
12598,0x100139000,0x40203c,W
12599,0x100034000,0x402160,R
12600,0x1000f2000,0x4020c8,W
12601,0x10004e000,0x402018,R
12602,0x1000f1000,0x40218c,R
12603,0x10002f000,0x402110,R
12604,0x100037000,0x40205c,R
12605,0x1000aa000,0x4021fc,R
12606,0x1001e8000,0x4020c4,W
12607,0x1001d4000,0x40214c,R
12608,0x100014000,0x402134,R
12609,0x1000e0000,0x40210c,R
12610,0x100116000,0x40202c,R
12611,0x1000d1000,0x402068,R
12612,0x100156000,0x402014,R
12613,0x1000bd000,0x402148,R
12614,0x10013d000,0x4021e8,R
12615,0x10000f000,0x402064,W
12616,0x10003c000,0x402060,R
12617,0x10012b000,0x402174,W
12618,0x100138000,0x4020e4,R
12619,0x1000e3000,0x402050,W
12620,0x100024000,0x40219c,R
12621,0x10001e000,0x402044,R
12622,0x10001e000,0x4021a8,R
12623,0x10003e000,0x402184,R
12624,0x1000c6000,0x402148,R
12625,0x100167000,0x4021bc,R
12626,0x100069000,0x402120,R
12627,0x10007e000,0x402128,R
12628,0x10015f000,0x402110,R
12629,0x1000b9000,0x40203c,R
12630,0x100116000,0x4020dc,R
12631,0x100002000,0x402050,R
12632,0x1001bd000,0x4021d4,R
12633,0x1001fa000,0x4020bc,R
12634,0x1001d6000,0x40214c,R
12635,0x100083000,0x40216c,R
12636,0x10003e000,0x402010,R
12637,0x10010a000,0x4021c8,R
12638,0x10001f000,0x402154,W
12639,0x10003f000,0x4020cc,R
12640,0x10005e000,0x402074,R
12641,0x1001d2000,0x402020,R
12642,0x100101000,0x402018,R
12643,0x10001e000,0x402154,R
12644,0x10017a000,0x402104,R
12645,0x10011a000,0x4021b8,R
12646,0x10007e000,0x402170,R
12647,0x10007d000,0x402154,R
12648,0x1000e0000,0x402050,R
12649,0x1000f9000,0x402054,W
12650,0x1001ed000,0x402188,W
12651,0x10000f000,0x40203c,W
12652,0x1000f4000,0x402054,R
12653,0x10000c000,0x402010,W
12654,0x10017c000,0x402050,R
12655,0x1000ac000,0x4020fc,R
12656,0x10009e000,0x402028,R
12657,0x1000d2000,0x40203c,R
12658,0x1000fe000,0x4020dc,R
12659,0x10000e000,0x402068,W
12660,0x1001d3000,0x40213c,R
12661,0x100112000,0x402134,R
12662,0x100173000,0x40210c,R
12663,0x1001e7000,0x4020c8,W
12664,0x1000ed000,0x402168,W
12665,0x100181000,0x4020b0,R
12666,0x1000fe000,0x4021d0,R
12667,0x1001a2000,0x402118,R
12668,0x100093000,0x4020d8,R
12669,0x100125000,0x4020fc,R
12670,0x10000b000,0x4020d0,R
12671,0x1000ef000,0x402040,R
12672,0x100003000,0x402034,R
12673,0x1001dc000,0x402060,R
12674,0x100041000,0x402088,R
12675,0x10013f000,0x4021dc,W
12676,0x10006b000,0x40216c,R
12677,0x100130000,0x40204c,R
12678,0x1000ea000,0x40205c,R
12679,0x1001d4000,0x402040,R
12680,0x10010d000,0x402168,W
12681,0x1001e5000,0x402028,R
12682,0x100012000,0x4020f8,W
12683,0x100032000,0x4020e8,R
12684,0x100090000,0x402118,R
12685,0x10018c000,0x402020,R
12686,0x1000a0000,0x402184,R
12687,0x1000e2000,0x4021b8,R
12688,0x100077000,0x40209c,W
12689,0x100151000,0x402160,R
12690,0x100104000,0x402034,R
12691,0x100050000,0x40211c,R
12692,0x10012f000,0x402114,R
12693,0x1001be000,0x402130,R
12694,0x1001e5000,0x402074,R
12695,0x100198000,0x40209c,R
12696,0x10001c000,0x40213c,R
12697,0x10009d000,0x40200c,R
12698,0x10011b000,0x402188,R
12699,0x100109000,0x402014,R
12700,0x100156000,0x402130,R
12701,0x100120000,0x40205c,R
12702,0x100016000,0x4020f0,R
12703,0x10014b000,0x402158,R
12704,0x100085000,0x4020d0,R
12705,0x1000d2000,0x4021d0,R
12706,0x100124000,0x402040,R
12707,0x1001af000,0x402164,R
12708,0x1000b8000,0x402104,R
12709,0x1000ea000,0x4020cc,R
12710,0x1001f5000,0x4021b0,R
12711,0x10011c000,0x4021c8,R
12712,0x100037000,0x402098,R
12713,0x1000ad000,0x402060,R
12714,0x10004d000,0x402120,R
12715,0x10001b000,0x402018,R
12716,0x10017f000,0x4020d0,R
12717,0x1001e3000,0x4020f8,R
12718,0x100022000,0x402108,R
12719,0x1001b1000,0x402174,R
12720,0x100172000,0x402050,R
12721,0x10017e000,0x4021d8,R
12722,0x100194000,0x402114,W
12723,0x1001bd000,0x4020c4,R
12724,0x1001dc000,0x402090,R
12725,0x100006000,0x4020f4,W
12726,0x1000cf000,0x402084,W
12727,0x10000a000,0x402060,W
12728,0x1001c8000,0x402118,R
12729,0x100027000,0x4020cc,R
12730,0x1000cc000,0x40209c,W
12731,0x100015000,0x40210c,R
12732,0x100037000,0x4021e8,R
12733,0x1000e5000,0x4021a8,W
12734,0x100033000,0x402000,R
12735,0x10013f000,0x402008,R
12736,0x100136000,0x402100,R
12737,0x1000c9000,0x402114,R
12738,0x1000e4000,0x4021a8,R
12739,0x10007c000,0x4021b0,R
12740,0x100024000,0x402038,R
12741,0x100019000,0x402088,R
12742,0x100005000,0x402018,R
12743,0x10010a000,0x4020a4,W
12744,0x10000f000,0x40209c,R
12745,0x100056000,0x402068,R
12746,0x100117000,0x4020a8,R
12747,0x100178000,0x4020f4,R
12748,0x10000f000,0x402078,W
12749,0x10002d000,0x4021ac,R
12750,0x100005000,0x402104,W
12751,0x100090000,0x4021fc,R
12752,0x1000d4000,0x402084,R
12753,0x100041000,0x4021d8,R
12754,0x1000b2000,0x4021c8,R
12755,0x100006000,0x4021c0,R
12756,0x1000c9000,0x40200c,W
12757,0x10018e000,0x402114,R
12758,0x100004000,0x402050,W
12759,0x10004e000,0x4021bc,R
12760,0x100059000,0x4021fc,R
12761,0x1001df000,0x4021a4,R
12762,0x1000cf000,0x4020d8,R
12763,0x100092000,0x402100,R
12764,0x1000d4000,0x4020a0,W
12765,0x1000c0000,0x402010,R
12766,0x100142000,0x402118,R
12767,0x1001d0000,0x402114,R
12768,0x1001fd000,0x4021e4,W
12769,0x1000df000,0x4020d8,W
12770,0x1000f5000,0x402168,R
12771,0x10004d000,0x40214c,R
12772,0x100189000,0x4021f4,R
12773,0x1001b7000,0x402044,R
12774,0x10004a000,0x4021dc,W
12775,0x10012f000,0x4020d0,R
12776,0x100084000,0x4020a8,R
12777,0x100037000,0x402048,R
12778,0x1001f8000,0x402060,R
12779,0x100192000,0x402040,R
12780,0x1000f7000,0x402144,R
12781,0x1000f8000,0x402030,R
12782,0x1000cb000,0x402068,W
12783,0x10000f000,0x402018,W
12784,0x100131000,0x4020d8,R
12785,0x100136000,0x40209c,R
12786,0x1000dd000,0x402160,R
12787,0x1001f2000,0x402028,R
12788,0x10002f000,0x402180,R
12789,0x1000af000,0x4021a4,R
12790,0x1000b5000,0x40207c,R
12791,0x1001d6000,0x402030,R
12792,0x10005d000,0x4020c8,W
12793,0x100010000,0x40200c,R
12794,0x1000e1000,0x402114,R
12795,0x100127000,0x402110,R
12796,0x1000a4000,0x40207c,R
12797,0x10010d000,0x402054,R
12798,0x1001b3000,0x402138,R
12799,0x1000b8000,0x402014,R
12800,0x1000fa000,0x402058,W
12801,0x10007b000,0x4021f0,R
12802,0x1000c0000,0x4021ac,R
12803,0x100006000,0x402004,R
12804,0x1001ec000,0x4020d8,W
12805,0x10010e000,0x4020a8,R
12806,0x100011000,0x402048,R
12807,0x100131000,0x402100,R
12808,0x10014d000,0x402104,W
12809,0x100182000,0x402118,R
12810,0x10017f000,0x402104,R
12811,0x1001d3000,0x4021d8,R
12812,0x100031000,0x4021d4,W
12813,0x100059000,0x402038,R
12814,0x100099000,0x4021ec,R
12815,0x10006e000,0x402054,R
12816,0x100078000,0x402040,R
12817,0x100073000,0x402100,R
12818,0x100037000,0x4020e0,R
12819,0x100122000,0x402098,R
12820,0x100155000,0x402144,R
12821,0x100118000,0x4021d8,W
12822,0x10006d000,0x402084,R
12823,0x1000e8000,0x4020ac,R
12824,0x1001ea000,0x402078,R
12825,0x1000c6000,0x402188,R
12826,0x1001db000,0x4020ac,R
12827,0x100095000,0x402048,R
12828,0x100079000,0x4020f8,R
12829,0x100015000,0x4020c4,R
12830,0x100165000,0x4020a4,R
12831,0x1000db000,0x40206c,R
12832,0x10000f000,0x4020ec,W
12833,0x100002000,0x40213c,R
12834,0x100057000,0x402060,R
12835,0x1000a0000,0x402060,W
12836,0x1000f5000,0x4020f8,R
12837,0x100180000,0x40207c,R
12838,0x1000f9000,0x402144,R
12839,0x10005e000,0x4021d0,R
12840,0x100118000,0x402138,R
12841,0x100061000,0x402028,R
12842,0x100096000,0x402080,R
12843,0x1000b8000,0x40213c,R
12844,0x1000dd000,0x402008,R
12845,0x10003f000,0x40204c,W
12846,0x1000ef000,0x40201c,R
12847,0x10008a000,0x4020a4,R
12848,0x100030000,0x402138,R
12849,0x10019b000,0x402000,R
12850,0x1000f6000,0x402150,R
12851,0x10015e000,0x4020c0,R
12852,0x100147000,0x4021bc,R
12853,0x1000f3000,0x402164,R
12854,0x100070000,0x4020c8,R
12855,0x10010b000,0x402184,R
12856,0x1000d1000,0x402000,R
12857,0x100194000,0x4021a4,R
12858,0x100193000,0x402004,R
12859,0x1000ac000,0x4021b8,R
12860,0x1001d9000,0x402038,R
12861,0x1000b4000,0x402078,R
12862,0x10010c000,0x402084,R
12863,0x10003c000,0x402130,R
12864,0x10016e000,0x4021b0,R
12865,0x100099000,0x40211c,R
12866,0x100065000,0x40213c,R
12867,0x100191000,0x4020b4,R
12868,0x100022000,0x402198,R
12869,0x10007b000,0x4021b0,R
12870,0x100193000,0x402154,R
12871,0x10006a000,0x40208c,R
12872,0x10006e000,0x4021c4,R
12873,0x100062000,0x40217c,R
12874,0x100082000,0x402194,R
12875,0x10016c000,0x40215c,R
12876,0x100136000,0x402144,R
12877,0x100021000,0x4020e0,R
12878,0x1000f0000,0x4021c8,R
12879,0x10009e000,0x40211c,R
12880,0x10014c000,0x402014,R
12881,0x1000b1000,0x4021bc,R
12882,0x10000f000,0x4020b0,R
12883,0x100128000,0x402080,R
12884,0x100171000,0x402108,R
12885,0x100020000,0x4021b0,R
12886,0x100024000,0x40207c,R
12887,0x100062000,0x402104,R
12888,0x10001b000,0x40205c,R
12889,0x1000e2000,0x402128,R
12890,0x1000ac000,0x402010,R
12891,0x100003000,0x40217c,W
12892,0x10002e000,0x40217c,R
12893,0x1000c4000,0x402088,W
12894,0x1000cc000,0x40217c,R
12895,0x100058000,0x402108,W
12896,0x10012e000,0x402198,R
12897,0x100069000,0x4020d0,R
12898,0x10007a000,0x402048,R
12899,0x1001b9000,0x402190,R
12900,0x10002c000,0x40202c,W
12901,0x1001cc000,0x4021f8,R
12902,0x100167000,0x4020dc,R
12903,0x10002a000,0x402070,W
12904,0x100173000,0x402028,R
12905,0x10000a000,0x402000,W
12906,0x1000aa000,0x40214c,R
12907,0x1000b8000,0x402114,R
12908,0x10012a000,0x402058,R
12909,0x10001b000,0x402064,R
12910,0x10017d000,0x40213c,R
12911,0x100078000,0x40215c,R
12912,0x1000a0000,0x402154,R
12913,0x100166000,0x402100,R
12914,0x10002c000,0x4021b8,R
12915,0x1001e1000,0x402014,R
12916,0x100122000,0x402080,R
12917,0x1001a4000,0x4021dc,W
12918,0x1001d5000,0x402004,R
12919,0x10002c000,0x402000,R
12920,0x1000fe000,0x402044,R
12921,0x100008000,0x40202c,W
12922,0x100108000,0x4020e8,R
12923,0x100194000,0x402188,R
12924,0x100180000,0x4021a0,R
12925,0x10008e000,0x40217c,W
12926,0x100154000,0x40203c,R
12927,0x100020000,0x4020d4,R
12928,0x100018000,0x4021a4,R
12929,0x100001000,0x4020c8,W
12930,0x1000d1000,0x4020a8,R
12931,0x1001c7000,0x4021c4,R
12932,0x1000aa000,0x402054,R
12933,0x1001eb000,0x40204c,W
12934,0x1000f8000,0x40203c,R
12935,0x100133000,0x402140,R
12936,0x100008000,0x402080,W
12937,0x10008c000,0x4021f8,R
12938,0x10016f000,0x40211c,R
12939,0x10009f000,0x4021d8,R
12940,0x100116000,0x402194,R
12941,0x1000f0000,0x4021ec,R
12942,0x1000d9000,0x4021c4,R
12943,0x100141000,0x4021d4,R
12944,0x100127000,0x4020f4,W
12945,0x10003d000,0x402050,R
12946,0x10002c000,0x4020a0,R
12947,0x1000c3000,0x4020f8,R
12948,0x100177000,0x402120,R
12949,0x10010a000,0x4020c8,R
12950,0x100081000,0x4021dc,W
12951,0x100157000,0x40201c,R
12952,0x1001d8000,0x402054,R
12953,0x100002000,0x402188,W
12954,0x1001f3000,0x402048,R
12955,0x100134000,0x4020e0,R
12956,0x1000b0000,0x4020e0,R
12957,0x10017e000,0x4021ec,R
12958,0x1001b2000,0x4020f0,R
12959,0x100170000,0x4020bc,R
12960,0x10007d000,0x4020f4,R
12961,0x100083000,0x402160,R
12962,0x1000aa000,0x4020e8,W
12963,0x10008b000,0x40206c,R
12964,0x100026000,0x4020b4,W
12965,0x100125000,0x4021cc,W
12966,0x100007000,0x4020ac,W
12967,0x1001b0000,0x4020f8,R
12968,0x10008e000,0x402038,W
12969,0x1001b8000,0x402038,R
12970,0x1001d5000,0x402138,R
12971,0x100118000,0x4020a4,R
12972,0x100103000,0x402050,R
12973,0x100026000,0x40218c,R
12974,0x1000d3000,0x4021b0,R
12975,0x10006c000,0x402038,R
12976,0x100036000,0x4021ac,R
12977,0x100059000,0x40216c,R
12978,0x100001000,0x402040,W
12979,0x1001da000,0x402000,R
12980,0x10010b000,0x4020a8,R
12981,0x10001b000,0x4021a4,W
12982,0x100022000,0x4021ac,W
12983,0x10002e000,0x402184,R
12984,0x1000b1000,0x4020a4,R
12985,0x10004a000,0x402068,R
12986,0x1000e9000,0x402034,R
12987,0x10016c000,0x402004,W
12988,0x100068000,0x402084,R
12989,0x1000bf000,0x402128,W
12990,0x1001fa000,0x40214c,W
12991,0x100047000,0x402038,R
12992,0x100153000,0x40206c,R
12993,0x1000ad000,0x4021d0,R
12994,0x1000e7000,0x4021d4,R
12995,0x100083000,0x402170,W
12996,0x1000af000,0x4021f4,R
12997,0x100101000,0x402194,R
12998,0x1001ed000,0x4020ec,R
12999,0x100045000,0x402168,R
13000,0x10006a000,0x4020ec,R
13001,0x100013000,0x4021e0,R
13002,0x1000dc000,0x402038,R
13003,0x1001d3000,0x40218c,R
13004,0x100059000,0x402160,R
13005,0x100175000,0x402060,W
13006,0x10012e000,0x402128,R
13007,0x1001f5000,0x4020bc,R
13008,0x100040000,0x4020b0,R
13009,0x100020000,0x402050,R
13010,0x100198000,0x4020c0,R
13011,0x100183000,0x4020fc,R
13012,0x100126000,0x4020f0,R
13013,0x10007a000,0x402058,R
13014,0x1000e3000,0x402114,R
13015,0x10006b000,0x4020e0,R
13016,0x10002e000,0x4021f8,R
13017,0x1000d9000,0x4021f4,R
13018,0x100012000,0x40203c,R
13019,0x100013000,0x4021d0,R
13020,0x1000d6000,0x402034,R
13021,0x1001e3000,0x4020f0,R
13022,0x10011e000,0x402030,R
13023,0x1000a8000,0x402084,R
13024,0x100087000,0x4020f0,R
13025,0x10001b000,0x4021b0,R
13026,0x1000a3000,0x4020b4,R
13027,0x100062000,0x402170,R
13028,0x1000e9000,0x4021e4,R
13029,0x100029000,0x4020c8,R
13030,0x10003d000,0x402068,R
13031,0x10017c000,0x402064,W
13032,0x100035000,0x402100,R
13033,0x100072000,0x40211c,R
13034,0x10014d000,0x402178,R
13035,0x1000f2000,0x4020d8,W
13036,0x100154000,0x4021ac,R
13037,0x100034000,0x4020f4,R
13038,0x1001ba000,0x4021ec,R
13039,0x1001f7000,0x402124,R
13040,0x10004f000,0x4021a8,R
13041,0x1001b7000,0x402004,R
13042,0x100135000,0x4020c8,R
13043,0x1001d7000,0x40219c,R
13044,0x100102000,0x40201c,R
13045,0x10001b000,0x402174,W
13046,0x1001b5000,0x402020,R
13047,0x100032000,0x40209c,R
13048,0x100142000,0x402038,R
13049,0x1000ff000,0x4020ac,R
13050,0x10015d000,0x4020c4,R
13051,0x100135000,0x40204c,W
13052,0x1000a6000,0x4020f4,R
13053,0x10003d000,0x402078,R
13054,0x1000e0000,0x4020ac,W
13055,0x100114000,0x4020f4,R
13056,0x10015d000,0x402028,R
13057,0x10003b000,0x40208c,R
13058,0x100146000,0x402038,W
13059,0x10005c000,0x4021e8,R
13060,0x100107000,0x402028,R
13061,0x100030000,0x4021c4,R
13062,0x10001d000,0x402150,R
13063,0x10005f000,0x4021c4,R
13064,0x1000e7000,0x402118,R
13065,0x100051000,0x4021e4,R
13066,0x10008e000,0x40213c,R
13067,0x100029000,0x4020f0,R
13068,0x1000df000,0x402034,R
13069,0x1000d0000,0x402030,R
13070,0x100029000,0x402194,R
13071,0x10001d000,0x402084,R
13072,0x10014f000,0x402178,R
13073,0x100103000,0x402070,R
13074,0x100065000,0x40212c,R
13075,0x10002b000,0x402014,R
13076,0x10017a000,0x402148,R
13077,0x10003b000,0x4020d0,R
13078,0x1000da000,0x4020dc,R
13079,0x100032000,0x402118,W
13080,0x1000d9000,0x4021a0,R
13081,0x1001c8000,0x402180,R
13082,0x1001d2000,0x40216c,R
13083,0x10014d000,0x40206c,R
13084,0x10004a000,0x40219c,R
13085,0x100128000,0x402090,R
13086,0x100098000,0x4021e0,R
13087,0x100030000,0x402034,R
13088,0x10000f000,0x40210c,R
13089,0x100113000,0x402038,R
13090,0x100140000,0x402018,R
13091,0x100093000,0x402114,R
13092,0x100032000,0x402164,R
13093,0x100059000,0x402140,R
13094,0x1000cf000,0x402064,R
13095,0x100082000,0x4021fc,R
13096,0x10012f000,0x4021d4,R
13097,0x100050000,0x4020a4,R
13098,0x10019f000,0x402194,R
13099,0x100084000,0x4021d8,R
13100,0x10019d000,0x402098,R
13101,0x10013f000,0x4020b4,R
13102,0x1001e2000,0x4021d0,R
13103,0x1000d7000,0x402174,R
13104,0x1000c7000,0x4020e4,R
13105,0x100073000,0x402144,R
13106,0x100090000,0x40215c,R
13107,0x1000cd000,0x402040,R
13108,0x10007a000,0x40204c,R
13109,0x1000ea000,0x402000,W
13110,0x100080000,0x4021c4,R
13111,0x1001bb000,0x4021a0,R
13112,0x100158000,0x402140,R
13113,0x10007c000,0x4021b4,R
13114,0x1001bd000,0x402054,R
13115,0x100016000,0x40211c,R
13116,0x1001e0000,0x402090,R
13117,0x100015000,0x402068,R
13118,0x10014b000,0x4020e8,R
13119,0x1001b5000,0x402048,R
13120,0x1000ec000,0x402128,R
13121,0x10017e000,0x4021e8,R
13122,0x1001ed000,0x402194,R
13123,0x100151000,0x4020f0,R
13124,0x10000e000,0x4021dc,R
13125,0x100077000,0x4021c4,R
13126,0x10010e000,0x40209c,W
13127,0x100073000,0x402150,R
13128,0x1000fd000,0x402138,R
13129,0x100085000,0x4021a8,R
13130,0x1000ff000,0x402194,R
13131,0x100146000,0x402000,R
13132,0x100029000,0x402038,W
13133,0x10007d000,0x40215c,R
13134,0x1000be000,0x4020ac,R
13135,0x10005b000,0x402054,R
13136,0x10001f000,0x4021c4,R
13137,0x10001b000,0x4021e8,R
13138,0x10017b000,0x402124,W
13139,0x100187000,0x402058,R
13140,0x1000e7000,0x40204c,R
13141,0x10011e000,0x4020cc,W
13142,0x1001c7000,0x402048,R
13143,0x1000cb000,0x402160,R
13144,0x100127000,0x402020,R
13145,0x100093000,0x402050,R
13146,0x100017000,0x4021a8,R
13147,0x100175000,0x402098,R
13148,0x1000ce000,0x4020fc,R
13149,0x100125000,0x4020a8,R
13150,0x100158000,0x402138,W
13151,0x1001c1000,0x402180,R
13152,0x100052000,0x4020c8,R
13153,0x100156000,0x4021dc,R
13154,0x100154000,0x4020fc,R
13155,0x1000d6000,0x402184,W
13156,0x1001bc000,0x402070,R
13157,0x100090000,0x402124,R
13158,0x1001b3000,0x4021c8,R
13159,0x1000b2000,0x40217c,R
13160,0x100012000,0x40205c,R
13161,0x10002c000,0x40210c,W
13162,0x10000f000,0x4021a4,W
13163,0x1001ec000,0x4021ac,R
13164,0x100166000,0x4020e4,W
13165,0x1001d5000,0x402084,R
13166,0x10014d000,0x402008,R
13167,0x100095000,0x40213c,W
13168,0x10002b000,0x4021cc,R
13169,0x1000b8000,0x4020c8,R
13170,0x1000d2000,0x4021fc,R
13171,0x100088000,0x402044,R
13172,0x100035000,0x40210c,R
13173,0x10002c000,0x40201c,R
13174,0x10001b000,0x402038,R
13175,0x100043000,0x40217c,R
13176,0x1000f4000,0x40214c,W
13177,0x1001bc000,0x402044,R
13178,0x10011c000,0x40203c,R
13179,0x10005f000,0x402188,R
13180,0x10015e000,0x4020d4,W
13181,0x10011b000,0x402188,R
13182,0x1001a1000,0x4020b4,R
13183,0x1001e1000,0x4020b0,R
13184,0x1001cc000,0x40212c,R
13185,0x100046000,0x402108,R
13186,0x10015a000,0x40210c,R
13187,0x100078000,0x402028,R
13188,0x100122000,0x4020a4,R
13189,0x100072000,0x402044,R
13190,0x100195000,0x402150,W
13191,0x1000a3000,0x402014,R
13192,0x1000ac000,0x402124,W
13193,0x1001ee000,0x402040,R
13194,0x1000c1000,0x402020,W
13195,0x100021000,0x402184,R
13196,0x1001ac000,0x40217c,R
13197,0x1001fa000,0x4020dc,R
13198,0x1000fb000,0x402178,R
13199,0x100009000,0x402198,R
13200,0x100190000,0x4020d4,R
13201,0x10007e000,0x4020e0,R
13202,0x1000e4000,0x4021f4,R
13203,0x100166000,0x4020d8,R
13204,0x100017000,0x402048,R
13205,0x100050000,0x402004,R
13206,0x100040000,0x402070,R
13207,0x1001d8000,0x4021bc,R
13208,0x10009e000,0x402024,R
13209,0x100001000,0x4021cc,W
13210,0x100174000,0x4020c8,R
13211,0x1001c3000,0x402104,R
13212,0x100120000,0x4021c0,R
13213,0x100082000,0x4020cc,R
13214,0x100050000,0x4020d4,R
13215,0x100151000,0x40217c,R
13216,0x100016000,0x4020bc,R
13217,0x100143000,0x402038,R
13218,0x1001e2000,0x4021a0,R
13219,0x100074000,0x4021b0,R
13220,0x100004000,0x4021a4,W
13221,0x100001000,0x4020c0,W
13222,0x1001f8000,0x402080,R
13223,0x1001dd000,0x402118,R
13224,0x100118000,0x4021f8,W
13225,0x100017000,0x40204c,R
13226,0x1001b6000,0x402154,W
13227,0x10003e000,0x40204c,W
13228,0x1000e0000,0x402120,R
13229,0x100136000,0x40216c,R
13230,0x1000fa000,0x40210c,R
13231,0x100124000,0x4020ec,R
13232,0x1000f0000,0x402108,W
13233,0x100138000,0x4021ac,W
13234,0x1000e7000,0x4020ec,R
13235,0x100005000,0x4021c0,R
13236,0x10006f000,0x402154,R
13237,0x10015a000,0x4020d0,R
13238,0x100164000,0x402068,R
13239,0x10009e000,0x4020d4,R
13240,0x1001e9000,0x402174,R
13241,0x1000be000,0x4020f0,R
13242,0x10019a000,0x402054,R
13243,0x100014000,0x402168,R
13244,0x10002c000,0x402048,R
13245,0x100035000,0x4020b4,R
13246,0x10004e000,0x4021b0,W
13247,0x10005c000,0x4020e0,R
13248,0x1000f4000,0x402140,R
13249,0x1000a7000,0x402070,R
13250,0x100158000,0x4021cc,R
13251,0x10007c000,0x402028,R
13252,0x1000b2000,0x4021ac,R
13253,0x100097000,0x4020b4,R
13254,0x10001e000,0x402090,R
13255,0x100016000,0x402188,R
13256,0x100081000,0x40203c,R
13257,0x100026000,0x402134,W
13258,0x100116000,0x4020d8,R
13259,0x100027000,0x402158,R
13260,0x100156000,0x402194,R
13261,0x1000ba000,0x40213c,R
13262,0x100098000,0x402100,R
13263,0x1001ea000,0x402148,R
13264,0x1001a0000,0x402048,R
13265,0x100140000,0x4020b0,W
13266,0x1000fd000,0x4021f8,R
13267,0x100114000,0x402160,W
13268,0x100131000,0x402018,R
13269,0x10009e000,0x40204c,R
13270,0x100084000,0x402030,R
13271,0x10004c000,0x402144,R
13272,0x100008000,0x4020f0,W
13273,0x100036000,0x40213c,R
13274,0x1000d2000,0x40212c,R
13275,0x100081000,0x402050,R
13276,0x1000a8000,0x402024,W
13277,0x1001a3000,0x402014,R
13278,0x1001a5000,0x4021bc,R
13279,0x100021000,0x4021d8,R
13280,0x100198000,0x402078,W
13281,0x1000a5000,0x4020e0,R
13282,0x100112000,0x402108,R
13283,0x10009d000,0x4021f8,R
13284,0x100137000,0x402180,R
13285,0x1000e7000,0x402058,W
13286,0x100147000,0x402194,R
13287,0x1000a0000,0x4021f0,W
13288,0x10006a000,0x40213c,R
13289,0x10006e000,0x4021f8,R
13290,0x10015e000,0x4020d4,R
13291,0x100185000,0x402184,W
13292,0x1000be000,0x40204c,R
13293,0x100010000,0x402008,R
13294,0x10013d000,0x402060,R
13295,0x10004c000,0x402004,R
13296,0x10006b000,0x402164,R
13297,0x1000b6000,0x4020ec,R
13298,0x10001c000,0x402148,R
13299,0x1000a8000,0x402058,R
13300,0x10017d000,0x402024,R
13301,0x100017000,0x402050,W
13302,0x100161000,0x402194,R
13303,0x100123000,0x402194,R
13304,0x10009c000,0x4020c4,R
13305,0x1001dc000,0x402080,W
13306,0x1001d8000,0x402094,R
13307,0x10003e000,0x402078,R
13308,0x1001ef000,0x4021e0,R
13309,0x100015000,0x402184,R
13310,0x100112000,0x402048,W
13311,0x100166000,0x4020fc,R
13312,0x10007b000,0x402000,R
13313,0x100012000,0x4021a0,R
13314,0x100061000,0x402038,R
13315,0x100105000,0x4021b4,R
13316,0x100125000,0x402064,R
13317,0x100122000,0x40203c,R
13318,0x1000fc000,0x402084,R
13319,0x100098000,0x402034,R
13320,0x100155000,0x402020,R
13321,0x10015c000,0x402090,R
13322,0x100174000,0x4020f8,R
13323,0x10019c000,0x402008,R
13324,0x100028000,0x402050,R
13325,0x1001e0000,0x4020cc,R
13326,0x100140000,0x402194,W
13327,0x100011000,0x402048,R
13328,0x1000ce000,0x4020dc,R
13329,0x10009c000,0x402118,R
13330,0x10012c000,0x402110,R
13331,0x10013b000,0x4021ac,R
13332,0x1000a6000,0x4020bc,W
13333,0x100065000,0x4021ec,R
13334,0x100079000,0x402170,R
13335,0x1000b9000,0x4021d4,W
13336,0x100048000,0x4021bc,R
13337,0x1000d8000,0x40219c,W
13338,0x1000f6000,0x402110,R
13339,0x100170000,0x4020c0,W
13340,0x1001c6000,0x402020,R
13341,0x10001a000,0x402070,R
13342,0x100058000,0x4020a4,R
13343,0x100099000,0x402000,R
13344,0x10010e000,0x40213c,R
13345,0x10001c000,0x402138,R
13346,0x1000a9000,0x402098,R
13347,0x10003d000,0x402160,R
13348,0x1001cd000,0x402000,R
13349,0x100004000,0x4021b4,W
13350,0x1000ea000,0x402094,R
13351,0x1000d3000,0x402040,R
13352,0x100075000,0x402050,R
13353,0x10001d000,0x4020b0,R
13354,0x10001b000,0x4020dc,R
13355,0x100145000,0x4021f0,R
13356,0x100107000,0x4021e0,R
13357,0x100013000,0x402138,R
13358,0x100189000,0x4020f8,R
13359,0x1000da000,0x402148,R
13360,0x100184000,0x4020c0,R
13361,0x100001000,0x40211c,R
13362,0x1001da000,0x4021dc,R
13363,0x1000c9000,0x40204c,R
13364,0x100156000,0x4021a0,R
13365,0x100070000,0x402148,R
13366,0x100094000,0x402118,R
13367,0x10001f000,0x402034,R
13368,0x100077000,0x402174,R
13369,0x1000c8000,0x402138,W
13370,0x100119000,0x402174,R
13371,0x1001b3000,0x4020f0,R
13372,0x1001e3000,0x402028,R
13373,0x10017c000,0x402184,R
13374,0x1001ca000,0x402058,R
13375,0x1000ba000,0x402158,R
13376,0x1001e5000,0x4020d4,R
13377,0x10003d000,0x402044,R
13378,0x100116000,0x402008,R
13379,0x100159000,0x40206c,W
13380,0x1000f3000,0x4021e0,R
13381,0x1000c8000,0x402080,R
13382,0x100098000,0x4021b8,R
13383,0x100116000,0x402088,R
13384,0x10013e000,0x402078,R
13385,0x10002b000,0x402024,R
13386,0x10017e000,0x4021fc,R
13387,0x10007c000,0x40208c,R
13388,0x1001cf000,0x4021c0,W
13389,0x100099000,0x4020d0,R
13390,0x100122000,0x402068,R
13391,0x100179000,0x4020ac,R
13392,0x10000c000,0x402144,W
13393,0x10001f000,0x402174,R
13394,0x100040000,0x402114,R
13395,0x1001eb000,0x402044,R
13396,0x1000e1000,0x4021ec,R
13397,0x100016000,0x402140,W
13398,0x100103000,0x40215c,R
13399,0x10005c000,0x4020d8,R
13400,0x10012d000,0x4020c0,R
13401,0x1000b8000,0x4021fc,R
13402,0x100120000,0x402080,R
13403,0x10000f000,0x4021dc,W
13404,0x100021000,0x402090,R
13405,0x100028000,0x4020c4,W
13406,0x1001b9000,0x4020d0,R
13407,0x100065000,0x402048,R
13408,0x10003a000,0x4020b4,R
13409,0x100035000,0x402140,R
13410,0x100064000,0x40204c,R
13411,0x100126000,0x402038,W
13412,0x10000f000,0x4020f0,W
13413,0x1000d4000,0x4020a8,R
13414,0x10000b000,0x4020ac,W
13415,0x1000ea000,0x4020c4,R
13416,0x10013a000,0x4020d8,R
13417,0x100163000,0x4020f8,R
13418,0x100021000,0x402198,R
13419,0x100104000,0x4021b4,R
13420,0x1000b5000,0x402050,R
13421,0x100091000,0x402028,R
13422,0x100087000,0x402194,R
13423,0x100176000,0x4020f8,R
13424,0x100057000,0x4021a0,R
13425,0x100096000,0x402164,R
13426,0x1000b5000,0x402188,W
13427,0x1000bd000,0x402044,R
13428,0x10013d000,0x4021a0,R
13429,0x1001a2000,0x402158,R
13430,0x100143000,0x4021d0,R
13431,0x100055000,0x4021cc,W
13432,0x100062000,0x4020ac,R
13433,0x100179000,0x40218c,R
13434,0x100062000,0x4020a8,W
13435,0x10008e000,0x4021a4,W
13436,0x100002000,0x402050,R
13437,0x100120000,0x402168,R
13438,0x100122000,0x40219c,R
13439,0x100010000,0x402150,W
13440,0x1001a9000,0x40201c,R
13441,0x100111000,0x402134,R
13442,0x100035000,0x402090,R
13443,0x100040000,0x402134,R
13444,0x1000bd000,0x4021a0,R
13445,0x100016000,0x4021e0,R
13446,0x100194000,0x4020a8,W
13447,0x1001f1000,0x402174,R
13448,0x100029000,0x402190,R
13449,0x1001e6000,0x4020f8,R
13450,0x100002000,0x4021e0,R
13451,0x10007e000,0x402148,R
13452,0x10009d000,0x4020d8,R
13453,0x1001db000,0x4020d8,R
13454,0x1001bf000,0x402098,R
13455,0x1000d4000,0x4021f8,R
13456,0x1000eb000,0x4020c0,R
13457,0x10011a000,0x402128,R
13458,0x1001a2000,0x40201c,R
13459,0x100014000,0x402198,R
13460,0x100029000,0x40205c,R
13461,0x10003b000,0x402014,R
13462,0x1000a4000,0x4021e8,R
13463,0x100027000,0x402058,R
13464,0x100173000,0x40203c,R
13465,0x100032000,0x40206c,R
13466,0x1000d1000,0x402104,R
13467,0x1000ed000,0x40206c,R
13468,0x100008000,0x402140,W
13469,0x1000e0000,0x4020ec,W
13470,0x10016f000,0x40209c,R
13471,0x1001f6000,0x402158,R
13472,0x10003e000,0x402034,R
13473,0x100074000,0x402138,W
13474,0x10001f000,0x4020b4,W
13475,0x1001fb000,0x402110,R
13476,0x100140000,0x402144,R
13477,0x1000aa000,0x402108,R
13478,0x100067000,0x402060,R
13479,0x100100000,0x402018,R
13480,0x100193000,0x4021c8,R
13481,0x100038000,0x402030,R
13482,0x100072000,0x40212c,R
13483,0x100050000,0x402048,R
13484,0x1000af000,0x4020e0,R
13485,0x10009e000,0x40211c,R
13486,0x10000c000,0x4021a4,W
13487,0x1000a7000,0x4021dc,R
13488,0x100052000,0x4021b4,W
13489,0x1000a0000,0x4020a4,R
13490,0x1000e0000,0x402044,W
13491,0x100081000,0x402124,R
13492,0x100013000,0x402134,R
13493,0x100152000,0x40218c,R
13494,0x100187000,0x4021b0,R
13495,0x1000cd000,0x40204c,R
13496,0x100027000,0x4021c8,R
13497,0x10019c000,0x4021e4,R
13498,0x1000c4000,0x402034,R
13499,0x100119000,0x402010,R
13500,0x1001c5000,0x4021a8,R
13501,0x10003b000,0x402124,R
13502,0x100124000,0x4021b0,W
13503,0x100088000,0x402150,R
13504,0x10007e000,0x402058,R
13505,0x100043000,0x4020f0,R
13506,0x1000c8000,0x40204c,R
13507,0x100071000,0x402084,R
13508,0x1000b1000,0x4020ac,W
13509,0x10000e000,0x402168,W
13510,0x100049000,0x40206c,R
13511,0x1001c3000,0x40204c,R
13512,0x1001d6000,0x402040,R
13513,0x1000db000,0x4021a0,R
13514,0x1000cf000,0x4021c4,R
13515,0x1001ff000,0x402194,R
13516,0x100063000,0x402134,R
13517,0x1001e6000,0x402138,R
13518,0x1000ed000,0x402150,R
13519,0x100184000,0x40215c,R
13520,0x1000c9000,0x4020e0,R
13521,0x100028000,0x4021e4,R
13522,0x1000cc000,0x4020ac,W
13523,0x10009a000,0x402168,R
13524,0x10016b000,0x402134,R
13525,0x1001ff000,0x402128,R
13526,0x100143000,0x402078,R
13527,0x100143000,0x402120,R
13528,0x1000de000,0x402018,W
13529,0x100012000,0x402084,R
13530,0x100102000,0x4020d8,R
13531,0x10012e000,0x402170,R
13532,0x100051000,0x4021ac,R
13533,0x100097000,0x4020b8,R
13534,0x1000dd000,0x402088,R
13535,0x1000ea000,0x40219c,R
13536,0x1000d7000,0x40210c,R
13537,0x100018000,0x402100,R
13538,0x1001b2000,0x4021f4,R
13539,0x1000f4000,0x402080,R
13540,0x1000ba000,0x4020a4,R
13541,0x100005000,0x402128,W
13542,0x10001d000,0x4020c4,R
13543,0x10011a000,0x402118,R
13544,0x1000af000,0x40212c,R
13545,0x100152000,0x402090,R
13546,0x100048000,0x402100,R
13547,0x10000a000,0x402008,W
13548,0x10007f000,0x4020dc,R
13549,0x1000cf000,0x4020a4,R
13550,0x1001ae000,0x402180,R
13551,0x100080000,0x4021e4,R
13552,0x100043000,0x402118,R
13553,0x100147000,0x40207c,W
13554,0x10008f000,0x402040,W
13555,0x100138000,0x40200c,R
13556,0x100141000,0x40200c,R
13557,0x10012e000,0x40215c,W
13558,0x10010c000,0x4021ec,R
13559,0x1000f5000,0x4021a8,R
13560,0x100129000,0x402158,R
13561,0x100025000,0x4021a4,W
13562,0x1001eb000,0x402104,R
13563,0x100034000,0x402028,R
13564,0x10014b000,0x402020,R
13565,0x1001b4000,0x4020b4,R
13566,0x1000d6000,0x40201c,R
13567,0x10001b000,0x402150,R
13568,0x1000c4000,0x402034,R
13569,0x100086000,0x402184,R
13570,0x10006e000,0x4021dc,R
13571,0x1000b2000,0x4021b0,R
13572,0x100116000,0x402178,R
13573,0x100122000,0x4020e4,R
13574,0x100025000,0x40215c,R
13575,0x100085000,0x402094,R
13576,0x1001d0000,0x402174,R
13577,0x10013a000,0x4020fc,R
13578,0x1000ce000,0x40212c,R
13579,0x1000da000,0x40208c,R
13580,0x100060000,0x4021ac,R
13581,0x100119000,0x4020cc,R
13582,0x100011000,0x40203c,R
13583,0x100150000,0x4020c0,R
13584,0x10009a000,0x402010,R
13585,0x10008f000,0x4021cc,R
13586,0x10002b000,0x402114,R
13587,0x1001a7000,0x4020e8,W
13588,0x100165000,0x402144,R
13589,0x100004000,0x402074,W
13590,0x100049000,0x402144,R
13591,0x10013f000,0x4021d8,R
13592,0x100014000,0x402100,R
13593,0x100163000,0x402164,R
13594,0x10010e000,0x402018,R
13595,0x100097000,0x402010,R
13596,0x1001e8000,0x402130,W
13597,0x100154000,0x4020f4,R
13598,0x100029000,0x402180,R
13599,0x100021000,0x4021e8,R
13600,0x100100000,0x4020e4,R
13601,0x1001c6000,0x4021d8,R
13602,0x1000bd000,0x4020f8,R
13603,0x10010d000,0x402190,R
13604,0x100087000,0x40206c,R
13605,0x100036000,0x4020e4,R
13606,0x100059000,0x4021cc,R
13607,0x100175000,0x4020a8,R
13608,0x1000f2000,0x4021e0,R
13609,0x100136000,0x4021c8,W
13610,0x100117000,0x4020d4,R
13611,0x100094000,0x402164,W
13612,0x100004000,0x4020c0,W
13613,0x1000cd000,0x4020e8,W
13614,0x1001fb000,0x4021a0,R
13615,0x100155000,0x402160,W
13616,0x1000e5000,0x40212c,W
13617,0x10017a000,0x402050,R
13618,0x1001c7000,0x402084,R
13619,0x1001dc000,0x4020b0,R
13620,0x10007e000,0x402144,R
13621,0x100087000,0x402078,W
13622,0x100193000,0x402084,R
13623,0x100166000,0x402004,R
13624,0x100055000,0x4021ec,W
13625,0x100135000,0x4020c4,R
13626,0x100056000,0x40219c,R
13627,0x100023000,0x402110,W
13628,0x1000a0000,0x40212c,R
13629,0x1000d7000,0x402094,R
13630,0x1001b5000,0x402018,R
13631,0x100070000,0x402198,R
13632,0x100034000,0x40204c,R
13633,0x100162000,0x402040,R
13634,0x1001c5000,0x4021d8,R
13635,0x10000a000,0x4021ac,W
13636,0x100020000,0x4020d0,R
13637,0x1000e4000,0x4021c8,R
13638,0x100038000,0x402074,R
13639,0x1000dd000,0x4020b4,R
13640,0x100002000,0x4020cc,R
13641,0x1001b4000,0x402174,R
13642,0x1000c8000,0x4021b4,R
13643,0x10001a000,0x40204c,R
13644,0x10011e000,0x4021dc,R
13645,0x100088000,0x4020c8,R
13646,0x100009000,0x402184,W
13647,0x100156000,0x402058,R
13648,0x1000f4000,0x402158,R
13649,0x1000bf000,0x4020c4,W
13650,0x100095000,0x402104,W
13651,0x100037000,0x402084,R
13652,0x1000a9000,0x4021d8,W
13653,0x100186000,0x4020ec,R
13654,0x100023000,0x4020ec,R
13655,0x1000f0000,0x4021f4,R
13656,0x1000e5000,0x402080,R
13657,0x100004000,0x402094,W
13658,0x1000b3000,0x40201c,W
13659,0x100137000,0x4021b0,R
13660,0x100084000,0x4020cc,R
13661,0x1001d3000,0x4020b8,R
13662,0x100018000,0x402174,W
13663,0x1000f1000,0x402090,W
13664,0x100007000,0x40211c,W
13665,0x100032000,0x40205c,R
13666,0x1000aa000,0x4020a4,W
13667,0x100001000,0x402070,W
13668,0x100174000,0x402014,R
13669,0x1000eb000,0x402024,R
13670,0x10002c000,0x4021e0,W
13671,0x10001c000,0x402194,R
13672,0x10001e000,0x402158,R
13673,0x10000d000,0x402034,W
13674,0x10005c000,0x402064,R
13675,0x100193000,0x4020f8,R
13676,0x10006f000,0x402070,W
13677,0x10000d000,0x402184,R
13678,0x10007c000,0x4020e8,R
13679,0x1000f8000,0x4021c8,R
13680,0x100105000,0x40208c,R
13681,0x100035000,0x4021ec,R
13682,0x100099000,0x402128,R
13683,0x10019b000,0x4020b4,R
13684,0x100092000,0x4021c8,W
13685,0x100160000,0x4020b4,R
13686,0x10012a000,0x402010,R
13687,0x100014000,0x4021cc,R
13688,0x100155000,0x4020bc,R
13689,0x100027000,0x40203c,R
13690,0x10008c000,0x402184,R
13691,0x100179000,0x402108,R
13692,0x100021000,0x402088,R
13693,0x100019000,0x4020c8,R
13694,0x10005e000,0x4021ac,W
13695,0x10000b000,0x40202c,R
13696,0x10003e000,0x402188,R
13697,0x1000b5000,0x402008,W
13698,0x1000bc000,0x40208c,R
13699,0x100132000,0x402174,R
13700,0x10017d000,0x4021d0,R
13701,0x100047000,0x4020e4,R
13702,0x1001af000,0x4020e0,R
13703,0x10017e000,0x40218c,R
13704,0x1000ed000,0x402174,R
13705,0x100159000,0x4021d4,R
13706,0x1000f8000,0x40212c,W
13707,0x10003b000,0x4021a8,R
13708,0x100033000,0x402068,W
13709,0x1001c7000,0x40215c,W
13710,0x1000bc000,0x402170,R
13711,0x1000fb000,0x402160,R
13712,0x100088000,0x4021f4,R
13713,0x100084000,0x40204c,R
13714,0x100031000,0x402104,R
13715,0x10009a000,0x402064,R
13716,0x1000f9000,0x40211c,R
13717,0x10003a000,0x40213c,R
13718,0x100002000,0x402108,W
13719,0x10004e000,0x4020b8,R
13720,0x100015000,0x4020e8,R
13721,0x100106000,0x4020b8,R
13722,0x100136000,0x402108,W
13723,0x10013c000,0x402184,R
13724,0x1000cb000,0x402090,R
13725,0x10015e000,0x402004,R
13726,0x100069000,0x4021c4,R
13727,0x1000d2000,0x40214c,R
13728,0x100012000,0x402110,R
13729,0x10008f000,0x4021c4,R
13730,0x10000e000,0x402168,R
13731,0x1000f0000,0x4020f4,R
13732,0x10003a000,0x402034,R
13733,0x100174000,0x402020,R
13734,0x1001fb000,0x40218c,R
13735,0x1000eb000,0x4021c8,R
13736,0x1001ec000,0x402064,R
13737,0x10016f000,0x402164,R
13738,0x10004e000,0x40205c,R
13739,0x100151000,0x4021c4,R
13740,0x100122000,0x4020e4,R
13741,0x10015a000,0x4020b8,R
13742,0x10001c000,0x40200c,R
13743,0x1001f0000,0x4021fc,R
13744,0x10019c000,0x4020e8,W
13745,0x100140000,0x402124,R
13746,0x10013f000,0x402074,W
13747,0x1001bb000,0x402060,R
13748,0x1000c9000,0x402148,R
13749,0x100022000,0x402020,R
13750,0x100154000,0x4020b0,W
13751,0x1000f0000,0x40205c,W
13752,0x100167000,0x402088,R
13753,0x10010e000,0x4020ac,R
13754,0x100178000,0x4021ec,R
13755,0x100167000,0x40215c,R
13756,0x1001d5000,0x4021ec,R
13757,0x1001ea000,0x4020ec,R
13758,0x100012000,0x4020e4,R
13759,0x1001aa000,0x4020c4,R
13760,0x1000dc000,0x4020d8,R
13761,0x100020000,0x402058,R
13762,0x100080000,0x402160,R
13763,0x100132000,0x4020a4,R
13764,0x100101000,0x402154,R
13765,0x1001a2000,0x402000,R
13766,0x10002e000,0x402128,R
13767,0x1001e4000,0x402078,R
13768,0x100126000,0x402144,R
13769,0x1000a6000,0x402018,W
13770,0x10000c000,0x402004,W
13771,0x100026000,0x40219c,W
13772,0x1000d7000,0x40204c,R
13773,0x100041000,0x40212c,R
13774,0x100144000,0x4020c8,R
13775,0x100009000,0x402088,W
13776,0x1000a3000,0x40205c,R
13777,0x100167000,0x4020f0,R
13778,0x1001cf000,0x402188,R
13779,0x10008f000,0x402150,R
13780,0x10007b000,0x4020e4,W
13781,0x10009e000,0x402114,R
13782,0x100007000,0x4020a4,W
13783,0x1000ab000,0x40213c,R
13784,0x1001ef000,0x4021c8,R
13785,0x10009a000,0x4021c4,R
13786,0x100021000,0x4020d8,R
13787,0x1000ba000,0x402088,R
13788,0x1000a0000,0x4021c0,R
13789,0x1000af000,0x402020,R
13790,0x1000d2000,0x402170,R
13791,0x100044000,0x4020c0,R
13792,0x1000a3000,0x402084,R
13793,0x100070000,0x4021b4,R
13794,0x1000d6000,0x40208c,R
13795,0x1001f1000,0x4021d0,R
13796,0x1001f2000,0x402038,R
13797,0x1000aa000,0x4021d4,R
13798,0x1001d0000,0x40213c,R
13799,0x100033000,0x4020e4,R
13800,0x1001db000,0x402188,R
13801,0x100161000,0x40202c,R
13802,0x10012e000,0x4020ac,R
13803,0x100140000,0x4020cc,R
13804,0x10012f000,0x4021d4,R
13805,0x10002e000,0x4020a0,R
13806,0x1000b5000,0x402050,W
13807,0x100012000,0x402090,R
13808,0x100103000,0x4021c0,R
13809,0x1000c2000,0x402050,W
13810,0x1000d2000,0x402080,R
13811,0x100103000,0x402024,R
13812,0x1001b0000,0x4021f4,R
13813,0x10017b000,0x402034,R
13814,0x100086000,0x4020bc,R
13815,0x100100000,0x4021d4,R
13816,0x100199000,0x4021c4,R
13817,0x1001a5000,0x4020b4,R
13818,0x1000fa000,0x4021a0,R
13819,0x100041000,0x4020c0,R
13820,0x100143000,0x402068,R
13821,0x100049000,0x402008,R
13822,0x100006000,0x402128,W
13823,0x100000000,0x40200c,W
13824,0x10007f000,0x402130,R
13825,0x100061000,0x402058,R
13826,0x10004c000,0x402098,R
13827,0x100001000,0x4021c4,R
13828,0x100051000,0x4020c0,R
13829,0x100077000,0x402074,R
13830,0x1000c6000,0x4020a8,R
13831,0x1001b4000,0x402128,R
13832,0x10004c000,0x4021b0,W
13833,0x100023000,0x4021a4,R
13834,0x100103000,0x4021f4,R
13835,0x1001a1000,0x402188,R
13836,0x1000e7000,0x40206c,R
13837,0x1000d2000,0x40213c,R
13838,0x10000f000,0x402144,W
13839,0x100172000,0x402194,R
13840,0x1001a8000,0x402064,R
13841,0x100109000,0x402060,R
13842,0x1000df000,0x40216c,R
13843,0x1001e0000,0x402128,R
13844,0x10013d000,0x4020d4,W
13845,0x100001000,0x402048,W
13846,0x100190000,0x4021dc,R
13847,0x100194000,0x4021d0,W
13848,0x100052000,0x402028,R
13849,0x100030000,0x402000,R
13850,0x100130000,0x4021c4,R
13851,0x1001a0000,0x402124,R
13852,0x100128000,0x40215c,R
13853,0x100145000,0x402158,R
13854,0x10019a000,0x402060,R
13855,0x1000f9000,0x402174,W
13856,0x100025000,0x4020b8,R
13857,0x10005f000,0x402100,R
13858,0x100106000,0x4021d0,R
13859,0x1000ba000,0x40202c,R
13860,0x10004f000,0x402148,R
13861,0x100089000,0x4020b0,R
13862,0x10003e000,0x402044,R
13863,0x10008e000,0x402000,R
13864,0x1000ec000,0x4020fc,R
13865,0x1001a9000,0x402108,W
13866,0x10016c000,0x402020,R
13867,0x100011000,0x4020ec,R
13868,0x10009c000,0x4020c0,R
13869,0x100064000,0x40204c,R
13870,0x100103000,0x4021e8,R
13871,0x100044000,0x402078,R
13872,0x100049000,0x4020dc,R
13873,0x10003c000,0x402020,R
13874,0x10010f000,0x4021a4,R
13875,0x10012d000,0x402178,R
13876,0x100077000,0x402018,W
13877,0x100091000,0x4021a4,R
13878,0x100113000,0x4020f4,R
13879,0x10005f000,0x4021c0,R
13880,0x10001f000,0x4020a0,W
13881,0x1000f1000,0x4021b0,R
13882,0x100042000,0x402048,R
13883,0x100183000,0x4021d8,R
13884,0x10007b000,0x402010,R
13885,0x100127000,0x402194,R
13886,0x100137000,0x402088,R
13887,0x1001c1000,0x4020f4,R
13888,0x1001f1000,0x4021a4,R
13889,0x1000b7000,0x402064,R
13890,0x100136000,0x40209c,R
13891,0x100090000,0x4020a8,W
13892,0x100042000,0x4020b8,R
13893,0x100057000,0x402128,R
13894,0x10006b000,0x402088,R
13895,0x1001cf000,0x402150,R
13896,0x100018000,0x4020ac,R
13897,0x100117000,0x4021d0,R
13898,0x1000b8000,0x402118,R
13899,0x100068000,0x4020c8,R
13900,0x1000f3000,0x4020f8,W
13901,0x1001f8000,0x402058,R
13902,0x10004b000,0x4021bc,R
13903,0x1000ba000,0x4020c0,R
13904,0x1000c2000,0x402044,R
13905,0x10011f000,0x40200c,R
13906,0x100101000,0x402080,R
13907,0x10005b000,0x4021a0,R
13908,0x10003b000,0x402180,W
13909,0x1001e9000,0x40219c,R
13910,0x1001f2000,0x4021f0,R
13911,0x100176000,0x4020e8,R
13912,0x100095000,0x4020c0,R
13913,0x100029000,0x40206c,R
13914,0x1000ef000,0x402118,W
13915,0x1000c9000,0x4021cc,R
13916,0x100083000,0x402128,R
13917,0x100159000,0x402068,R
13918,0x100002000,0x402114,R
13919,0x100026000,0x40214c,R
13920,0x1001df000,0x402120,R
13921,0x1000f9000,0x402144,R
13922,0x10017d000,0x4020c8,R
13923,0x100025000,0x4020c4,R
13924,0x1000d8000,0x40214c,R
13925,0x10013c000,0x40212c,R
13926,0x10002f000,0x4020b0,R
13927,0x1001f2000,0x402008,R
13928,0x1001eb000,0x40217c,R
13929,0x100051000,0x402038,R
13930,0x1001a6000,0x4020f8,R
13931,0x100139000,0x402044,W
13932,0x100047000,0x4021e4,R
13933,0x1001b6000,0x4021b0,R
13934,0x100025000,0x40218c,R
13935,0x100102000,0x4020f8,W
13936,0x100015000,0x4021b0,W
13937,0x100086000,0x402050,R
13938,0x1001ab000,0x402038,R
13939,0x10002f000,0x4021f4,R
13940,0x100054000,0x402094,R
13941,0x1000c9000,0x4020d0,R
13942,0x100029000,0x4021cc,R
13943,0x10003d000,0x40214c,W
13944,0x100079000,0x4021e8,W
13945,0x1001c0000,0x40202c,R
13946,0x10002f000,0x4020ac,R
13947,0x1001c7000,0x402028,R
13948,0x1000d7000,0x402034,R
13949,0x10000d000,0x40215c,W
13950,0x1001ce000,0x4020b0,W
13951,0x10016e000,0x402108,R
13952,0x1001ac000,0x4020c4,R
13953,0x100039000,0x40214c,R
13954,0x100015000,0x402148,R
13955,0x100097000,0x402188,W
13956,0x100150000,0x402190,R
13957,0x100065000,0x4021d4,R
13958,0x1000ea000,0x40203c,R
13959,0x1000c5000,0x4020f0,R
13960,0x100058000,0x4021b8,W
13961,0x100066000,0x402130,R
13962,0x10000f000,0x40200c,W
13963,0x10003e000,0x4021e8,R
13964,0x100110000,0x402048,R
13965,0x1001a7000,0x4020a8,R
13966,0x1001e9000,0x4021d8,R
13967,0x100087000,0x402028,R
13968,0x10009b000,0x402120,R
13969,0x1001a7000,0x402054,R
13970,0x100174000,0x40204c,R
13971,0x10012e000,0x4021ac,R
13972,0x10003e000,0x4021cc,W
13973,0x100179000,0x4021d4,R
13974,0x10012d000,0x4020a0,W
13975,0x1000ef000,0x402050,R
13976,0x1001a2000,0x4020d4,R
13977,0x10007e000,0x4020a8,R
13978,0x1000ed000,0x4020e4,R
13979,0x10003a000,0x4021b8,R
13980,0x10013c000,0x402180,R
13981,0x100164000,0x40204c,R
13982,0x100120000,0x40212c,R
13983,0x100142000,0x4020bc,W
13984,0x100032000,0x40211c,R
13985,0x1000d0000,0x40217c,R
13986,0x1000e7000,0x4021b8,R
13987,0x10001a000,0x4021d0,W
13988,0x100109000,0x4020dc,R
13989,0x100125000,0x40209c,R
13990,0x100156000,0x402104,R
13991,0x100082000,0x40212c,R
13992,0x1001da000,0x402060,R
13993,0x100079000,0x402098,R
13994,0x100130000,0x4021a8,R
13995,0x1001b6000,0x402158,R
13996,0x1000f0000,0x4020b0,R
13997,0x100112000,0x40207c,W
13998,0x100085000,0x40219c,R
13999,0x1001de000,0x40205c,R
14000,0x1001b7000,0x4031b0,R
14001,0x1001b8000,0x403184,R
14002,0x1001b9000,0x403100,R
14003,0x1001ba000,0x403038,R
14004,0x1001bb000,0x40300c,R
14005,0x1001bc000,0x403110,R
14006,0x1001bd000,0x403110,R
14007,0x1001be000,0x4030e0,R
14008,0x1001bf000,0x403040,W
14009,0x1001c0000,0x403028,R
14010,0x1001c1000,0x403080,R
14011,0x1001c2000,0x403050,R
14012,0x1001c3000,0x4030e8,R
14013,0x1001c4000,0x40303c,W
14014,0x1001c5000,0x403088,R
14015,0x1001c6000,0x403060,R
14016,0x1001c7000,0x403098,R
14017,0x1001c8000,0x403138,R
14018,0x1001c9000,0x40306c,R
14019,0x1001ca000,0x403064,R
14020,0x1001cb000,0x403048,R
14021,0x1001cc000,0x403068,R
14022,0x1001cd000,0x4030a0,W
14023,0x1001ce000,0x4031b8,R
14024,0x1001cf000,0x403100,R
14025,0x1001d0000,0x4030cc,R
14026,0x1001d1000,0x403150,R
14027,0x1001d2000,0x40315c,R
14028,0x1001d3000,0x403008,R
14029,0x1001d4000,0x403048,R
14030,0x1001d5000,0x40314c,R
14031,0x1001d6000,0x403118,R
14032,0x1001d7000,0x4031ac,R
14033,0x1001d8000,0x403114,R
14034,0x1001d9000,0x403054,R
14035,0x1001da000,0x4031c8,R
14036,0x1001db000,0x40309c,R
14037,0x1001dc000,0x403068,R
14038,0x1001dd000,0x40318c,R
14039,0x1001de000,0x403100,R
14040,0x1001df000,0x40308c,R
14041,0x1001e0000,0x403004,R
14042,0x1001e1000,0x403158,R
14043,0x1001e2000,0x4031a4,R
14044,0x1001e3000,0x403038,R
14045,0x1001e4000,0x4030b0,R
14046,0x1001e5000,0x4030f8,R
14047,0x1001e6000,0x4030e4,R
14048,0x1001e7000,0x4030dc,R
14049,0x1001e8000,0x40307c,W
14050,0x1001e9000,0x4030b4,R
14051,0x1001ea000,0x403090,R
14052,0x1001eb000,0x4031c0,R
14053,0x1001ec000,0x403188,R
14054,0x1001ed000,0x403084,R
14055,0x1001ee000,0x4030dc,R
14056,0x1001ef000,0x40301c,R
14057,0x1001f0000,0x403018,R
14058,0x1001f1000,0x403028,R
14059,0x1001f2000,0x40310c,R
14060,0x1001f3000,0x4030b8,R
14061,0x1001f4000,0x40315c,W
14062,0x1001f5000,0x403168,R
14063,0x1001f6000,0x4031b4,R
14064,0x1001f7000,0x4030b8,R
14065,0x1001f8000,0x403018,R
14066,0x1001f9000,0x403064,R
14067,0x1001fa000,0x403094,R
14068,0x1001fb000,0x403060,W
14069,0x1001fc000,0x4030fc,R
14070,0x1001fd000,0x403038,R
14071,0x1001fe000,0x403178,W
14072,0x1001ff000,0x4031bc,R
14073,0x100180000,0x40319c,R
14074,0x100181000,0x40304c,R
14075,0x100182000,0x4030f8,R
14076,0x100183000,0x4031c4,R
14077,0x100184000,0x4031a8,R
14078,0x100185000,0x403154,R
14079,0x100186000,0x40319c,R
14080,0x100187000,0x403040,R
14081,0x100188000,0x403188,R
14082,0x100189000,0x4030ec,R
14083,0x10018a000,0x403168,R
14084,0x10018b000,0x403070,R
14085,0x10018c000,0x403038,R
14086,0x10018d000,0x4031e4,R
14087,0x10018e000,0x403180,W
14088,0x10018f000,0x4031d0,R
14089,0x100190000,0x4030cc,R
14090,0x100191000,0x40306c,R
14091,0x100192000,0x4030b8,R
14092,0x100193000,0x4031f0,W
14093,0x100194000,0x403084,W
14094,0x100195000,0x4031f8,R
14095,0x100196000,0x403004,R
14096,0x100197000,0x4030d4,R
14097,0x100198000,0x40316c,R
14098,0x100199000,0x40318c,R
14099,0x10019a000,0x4031c4,R
14100,0x10019b000,0x403034,R
14101,0x10019c000,0x4031d4,R
14102,0x10019d000,0x403070,R
14103,0x10019e000,0x403048,R
14104,0x10019f000,0x40300c,R
14105,0x1001a0000,0x403140,R
14106,0x1001a1000,0x4030c8,W
14107,0x1001a2000,0x4030b4,R
14108,0x1001a3000,0x403104,R
14109,0x1001a4000,0x40304c,R
14110,0x1001a5000,0x4030b0,R
14111,0x1001a6000,0x403130,W
14112,0x1001a7000,0x40310c,R
14113,0x1001a8000,0x4030b8,R
14114,0x1001a9000,0x403108,R
14115,0x1001aa000,0x403090,R
14116,0x1001ab000,0x4031a0,R
14117,0x1001ac000,0x403068,R
14118,0x1001ad000,0x403024,R
14119,0x1001ae000,0x403038,R
14120,0x1001af000,0x403038,W
14121,0x1001b0000,0x403128,R
14122,0x1001b1000,0x403154,W
14123,0x1001b2000,0x403158,R
14124,0x1001b3000,0x403050,R
14125,0x1001b4000,0x403154,R
14126,0x1001b5000,0x403144,W
14127,0x1001b6000,0x40302c,R
14128,0x1001b7000,0x4030e4,R
14129,0x1001b8000,0x4031c8,R
14130,0x1001b9000,0x403198,R
14131,0x1001ba000,0x403100,R
14132,0x1001bb000,0x4030ec,R
14133,0x1001bc000,0x403014,R
14134,0x1001bd000,0x403090,R
14135,0x1001be000,0x40310c,R
14136,0x1001bf000,0x403050,R
14137,0x1001c0000,0x403188,R
14138,0x1001c1000,0x403110,R
14139,0x1001c2000,0x403080,W
14140,0x1001c3000,0x4031fc,R
14141,0x1001c4000,0x4030dc,R
14142,0x1001c5000,0x4031f0,R
14143,0x1001c6000,0x4031e8,R
14144,0x1001c7000,0x4031c4,R
14145,0x1001c8000,0x403058,R
14146,0x1001c9000,0x403198,R
14147,0x1001ca000,0x403188,R
14148,0x1001cb000,0x4031e8,R
14149,0x1001cc000,0x4031d0,R
14150,0x1001cd000,0x40319c,R
14151,0x1001ce000,0x403194,R
14152,0x1001cf000,0x4030d8,R
14153,0x1001d0000,0x4031c0,W
14154,0x1001d1000,0x40306c,R
14155,0x1001d2000,0x403018,R
14156,0x1001d3000,0x403004,R
14157,0x1001d4000,0x4031dc,R
14158,0x1001d5000,0x4030c8,R
14159,0x1001d6000,0x403168,R
14160,0x1001d7000,0x40318c,R
14161,0x1001d8000,0x4031c4,W
14162,0x1001d9000,0x4031d4,R
14163,0x1001da000,0x403138,R
14164,0x1001db000,0x4031e8,W
14165,0x1001dc000,0x4031ac,R
14166,0x1001dd000,0x4031a8,R
14167,0x1001de000,0x40319c,R
14168,0x1001df000,0x4031b0,R
14169,0x1001e0000,0x403048,R
14170,0x1001e1000,0x403128,R
14171,0x1001e2000,0x403198,R
14172,0x1001e3000,0x403114,R
14173,0x1001e4000,0x403044,R
14174,0x1001e5000,0x4031a0,R
14175,0x1001e6000,0x403050,R
14176,0x1001e7000,0x40314c,R
14177,0x1001e8000,0x403060,R
14178,0x1001e9000,0x40314c,R
14179,0x1001ea000,0x403024,R
14180,0x1001eb000,0x40304c,R
14181,0x1001ec000,0x403064,W
14182,0x1001ed000,0x4031a4,R
14183,0x1001ee000,0x4030ec,R
14184,0x1001ef000,0x4030b8,W
14185,0x1001f0000,0x403140,R
14186,0x1001f1000,0x4030a8,R
14187,0x1001f2000,0x403144,W
14188,0x1001f3000,0x4031cc,R
14189,0x1001f4000,0x403120,R
14190,0x1001f5000,0x403104,R
14191,0x1001f6000,0x403038,R
14192,0x1001f7000,0x4031f0,R
14193,0x1001f8000,0x403108,R
14194,0x1001f9000,0x40306c,R
14195,0x1001fa000,0x4031ec,R
14196,0x1001fb000,0x40318c,R
14197,0x1001fc000,0x4031f4,R
14198,0x1001fd000,0x40307c,R
14199,0x1001fe000,0x403068,R
14200,0x1001ff000,0x4031c8,R
14201,0x100180000,0x40302c,R
14202,0x100181000,0x403100,R
14203,0x100182000,0x4030fc,R
14204,0x100183000,0x403168,W
14205,0x100184000,0x403048,R
14206,0x100185000,0x403088,R
14207,0x100186000,0x403190,R
14208,0x100187000,0x403084,R
14209,0x100188000,0x4031d4,R
14210,0x100189000,0x40311c,R
14211,0x10018a000,0x4031d8,R
14212,0x10018b000,0x403170,R
14213,0x10018c000,0x403164,R
14214,0x10018d000,0x4030e4,R
14215,0x10018e000,0x40313c,R
14216,0x10018f000,0x40308c,R
14217,0x100190000,0x403168,R
14218,0x100191000,0x403070,R
14219,0x100192000,0x403084,R
14220,0x100193000,0x403104,R
14221,0x100194000,0x403120,W
14222,0x100195000,0x403100,W
14223,0x100196000,0x4030c4,R
14224,0x100197000,0x40319c,R
14225,0x100198000,0x40310c,R
14226,0x100199000,0x403180,R
14227,0x10019a000,0x4031fc,R
14228,0x10019b000,0x4030ec,R
14229,0x10019c000,0x403158,R
14230,0x10019d000,0x403124,R
14231,0x10019e000,0x403048,R
14232,0x10019f000,0x4031b8,R
14233,0x1001a0000,0x403164,R
14234,0x1001a1000,0x403198,R
14235,0x1001a2000,0x403158,W
14236,0x1001a3000,0x403044,R
14237,0x1001a4000,0x4030a8,R
14238,0x1001a5000,0x4030a4,R
14239,0x1001a6000,0x403030,W
14240,0x1001a7000,0x4031b0,R
14241,0x1001a8000,0x40307c,W
14242,0x1001a9000,0x403084,R
14243,0x1001aa000,0x403048,W
14244,0x1001ab000,0x4031ac,R
14245,0x1001ac000,0x40309c,R
14246,0x1001ad000,0x403138,R
14247,0x1001ae000,0x40319c,R
14248,0x1001af000,0x4031fc,W
14249,0x1001b0000,0x40303c,R
14250,0x1001b1000,0x4031f0,W
14251,0x1001b2000,0x4030ec,R
14252,0x1001b3000,0x4030a0,R
14253,0x1001b4000,0x403074,R
14254,0x1001b5000,0x40305c,R
14255,0x1001b6000,0x403030,W
14256,0x1001b7000,0x403020,R
14257,0x1001b8000,0x4030f0,R
14258,0x1001b9000,0x403188,R
14259,0x1001ba000,0x4030e4,R
14260,0x1001bb000,0x40317c,R
14261,0x1001bc000,0x4031a4,R
14262,0x1001bd000,0x403104,R
14263,0x1001be000,0x4031dc,R
14264,0x1001bf000,0x403164,R
14265,0x1001c0000,0x403170,R
14266,0x1001c1000,0x403094,R
14267,0x1001c2000,0x403140,R
14268,0x1001c3000,0x4031f4,R
14269,0x1001c4000,0x40318c,R
14270,0x1001c5000,0x403034,R
14271,0x1001c6000,0x40316c,R
14272,0x1001c7000,0x4031d8,R
14273,0x1001c8000,0x4030dc,R
14274,0x1001c9000,0x403194,W
14275,0x1001ca000,0x403020,R
14276,0x1001cb000,0x403170,R
14277,0x1001cc000,0x403034,R
14278,0x1001cd000,0x4030dc,R
14279,0x1001ce000,0x4031b4,R
14280,0x1001cf000,0x40305c,W
14281,0x1001d0000,0x4031c0,R
14282,0x1001d1000,0x40301c,R
14283,0x1001d2000,0x403058,R
14284,0x1001d3000,0x403010,R
14285,0x1001d4000,0x4030cc,R
14286,0x1001d5000,0x403034,R
14287,0x1001d6000,0x403088,R
14288,0x1001d7000,0x4030c8,R
14289,0x1001d8000,0x40306c,R
14290,0x1001d9000,0x403124,R
14291,0x1001da000,0x403074,R
14292,0x1001db000,0x40310c,R
14293,0x1001dc000,0x4031e8,R
14294,0x1001dd000,0x403194,R
14295,0x1001de000,0x4030dc,R
14296,0x1001df000,0x4030c8,R
14297,0x1001e0000,0x40311c,R
14298,0x1001e1000,0x403064,R
14299,0x1001e2000,0x4031f0,R
14300,0x1001e3000,0x40310c,R
14301,0x1001e4000,0x403078,R
14302,0x1001e5000,0x403140,R
14303,0x1001e6000,0x403090,R
14304,0x1001e7000,0x403054,R
14305,0x1001e8000,0x403114,R
14306,0x1001e9000,0x4030a8,R
14307,0x1001ea000,0x40302c,R
14308,0x1001eb000,0x403184,R
14309,0x1001ec000,0x4031dc,R
14310,0x1001ed000,0x4030ec,R
14311,0x1001ee000,0x4031b4,R
14312,0x1001ef000,0x403118,R
14313,0x1001f0000,0x4031c8,R
14314,0x1001f1000,0x4031b0,R
14315,0x1001f2000,0x403008,R
14316,0x1001f3000,0x4030e0,R
14317,0x1001f4000,0x403094,R
14318,0x1001f5000,0x403104,R
14319,0x1001f6000,0x403088,W
14320,0x1001f7000,0x403180,W
14321,0x1001f8000,0x40310c,R
14322,0x1001f9000,0x403020,R
14323,0x1001fa000,0x403078,R
14324,0x1001fb000,0x4031a8,R
14325,0x1001fc000,0x403098,R
14326,0x1001fd000,0x403060,R
14327,0x1001fe000,0x40302c,R
14328,0x1001ff000,0x403120,R
14329,0x100180000,0x4030cc,R
14330,0x100181000,0x403034,R
14331,0x100182000,0x40313c,R
14332,0x100183000,0x4031b4,R
14333,0x100184000,0x403114,R
14334,0x100185000,0x40310c,R
14335,0x100186000,0x403140,W
14336,0x100187000,0x403110,R
14337,0x100188000,0x403078,W
14338,0x100189000,0x4030f8,R
14339,0x10018a000,0x4030e4,W
14340,0x10018b000,0x4031b4,R
14341,0x10018c000,0x4031d8,R
14342,0x10018d000,0x403120,R
14343,0x10018e000,0x4031a0,R
14344,0x10018f000,0x403124,R
14345,0x100190000,0x4031c8,W
14346,0x100191000,0x403138,R
14347,0x100192000,0x403020,R
14348,0x100193000,0x4030e4,R
14349,0x100194000,0x4031b4,R
14350,0x100195000,0x403170,R
14351,0x100196000,0x403010,W
14352,0x100197000,0x40308c,W
14353,0x100198000,0x4030dc,R
14354,0x100199000,0x403198,R
14355,0x10019a000,0x40315c,R
14356,0x10019b000,0x40307c,R
14357,0x10019c000,0x403184,R
14358,0x10019d000,0x403084,R
14359,0x10019e000,0x4031e4,R
14360,0x10019f000,0x40313c,R
14361,0x1001a0000,0x40302c,W
14362,0x1001a1000,0x403144,W
14363,0x1001a2000,0x4031d0,R
14364,0x1001a3000,0x40304c,R
14365,0x1001a4000,0x40302c,R
14366,0x1001a5000,0x4031e8,R
14367,0x1001a6000,0x403080,R
14368,0x1001a7000,0x403018,R
14369,0x1001a8000,0x403128,R
14370,0x1001a9000,0x4031b8,R
14371,0x1001aa000,0x403110,W
14372,0x1001ab000,0x4030cc,W
14373,0x1001ac000,0x403164,R
14374,0x1001ad000,0x40315c,R
14375,0x1001ae000,0x403194,R
14376,0x1001af000,0x403040,R
14377,0x1001b0000,0x4030f4,R
14378,0x1001b1000,0x40300c,R
14379,0x1001b2000,0x403190,W
14380,0x1001b3000,0x403184,R
14381,0x1001b4000,0x4031a8,R
14382,0x1001b5000,0x40314c,R
14383,0x1001b6000,0x403174,R
14384,0x1001b7000,0x4031a0,R
14385,0x1001b8000,0x4030c0,R
14386,0x1001b9000,0x40318c,R
14387,0x1001ba000,0x4030fc,R
14388,0x1001bb000,0x403104,R
14389,0x1001bc000,0x403024,R
14390,0x1001bd000,0x403058,R
14391,0x1001be000,0x403194,R
14392,0x1001bf000,0x403138,W
14393,0x1001c0000,0x40313c,R
14394,0x1001c1000,0x4031e0,R
14395,0x1001c2000,0x4031d8,R
14396,0x1001c3000,0x4030c8,R
14397,0x1001c4000,0x403018,R
14398,0x1001c5000,0x403084,R
14399,0x1001c6000,0x4030dc,R
14400,0x1001c7000,0x403170,W
14401,0x1001c8000,0x403094,R
14402,0x1001c9000,0x4031b8,R
14403,0x1001ca000,0x4030f8,R
14404,0x1001cb000,0x4030e8,R
14405,0x1001cc000,0x40305c,R
14406,0x1001cd000,0x4030b8,R
14407,0x1001ce000,0x403180,W
14408,0x1001cf000,0x4031e8,R
14409,0x1001d0000,0x403064,R
14410,0x1001d1000,0x403120,R
14411,0x1001d2000,0x4030e8,R
14412,0x1001d3000,0x4030f8,R
14413,0x1001d4000,0x403158,R
14414,0x1001d5000,0x403088,R
14415,0x1001d6000,0x4030dc,R
14416,0x1001d7000,0x403034,R
14417,0x1001d8000,0x40301c,R
14418,0x1001d9000,0x40315c,R
14419,0x1001da000,0x4030dc,R
14420,0x1001db000,0x4031b8,R
14421,0x1001dc000,0x40315c,R
14422,0x1001dd000,0x403078,R
14423,0x1001de000,0x4030bc,W
14424,0x1001df000,0x4031a4,R
14425,0x1001e0000,0x403184,W
14426,0x1001e1000,0x403114,R
14427,0x1001e2000,0x4031ec,W
14428,0x1001e3000,0x4030d4,R
14429,0x1001e4000,0x403018,R
14430,0x1001e5000,0x4030f0,R
14431,0x1001e6000,0x403054,R
14432,0x1001e7000,0x4030f8,R
14433,0x1001e8000,0x403120,R
14434,0x1001e9000,0x403014,R
14435,0x1001ea000,0x4031b8,R
14436,0x1001eb000,0x403084,R
14437,0x1001ec000,0x4031d8,R
14438,0x1001ed000,0x40303c,R
14439,0x1001ee000,0x403174,R
14440,0x1001ef000,0x403178,W
14441,0x1001f0000,0x4031f8,R
14442,0x1001f1000,0x4031f8,R
14443,0x1001f2000,0x403128,R
14444,0x1001f3000,0x403158,R
14445,0x1001f4000,0x403008,W
14446,0x1001f5000,0x403178,R
14447,0x1001f6000,0x4030c8,W
14448,0x1001f7000,0x403018,R
14449,0x1001f8000,0x4030c0,R
14450,0x1001f9000,0x403074,R
14451,0x1001fa000,0x403020,R
14452,0x1001fb000,0x403014,W
14453,0x1001fc000,0x403164,R
14454,0x1001fd000,0x4030b4,R
14455,0x1001fe000,0x403040,R
14456,0x1001ff000,0x4031c8,W
14457,0x100180000,0x403194,R
14458,0x100181000,0x4030dc,R
14459,0x100182000,0x4030d4,R
14460,0x100183000,0x403088,R
14461,0x100184000,0x403064,R
14462,0x100185000,0x4031b8,R
14463,0x100186000,0x40314c,R
14464,0x100187000,0x403140,R
14465,0x100188000,0x40314c,R
14466,0x100189000,0x4031a0,R
14467,0x10018a000,0x4031c0,R
14468,0x10018b000,0x4031b8,R
14469,0x10018c000,0x403148,R
14470,0x10018d000,0x4030cc,R
14471,0x10018e000,0x403014,W
14472,0x10018f000,0x403064,R
14473,0x100190000,0x4031a4,R
14474,0x100191000,0x4030e8,W
14475,0x100192000,0x4031c4,R
14476,0x100193000,0x403028,R
14477,0x100194000,0x403184,R
14478,0x100195000,0x403028,R
14479,0x100196000,0x40314c,W
14480,0x100197000,0x403108,R
14481,0x100198000,0x403174,R
14482,0x100199000,0x40312c,R
14483,0x10019a000,0x403138,R
14484,0x10019b000,0x4030f0,R
14485,0x10019c000,0x40313c,R
14486,0x10019d000,0x403030,R
14487,0x10019e000,0x403040,R
14488,0x10019f000,0x403064,R
14489,0x1001a0000,0x403048,R
14490,0x1001a1000,0x403164,W
14491,0x1001a2000,0x40318c,R
14492,0x1001a3000,0x403150,R
14493,0x1001a4000,0x403114,R
14494,0x1001a5000,0x4030e4,R
14495,0x1001a6000,0x403010,R
14496,0x1001a7000,0x403044,R
14497,0x1001a8000,0x40312c,R
14498,0x1001a9000,0x4030e0,W
14499,0x1001aa000,0x4030bc,R
14500,0x1001ab000,0x403094,R
14501,0x1001ac000,0x403104,R
14502,0x1001ad000,0x4030f4,R
14503,0x1001ae000,0x40319c,R
14504,0x1001af000,0x4030d0,W
14505,0x1001b0000,0x403050,R
14506,0x1001b1000,0x403108,W
14507,0x1001b2000,0x403140,R
14508,0x1001b3000,0x40304c,R
14509,0x1001b4000,0x403094,R
14510,0x1001b5000,0x4031f0,R
14511,0x1001b6000,0x403054,R
14512,0x1001b7000,0x403088,R
14513,0x1001b8000,0x40308c,R
14514,0x1001b9000,0x4031f8,R
14515,0x1001ba000,0x4031d8,R
14516,0x1001bb000,0x40308c,R
14517,0x1001bc000,0x403170,W
14518,0x1001bd000,0x403178,R
14519,0x1001be000,0x4031fc,R
14520,0x1001bf000,0x403164,R
14521,0x1001c0000,0x4031a4,R
14522,0x1001c1000,0x4030a8,R
14523,0x1001c2000,0x4030c4,R
14524,0x1001c3000,0x4030b4,R
14525,0x1001c4000,0x403074,R
14526,0x1001c5000,0x403078,W
14527,0x1001c6000,0x40300c,R
14528,0x1001c7000,0x4031c4,R
14529,0x1001c8000,0x4031f4,R
14530,0x1001c9000,0x403028,W
14531,0x1001ca000,0x403160,R
14532,0x1001cb000,0x403144,R
14533,0x1001cc000,0x403048,R
14534,0x1001cd000,0x403184,R
14535,0x1001ce000,0x403020,R
14536,0x1001cf000,0x4031c0,R
14537,0x1001d0000,0x403080,W
14538,0x1001d1000,0x403144,R
14539,0x1001d2000,0x403014,R
14540,0x1001d3000,0x403088,R
14541,0x1001d4000,0x403038,R
14542,0x1001d5000,0x4030c8,R
14543,0x1001d6000,0x4030e8,R
14544,0x1001d7000,0x403044,R
14545,0x1001d8000,0x403190,R
14546,0x1001d9000,0x40309c,R
14547,0x1001da000,0x40300c,W
14548,0x1001db000,0x40304c,R
14549,0x1001dc000,0x403118,R
14550,0x1001dd000,0x4031a8,R
14551,0x1001de000,0x403110,R
14552,0x1001df000,0x4031d8,R
14553,0x1001e0000,0x4030d4,R
14554,0x1001e1000,0x4030e8,R
14555,0x1001e2000,0x4031ec,R
14556,0x1001e3000,0x4030ac,R
14557,0x1001e4000,0x40308c,R
14558,0x1001e5000,0x4030e4,R
14559,0x1001e6000,0x403138,R
14560,0x1001e7000,0x403064,W
14561,0x1001e8000,0x403020,R
14562,0x1001e9000,0x403074,R
14563,0x1001ea000,0x4030f0,R
14564,0x1001eb000,0x4031e4,R
14565,0x1001ec000,0x403150,R
14566,0x1001ed000,0x403100,R
14567,0x1001ee000,0x4031c4,R
14568,0x1001ef000,0x403010,R
14569,0x1001f0000,0x40315c,R
14570,0x1001f1000,0x4031ec,R
14571,0x1001f2000,0x4031c8,R
14572,0x1001f3000,0x403058,R
14573,0x1001f4000,0x40311c,R
14574,0x1001f5000,0x403044,R
14575,0x1001f6000,0x403164,W
14576,0x1001f7000,0x403020,W
14577,0x1001f8000,0x403020,W
14578,0x1001f9000,0x4031d4,R
14579,0x1001fa000,0x403188,R
14580,0x1001fb000,0x403120,R
14581,0x1001fc000,0x403094,R
14582,0x1001fd000,0x403158,R
14583,0x1001fe000,0x4031e0,R
14584,0x1001ff000,0x4030e8,R
14585,0x100180000,0x403018,R
14586,0x100181000,0x403090,R
14587,0x100182000,0x40319c,R
14588,0x100183000,0x40302c,R
14589,0x100184000,0x4031cc,W
14590,0x100185000,0x403188,R
14591,0x100186000,0x4030fc,R
14592,0x100187000,0x40319c,R
14593,0x100188000,0x4031b8,R
14594,0x100189000,0x40315c,R
14595,0x10018a000,0x4030cc,R
14596,0x10018b000,0x40314c,R
14597,0x10018c000,0x403144,R
14598,0x10018d000,0x4030a4,R
14599,0x10018e000,0x403024,R
14600,0x10018f000,0x4030a4,R
14601,0x100190000,0x4030b4,R
14602,0x100191000,0x403134,W
14603,0x100192000,0x403124,R
14604,0x100193000,0x4030ec,R
14605,0x100194000,0x403088,R
14606,0x100195000,0x403128,R
14607,0x100196000,0x403088,R
14608,0x100197000,0x403048,R
14609,0x100198000,0x403030,R
14610,0x100199000,0x403138,R
14611,0x10019a000,0x4031a8,R
14612,0x10019b000,0x403190,R
14613,0x10019c000,0x403004,R
14614,0x10019d000,0x4031c0,R
14615,0x10019e000,0x403074,R
14616,0x10019f000,0x4030c0,R
14617,0x1001a0000,0x4030b4,R
14618,0x1001a1000,0x403130,R
14619,0x1001a2000,0x4031c8,R
14620,0x1001a3000,0x4031ac,W
14621,0x1001a4000,0x4031f8,R
14622,0x1001a5000,0x40319c,R
14623,0x1001a6000,0x403190,R
14624,0x1001a7000,0x403078,R
14625,0x1001a8000,0x4031f4,R
14626,0x1001a9000,0x40306c,R
14627,0x1001aa000,0x40311c,R
14628,0x1001ab000,0x4031d4,W
14629,0x1001ac000,0x403108,R
14630,0x1001ad000,0x40314c,R
14631,0x1001ae000,0x4030fc,R
14632,0x1001af000,0x40304c,R
14633,0x1001b0000,0x40306c,R
14634,0x1001b1000,0x40316c,R
14635,0x1001b2000,0x4031a0,R
14636,0x1001b3000,0x4031f4,R
14637,0x1001b4000,0x40313c,R
14638,0x1001b5000,0x40302c,R
14639,0x1001b6000,0x4030c4,R
14640,0x1001b7000,0x4030d4,R
14641,0x1001b8000,0x4031bc,R
14642,0x1001b9000,0x40303c,R
14643,0x1001ba000,0x403044,R
14644,0x1001bb000,0x4030e0,R
14645,0x1001bc000,0x403190,R
14646,0x1001bd000,0x4030bc,W
14647,0x1001be000,0x40316c,R
14648,0x1001bf000,0x4030dc,R
14649,0x1001c0000,0x40314c,R
14650,0x1001c1000,0x4031ec,R
14651,0x1001c2000,0x403090,R
14652,0x1001c3000,0x403054,R
14653,0x1001c4000,0x403148,W
14654,0x1001c5000,0x403058,W
14655,0x1001c6000,0x403180,R
14656,0x1001c7000,0x403018,W
14657,0x1001c8000,0x403108,R
14658,0x1001c9000,0x403170,R
14659,0x1001ca000,0x4031d4,R
14660,0x1001cb000,0x4030fc,R
14661,0x1001cc000,0x4031b8,R
14662,0x1001cd000,0x4031a0,R
14663,0x1001ce000,0x403078,R
14664,0x1001cf000,0x4030b4,R
14665,0x1001d0000,0x4030fc,R
14666,0x1001d1000,0x4031e4,R
14667,0x1001d2000,0x40312c,R
14668,0x1001d3000,0x40309c,R
14669,0x1001d4000,0x4031a8,R
14670,0x1001d5000,0x4030fc,R
14671,0x1001d6000,0x40308c,R
14672,0x1001d7000,0x403070,R
14673,0x1001d8000,0x40318c,W
14674,0x1001d9000,0x403170,R
14675,0x1001da000,0x403000,R
14676,0x1001db000,0x4030bc,R
14677,0x1001dc000,0x4031bc,W
14678,0x1001dd000,0x403070,R
14679,0x1001de000,0x403054,R
14680,0x1001df000,0x403060,R
14681,0x1001e0000,0x4031b4,R
14682,0x1001e1000,0x40304c,R
14683,0x1001e2000,0x403010,R
14684,0x1001e3000,0x4031e4,R
14685,0x1001e4000,0x4030d0,R
14686,0x1001e5000,0x403050,R
14687,0x1001e6000,0x4031fc,R
14688,0x1001e7000,0x403124,R
14689,0x1001e8000,0x403000,R
14690,0x1001e9000,0x403170,W
14691,0x1001ea000,0x403138,R
14692,0x1001eb000,0x4031d8,R
14693,0x1001ec000,0x403150,W
14694,0x1001ed000,0x403064,R
14695,0x1001ee000,0x4030bc,R
14696,0x1001ef000,0x403048,W
14697,0x1001f0000,0x4031ec,R
14698,0x1001f1000,0x4031b0,R
14699,0x1001f2000,0x4030d0,R
14700,0x1001f3000,0x403028,R
14701,0x1001f4000,0x403018,W
14702,0x1001f5000,0x40319c,R
14703,0x1001f6000,0x403030,R
14704,0x1001f7000,0x40314c,R
14705,0x1001f8000,0x4030ac,R
14706,0x1001f9000,0x403020,R
14707,0x1001fa000,0x4031e4,R
14708,0x1001fb000,0x403118,R
14709,0x1001fc000,0x4031e4,R
14710,0x1001fd000,0x403124,W
14711,0x1001fe000,0x40310c,W
14712,0x1001ff000,0x4030c0,R
14713,0x100180000,0x4031e8,R
14714,0x100181000,0x403088,R
14715,0x100182000,0x403054,R
14716,0x100183000,0x4030e0,R
14717,0x100184000,0x4031a4,R
14718,0x100185000,0x403114,R
14719,0x100186000,0x4030e0,R
14720,0x100187000,0x403194,W
14721,0x100188000,0x4030a0,R
14722,0x100189000,0x4031e8,W
14723,0x10018a000,0x40318c,R
14724,0x10018b000,0x403018,R
14725,0x10018c000,0x4031cc,R
14726,0x10018d000,0x403098,R
14727,0x10018e000,0x4031f8,R
14728,0x10018f000,0x4031d8,R
14729,0x100190000,0x403118,W
14730,0x100191000,0x4030d8,R
14731,0x100192000,0x4031d8,W
14732,0x100193000,0x40312c,R
14733,0x100194000,0x4030a8,R
14734,0x100195000,0x40300c,R
14735,0x100196000,0x403058,R
14736,0x100197000,0x4030c0,R
14737,0x100198000,0x4030fc,R
14738,0x100199000,0x4031c8,R
14739,0x10019a000,0x403018,R
14740,0x10019b000,0x403070,W
14741,0x10019c000,0x403168,R
14742,0x10019d000,0x40317c,R
14743,0x10019e000,0x4031cc,W
14744,0x10019f000,0x4030e4,R
14745,0x1001a0000,0x40301c,R
14746,0x1001a1000,0x403010,R
14747,0x1001a2000,0x4030b8,R
14748,0x1001a3000,0x4030a8,W
14749,0x1001a4000,0x4030b4,R
14750,0x1001a5000,0x403074,R
14751,0x1001a6000,0x4030f8,R
14752,0x1001a7000,0x403058,R
14753,0x1001a8000,0x4030a0,W
14754,0x1001a9000,0x40318c,R
14755,0x1001aa000,0x4031cc,R
14756,0x1001ab000,0x403090,R
14757,0x1001ac000,0x403148,R
14758,0x1001ad000,0x4030e8,R
14759,0x1001ae000,0x4030e8,R
14760,0x1001af000,0x403170,R
14761,0x1001b0000,0x40309c,R
14762,0x1001b1000,0x403080,R
14763,0x1001b2000,0x4030f8,R
14764,0x1001b3000,0x4031a8,R
14765,0x1001b4000,0x403008,R
14766,0x1001b5000,0x4031f4,R
14767,0x1001b6000,0x403154,R
14768,0x1001b7000,0x4030f4,R
14769,0x1001b8000,0x403178,W
14770,0x1001b9000,0x4031ec,R
14771,0x1001ba000,0x40304c,R
14772,0x1001bb000,0x40312c,R
14773,0x1001bc000,0x403048,R
14774,0x1001bd000,0x4030ac,R
14775,0x1001be000,0x403058,R
14776,0x1001bf000,0x403054,R
14777,0x1001c0000,0x4030a4,R
14778,0x1001c1000,0x403000,R
14779,0x1001c2000,0x403180,W
14780,0x1001c3000,0x403110,R
14781,0x1001c4000,0x4031d0,R
14782,0x1001c5000,0x4030f0,R
14783,0x1001c6000,0x40301c,R
14784,0x1001c7000,0x403120,R
14785,0x1001c8000,0x4031cc,R
14786,0x1001c9000,0x403088,R
14787,0x1001ca000,0x403150,W
14788,0x1001cb000,0x40316c,R
14789,0x1001cc000,0x4031ec,R
14790,0x1001cd000,0x4031ac,R
14791,0x1001ce000,0x4031ec,R
14792,0x1001cf000,0x403134,R
14793,0x1001d0000,0x403004,W
14794,0x1001d1000,0x403110,R
14795,0x1001d2000,0x403158,R
14796,0x1001d3000,0x40306c,R
14797,0x1001d4000,0x4031c4,R
14798,0x1001d5000,0x4030f8,R
14799,0x1001d6000,0x403198,R
14800,0x1001d7000,0x403194,R
14801,0x1001d8000,0x403160,R
14802,0x1001d9000,0x403154,R
14803,0x1001da000,0x40317c,R
14804,0x1001db000,0x4030d0,R
14805,0x1001dc000,0x4031a0,W
14806,0x1001dd000,0x4031f8,R
14807,0x1001de000,0x4031e0,R
14808,0x1001df000,0x403178,R
14809,0x1001e0000,0x4030dc,W
14810,0x1001e1000,0x403180,R
14811,0x1001e2000,0x4030c4,R
14812,0x1001e3000,0x403050,R
14813,0x1001e4000,0x40303c,R
14814,0x1001e5000,0x40309c,R
14815,0x1001e6000,0x40319c,R
14816,0x1001e7000,0x4031a8,R
14817,0x1001e8000,0x40300c,W
14818,0x1001e9000,0x40319c,W
14819,0x1001ea000,0x4031f0,R
14820,0x1001eb000,0x403104,R
14821,0x1001ec000,0x4030f8,R
14822,0x1001ed000,0x4031d8,R
14823,0x1001ee000,0x403080,R
14824,0x1001ef000,0x4030d4,R
14825,0x1001f0000,0x4031d4,R
14826,0x1001f1000,0x403004,R
14827,0x1001f2000,0x4031c8,R
14828,0x1001f3000,0x40309c,R
14829,0x1001f4000,0x403098,R
14830,0x1001f5000,0x403184,R
14831,0x1001f6000,0x40316c,R
14832,0x1001f7000,0x40305c,R
14833,0x1001f8000,0x403044,R
14834,0x1001f9000,0x4031a0,R
14835,0x1001fa000,0x403084,R
14836,0x1001fb000,0x4031c8,R
14837,0x1001fc000,0x40316c,R
14838,0x1001fd000,0x4031f4,R
14839,0x1001fe000,0x403184,R
14840,0x1001ff000,0x403180,R
14841,0x100180000,0x403140,W
14842,0x100181000,0x4030f4,R
14843,0x100182000,0x4030a4,R
14844,0x100183000,0x4030f0,R
14845,0x100184000,0x403028,R
14846,0x100185000,0x403124,R
14847,0x100186000,0x403084,R
14848,0x100187000,0x4030b8,R
14849,0x100188000,0x4031f0,R
14850,0x100189000,0x4030a8,W
14851,0x10018a000,0x403040,R
14852,0x10018b000,0x4030cc,R
14853,0x10018c000,0x40307c,R
14854,0x10018d000,0x40312c,W
14855,0x10018e000,0x403038,R
14856,0x10018f000,0x40305c,R
14857,0x100190000,0x40305c,R
14858,0x100191000,0x403118,R
14859,0x100192000,0x403174,R
14860,0x100193000,0x40308c,R
14861,0x100194000,0x4031e4,R
14862,0x100195000,0x4030bc,R
14863,0x100196000,0x4031cc,R
14864,0x100197000,0x403140,R
14865,0x100198000,0x4030a8,W
14866,0x100199000,0x40302c,R
14867,0x10019a000,0x4031cc,W
14868,0x10019b000,0x4030a0,W
14869,0x10019c000,0x403090,R
14870,0x10019d000,0x403104,R
14871,0x10019e000,0x403108,R
14872,0x10019f000,0x40313c,W
14873,0x1001a0000,0x403084,R
14874,0x1001a1000,0x403134,R
14875,0x1001a2000,0x4030e0,R
14876,0x1001a3000,0x403014,W
14877,0x1001a4000,0x4031a4,W
14878,0x1001a5000,0x4030f8,R
14879,0x1001a6000,0x4031bc,R
14880,0x1001a7000,0x403070,R
14881,0x1001a8000,0x403128,R
14882,0x1001a9000,0x4031c8,R
14883,0x1001aa000,0x40301c,R
14884,0x1001ab000,0x403014,W
14885,0x1001ac000,0x403054,R
14886,0x1001ad000,0x403174,R
14887,0x1001ae000,0x403110,R
14888,0x1001af000,0x403174,R
14889,0x1001b0000,0x403054,R
14890,0x1001b1000,0x4030f0,R
14891,0x1001b2000,0x4030b4,R
14892,0x1001b3000,0x403054,R
14893,0x1001b4000,0x4031e4,R
14894,0x1001b5000,0x403128,R
14895,0x1001b6000,0x4030e0,R
14896,0x1001b7000,0x4030cc,R
14897,0x1001b8000,0x4031cc,R
14898,0x1001b9000,0x403044,R
14899,0x1001ba000,0x4030c8,R
14900,0x1001bb000,0x403130,R
14901,0x1001bc000,0x403040,R
14902,0x1001bd000,0x40306c,R
14903,0x1001be000,0x403164,R
14904,0x1001bf000,0x403088,W
14905,0x1001c0000,0x4030fc,R
14906,0x1001c1000,0x4031bc,W
14907,0x1001c2000,0x403068,R
14908,0x1001c3000,0x4030cc,R
14909,0x1001c4000,0x403150,R
14910,0x1001c5000,0x4031ac,R
14911,0x1001c6000,0x40317c,R
14912,0x1001c7000,0x403010,R
14913,0x1001c8000,0x4031c4,R
14914,0x1001c9000,0x4030c0,R
14915,0x1001ca000,0x403150,R
14916,0x1001cb000,0x403124,R
14917,0x1001cc000,0x403150,R
14918,0x1001cd000,0x4031d8,R
14919,0x1001ce000,0x4031c4,W
14920,0x1001cf000,0x40306c,R
14921,0x1001d0000,0x403080,W
14922,0x1001d1000,0x40307c,R
14923,0x1001d2000,0x403198,R
14924,0x1001d3000,0x403104,R
14925,0x1001d4000,0x403180,R
14926,0x1001d5000,0x403024,R
14927,0x1001d6000,0x4030e4,R
14928,0x1001d7000,0x4030f8,R
14929,0x1001d8000,0x4030f0,R
14930,0x1001d9000,0x4030f8,R
14931,0x1001da000,0x4030a8,R
14932,0x1001db000,0x4031e8,R
14933,0x1001dc000,0x4030ec,R
14934,0x1001dd000,0x403098,R
14935,0x1001de000,0x403198,R
14936,0x1001df000,0x403144,R
14937,0x1001e0000,0x403164,R
14938,0x1001e1000,0x403014,W
14939,0x1001e2000,0x403104,R
14940,0x1001e3000,0x403090,R
14941,0x1001e4000,0x4031c8,R
14942,0x1001e5000,0x403034,R
14943,0x1001e6000,0x403050,R
14944,0x1001e7000,0x4031ac,R
14945,0x1001e8000,0x403088,R
14946,0x1001e9000,0x4031ec,R
14947,0x1001ea000,0x403130,R
14948,0x1001eb000,0x4030d0,R
14949,0x1001ec000,0x40300c,R
14950,0x1001ed000,0x403074,W
14951,0x1001ee000,0x403144,R
14952,0x1001ef000,0x4031cc,R
14953,0x1001f0000,0x40313c,R
14954,0x1001f1000,0x403120,R
14955,0x1001f2000,0x403150,W
14956,0x1001f3000,0x4031e8,R
14957,0x1001f4000,0x403080,R
14958,0x1001f5000,0x403138,R
14959,0x1001f6000,0x4030e4,R
14960,0x1001f7000,0x4031ec,R
14961,0x1001f8000,0x40307c,R
14962,0x1001f9000,0x40307c,R
14963,0x1001fa000,0x403074,W
14964,0x1001fb000,0x40307c,R
14965,0x1001fc000,0x403064,R
14966,0x1001fd000,0x403018,R
14967,0x1001fe000,0x4031c0,R
14968,0x1001ff000,0x403180,R
14969,0x100180000,0x40313c,R
14970,0x100181000,0x4030cc,R
14971,0x100182000,0x4030e0,R
14972,0x100183000,0x403114,R
14973,0x100184000,0x40316c,R
14974,0x100185000,0x403170,R
14975,0x100186000,0x40308c,R
14976,0x100187000,0x4031c4,R
14977,0x100188000,0x403010,R
14978,0x100189000,0x4030a8,R
14979,0x10018a000,0x4031e4,R
14980,0x10018b000,0x4030b0,R
14981,0x10018c000,0x4031c4,R
14982,0x10018d000,0x4030f0,R
14983,0x10018e000,0x4031f8,R
14984,0x10018f000,0x403138,W
14985,0x100190000,0x403020,R
14986,0x100191000,0x403020,R
14987,0x100192000,0x4030d0,R
14988,0x100193000,0x4031bc,R
14989,0x100194000,0x4030e8,R
14990,0x100195000,0x403170,R
14991,0x100196000,0x4030d0,W
14992,0x100197000,0x403064,W
14993,0x100198000,0x4031ac,R
14994,0x100199000,0x403070,R
14995,0x10019a000,0x4031f0,R
14996,0x10019b000,0x4030a0,W
14997,0x10019c000,0x4030f4,R
14998,0x10019d000,0x403060,R
14999,0x10019e000,0x4030cc,R
15000,0x10019f000,0x403008,R
15001,0x1001a0000,0x4031d0,W
15002,0x1001a1000,0x403138,R
15003,0x1001a2000,0x403110,W
15004,0x1001a3000,0x4030ac,R
15005,0x1001a4000,0x403044,R
15006,0x1001a5000,0x403088,R
15007,0x1001a6000,0x403090,R
15008,0x1001a7000,0x40315c,R
15009,0x1001a8000,0x4030e4,R
15010,0x1001a9000,0x4030a4,R
15011,0x1001aa000,0x403094,R
15012,0x1001ab000,0x403158,W
15013,0x1001ac000,0x403054,R
15014,0x1001ad000,0x403148,W
15015,0x1001ae000,0x4031d0,R
15016,0x1001af000,0x4030c8,R
15017,0x1001b0000,0x403024,R
15018,0x1001b1000,0x4031f0,R
15019,0x1001b2000,0x403168,W
15020,0x1001b3000,0x4031c0,R
15021,0x1001b4000,0x403154,R
15022,0x1001b5000,0x403028,R
15023,0x1001b6000,0x403024,R
15024,0x1001b7000,0x403024,R
15025,0x1001b8000,0x4030a0,R
15026,0x1001b9000,0x40319c,R
15027,0x1001ba000,0x40302c,R
15028,0x1001bb000,0x403000,R
15029,0x1001bc000,0x403088,R
15030,0x1001bd000,0x4030b8,R
15031,0x1001be000,0x403170,R
15032,0x1001bf000,0x4031c8,R
15033,0x1001c0000,0x403084,R
15034,0x1001c1000,0x4031b8,R
15035,0x1001c2000,0x403098,R
15036,0x1001c3000,0x403180,R
15037,0x1001c4000,0x4030ac,R
15038,0x1001c5000,0x4030c0,R
15039,0x1001c6000,0x4031a4,W
15040,0x1001c7000,0x4030a8,R
15041,0x1001c8000,0x4031ec,R
15042,0x1001c9000,0x403008,R
15043,0x1001ca000,0x403004,R
15044,0x1001cb000,0x403040,W
15045,0x1001cc000,0x403190,R
15046,0x1001cd000,0x403070,R
15047,0x1001ce000,0x403068,R
15048,0x1001cf000,0x40319c,R
15049,0x1001d0000,0x4031b0,R
15050,0x1001d1000,0x40307c,R
15051,0x1001d2000,0x40313c,R
15052,0x1001d3000,0x40315c,R
15053,0x1001d4000,0x403020,W
15054,0x1001d5000,0x40304c,R
15055,0x1001d6000,0x40313c,R
15056,0x1001d7000,0x403074,R
15057,0x1001d8000,0x403038,R
15058,0x1001d9000,0x403130,R
15059,0x1001da000,0x403078,W
15060,0x1001db000,0x4031e4,R
15061,0x1001dc000,0x403044,R
15062,0x1001dd000,0x403114,R
15063,0x1001de000,0x403044,R
15064,0x1001df000,0x4031ac,R
15065,0x1001e0000,0x4031c4,R
15066,0x1001e1000,0x4030ac,R
15067,0x1001e2000,0x403030,R
15068,0x1001e3000,0x4031fc,R
15069,0x1001e4000,0x403180,R
15070,0x1001e5000,0x4031f4,R
15071,0x1001e6000,0x403188,R
15072,0x1001e7000,0x4031cc,R
15073,0x1001e8000,0x403160,R
15074,0x1001e9000,0x4031d4,R
15075,0x1001ea000,0x403074,R
15076,0x1001eb000,0x40312c,R
15077,0x1001ec000,0x403048,R
15078,0x1001ed000,0x403030,W
15079,0x1001ee000,0x403194,R
15080,0x1001ef000,0x403024,R
15081,0x1001f0000,0x403030,R
15082,0x1001f1000,0x403114,R
15083,0x1001f2000,0x4030e4,R
15084,0x1001f3000,0x4031cc,R
15085,0x1001f4000,0x403034,R
15086,0x1001f5000,0x403068,W
15087,0x1001f6000,0x4031a4,R
15088,0x1001f7000,0x403074,W
15089,0x1001f8000,0x4031d8,R
15090,0x1001f9000,0x4031c0,W
15091,0x1001fa000,0x4031e0,R
15092,0x1001fb000,0x403014,R
15093,0x1001fc000,0x4030c0,R
15094,0x1001fd000,0x4030c8,W
15095,0x1001fe000,0x403184,R
15096,0x1001ff000,0x403124,R
15097,0x100180000,0x403024,R
15098,0x100181000,0x40308c,R
15099,0x100182000,0x4030ac,R
15100,0x100183000,0x4030bc,R
15101,0x100184000,0x403064,R
15102,0x100185000,0x40313c,R
15103,0x100186000,0x4030ac,R
15104,0x100187000,0x403044,R
15105,0x100188000,0x4031d4,R
15106,0x100189000,0x403080,R
15107,0x10018a000,0x403008,R
15108,0x10018b000,0x403154,R
15109,0x10018c000,0x403050,R
15110,0x10018d000,0x40314c,R
15111,0x10018e000,0x403194,R
15112,0x10018f000,0x40303c,W
15113,0x100190000,0x403190,R
15114,0x100191000,0x4030fc,R
15115,0x100192000,0x40319c,R
15116,0x100193000,0x403064,W
15117,0x100194000,0x403168,R
15118,0x100195000,0x403054,R
15119,0x100196000,0x403024,R
15120,0x100197000,0x403100,R
15121,0x100198000,0x403154,R
15122,0x100199000,0x403104,R
15123,0x10019a000,0x4030e4,R
15124,0x10019b000,0x40307c,R
15125,0x10019c000,0x4030fc,R
15126,0x10019d000,0x40316c,R
15127,0x10019e000,0x403174,R
15128,0x10019f000,0x403008,R
15129,0x1001a0000,0x4031d8,R
15130,0x1001a1000,0x403138,R
15131,0x1001a2000,0x4031a4,W
15132,0x1001a3000,0x40314c,R
15133,0x1001a4000,0x4030e0,R
15134,0x1001a5000,0x403160,R
15135,0x1001a6000,0x403194,R
15136,0x1001a7000,0x4031f0,R
15137,0x1001a8000,0x403064,R
15138,0x1001a9000,0x40317c,R
15139,0x1001aa000,0x40309c,R
15140,0x1001ab000,0x40318c,R
15141,0x1001ac000,0x4031f8,R
15142,0x1001ad000,0x4031e8,W
15143,0x1001ae000,0x4030dc,R
15144,0x1001af000,0x403120,R
15145,0x1001b0000,0x40318c,R
15146,0x1001b1000,0x403180,R
15147,0x1001b2000,0x403018,R
15148,0x1001b3000,0x40306c,W
15149,0x1001b4000,0x403150,R
15150,0x1001b5000,0x4030f0,R
15151,0x1001b6000,0x403160,R
15152,0x1001b7000,0x403008,R
15153,0x1001b8000,0x403154,R
15154,0x1001b9000,0x403014,R
15155,0x1001ba000,0x4031fc,R
15156,0x1001bb000,0x40318c,R
15157,0x1001bc000,0x40310c,R
15158,0x1001bd000,0x4030c8,R
15159,0x1001be000,0x4030c8,R
15160,0x1001bf000,0x4031c4,R
15161,0x1001c0000,0x403160,R
15162,0x1001c1000,0x403168,W
15163,0x1001c2000,0x403080,R
15164,0x1001c3000,0x4030a4,R
15165,0x1001c4000,0x4030bc,R
15166,0x1001c5000,0x4030f8,R
15167,0x1001c6000,0x40309c,W
15168,0x1001c7000,0x403000,R
15169,0x1001c8000,0x403140,R
15170,0x1001c9000,0x403194,R
15171,0x1001ca000,0x403060,R
15172,0x1001cb000,0x40308c,R
15173,0x1001cc000,0x403088,W
15174,0x1001cd000,0x40315c,W
15175,0x1001ce000,0x403064,W
15176,0x1001cf000,0x4030c8,R
15177,0x1001d0000,0x403050,W
15178,0x1001d1000,0x403114,R
15179,0x1001d2000,0x40302c,R
15180,0x1001d3000,0x4031e0,R
15181,0x1001d4000,0x4030b0,R
15182,0x1001d5000,0x403068,R
15183,0x1001d6000,0x4030f4,W
15184,0x1001d7000,0x4031b0,R
15185,0x1001d8000,0x403084,W
15186,0x1001d9000,0x4031f0,R
15187,0x1001da000,0x4030ec,R
15188,0x1001db000,0x403090,R
15189,0x1001dc000,0x403120,R
15190,0x1001dd000,0x40313c,W
15191,0x1001de000,0x4030bc,R
15192,0x1001df000,0x403158,R
15193,0x1001e0000,0x40310c,R
15194,0x1001e1000,0x403138,W
15195,0x1001e2000,0x4030b0,R
15196,0x1001e3000,0x403160,R
15197,0x1001e4000,0x4031f0,R
15198,0x1001e5000,0x4031d8,W
15199,0x1001e6000,0x403174,R
15200,0x1001e7000,0x4031ac,W
15201,0x1001e8000,0x4031b4,R
15202,0x1001e9000,0x403080,R
15203,0x1001ea000,0x4031a0,R
15204,0x1001eb000,0x40305c,R
15205,0x1001ec000,0x403168,R
15206,0x1001ed000,0x4031a0,R
15207,0x1001ee000,0x403010,R
15208,0x1001ef000,0x4030fc,R
15209,0x1001f0000,0x403010,R
15210,0x1001f1000,0x4030b0,W
15211,0x1001f2000,0x4030b8,R
15212,0x1001f3000,0x40318c,R
15213,0x1001f4000,0x4030b8,R
15214,0x1001f5000,0x4030c8,W
15215,0x1001f6000,0x4031ac,R
15216,0x1001f7000,0x4030bc,R
15217,0x1001f8000,0x4031d4,R
15218,0x1001f9000,0x403090,R
15219,0x1001fa000,0x4031c4,R
15220,0x1001fb000,0x4031e8,R
15221,0x1001fc000,0x403040,R
15222,0x1001fd000,0x403160,R
15223,0x1001fe000,0x403060,W
15224,0x1001ff000,0x403050,R
15225,0x100180000,0x403020,R
15226,0x100181000,0x403160,R
15227,0x100182000,0x4031f4,R
15228,0x100183000,0x403004,R
15229,0x100184000,0x4030b8,R
15230,0x100185000,0x403014,R
15231,0x100186000,0x40317c,R
15232,0x100187000,0x403080,W
15233,0x100188000,0x4031b8,R
15234,0x100189000,0x403158,R
15235,0x10018a000,0x403088,R
15236,0x10018b000,0x4030dc,R
15237,0x10018c000,0x403030,R
15238,0x10018d000,0x403158,R
15239,0x10018e000,0x40303c,R
15240,0x10018f000,0x403070,R
15241,0x100190000,0x4030e4,W
15242,0x100191000,0x4030e0,R
15243,0x100192000,0x403120,R
15244,0x100193000,0x40307c,R
15245,0x100194000,0x403078,R
15246,0x100195000,0x40309c,R
15247,0x100196000,0x403078,R
15248,0x100197000,0x4031ec,R
15249,0x100198000,0x403198,W
15250,0x100199000,0x403014,R
15251,0x10019a000,0x403194,R
15252,0x10019b000,0x40315c,R
15253,0x10019c000,0x4030c0,R
15254,0x10019d000,0x403164,R
15255,0x10019e000,0x403168,R
15256,0x10019f000,0x403070,R
15257,0x1001a0000,0x403040,R
15258,0x1001a1000,0x4031ec,R
15259,0x1001a2000,0x40303c,R
15260,0x1001a3000,0x403188,R
15261,0x1001a4000,0x403078,W
15262,0x1001a5000,0x403134,R
15263,0x1001a6000,0x403160,R
15264,0x1001a7000,0x403050,R
15265,0x1001a8000,0x4031fc,R
15266,0x1001a9000,0x403154,R
15267,0x1001aa000,0x4031c4,R
15268,0x1001ab000,0x403118,R
15269,0x1001ac000,0x4031b4,R
15270,0x1001ad000,0x403104,R
15271,0x1001ae000,0x4031d4,W
15272,0x1001af000,0x4031e4,R
15273,0x1001b0000,0x403160,R
15274,0x1001b1000,0x40302c,R
15275,0x1001b2000,0x40312c,R
15276,0x1001b3000,0x4030ec,W
15277,0x1001b4000,0x403114,R
15278,0x1001b5000,0x40313c,R
15279,0x1001b6000,0x40312c,R
15280,0x1001b7000,0x4030bc,R
15281,0x1001b8000,0x403144,R
15282,0x1001b9000,0x4030f8,R
15283,0x1001ba000,0x403008,R
15284,0x1001bb000,0x403128,R
15285,0x1001bc000,0x40300c,R
15286,0x1001bd000,0x403050,R
15287,0x1001be000,0x40314c,R
15288,0x1001bf000,0x403068,R
15289,0x1001c0000,0x4031fc,R
15290,0x1001c1000,0x403114,R
15291,0x1001c2000,0x403198,R
15292,0x1001c3000,0x4030f8,R
15293,0x1001c4000,0x403030,R
15294,0x1001c5000,0x4031b8,R
15295,0x1001c6000,0x403174,R
15296,0x1001c7000,0x403124,R
15297,0x1001c8000,0x40308c,R
15298,0x1001c9000,0x4030e0,W
15299,0x1001ca000,0x403068,R
15300,0x1001cb000,0x40313c,R
15301,0x1001cc000,0x4031e4,W
15302,0x1001cd000,0x403020,R
15303,0x1001ce000,0x4030b4,R
15304,0x1001cf000,0x403008,R
15305,0x1001d0000,0x403000,R
15306,0x1001d1000,0x40316c,R
15307,0x1001d2000,0x403168,R
15308,0x1001d3000,0x403024,W
15309,0x1001d4000,0x4030dc,R
15310,0x1001d5000,0x403040,R
15311,0x1001d6000,0x40305c,R
15312,0x1001d7000,0x403064,R
15313,0x1001d8000,0x403054,R
15314,0x1001d9000,0x4030f0,R
15315,0x1001da000,0x4031b0,R
15316,0x1001db000,0x4030b4,R
15317,0x1001dc000,0x4030d4,R
15318,0x1001dd000,0x403078,W
15319,0x1001de000,0x403148,R
15320,0x1001df000,0x403000,R
15321,0x1001e0000,0x4030e8,W
15322,0x1001e1000,0x403010,R
15323,0x1001e2000,0x403008,W
15324,0x1001e3000,0x4031e4,R
15325,0x1001e4000,0x4031bc,R
15326,0x1001e5000,0x40309c,R
15327,0x1001e6000,0x40304c,R
15328,0x1001e7000,0x403178,R
15329,0x1001e8000,0x4031bc,R
15330,0x1001e9000,0x403068,W
15331,0x1001ea000,0x40303c,R
15332,0x1001eb000,0x403018,W
15333,0x1001ec000,0x4030a8,R
15334,0x1001ed000,0x40315c,R
15335,0x1001ee000,0x40312c,R
15336,0x1001ef000,0x4030b4,R
15337,0x1001f0000,0x40317c,R
15338,0x1001f1000,0x403028,R
15339,0x1001f2000,0x40312c,R
15340,0x1001f3000,0x403078,R
15341,0x1001f4000,0x40316c,R
15342,0x1001f5000,0x403050,R
15343,0x1001f6000,0x403088,R
15344,0x1001f7000,0x403030,R
15345,0x1001f8000,0x40310c,W
15346,0x1001f9000,0x403134,R
15347,0x1001fa000,0x4031fc,R
15348,0x1001fb000,0x403018,R
15349,0x1001fc000,0x403170,R
15350,0x1001fd000,0x403074,R
15351,0x1001fe000,0x403008,W
15352,0x1001ff000,0x403008,R
15353,0x100180000,0x4030c4,R
15354,0x100181000,0x403080,R
15355,0x100182000,0x403118,R
15356,0x100183000,0x403000,R
15357,0x100184000,0x40318c,W
15358,0x100185000,0x403030,R
15359,0x100186000,0x403188,R
15360,0x100187000,0x40305c,R
15361,0x100188000,0x403144,R
15362,0x100189000,0x4031d8,R
15363,0x10018a000,0x4030b8,R
15364,0x10018b000,0x40319c,R
15365,0x10018c000,0x4030d8,R
15366,0x10018d000,0x4030cc,R
15367,0x10018e000,0x403054,W
15368,0x10018f000,0x403060,R
15369,0x100190000,0x4031cc,R
15370,0x100191000,0x4030ac,R
15371,0x100192000,0x403044,R
15372,0x100193000,0x403040,W
15373,0x100194000,0x4031a4,R
15374,0x100195000,0x4031bc,R
15375,0x100196000,0x403094,R
15376,0x100197000,0x403040,R
15377,0x100198000,0x403140,R
15378,0x100199000,0x4031d8,R
15379,0x10019a000,0x40316c,R
15380,0x10019b000,0x403084,R
15381,0x10019c000,0x40310c,R
15382,0x10019d000,0x4030b4,R
15383,0x10019e000,0x403118,W
15384,0x10019f000,0x4030ac,R
15385,0x1001a0000,0x403020,W
15386,0x1001a1000,0x403170,R
15387,0x1001a2000,0x4030d4,R
15388,0x1001a3000,0x4031c0,R
15389,0x1001a4000,0x403144,R
15390,0x1001a5000,0x403188,R
15391,0x1001a6000,0x4031a8,R
15392,0x1001a7000,0x4031d0,W
15393,0x1001a8000,0x403068,R
15394,0x1001a9000,0x4031b4,R
15395,0x1001aa000,0x4030e8,R
15396,0x1001ab000,0x403110,R
15397,0x1001ac000,0x40310c,W
15398,0x1001ad000,0x4030e0,R
15399,0x1001ae000,0x4030fc,R
15400,0x1001af000,0x403184,R
15401,0x1001b0000,0x403090,R
15402,0x1001b1000,0x403010,R
15403,0x1001b2000,0x4031f0,R
15404,0x1001b3000,0x4031cc,R
15405,0x1001b4000,0x40306c,W
15406,0x1001b5000,0x403084,W
15407,0x1001b6000,0x403070,R
15408,0x1001b7000,0x4030e8,R
15409,0x1001b8000,0x4031d0,W
15410,0x1001b9000,0x4031d4,R
15411,0x1001ba000,0x4030e8,R
15412,0x1001bb000,0x403118,W
15413,0x1001bc000,0x4031b4,R
15414,0x1001bd000,0x4030f8,R
15415,0x1001be000,0x403168,R
15416,0x1001bf000,0x403034,W
15417,0x1001c0000,0x4031f0,R
15418,0x1001c1000,0x4031dc,W
15419,0x1001c2000,0x4030e8,R
15420,0x1001c3000,0x403164,R
15421,0x1001c4000,0x40315c,R
15422,0x1001c5000,0x4030d4,R
15423,0x1001c6000,0x403088,R
15424,0x1001c7000,0x4031f8,R
15425,0x1001c8000,0x4030a0,R
15426,0x1001c9000,0x403170,R
15427,0x1001ca000,0x4031d0,W
15428,0x1001cb000,0x40300c,R
15429,0x1001cc000,0x403000,R
15430,0x1001cd000,0x4031c8,R
15431,0x1001ce000,0x403078,R
15432,0x1001cf000,0x403194,R
15433,0x1001d0000,0x4031d8,W
15434,0x1001d1000,0x40317c,R
15435,0x1001d2000,0x403060,R
15436,0x1001d3000,0x4031cc,R
15437,0x1001d4000,0x403140,R
15438,0x1001d5000,0x40317c,R
15439,0x1001d6000,0x403024,R
15440,0x1001d7000,0x403170,R
15441,0x1001d8000,0x403144,R
15442,0x1001d9000,0x40302c,R
15443,0x1001da000,0x4030a4,R
15444,0x1001db000,0x403054,R
15445,0x1001dc000,0x40302c,R
15446,0x1001dd000,0x4031cc,R
15447,0x1001de000,0x40319c,R
15448,0x1001df000,0x403160,R
15449,0x1001e0000,0x40313c,R
15450,0x1001e1000,0x403024,R
15451,0x1001e2000,0x4031a4,R
15452,0x1001e3000,0x403160,R
15453,0x1001e4000,0x4031e4,R
15454,0x1001e5000,0x403084,R
15455,0x1001e6000,0x4030b0,W
15456,0x1001e7000,0x40318c,R
15457,0x1001e8000,0x4030dc,R
15458,0x1001e9000,0x40308c,R
15459,0x1001ea000,0x40317c,R
15460,0x1001eb000,0x4030c8,R
15461,0x1001ec000,0x4031bc,R
15462,0x1001ed000,0x403190,R
15463,0x1001ee000,0x4031d8,R
15464,0x1001ef000,0x403084,R
15465,0x1001f0000,0x403010,R
15466,0x1001f1000,0x4031b8,R
15467,0x1001f2000,0x4031dc,R
15468,0x1001f3000,0x4031fc,R
15469,0x1001f4000,0x4031bc,R
15470,0x1001f5000,0x40315c,R
15471,0x1001f6000,0x403190,R
15472,0x1001f7000,0x403080,R
15473,0x1001f8000,0x4030d4,R
15474,0x1001f9000,0x403184,R
15475,0x1001fa000,0x403138,R
15476,0x1001fb000,0x40316c,R
15477,0x1001fc000,0x4030d4,R
15478,0x1001fd000,0x40306c,R
15479,0x1001fe000,0x4030b8,R
15480,0x1001ff000,0x403000,R
15481,0x100180000,0x403138,R
15482,0x100181000,0x403134,R
15483,0x100182000,0x4030a0,R
15484,0x100183000,0x403030,R
15485,0x100184000,0x40309c,R
15486,0x100185000,0x4031bc,R
15487,0x100186000,0x4030a0,R
15488,0x100187000,0x403050,R
15489,0x100188000,0x40318c,R
15490,0x100189000,0x403160,R
15491,0x10018a000,0x4030bc,R
15492,0x10018b000,0x40316c,R
15493,0x10018c000,0x403058,R
15494,0x10018d000,0x403110,R
15495,0x10018e000,0x403114,R
15496,0x10018f000,0x403038,R
15497,0x100190000,0x403154,W
15498,0x100191000,0x40304c,R
15499,0x100192000,0x4031b4,W
15500,0x100193000,0x4031c8,R
15501,0x100194000,0x4030d8,R
15502,0x100195000,0x403174,R
15503,0x100196000,0x4030c4,R
15504,0x100197000,0x4030a4,W
15505,0x100198000,0x4030e4,R
15506,0x100199000,0x40309c,R
15507,0x10019a000,0x403124,R
15508,0x10019b000,0x4031a4,W
15509,0x10019c000,0x403178,R
15510,0x10019d000,0x4031b8,R
15511,0x10019e000,0x4030e8,W
15512,0x10019f000,0x403008,R
15513,0x1001a0000,0x40308c,R
15514,0x1001a1000,0x403004,R
15515,0x1001a2000,0x403160,R
15516,0x1001a3000,0x4030b8,R
15517,0x1001a4000,0x4031b0,R
15518,0x1001a5000,0x4030ac,R
15519,0x1001a6000,0x40317c,R
15520,0x1001a7000,0x403020,R
15521,0x1001a8000,0x403194,R
15522,0x1001a9000,0x40319c,R
15523,0x1001aa000,0x403128,R
15524,0x1001ab000,0x4030b0,W
15525,0x1001ac000,0x403098,R
15526,0x1001ad000,0x4031a8,R
15527,0x1001ae000,0x4030d8,R
15528,0x1001af000,0x403000,W
15529,0x1001b0000,0x403124,R
15530,0x1001b1000,0x4030dc,R
15531,0x1001b2000,0x4030f4,R
15532,0x1001b3000,0x403100,R
15533,0x1001b4000,0x403148,R
15534,0x1001b5000,0x403044,R
15535,0x1001b6000,0x403038,R
15536,0x1001b7000,0x4031d4,R
15537,0x1001b8000,0x4030bc,R
15538,0x1001b9000,0x40313c,R
15539,0x1001ba000,0x40312c,R
15540,0x1001bb000,0x403104,W
15541,0x1001bc000,0x4031a8,W
15542,0x1001bd000,0x403150,R
15543,0x1001be000,0x40312c,R
15544,0x1001bf000,0x4031f0,R
15545,0x1001c0000,0x403044,R
15546,0x1001c1000,0x4030cc,R
15547,0x1001c2000,0x403034,W
15548,0x1001c3000,0x4030cc,R
15549,0x1001c4000,0x4030c4,R
15550,0x1001c5000,0x4030ec,R
15551,0x1001c6000,0x4030cc,R
15552,0x1001c7000,0x4031a0,R
15553,0x1001c8000,0x40307c,W
15554,0x1001c9000,0x4030b0,R
15555,0x1001ca000,0x4030bc,R
15556,0x1001cb000,0x403120,R
15557,0x1001cc000,0x40307c,R
15558,0x1001cd000,0x403044,R
15559,0x1001ce000,0x40304c,W
15560,0x1001cf000,0x4030dc,W
15561,0x1001d0000,0x4030a8,R
15562,0x1001d1000,0x403050,R
15563,0x1001d2000,0x4030f8,R
15564,0x1001d3000,0x403118,R
15565,0x1001d4000,0x403100,R
15566,0x1001d5000,0x403190,R
15567,0x1001d6000,0x403010,R
15568,0x1001d7000,0x4030b8,R
15569,0x1001d8000,0x40302c,R
15570,0x1001d9000,0x40309c,R
15571,0x1001da000,0x403170,R
15572,0x1001db000,0x4031e0,R
15573,0x1001dc000,0x40313c,R
15574,0x1001dd000,0x403134,R
15575,0x1001de000,0x40317c,R
15576,0x1001df000,0x403074,R
15577,0x1001e0000,0x403134,R
15578,0x1001e1000,0x40312c,R
15579,0x1001e2000,0x4031c0,R
15580,0x1001e3000,0x403014,R
15581,0x1001e4000,0x403188,R
15582,0x1001e5000,0x403104,R
15583,0x1001e6000,0x403148,R
15584,0x1001e7000,0x4030a8,R
15585,0x1001e8000,0x403048,R
15586,0x1001e9000,0x40300c,R
15587,0x1001ea000,0x4030d4,R
15588,0x1001eb000,0x4030ec,R
15589,0x1001ec000,0x40319c,R
15590,0x1001ed000,0x403164,R
15591,0x1001ee000,0x4031a4,R
15592,0x1001ef000,0x4031a0,R
15593,0x1001f0000,0x403054,R
15594,0x1001f1000,0x4031cc,R
15595,0x1001f2000,0x4030dc,R
15596,0x1001f3000,0x403134,W
15597,0x1001f4000,0x4030ec,R
15598,0x1001f5000,0x4031b0,R
15599,0x1001f6000,0x403190,R
15600,0x1001f7000,0x4030e0,R
15601,0x1001f8000,0x40312c,R
15602,0x1001f9000,0x403078,R
15603,0x1001fa000,0x403000,R
15604,0x1001fb000,0x403018,R
15605,0x1001fc000,0x403174,R
15606,0x1001fd000,0x403128,R
15607,0x1001fe000,0x4030e4,W
15608,0x1001ff000,0x4031f0,R
15609,0x100180000,0x403074,W
15610,0x100181000,0x403110,R
15611,0x100182000,0x403044,R
15612,0x100183000,0x403144,R
15613,0x100184000,0x403124,W
15614,0x100185000,0x4031b8,R
15615,0x100186000,0x403048,R
15616,0x100187000,0x40300c,W
15617,0x100188000,0x403178,R
15618,0x100189000,0x403154,R
15619,0x10018a000,0x4030a0,R
15620,0x10018b000,0x40311c,R
15621,0x10018c000,0x403058,R
15622,0x10018d000,0x403160,R
15623,0x10018e000,0x403058,W
15624,0x10018f000,0x403090,R
15625,0x100190000,0x4030f8,R
15626,0x100191000,0x403164,R
15627,0x100192000,0x4031e8,R
15628,0x100193000,0x4030f4,R
15629,0x100194000,0x4030f4,W
15630,0x100195000,0x40314c,R
15631,0x100196000,0x40305c,R
15632,0x100197000,0x40316c,R
15633,0x100198000,0x403014,R
15634,0x100199000,0x403148,W
15635,0x10019a000,0x403068,R
15636,0x10019b000,0x403010,R
15637,0x10019c000,0x403084,R
15638,0x10019d000,0x403044,R
15639,0x10019e000,0x4030d4,R
15640,0x10019f000,0x4031d4,R
15641,0x1001a0000,0x403184,R
15642,0x1001a1000,0x4030e8,R
15643,0x1001a2000,0x40301c,R
15644,0x1001a3000,0x4030f4,R
15645,0x1001a4000,0x40303c,R
15646,0x1001a5000,0x4031d4,R
15647,0x1001a6000,0x4030a8,W
15648,0x1001a7000,0x403068,R
15649,0x1001a8000,0x4030a4,R
15650,0x1001a9000,0x40307c,R
15651,0x1001aa000,0x403140,R
15652,0x1001ab000,0x403068,R
15653,0x1001ac000,0x403120,R
15654,0x1001ad000,0x4031a8,R
15655,0x1001ae000,0x40307c,R
15656,0x1001af000,0x40316c,R
15657,0x1001b0000,0x403148,R
15658,0x1001b1000,0x4030b8,R
15659,0x1001b2000,0x403088,R
15660,0x1001b3000,0x403158,R
15661,0x1001b4000,0x40301c,R
15662,0x1001b5000,0x403098,R
15663,0x1001b6000,0x403124,R
15664,0x1001b7000,0x403190,R
15665,0x1001b8000,0x403080,R
15666,0x1001b9000,0x4031ec,R
15667,0x1001ba000,0x40309c,R
15668,0x1001bb000,0x403080,W
15669,0x1001bc000,0x40308c,R
15670,0x1001bd000,0x4030ec,R
15671,0x1001be000,0x403170,W
15672,0x1001bf000,0x403034,R
15673,0x1001c0000,0x403140,R
15674,0x1001c1000,0x403064,R
15675,0x1001c2000,0x403188,W
15676,0x1001c3000,0x403148,R
15677,0x1001c4000,0x403058,R
15678,0x1001c5000,0x4030f8,W
15679,0x1001c6000,0x403160,R
15680,0x1001c7000,0x4031ac,R
15681,0x1001c8000,0x403044,R
15682,0x1001c9000,0x403098,R
15683,0x1001ca000,0x40309c,R
15684,0x1001cb000,0x40319c,R
15685,0x1001cc000,0x403104,R
15686,0x1001cd000,0x403134,R
15687,0x1001ce000,0x403094,R
15688,0x1001cf000,0x4030a0,W
15689,0x1001d0000,0x4030dc,W
15690,0x1001d1000,0x403050,R
15691,0x1001d2000,0x4030ec,R
15692,0x1001d3000,0x403030,R
15693,0x1001d4000,0x4031f8,R
15694,0x1001d5000,0x403150,W
15695,0x1001d6000,0x4030c4,R
15696,0x1001d7000,0x403128,R
15697,0x1001d8000,0x4031ac,R
15698,0x1001d9000,0x4031fc,R
15699,0x1001da000,0x403150,R
15700,0x1001db000,0x4031e8,R
15701,0x1001dc000,0x4030c8,R
15702,0x1001dd000,0x4031e4,R
15703,0x1001de000,0x4031ec,R
15704,0x1001df000,0x40318c,W
15705,0x1001e0000,0x4030cc,R
15706,0x1001e1000,0x403024,R
15707,0x1001e2000,0x40303c,R
15708,0x1001e3000,0x4030fc,R
15709,0x1001e4000,0x403080,R
15710,0x1001e5000,0x403078,R
15711,0x1001e6000,0x40314c,R
15712,0x1001e7000,0x4030e8,R
15713,0x1001e8000,0x4030c4,R
15714,0x1001e9000,0x40313c,R
15715,0x1001ea000,0x403194,R
15716,0x1001eb000,0x4030ec,R
15717,0x1001ec000,0x4031dc,R
15718,0x1001ed000,0x40303c,R
15719,0x1001ee000,0x403098,W
15720,0x1001ef000,0x403024,R
15721,0x1001f0000,0x403090,R
15722,0x1001f1000,0x40303c,R
15723,0x1001f2000,0x403148,R
15724,0x1001f3000,0x403040,R
15725,0x1001f4000,0x40319c,W
15726,0x1001f5000,0x403050,W
15727,0x1001f6000,0x4030f4,R
15728,0x1001f7000,0x40305c,R
15729,0x1001f8000,0x4030b0,R
15730,0x1001f9000,0x40314c,R
15731,0x1001fa000,0x403124,R
15732,0x1001fb000,0x403060,R
15733,0x1001fc000,0x40316c,R
15734,0x1001fd000,0x403038,R
15735,0x1001fe000,0x403124,R
15736,0x1001ff000,0x40308c,R
15737,0x100180000,0x403024,R
15738,0x100181000,0x403154,R
15739,0x100182000,0x4031f0,R
15740,0x100183000,0x4030ac,R
15741,0x100184000,0x403120,R
15742,0x100185000,0x40314c,R
15743,0x100186000,0x403114,R
15744,0x100187000,0x4030ec,R
15745,0x100188000,0x4031b4,R
15746,0x100189000,0x403174,R
15747,0x10018a000,0x4031c8,R
15748,0x10018b000,0x4030d4,R
15749,0x10018c000,0x4030ac,R
15750,0x10018d000,0x40304c,R
15751,0x10018e000,0x403180,R
15752,0x10018f000,0x403148,R
15753,0x100190000,0x403130,R
15754,0x100191000,0x4031d8,R
15755,0x100192000,0x4030f4,R
15756,0x100193000,0x403170,R
15757,0x100194000,0x403074,R
15758,0x100195000,0x4030ac,R
15759,0x100196000,0x403180,R
15760,0x100197000,0x403038,R
15761,0x100198000,0x4030fc,R
15762,0x100199000,0x403164,R
15763,0x10019a000,0x403114,R
15764,0x10019b000,0x4030a4,R
15765,0x10019c000,0x40312c,W
15766,0x10019d000,0x4030c8,R
15767,0x10019e000,0x40307c,R
15768,0x10019f000,0x4030f0,R
15769,0x1001a0000,0x40307c,W
15770,0x1001a1000,0x4030a8,R
15771,0x1001a2000,0x403170,W
15772,0x1001a3000,0x403170,R
15773,0x1001a4000,0x40307c,R
15774,0x1001a5000,0x4030c0,R
15775,0x1001a6000,0x4030f4,R
15776,0x1001a7000,0x4030bc,R
15777,0x1001a8000,0x403190,R
15778,0x1001a9000,0x403120,R
15779,0x1001aa000,0x403164,R
15780,0x1001ab000,0x403070,R
15781,0x1001ac000,0x40305c,R
15782,0x1001ad000,0x40316c,R
15783,0x1001ae000,0x4030fc,W
15784,0x1001af000,0x4030c0,R
15785,0x1001b0000,0x403048,R
15786,0x1001b1000,0x4031c4,R
15787,0x1001b2000,0x403028,R
15788,0x1001b3000,0x403008,W
15789,0x1001b4000,0x403154,R
15790,0x1001b5000,0x403154,R
15791,0x1001b6000,0x403198,R
15792,0x1001b7000,0x403034,R
15793,0x1001b8000,0x4030c0,R
15794,0x1001b9000,0x4031d4,R
15795,0x1001ba000,0x4030e0,W
15796,0x1001bb000,0x4030e8,R
15797,0x1001bc000,0x4030e0,R
15798,0x1001bd000,0x40308c,R
15799,0x1001be000,0x4030e0,R
15800,0x1001bf000,0x403108,R
15801,0x1001c0000,0x40312c,R
15802,0x1001c1000,0x4031bc,W
15803,0x1001c2000,0x4030e4,R
15804,0x1001c3000,0x403120,R
15805,0x1001c4000,0x403094,R
15806,0x1001c5000,0x403010,R
15807,0x1001c6000,0x4031bc,R
15808,0x1001c7000,0x40312c,R
15809,0x1001c8000,0x4031d8,R
15810,0x1001c9000,0x403160,R
15811,0x1001ca000,0x4031e0,W
15812,0x1001cb000,0x403168,R
15813,0x1001cc000,0x403058,R
15814,0x1001cd000,0x403038,R
15815,0x1001ce000,0x403134,R
15816,0x1001cf000,0x403020,R
15817,0x1001d0000,0x403028,R
15818,0x1001d1000,0x4031a8,R
15819,0x1001d2000,0x4030ac,R
15820,0x1001d3000,0x403040,R
15821,0x1001d4000,0x403028,R
15822,0x1001d5000,0x403078,R
15823,0x1001d6000,0x4030f0,W
15824,0x1001d7000,0x403160,R
15825,0x1001d8000,0x40310c,R
15826,0x1001d9000,0x403060,W
15827,0x1001da000,0x4030bc,W
15828,0x1001db000,0x4030f8,R
15829,0x1001dc000,0x4031f0,R
15830,0x1001dd000,0x403120,R
15831,0x1001de000,0x4031ec,R
15832,0x1001df000,0x403188,R
15833,0x1001e0000,0x4030fc,R
15834,0x1001e1000,0x40309c,W
15835,0x1001e2000,0x403034,W
15836,0x1001e3000,0x4031e4,R
15837,0x1001e4000,0x403148,R
15838,0x1001e5000,0x403128,R
15839,0x1001e6000,0x403108,R
15840,0x1001e7000,0x40304c,R
15841,0x1001e8000,0x4030c0,R
15842,0x1001e9000,0x40304c,W
15843,0x1001ea000,0x4031c8,R
15844,0x1001eb000,0x4031bc,R
15845,0x1001ec000,0x40313c,R
15846,0x1001ed000,0x403140,R
15847,0x1001ee000,0x40315c,R
15848,0x1001ef000,0x403158,R
15849,0x1001f0000,0x403104,R
15850,0x1001f1000,0x4031dc,R
15851,0x1001f2000,0x4031f0,W
15852,0x1001f3000,0x403130,R
15853,0x1001f4000,0x403098,R
15854,0x1001f5000,0x403168,R
15855,0x1001f6000,0x40310c,W
15856,0x1001f7000,0x403040,R
15857,0x1001f8000,0x403070,R
15858,0x1001f9000,0x403074,R
15859,0x1001fa000,0x40301c,R
15860,0x1001fb000,0x4030b8,W
15861,0x1001fc000,0x4031c4,W
15862,0x1001fd000,0x4030bc,R
15863,0x1001fe000,0x403050,R
15864,0x1001ff000,0x40308c,R
15865,0x100180000,0x403064,R
15866,0x100181000,0x403084,R
15867,0x100182000,0x40304c,R
15868,0x100183000,0x40313c,R
15869,0x100184000,0x403098,R
15870,0x100185000,0x403190,W
15871,0x100186000,0x403144,R
15872,0x100187000,0x403064,R
15873,0x100188000,0x403044,R
15874,0x100189000,0x4031bc,R
15875,0x10018a000,0x40301c,R
15876,0x10018b000,0x403018,R
15877,0x10018c000,0x403128,W
15878,0x10018d000,0x4031cc,R
15879,0x10018e000,0x403188,R
15880,0x10018f000,0x40315c,R
15881,0x100190000,0x40303c,R
15882,0x100191000,0x4030a8,R
15883,0x100192000,0x403058,W
15884,0x100193000,0x40310c,W
15885,0x100194000,0x403050,R
15886,0x100195000,0x4031d0,R
15887,0x100196000,0x4031cc,R
15888,0x100197000,0x403188,R
15889,0x100198000,0x40306c,R
15890,0x100199000,0x403144,R
15891,0x10019a000,0x40307c,R
15892,0x10019b000,0x4030dc,R
15893,0x10019c000,0x403174,R
15894,0x10019d000,0x4031ac,R
15895,0x10019e000,0x403064,R
15896,0x10019f000,0x403140,R
15897,0x1001a0000,0x403180,R
15898,0x1001a1000,0x403108,R
15899,0x1001a2000,0x4031dc,R
15900,0x1001a3000,0x403120,R
15901,0x1001a4000,0x403120,W
15902,0x1001a5000,0x4031c0,R
15903,0x1001a6000,0x4030a4,R
15904,0x1001a7000,0x403090,R
15905,0x1001a8000,0x40301c,R
15906,0x1001a9000,0x403100,R
15907,0x1001aa000,0x4031cc,W
15908,0x1001ab000,0x40316c,R
15909,0x1001ac000,0x4031c8,R
15910,0x1001ad000,0x4030ac,R
15911,0x1001ae000,0x403044,R
15912,0x1001af000,0x4031e4,R
15913,0x1001b0000,0x4031bc,R
15914,0x1001b1000,0x40304c,R
15915,0x1001b2000,0x4031d8,R
15916,0x1001b3000,0x403150,R
15917,0x1001b4000,0x403014,R
15918,0x1001b5000,0x403120,R
15919,0x1001b6000,0x403138,R
15920,0x1001b7000,0x4030d0,R
15921,0x1001b8000,0x403018,R
15922,0x1001b9000,0x403180,R
15923,0x1001ba000,0x40317c,R
15924,0x1001bb000,0x40307c,R
15925,0x1001bc000,0x4031a8,R
15926,0x1001bd000,0x4031a4,R
15927,0x1001be000,0x403168,R
15928,0x1001bf000,0x403170,W
15929,0x1001c0000,0x403150,R
15930,0x1001c1000,0x403124,R
15931,0x1001c2000,0x40313c,W
15932,0x1001c3000,0x4031e4,W
15933,0x1001c4000,0x4030f0,R
15934,0x1001c5000,0x403094,W
15935,0x1001c6000,0x4030d8,W
15936,0x1001c7000,0x403190,R
15937,0x1001c8000,0x4030e4,R
15938,0x1001c9000,0x40301c,R
15939,0x1001ca000,0x40311c,R
15940,0x1001cb000,0x403068,R
15941,0x1001cc000,0x4031d4,R
15942,0x1001cd000,0x403110,R
15943,0x1001ce000,0x4030cc,R
15944,0x1001cf000,0x4030c8,R
15945,0x1001d0000,0x4030cc,R
15946,0x1001d1000,0x403134,R
15947,0x1001d2000,0x4030b0,R
15948,0x1001d3000,0x403158,R
15949,0x1001d4000,0x403024,R
15950,0x1001d5000,0x4030f4,R
15951,0x1001d6000,0x403028,R
15952,0x1001d7000,0x40313c,R
15953,0x1001d8000,0x403130,R
15954,0x1001d9000,0x4031bc,R
15955,0x1001da000,0x4031a4,R
15956,0x1001db000,0x4030e0,R
15957,0x1001dc000,0x4030c8,W
15958,0x1001dd000,0x4031c0,W
15959,0x1001de000,0x4031e4,R
15960,0x1001df000,0x4030b8,W
15961,0x1001e0000,0x4030c8,R
15962,0x1001e1000,0x403120,R
15963,0x1001e2000,0x40304c,R
15964,0x1001e3000,0x403078,W
15965,0x1001e4000,0x403114,R
15966,0x1001e5000,0x40307c,R
15967,0x1001e6000,0x403004,W
15968,0x1001e7000,0x403168,R
15969,0x1001e8000,0x4031b0,R
15970,0x1001e9000,0x403110,R
15971,0x1001ea000,0x4031a8,R
15972,0x1001eb000,0x4031f8,R
15973,0x1001ec000,0x4030a0,R
15974,0x1001ed000,0x403118,R
15975,0x1001ee000,0x4030c0,R
15976,0x1001ef000,0x403138,R
15977,0x1001f0000,0x4030dc,R
15978,0x1001f1000,0x403060,R
15979,0x1001f2000,0x40316c,R
15980,0x1001f3000,0x403030,W
15981,0x1001f4000,0x40314c,R
15982,0x1001f5000,0x4030d8,R
15983,0x1001f6000,0x403194,R
15984,0x1001f7000,0x4031d0,R
15985,0x1001f8000,0x403148,R
15986,0x1001f9000,0x4030e8,W
15987,0x1001fa000,0x403030,R
15988,0x1001fb000,0x403074,R
15989,0x1001fc000,0x4030b8,R
15990,0x1001fd000,0x403040,R
15991,0x1001fe000,0x403158,R
15992,0x1001ff000,0x403138,R
15993,0x100180000,0x403164,R
15994,0x100181000,0x4031d4,W
15995,0x100182000,0x403144,R
15996,0x100183000,0x4030ac,R
15997,0x100184000,0x403070,R
15998,0x100185000,0x4031dc,R
15999,0x100186000,0x4030d0,W
